SKU,Product Title,Category,Manufacturer / Vendor,Dealer Wholesale Cost ($),Competitor Street Price ($),BaeMeds Discounted Price ($),Customer Savings ($),Net Profit ($),Gross Margin (%),Product Photo URL
"DR-18081","Drive DeVilbiss Replacement Filter for Compressor Nebulizers","Nebulizer Accessories","Drive DeVilbiss",18.00,29.99,25.99,4.00,7.99,30.7%,"https://dphpia7d6qb4m.cloudfront.net/images/dr-18081_01_t.jpg"
"DV-7325P-D","Drive DeVilbiss 7325P Portable Suction Machine","Portable Suction Machine","Drive DeVilbiss",242.00,349.99,320.99,29.00,78.99,24.6%,"https://dphpia7d6qb4m.cloudfront.net/images/7325p-d_01_t.png"
"INO-IS-501-NA16","Inogen One G5 Portable Oxygen Concentrator - Double 16-Cell Battery (INO-IS-501-NA16)","Portable Concentrators","Inogen",1250.00,2687.50,2498.99,188.51,1248.99,50.0%,"https://dphpia7d6qb4m.cloudfront.net/images/ino-is-501-na16_01_t.png"
"DV-525DS","Drive DeVilbiss 525DS 5 Liter Home Oxygen Concentrator (DV-525DS)","5 Liter Concentrators","Drive DeVilbiss",495.00,1064.25,988.99,75.26,493.99,49.9%,"https://dphpia7d6qb4m.cloudfront.net/images/dv-525ds_01_t.png"
"SL-2025G-25-25","Salter Labs Green Oxygen Supply Tubing 25-Foot - SL-2025G-25-25","Oxygen Tubing","Salter Labs",41.05,59.99,54.99,5.00,13.94,25.4%,"https://dphpia7d6qb4m.cloudfront.net/images/2025g-25-25_01_t.png"
"DR-13002SV-6","Drive DeVilbiss Steel Drop-Arm Commode, Silver","Commode","Drive DeVilbiss",86.20,149.99,136.99,13.00,50.79,37.1%,"https://dphpia7d6qb4m.cloudfront.net/images/dr-13002sv-6_01_t.jpg"
"DV-1025DS","Drive DeVilbiss 10 Liter Oxygen Concentrator (DV-1025DS)","Oxygen Concentrators","Drive DeVilbiss",999.00,1499.00,1393.99,105.01,394.99,28.3%,"https://dphpia7d6qb4m.cloudfront.net/images/dv-1025ds_01_t.png"
"LS-LM5BA","Rhythm Healthcare 5 Liter Oxygen Concentrator - LS-LM5BA","Oxygen Concentrator","Rhythm Healthcare",405.00,799.00,742.99,56.01,337.99,45.5%,"https://dphpia7d6qb4m.cloudfront.net/images/lm5ba_01_t.png"
"DR-13001SV-2","Drive DeVilbiss Silver Sport 1 Wheelchair - 18"" x 16"" Seat with Swing-Away Footrests","Wheelchairs","Drive DeVilbiss",57.00,129.99,118.99,11.00,61.99,52.1%,"https://dphpia7d6qb4m.cloudfront.net/images/dr-13001sv-2_t.jpg"
"ABM-BC20113","ABM Respiratory Care BiCough Clinical Airway Clearance System","Airway Clearance System","ABM Respiratory Care",2775.00,3850.00,3579.99,270.01,804.99,22.5%,"https://dphpia7d6qb4m.cloudfront.net/images/abm-bc20113_01_t.png"
"SL-1600","Salter Labs SL-1600 Oxygen Cannula","Oxygen Cannula","Salter Labs",45.00,65.00,60.99,4.01,15.99,26.2%,"https://dphpia7d6qb4m.cloudfront.net/images/1600_01_t.png"
"MQ-MQ3000","Drive DeVilbiss MQ-MQ3000 Pulse Oximeter","Pulse Oximeters","Drive DeVilbiss",14.80,29.99,25.99,4.00,11.19,43.1%,"https://dphpia7d6qb4m.cloudfront.net/images/mq-mq3000_01_t.png"
"MQ-MQ5700","Drive DeVilbiss Medquip Compressor Nebulizer System MQ-MQ5700","Nebulizers","Drive DeVilbiss (Medquip)",27.05,49.99,43.99,6.00,16.94,38.5%,"https://dphpia7d6qb4m.cloudfront.net/images/mq-mq5700_t.jpg"
"DV-7305D-633","Drive DeVilbiss 7305D Suction Canister Lid and Float","Suction Parts & Accessories","Drive DeVilbiss",16.80,24.99,23.99,1.00,7.19,30.0%,"https://dphpia7d6qb4m.cloudfront.net/images/7305d-633_01_t.png"
"SL-16SOFT","Salter Labs Soft Nasal Oxygen Cannula - SL-16SOFT","Nasal Cannula","Salter Labs",45.00,59.99,60.99,-1.00,15.99,26.2%,"https://dphpia7d6qb4m.cloudfront.net/images/16soft_01_t.png"
"SL-1606B-0-50","Salter Labs 1606B-0-50 Standard Nasal Cannula with 50-Foot Tubing","Nasal Cannulas","Salter Labs",24.90,34.99,33.99,1.00,9.09,26.7%,"https://www.directhomemedical.com/images/l/salter-1606b-50-oxygen-cannula-tubing.jpg"
"DR-18080","Drive DeVilbiss CompAir Compressor Nebulizer System DR-18080","Nebulizer Systems","Drive DeVilbiss",108.00,149.99,139.99,10.00,31.99,22.9%,"https://dphpia7d6qb4m.cloudfront.net/images/dr-18080_01_t.jpg"
"DR-18254","Drive DeVilbiss Replacement Filter for Nebulizers","Nebulizer Parts & Accessories","Drive DeVilbiss",5.80,11.99,9.99,2.00,4.19,41.9%,"https://dphpia7d6qb4m.cloudfront.net/images/dr-18254_01_t.jpg"
"DR-18300P","Drive DeVilbiss Oxygen Regulator 0-15 LPM (DR-18300P)","Oxygen Regulators","Drive DeVilbiss",45.00,79.99,70.99,9.00,25.99,36.6%,"https://dphpia7d6qb4m.cloudfront.net/images/dr-18300p_01_t.jpg"
"DR-NEB KIT 500","Drive DeVilbiss DR-NEB KIT 500 Nebulizer Accessory Kit","Nebulizer Parts & Accessories","Drive DeVilbiss",61.50,79.99,82.99,-3.00,21.49,25.9%,"https://dphpia7d6qb4m.cloudfront.net/images/dr-neb%20kit%20500_01_t.jpg"
"SL-2025-25-25","Salter Labs 25-Foot Oxygen Cannula Supply Tubing - SL-2025-25-25","Oxygen Tubing","Salter Labs",41.05,59.99,54.99,5.00,13.94,25.4%,"https://dphpia7d6qb4m.cloudfront.net/images/2025-25-25_01_t.png"
"LS-P2","Rhythm Healthcare LifeChoice Portable Oxygen Concentrator - LS-P2","Portable Oxygen Concentrator","Rhythm Healthcare",950.00,1895.00,1761.99,133.01,811.99,46.1%,"https://dphpia7d6qb4m.cloudfront.net/images/p2_01_t.png"
"DV-3655LTR","Drive DeVilbiss Pediatric Mask with Tubing for Nebulizers","Nebulizer Accessories","Drive DeVilbiss",27.50,49.99,43.99,6.00,16.49,37.5%,"https://dphpia7d6qb4m.cloudfront.net/images/dv-3655ltr_01_t.png"
"INO-IS-501-NA8","Inogen One G5 Portable Oxygen Concentrator - Single Battery","Portable Oxygen Concentrator","Inogen",1150.00,2495.00,2319.99,175.01,1169.99,50.4%,"https://dphpia7d6qb4m.cloudfront.net/images/ino-is-501-na8_01_t.png"
"SL-7600-0-50","Salter Labs 7600 Bubble Humidifier 50 psi - 50/Case","Oxygen Humidifiers","Salter Labs",78.95,125.00,114.99,10.01,36.04,31.3%,"https://dphpia7d6qb4m.cloudfront.net/images/7600-0-50_01_t.png"
"DR-CPAPTUB6-90","Drive DeVilbiss 6-Foot CPAP Tubing with 90-Degree Swivel","CPAP Tubing","Drive DeVilbiss",1.30,12.99,10.99,2.00,9.69,88.2%,"https://dphpia7d6qb4m.cloudfront.net/images/dr-cpaptub6-90_01_t.jpg"
"DR-18450","Drive DeVilbiss 50 PSI Compressor (DR-18450)","Compressor Nebulizer","Drive DeVilbiss",395.75,525.00,494.99,30.01,99.24,20.0%,"https://dphpia7d6qb4m.cloudfront.net/images/dr-18450_01_t.png"
"DR-18600","Drive DeVilbiss Stationary Suction Machine 18600","Suction Machine","Drive DeVilbiss",157.50,249.99,228.99,21.00,71.49,31.2%,"https://dphpia7d6qb4m.cloudfront.net/images/18600_01_l.png"
"DR-OM-812","Drive DeVilbiss Oxygen Conserving Device OM-812","Oxygen Conserving Devices","Drive DeVilbiss",119.95,189.99,173.99,16.00,54.04,31.1%,"https://dphpia7d6qb4m.cloudfront.net/images/dr-om-812_01_t.jpg"
"IBC-8300","Tactile Medical IBC-8300 Afflovest Replacement Battery","Medical Equipment Accessories","Tactile Medical",45.00,99.99,88.99,11.00,43.99,49.4%,"https://dphpia7d6qb4m.cloudfront.net/images/ibc-8300_parent_t.png"
"INO-IS-401-NA8","Inogen One G4 8-Cell Portable Oxygen Concentrator System (NA8)","Portable Oxygen Concentrator","Inogen",1475.00,2495.00,2319.99,175.01,844.99,36.4%,"https://dphpia7d6qb4m.cloudfront.net/images/ino-is-401-na8_01_t.png"
"NV-PO-301","Nova Ortho-Med Fingertip Pulse Oximeter (NV-PO-301)","Pulse Oximeter","Nova Ortho-Med",17.50,34.99,30.99,4.00,13.49,43.5%,"https://dphpia7d6qb4m.cloudfront.net/images/nv-po-301_t.jpg"
"SL-1220-0-100","Salter Labs 1220-0-100 Oxygen Tubing Connector","Oxygen Tubing Accessories","Salter Labs",106.80,149.99,138.99,11.00,32.19,23.2%,"https://dphpia7d6qb4m.cloudfront.net/images/1220-0-100_01_t.png"
"DR-5DECO2DS","Drive DeVilbiss 5 Liter Oxygen Concentrator with OSD","Oxygen Concentrator","Drive DeVilbiss",375.00,599.99,556.99,43.00,181.99,32.7%,"https://dphpia7d6qb4m.cloudfront.net/images/dr-5deco2ds_01_t.png"
"SL-2050G-50-20","Salter Labs Green Oxygen Tubing, 50 Feet, 20/Case - SL-2050G-50-20","Oxygen Tubing","Salter Labs",70.50,95.00,94.99,0.01,24.49,25.8%,"https://dphpia7d6qb4m.cloudfront.net/images/2050g-50-20_01_t.png"
"INO-BA-306","Inogen One G3 8-Cell Lithium-Ion Battery (INO-BA-306)","Batteries & Power Supplies","Inogen",55.00,129.00,117.99,11.01,62.99,53.4%,"https://dphpia7d6qb4m.cloudfront.net/images/ino-ba-306_t.jpg"
"SL-1600HF","Salter Labs SL-1600HF High Flow Oxygen Cannula","Oxygen Cannulas","Salter Labs",45.00,79.99,70.99,9.00,25.99,36.6%,"https://dphpia7d6qb4m.cloudfront.net/images/1600hf_01_t.png"
"DR-TUB NK","Drive DeVilbiss Oxygen Tubing Connector (DR-TUB NK)","Oxygen Accessories","Drive DeVilbiss",45.00,75.00,66.99,8.01,21.99,32.8%,"https://dphpia7d6qb4m.cloudfront.net/images/parent_images/tub%20nk_01_t.png"
"SL-1005-0-25","Salter Labs SL-1005-0-25 Nasal Oxygen Cannula, 25-Foot","Oxygen Cannula","Salter Labs",35.30,52.95,47.99,4.96,12.69,26.4%,"https://dphpia7d6qb4m.cloudfront.net/images/1005-0-25_01_t.png"
"SL-7900-0-25","Salter Labs Bubble Humidifier 7900-0-25","Oxygen Therapy Accessories","Salter Labs",92.65,129.99,119.99,10.00,27.34,22.8%,"https://dphpia7d6qb4m.cloudfront.net/images/7900-0-25_01_t.png"
"SL-SO-676","Salter Labs SO-676 Oxygen Tubing Connector","Respiratory Accessories","Salter Labs",25.65,38.50,34.99,3.51,9.34,26.7%,"https://dphpia7d6qb4m.cloudfront.net/images/so-676_01_t.png"
"DV-125D","Drive DeVilbiss iGo2 Portable Oxygen Concentrator DV-125D","Portable Oxygen Concentrator","Drive DeVilbiss",1050.00,2495.00,2319.99,175.01,1269.99,54.7%,"https://dphpia7d6qb4m.cloudfront.net/images/dv-125d_01_t.png"
"ABM-BC21089","ABM Respiratory Care Replacement Battery for BiCough / Cough Assist Device (ABM-BC21089)","Respiratory Accessories","ABM Respiratory Care",16.00,29.99,25.99,4.00,9.99,38.4%,"https://dphpia7d6qb4m.cloudfront.net/images/abm-bc21089_01_t.png"
"DR-SOFT 207","Drive DeVilbiss Soft-Form Nasal Cannula DR-SOFT 207","Nasal Cannulas","Drive DeVilbiss",34.50,59.99,52.99,7.00,18.49,34.9%,"https://dphpia7d6qb4m.cloudfront.net/images/soft%20207_01_t.png"
"DR-22330-12","Drive DeVilbiss Suction Canister Tubing, 12 Inch","Suction Parts & Accessories","Drive DeVilbiss",113.05,149.99,146.99,3.00,33.94,23.1%,"https://dphpia7d6qb4m.cloudfront.net/images/22330-12_01_t.png"
"SL-7001-0-25","Salter Labs 7001-0-25 Nasal Cannula with 25-Foot Tubing","Oxygen Therapy Accessories","Salter Labs",52.05,79.99,70.99,9.00,18.94,26.7%,"https://dphpia7d6qb4m.cloudfront.net/images/7001-0-25_01_t.png"
"DV-7325P-D-EXF","Drive DeVilbiss 7325P Portable Suction Machine with DeVilbiss Exacta","Suction Machine","Drive DeVilbiss",242.00,349.99,320.99,29.00,78.99,24.6%,"https://dphpia7d6qb4m.cloudfront.net/images/7325p-d-exf_01_t.png"
"DR-SOFT 204","Drive DeVilbiss Soft-Form Nasal Cannula DR-SOFT 204","Nasally Administered Oxygen Accessories","Drive DeVilbiss",36.60,59.99,52.99,7.00,16.39,30.9%,"https://dphpia7d6qb4m.cloudfront.net/images/soft%20204_01_t.png"
"ROS-RMI-08MINI","Roscoe Medical Economy CGA-870 Mini Oxygen Regulator","Oxygen Regulators","Roscoe Medical",16.95,29.99,25.99,4.00,9.04,34.8%,"https://dphpia7d6qb4m.cloudfront.net/images/ros-rmi-08mini_t.jpg"
"DR-OP-150-800","Drive DeVilbiss Oxygen Cylinder Carry Bag (M6 / D Cylinder, 800 Series)","Oxygen Cylinder Bags","Drive DeVilbiss",13.35,24.99,20.99,4.00,7.64,36.4%,"https://dphpia7d6qb4m.cloudfront.net/images/dr-op-150-800_01_t.jpg"
"PRO-20110","Proactive Medical Products PRO-20110 Finger Pulse Oximeter","Pulse Oximeter","Proactive Medical Products",22.05,39.99,34.99,5.00,12.94,37.0%,"https://dphpia7d6qb4m.cloudfront.net/images/pro-20110_01_t.png"
"SL-8900-7-50","Salter Labs Nebulizer Kit with 7-Foot Tubing, Box of 50 (SL-8900-7-50)","Nebulizer Accessories","Salter Labs",39.90,59.99,53.99,6.00,14.09,26.1%,"https://dphpia7d6qb4m.cloudfront.net/images/8900-7-50_01_t.png"
"DR-STDS6008-1","Drive DeVilbiss Oxygen Cylinder Bag for M6 and C Cylinders","Oxygen Cylinder Accessories","Drive DeVilbiss",25.85,38.99,34.99,4.00,9.14,26.1%,"https://dphpia7d6qb4m.cloudfront.net/images/dr-stds6008-1_01_t.jpg"
"HD-1882P","Hudson RCI HD-1882P Teleflex Comfort Fit Tracheostomy Collar","Respiratory Disposables","Hudson RCI",45.00,64.99,60.99,4.00,15.99,26.2%,"https://dphpia7d6qb4m.cloudfront.net/images/hd-1882p_t.jpg"
"SL-1225-0-25","Salter Labs 1225 Oxygen Tubing Connectors, 25/Pack","Oxygen Tubing Connectors","Salter Labs",56.00,75.00,75.99,-0.99,19.99,26.3%,"https://dphpia7d6qb4m.cloudfront.net/images/1225-0-25_01_t.png"
"LS-P2BY001-2","Rhythm Healthcare LifeStyle Portable Oxygen Concentrator Battery LS-P2BY001-2","Oxygen Concentrator Battery","Rhythm Healthcare",155.00,249.99,228.99,21.00,73.99,32.3%,"https://dphpia7d6qb4m.cloudfront.net/images/p2by001-2_01_t.png"
"DR-18102","Drive DeVilbiss Oxygen Cylinder Bag for M4 and M6 Cylinders","Cylinder Bags","Drive DeVilbiss",11.25,24.99,20.99,4.00,9.74,46.4%,"https://dphpia7d6qb4m.cloudfront.net/images/dr-18102_01_t.jpg"
"DR-STDS803","Drive DeVilbiss Oxygen Cylinder Stand","Cylinder Holders","Drive DeVilbiss",35.00,59.99,52.99,7.00,17.99,33.9%,"https://www.lakecourt.com/respiratory/images/no-image.png"
"DR-18114","Drive DeVilbiss DR-18114 Everyday Healthcare Cart and Storage Rack","Medical Carts","Drive DeVilbiss",31.45,54.99,48.99,6.00,17.54,35.8%,"https://dphpia7d6qb4m.cloudfront.net/images/dr-18114_01_t.jpg"
"DR-18149KD","Drive DeVilbiss Rollator Shopping Cart and Rack","Mobility Accessories","Drive DeVilbiss",50.85,79.99,70.99,9.00,20.14,28.4%,"https://dphpia7d6qb4m.cloudfront.net/images/dr-18149kd_01_t.jpg"
"ABM-BC21088","ABM Respiratory Care BiPAP/CPAP Circuit Tubing (ABM-BC21088)","Respiratory Accessories","ABM Respiratory Care",16.00,29.99,25.99,4.00,9.99,38.4%,"https://dphpia7d6qb4m.cloudfront.net/images/abm-bc21088_01_t.png"
"LS-P2-E6","Rhythm Healthcare P2-E6 Portable Oxygen Concentrator","Portable Oxygen Concentrator","Rhythm Healthcare",975.00,1950.00,1812.99,137.01,837.99,46.2%,"https://dphpia7d6qb4m.cloudfront.net/images/p2-e6_02_t.png"
"DR-CON 400","Drive DeVilbiss Oxygen Tubing Connector, DR-CON 400","Oxygen Tubing Connector","Drive DeVilbiss",37.15,52.99,49.99,3.00,12.84,25.7%,"https://dphpia7d6qb4m.cloudfront.net/images/con%20400_01_t.png"
"SL-2050-50-20","Salter Labs 50-Foot Oxygen Tubing - SL-2050-50-20","Oxygen Tubing","Salter Labs",70.50,94.99,94.99,0.00,24.49,25.8%,"https://dphpia7d6qb4m.cloudfront.net/images/2050-50-20_01_t.png"
"IBC-6000","Tactile Medical IBC-6000 Afflovest Controller Replacement","Therapy Equipment Parts","Tactile Medical",45.00,89.99,79.99,10.00,34.99,43.7%,"https://dphpia7d6qb4m.cloudfront.net/images/parent_images/6000_01_t.png"
"SL-2002G-7-50","Salter Labs Soft-Green Oxygen Tubing 7 Feet - 50/Case","Oxygen Tubing","Salter Labs",23.00,34.99,30.99,4.00,7.99,25.8%,"https://dphpia7d6qb4m.cloudfront.net/images/2002g-7-50_01_t.png"
"SL-2014-14-50","Salter Labs 14-Foot Oxygen Tubing with Standard Connectors - SL-2014-14-50","Oxygen Tubing","Salter Labs",48.40,69.99,64.99,5.00,16.59,25.5%,"https://dphpia7d6qb4m.cloudfront.net/images/2014-14-50_01_t.png"
"SL-2002-7-50","Salter Labs 7-Foot Oxygen Tubing - SL-2002-7-50","Oxygen Tubing","Salter Labs",20.60,34.99,30.99,4.00,10.39,33.5%,"https://dphpia7d6qb4m.cloudfront.net/images/2002-7-50_01_t.png"
"DR-MQ6003R","Drive DeVilbiss Pediatric Compress Nebulizer System (MQ6003R)","Nebulizer","Drive DeVilbiss",25.30,49.99,43.99,6.00,18.69,42.5%,"https://dphpia7d6qb4m.cloudfront.net/images/dr-mq6003r_01_t.jpg"
"LS-LM5BA9","Rhythm Healthcare LM5BA9 Humidifier Bottle for Oxygen Concentrators","Concentrator Accessories","Rhythm Healthcare",72.00,129.99,118.99,11.00,46.99,39.5%,"https://dphpia7d6qb4m.cloudfront.net/images/lm5ba9_01_t.png"
"INO-BA-408","Inogen One G4 8-Cell Standard Lithium-Ion Battery","POC Batteries","Inogen",300.00,399.00,389.99,9.01,89.99,23.1%,"https://dphpia7d6qb4m.cloudfront.net/images/ino-ba-408_t.jpg"
"ROS-RMI-15MINI","Roscoe Medical Mini Oxygen Regulator CGA-870","Oxygen Regulators","Roscoe Medical",16.25,29.99,25.99,4.00,9.74,37.5%,"https://dphpia7d6qb4m.cloudfront.net/images/ros-rmi-15mini_t.jpg"
"IBC-8100","Tactile Medical IBC-8100 AffloVest Replacement Battery","Medical Equipment Accessories","Tactile Medical",45.00,99.99,88.99,11.00,43.99,49.4%,"https://dphpia7d6qb4m.cloudfront.net/images/ibc-8100_t.jpg"
"ABM-BC21090","ABM Respiratory Care BiCard Circuit BC21090","Respiratory Accessories","ABM Respiratory Care",16.00,29.99,25.99,4.00,9.99,38.4%,"https://dphpia7d6qb4m.cloudfront.net/images/abm-bc21090_01_t.png"
"O2-800-0001-1V","O2 Concepts Oxlife Independence Portable Oxygen Concentrator","Portable Oxygen Concentrator","O2 Concepts",1950.00,3495.00,3249.99,245.01,1299.99,40.0%,"https://dphpia7d6qb4m.cloudfront.net/images/o2-800-0001-1v_t.jpg"
"ABM-BC21273","ABM Respiratory Care Respiratory Parts (ABM-BC21273)","Respiratory Parts","ABM Respiratory Care",16.00,34.88,30.99,3.89,14.99,48.4%,"https://dphpia7d6qb4m.cloudfront.net/images/abm-bc21273_01_t.png"
"DV-3655LT","Drive DeVilbiss Compact Nebulizer System DV-3655LT","Nebulizers","Drive DeVilbiss",25.30,49.99,43.99,6.00,18.69,42.5%,"https://dphpia7d6qb4m.cloudfront.net/images/dv-3655lt_01_t.png"
"ABM-BC22496","ABM Respiratory Care Respiratory Parts (ABM-BC22496)","Respiratory Parts","ABM Respiratory Care",9.00,19.62,16.99,2.63,7.99,47.0%,"https://dphpia7d6qb4m.cloudfront.net/images/abm-bc22496_01_t.png"
"HD-1680","Hudson RCI Aerosol Tubing (HD-1680)","Aerosol Tubing","Hudson RCI",20.25,44.15,38.99,5.16,18.74,48.1%,"https://dphpia7d6qb4m.cloudfront.net/images/hud1680_01_t.png"
"BE-635871639-12PK","Beaumont Products CPAP Masks and Accessories (BE-635871639-12PK)","CPAP Masks and Accessories","Beaumont Products",93.00,202.74,185.99,16.75,92.99,50.0%,"https://dphpia7d6qb4m.cloudfront.net/images/be-635871639-12pk_t.jpg"
"INO-RP-406","Inogen Sieve Beds (INO-RP-406)","Sieve Beds","Inogen",98.50,214.73,196.99,17.74,98.49,50.0%,"https://dphpia7d6qb4m.cloudfront.net/images/ino-rp-406_t.jpg"
"SL-1600TLC","Salter Labs Cannulas (SL-1600TLC)","Cannulas","Salter Labs",45.00,98.10,87.99,10.11,42.99,48.9%,"https://dphpia7d6qb4m.cloudfront.net/images/1600tlc_01_t.png"
"LS-LM10A","Rhythm Healthcare 10 Liter Concentrators (LS-LM10A)","10 Liter Concentrators","Rhythm Healthcare",999.00,2177.82,2024.99,152.83,1025.99,50.7%,"https://dphpia7d6qb4m.cloudfront.net/images/lm10a_01_t.png"
"REA-IOH200","React Health HomeFill (REA-IOH200)","HomeFill","React Health",1138.50,2481.93,2307.99,173.94,1169.49,50.7%,"https://dphpia7d6qb4m.cloudfront.net/images/in-ioh200_01_t.png"
"INO-RP-321","Inogen Sieve Beds (INO-RP-321)","Sieve Beds","Inogen",98.50,214.73,196.99,17.74,98.49,50.0%,"https://dphpia7d6qb4m.cloudfront.net/images/ino-rp-321_t.jpg"
"DR-18111P","Drive DeVilbiss Carts and Racks (DR-18111P)","Carts and Racks","Drive DeVilbiss",45.00,98.10,87.99,10.11,42.99,48.9%,"https://dphpia7d6qb4m.cloudfront.net/images/dr-18111p_01_t.jpg"
"DR-NEB KIT 600","Drive DeVilbiss Nebulizers - Parts, Filters, Etc. (DR-NEB KIT 600)","Nebulizers - Parts, Filters, Etc.","Drive DeVilbiss",70.80,154.34,140.99,13.35,70.19,49.8%,"https://www.lakecourt.com/respiratory/images/no-image.png"
"DV-525DD-650","Drive DeVilbiss Concentrators - Portables (DV-525DD-650)","Concentrators - Portables","Drive DeVilbiss",57.35,125.02,114.99,10.03,57.64,50.1%,"https://dphpia7d6qb4m.cloudfront.net/images/dv-525dd-650_01_t.png"
"MQ-MQ8000","Drive DeVilbiss (Medquip) Nebulizers - Parts, Filters, Etc. (MQ-MQ8000)","Nebulizers - Parts, Filters, Etc.","Drive DeVilbiss (Medquip)",9.55,20.82,17.99,2.83,8.44,46.9%,"https://dphpia7d6qb4m.cloudfront.net/images/mq-mq8000_t.jpg"
"DR-MASK 001P","Drive DeVilbiss Respiratory Masks (DR-MASK 001P)","Respiratory Masks","Drive DeVilbiss",33.90,73.90,65.99,7.91,32.09,48.6%,"https://dphpia7d6qb4m.cloudfront.net/images/mask%20001p_01_t.png"
"SL-SO-1790","Salter Labs Oxygen Tubing (SL-SO-1790)","Oxygen Tubing","Salter Labs",31.85,69.43,61.99,7.44,30.14,48.6%,"https://dphpia7d6qb4m.cloudfront.net/images/so-1790_01_t.png"
"DR-XM-1","Drive DeVilbiss Nipple Nut Connectors (Christmas Trees) (DR-XM-1)","Nipple Nut Connectors (Christmas Trees)","Drive DeVilbiss",10.35,22.56,18.99,3.57,8.64,45.5%,"https://dphpia7d6qb4m.cloudfront.net/images/xm-1_01_t.png"
"HD-1420","Hudson RCI Oxygen Tubing Connectors (HD-1420)","Oxygen Tubing Connectors","Hudson RCI",15.95,34.77,30.99,3.78,15.04,48.5%,"https://dphpia7d6qb4m.cloudfront.net/images/hud1420_01_t.png"
"CP-14-985R","Contour CPAP Masks and Accessories (CP-14-985R)","CPAP Masks and Accessories","Contour",72.50,158.05,144.99,13.06,72.49,50.0%,"https://dphpia7d6qb4m.cloudfront.net/images/cp-14-985r_04_t.png"
"ROS-ET-CW","Roscoe Medical Cylinder Wrenches (ROS-ET-CW)","Cylinder Wrenches","Roscoe Medical",15.00,32.70,28.99,3.71,13.99,48.3%,"https://dphpia7d6qb4m.cloudfront.net/images/et-cw_01_t.png"
"SL-1220-0-25","Salter Labs Oxygen Tubing Connectors (SL-1220-0-25)","Oxygen Tubing Connectors","Salter Labs",30.80,67.14,59.99,7.15,29.19,48.7%,"https://dphpia7d6qb4m.cloudfront.net/images/1220-0-25_01_t.png"
"ROS-2544-2","Roscoe Medical Respiratory Disposables (ROS-2544-2)","Respiratory Disposables","Roscoe Medical",14.50,31.61,27.99,3.62,13.49,48.2%,"https://dphpia7d6qb4m.cloudfront.net/images/2544-2_01_t.png"
"SL-1205-0-50","Salter Labs Nipple Nut Connectors (Christmas Trees) (SL-1205-0-50)","Nipple Nut Connectors (Christmas Trees)","Salter Labs",23.40,51.01,44.99,6.02,21.59,48.0%,"https://dphpia7d6qb4m.cloudfront.net/images/1205-0-50_01_t.png"
"SL-1602-7-50","Salter Labs Cannulas (SL-1602-7-50)","Cannulas","Salter Labs",73.85,160.99,147.99,13.00,74.14,50.1%,"https://dphpia7d6qb4m.cloudfront.net/images/1602-7-50_01_t.png"
"MQ-MQ8000MP","Drive DeVilbiss (Medquip) Respiratory Disposables (MQ-MQ8000MP)","Respiratory Disposables","Drive DeVilbiss (Medquip)",45.00,98.10,87.99,10.11,42.99,48.9%,"https://dphpia7d6qb4m.cloudfront.net/images/mq-mq8000m_t.jpg"
"ROS-EASY-FLEX6P","Roscoe Medical CPAP Masks and Accessories (ROS-EASY-FLEX6P)","CPAP Masks and Accessories","Roscoe Medical",45.00,98.10,87.99,10.11,42.99,48.9%,"https://dphpia7d6qb4m.cloudfront.net/images/ros-easy-flex6_t.jpg"
"SL-1016-0-50","Salter Labs Respiratory Disposables (SL-1016-0-50)","Respiratory Disposables","Salter Labs",43.70,95.27,84.99,10.28,41.29,48.6%,"https://dphpia7d6qb4m.cloudfront.net/images/1016-0-50_01_t.png"
"DR-EK-1","Drive DeVilbiss Cylinder Wrenches (DR-EK-1)","Cylinder Wrenches","Drive DeVilbiss",22.55,49.16,43.99,5.17,21.44,48.7%,"https://dphpia7d6qb4m.cloudfront.net/images/ek-1_01_t.png"
"ROS-NEB-DOG","Roscoe Medical Nebulizers - Pediatric (ROS-NEB-DOG)","Nebulizers - Pediatric","Roscoe Medical",25.50,55.59,49.99,5.60,24.49,49.0%,"https://dphpia7d6qb4m.cloudfront.net/images/ros-neb-dog_t.jpg"
"DV-303DZ-605","Drive DeVilbiss Oxygen Filters (DV-303DZ-605)","Oxygen Filters","Drive DeVilbiss",13.01,28.36,23.99,4.37,10.98,45.8%,"https://dphpia7d6qb4m.cloudfront.net/images/dv-303dz-605_01_t.png"
"ROS-CIF-IRO","Roscoe Medical Oxygen Filters (ROS-CIF-IRO)","Oxygen Filters","Roscoe Medical",5.50,11.99,9.99,2.00,4.49,44.9%,"https://dphpia7d6qb4m.cloudfront.net/images/ros-cif-iro_t.jpg"
"PRO-PMNEBRDK-OT","Proactive Medical Pediatric Nebulizers (PRO-PMNEBRDK-OT)","Pediatric Nebulizers","Proactive Medical",9.99,21.78,18.99,2.79,9.00,47.4%,"https://dphpia7d6qb4m.cloudfront.net/images/pmnebrdk-ot_01_t.png"
"INO-IS-401-NA4","Inogen Portable Concentrators (INO-IS-401-NA4)","Portable Concentrators","Inogen",1341.00,2923.38,2717.99,205.39,1376.99,50.7%,"https://dphpia7d6qb4m.cloudfront.net/images/ino-is-401-na4_01_t.png"
"DV-6910P-DR","Drive DeVilbiss Nebulizers - Portable and Ultrasonic (DV-6910P-DR)","Nebulizers - Portable and Ultrasonic","Drive DeVilbiss",93.95,204.81,187.99,16.82,94.04,50.0%,"https://dphpia7d6qb4m.cloudfront.net/images/dv-6910p-dr_01_t.png"
"ROS-0556","Compass Health Brands Cannulas (ROS-0556)","Cannulas","Compass Health Brands",46.00,100.28,91.99,8.29,45.99,50.0%,"https://dphpia7d6qb4m.cloudfront.net/images/0556_01_t.png"
"ABM-BC21274","ABM Respiratory Care Filters (ABM-BC21274)","Filters","ABM Respiratory Care",4.50,9.81,7.99,1.82,3.49,43.7%,"https://dphpia7d6qb4m.cloudfront.net/images/abm-bc21274_01_t.png"
"EV-610-48BP","Drive DeVilbiss Suction Parts & Accessories (EV-610-48BP)","Suction Parts & Accessories","Drive DeVilbiss",119.80,261.16,239.99,21.17,120.19,50.1%,"https://dphpia7d6qb4m.cloudfront.net/images/610-48bp_01_t.png"
"DR-MQ6002R","Drive DeVilbiss Nebulizers - Pediatric (DR-MQ6002R)","Nebulizers - Pediatric","Drive DeVilbiss",25.30,55.15,48.99,6.16,23.69,48.4%,"https://dphpia7d6qb4m.cloudfront.net/images/dr-mq6002r_01_t.jpg"
"IBC-LMT31390US-1110","Movair (IBC) Ventilators & Accessories (IBC-LMT31390US-1110)","Ventilators & Accessories","Movair (IBC)",5500.00,11990.00,11149.99,840.01,5649.99,50.7%,"https://dphpia7d6qb4m.cloudfront.net/images/luisa_resized_02_2022/ibc-lmt31390us-1110_01_t.png"
"DV-7305D-635","Drive DeVilbiss Suction - Accessories (DV-7305D-635)","Suction - Accessories","Drive DeVilbiss",36.20,78.92,70.99,7.93,34.79,49.0%,"https://dphpia7d6qb4m.cloudfront.net/images/7305d-635_01_t.png"
"ABM-BK367","ABM Respiratory Care Airway Clearance Systems (ABM-BK367)","Airway Clearance Systems","ABM Respiratory Care",6475.00,14115.50,13126.99,988.51,6651.99,50.7%,"https://dphpia7d6qb4m.cloudfront.net/images/bk367_01_t.jpg"
"REA-IRCPF16","React Health Flowmeters (REA-IRCPF16)","Flowmeters","React Health",230.00,501.40,465.99,35.41,235.99,50.6%,"https://dphpia7d6qb4m.cloudfront.net/images/in-ircpf16_t.jpg"
"SL-1601","Salter Labs Cannulas (SL-1601)","Cannulas","Salter Labs",45.00,98.10,87.99,10.11,42.99,48.9%,"https://dphpia7d6qb4m.cloudfront.net/images/1601_01_t.png"
"INO-BA-400","Inogen POC Batteries (INO-BA-400)","POC Batteries","Inogen",180.00,392.40,360.99,31.41,180.99,50.1%,"https://dphpia7d6qb4m.cloudfront.net/images/ino-ba-400_t.jpg"
"ROS-NEB-BUNNY","Roscoe Medical Nebulizers - Pediatric (ROS-NEB-BUNNY)","Nebulizers - Pediatric","Roscoe Medical",25.00,54.50,48.99,5.51,23.99,49.0%,"https://dphpia7d6qb4m.cloudfront.net/images/ros-neb-bunny_t.jpg"
"ROS-NEB-DINO","Roscoe Medical Nebulizers - Pediatric (ROS-NEB-DINO)","Nebulizers - Pediatric","Roscoe Medical",25.00,54.50,48.99,5.51,23.99,49.0%,"https://dphpia7d6qb4m.cloudfront.net/images/ros-neb-dino_t.jpg"
"DR-CH4808-L-BLUEP","Drive DeVilbiss Regulators (DR-CH4808-L-BLUEP)","Regulators","Drive DeVilbiss",45.00,98.10,87.99,10.11,42.99,48.9%,"https://dphpia7d6qb4m.cloudfront.net/images/dr-ch4808-l-blue_01_t.jpg"
"DV-1025D-605","Drive DeVilbiss Intake Filters (DV-1025D-605)","Intake Filters","Drive DeVilbiss",13.00,28.34,23.99,4.35,10.99,45.8%,"https://dphpia7d6qb4m.cloudfront.net/images/dv-1025d-605_01_t.png"
"DR-CON 900","Drive DeVilbiss Oxygen Inline Water Traps (DR-CON 900)","Oxygen Inline Water Traps","Drive DeVilbiss",50.60,110.31,100.99,9.32,50.39,49.9%,"https://dphpia7d6qb4m.cloudfront.net/images/con%20900_01_t.png"
"SL-1616","Salter Labs Cannulas (SL-1616)","Cannulas","Salter Labs",45.00,98.10,87.99,10.11,42.99,48.9%,"https://dphpia7d6qb4m.cloudfront.net/images/1616_01_t.png"
"PRO-PMNEBRDK","Proactive Medical Standard/Adult Nebulizers (PRO-PMNEBRDK)","Standard/Adult Nebulizers","Proactive Medical",99.90,217.78,199.99,17.79,100.09,50.0%,"https://dphpia7d6qb4m.cloudfront.net/images/pro-pmnebrdk_01_t.png"
"LS-LM5BA-ILF","Rhythm Healthcare Oxygen Filters (LS-LM5BA-ILF)","Oxygen Filters","Rhythm Healthcare",8.30,18.09,14.99,3.10,6.69,44.6%,"https://dphpia7d6qb4m.cloudfront.net/images/lm5ba-ilf_01_t.png"
"DV-535D","Drive DeVilbiss HomeFill (DV-535D)","HomeFill","Drive DeVilbiss",2086.45,4548.46,4229.99,318.47,2143.54,50.7%,"https://dphpia7d6qb4m.cloudfront.net/images/dv-535d_01_t.png"
"HD-RHP340U","Medline Bubble Humidifiers (HD-RHP340U)","Bubble Humidifiers","Medline",47.05,102.57,93.99,8.58,46.94,49.9%,"https://dphpia7d6qb4m.cloudfront.net/images/rhp340u_01_t.png"
"DR-SEAL100","Drive DeVilbiss Respiratory Disposables (DR-SEAL100)","Respiratory Disposables","Drive DeVilbiss",12.10,26.38,22.99,3.39,10.89,47.4%,"https://dphpia7d6qb4m.cloudfront.net/images/seal100_01_t.png"
"DR-MASK 001A","Drive DeVilbiss Respiratory Masks (DR-MASK 001A)","Respiratory Masks","Drive DeVilbiss",36.45,79.46,70.99,8.47,34.54,48.7%,"https://dphpia7d6qb4m.cloudfront.net/images/mask%20001a_01_t.png"
"ABM-BC21083","ABM Respiratory Care Respiratory Accessories (ABM-BC21083)","Respiratory Accessories","ABM Respiratory Care",36.00,78.48,69.99,8.49,33.99,48.6%,"https://dphpia7d6qb4m.cloudfront.net/images/abm-bc21083_01_t.png"
"PM-PM15-P","Precision Medical Inc. 50 PSI Compressors (PM-PM15-P)","50 PSI Compressors","Precision Medical Inc.",634.00,1382.12,1284.99,97.13,650.99,50.7%,"https://dphpia7d6qb4m.cloudfront.net/images/pm-15-p_t.jpg"
"SL-2014G-14-50","Salter Labs Oxygen Tubing (SL-2014G-14-50)","Oxygen Tubing","Salter Labs",45.70,99.63,88.99,10.64,43.29,48.6%,"https://dphpia7d6qb4m.cloudfront.net/images/2014g-14-50_01_t.png"
"DV-7325D-D","Drive DeVilbiss Stationary Suction Machines (DV-7325D-D)","Stationary Suction Machines","Drive DeVilbiss",212.50,463.25,425.99,37.26,213.49,50.1%,"https://dphpia7d6qb4m.cloudfront.net/images/7325d-d_01_t.png"
"HD-1679","Hudson RCI Oxygen Inline Water Traps (HD-1679)","Oxygen Inline Water Traps","Hudson RCI",16.65,36.30,31.99,4.31,15.34,48.0%,"https://dphpia7d6qb4m.cloudfront.net/images/hud1679_01_t.png"
"DR-18090-FS","Drive DeVilbiss Nebulizers - Pediatric (DR-18090-FS)","Nebulizers - Pediatric","Drive DeVilbiss",41.00,89.38,79.99,9.39,38.99,48.7%,"https://dphpia7d6qb4m.cloudfront.net/images/dr-18090-fs_01_t.jpg"
"HD-1118","Hudson RCI Oxygen Tubing (HD-1118)","Oxygen Tubing","Hudson RCI",55.70,121.43,110.99,10.44,55.29,49.8%,"https://dphpia7d6qb4m.cloudfront.net/images/1118_01_t.png"
"SL-7100-0-50","Salter Labs Bubble Humidifiers (SL-7100-0-50)","Bubble Humidifiers","Salter Labs",77.95,169.93,155.99,13.94,78.04,50.0%,"https://dphpia7d6qb4m.cloudfront.net/images/7100-0-50_01_t.png"
"SL-8100-0-50","Salter Labs Respiratory Masks (SL-8100-0-50)","Respiratory Masks","Salter Labs",46.15,100.61,91.99,8.62,45.84,49.8%,"https://dphpia7d6qb4m.cloudfront.net/images/8100-0-50_01_t.png"
"DR-18300GNP","Drive DeVilbiss Regulators (DR-18300GNP)","Regulators","Drive DeVilbiss",45.00,98.10,87.99,10.11,42.99,48.9%,"https://dphpia7d6qb4m.cloudfront.net/images/dr-18300p_01_t.jpg"
"HD-2555","Hudson RCI Nipple Nut Connectors (Christmas Trees) (HD-2555)","Nipple Nut Connectors (Christmas Trees)","Hudson RCI",26.45,57.66,50.99,6.67,24.54,48.1%,"https://dphpia7d6qb4m.cloudfront.net/images/hud2555_01_t.png"
"PRO-PMNEBRDK-PP","Proactive Medical Pediatric Nebulizers (PRO-PMNEBRDK-PP)","Pediatric Nebulizers","Proactive Medical",19.99,43.58,38.99,4.59,19.00,48.7%,"https://dphpia7d6qb4m.cloudfront.net/images/pmnebrdk-pp_01_t.png"
"DR-18090-BE","Drive DeVilbiss Nebulizers - Pediatric (DR-18090-BE)","Nebulizers - Pediatric","Drive DeVilbiss",41.00,89.38,79.99,9.39,38.99,48.7%,"https://www.lakecourt.com/respiratory/images/no-image.png"
"DR-P-224","Drive DeVilbiss Disposable Oxygen Conserver (DR-P-224)","Disposable Oxygen Conserver","Drive DeVilbiss",389.80,849.76,789.99,59.77,400.19,50.7%,"https://dphpia7d6qb4m.cloudfront.net/images/p-224_01_t.png"
"LS-P2DCA-1","Rhythm Healthcare Concentrator Chargers & Power Supplies (LS-P2DCA-1)","Concentrator Chargers & Power Supplies","Rhythm Healthcare",81.25,177.13,161.99,15.14,80.74,49.8%,"https://dphpia7d6qb4m.cloudfront.net/images/p2dca-1_01_t.png"
"ABM-BC21087","ABM Respiratory Care Respiratory Parts (ABM-BC21087)","Respiratory Parts","ABM Respiratory Care",16.00,34.88,30.99,3.89,14.99,48.4%,"https://dphpia7d6qb4m.cloudfront.net/images/abm-bc21087_01_t.png"
"SL-1215-0-50","Salter Labs Oxygen Tubing Connectors (SL-1215-0-50)","Oxygen Tubing Connectors","Salter Labs",28.05,61.15,54.99,6.16,26.94,49.0%,"https://dphpia7d6qb4m.cloudfront.net/images/1215-0-50_01_t.png"
"INO-CA-410","Inogen Carry Bags & Backpacks (INO-CA-410)","Carry Bags & Backpacks","Inogen",37.35,81.42,72.99,8.43,35.64,48.8%,"https://dphpia7d6qb4m.cloudfront.net/images/ino-ca-410_t.jpg"
"ROS-RMI-15H","Roscoe Medical Regulators (ROS-RMI-15H)","Regulators","Roscoe Medical",19.75,43.05,37.99,5.06,18.24,48.0%,"https://dphpia7d6qb4m.cloudfront.net/images/ros-rmi-15h_t.jpg"
"DV-7325D-635","Drive DeVilbiss Suction Parts & Accessories (DV-7325D-635)","Suction Parts & Accessories","Drive DeVilbiss",23.25,50.69,44.99,5.70,21.74,48.3%,"https://dphpia7d6qb4m.cloudfront.net/images/7325d-635_01_t.png"
"HD-1821","Hudson RCI Cannulas (HD-1821)","Cannulas","Hudson RCI",31.90,69.54,61.99,7.55,30.09,48.5%,"https://dphpia7d6qb4m.cloudfront.net/images/1821_01_t.png"
"ROS-SMK-SGN","Roscoe Medical No Smoking Signs (ROS-SMK-SGN)","No Smoking Signs","Roscoe Medical",28.30,61.69,54.99,6.70,26.69,48.5%,"https://dphpia7d6qb4m.cloudfront.net/images/smk-sgn_01_t.png"
"DR-MASK 003A","Drive DeVilbiss Respiratory Masks (DR-MASK 003A)","Respiratory Masks","Drive DeVilbiss",61.10,133.20,121.99,11.21,60.89,49.9%,"https://dphpia7d6qb4m.cloudfront.net/images/mask%20003a_01_t.png"
"INO-BA-401","Inogen Chargers & Power Supplies (INO-BA-401)","Chargers & Power Supplies","Inogen",78.50,171.13,156.99,14.14,78.49,50.0%,"https://dphpia7d6qb4m.cloudfront.net/images/ino-ba-401_t.jpg"
"DR-CON 700","Drive DeVilbiss Oxygen Tubing Connectors (DR-CON 700)","Oxygen Tubing Connectors","Drive DeVilbiss",6.05,13.19,10.99,2.20,4.94,44.9%,"https://dphpia7d6qb4m.cloudfront.net/images/con%20700_01_t.png"
"INO-BA-403","Inogen Chargers & Power Supplies (INO-BA-403)","Chargers & Power Supplies","Inogen",248.00,540.64,501.99,38.65,253.99,50.6%,"https://dphpia7d6qb4m.cloudfront.net/images/ino-ba-403_t.jpg"
"DV-125D-613","Drive DeVilbiss POC Batteries (DV-125D-613)","POC Batteries","Drive DeVilbiss",141.65,308.80,283.99,24.81,142.34,50.1%,"https://dphpia7d6qb4m.cloudfront.net/images/dv-125d-613_01_t.png"
"LS-P2SBSD","Rhythm Healthcare Sieve Beds (Columns) (LS-P2SBSD)","Sieve Beds (Columns)","Rhythm Healthcare",77.00,167.86,153.99,13.87,76.99,50.0%,"https://dphpia7d6qb4m.cloudfront.net/images/p2sbsd_01_t.png"
"O2-800-1003","O2 Concepts Cylinder Bags (O2-800-1003)","Cylinder Bags","O2 Concepts",32.00,69.76,61.99,7.77,29.99,48.4%,"https://dphpia7d6qb4m.cloudfront.net/images/o2-800-1003_t.jpg"
"HD-1115","Hudson RCI Oxygen Tubing (HD-1115)","Oxygen Tubing","Hudson RCI",23.15,50.47,44.99,5.48,21.84,48.5%,"https://dphpia7d6qb4m.cloudfront.net/images/hud1115_01_t.png"
"SL-1227-7-7-10","Salter Labs Oxygen Tubing Connectors (SL-1227-7-7-10)","Oxygen Tubing Connectors","Salter Labs",40.15,87.53,77.99,9.54,37.84,48.5%,"https://dphpia7d6qb4m.cloudfront.net/images/1227-7-7-10_01_t.png"
"LS-P2ACA-1","Rhythm Healthcare Concentrator Chargers & Power Supplies (LS-P2ACA-1)","Concentrator Chargers & Power Supplies","Rhythm Healthcare",87.25,190.21,173.99,16.22,86.74,49.9%,"https://dphpia7d6qb4m.cloudfront.net/images/p2aca-1_01_t.png"
"O2-800-0001-2V","O2 Concepts Portable O2 Concentrators (O2-800-0001-2V)","Portable O2 Concentrators","O2 Concepts",2208.00,4813.44,4475.99,337.45,2267.99,50.7%,"https://dphpia7d6qb4m.cloudfront.net/images/o2-800-0001-2v_t.jpg"
"INO-CA-450","Inogen Carry Bags & Backpacks (INO-CA-450)","Carry Bags & Backpacks","Inogen",90.00,196.20,179.99,16.21,89.99,50.0%,"https://dphpia7d6qb4m.cloudfront.net/images/ino-ca-450_t.jpg"
"DR-100F","Drive DeVilbiss CPAP Masks and Accessories (DR-100F)","CPAP Masks and Accessories","Drive DeVilbiss",45.00,98.10,87.99,10.11,42.99,48.9%,"https://dphpia7d6qb4m.cloudfront.net/images/dr-100f_01_t.jpg"
"DR-18600-KITN","Drive DeVilbiss Suction Parts & Accessories (DR-18600-KITN)","Suction Parts & Accessories","Drive DeVilbiss",8.25,17.99,14.99,3.00,6.74,45.0%,"https://dphpia7d6qb4m.cloudfront.net/images/18600-kitn_01_t.png"
"INO-RP-101","Inogen Oxygen Filters (INO-RP-101)","Oxygen Filters","Inogen",43.00,93.74,83.99,9.75,40.99,48.8%,"https://www.lakecourt.com/respiratory/images/no-image.png"
"SL-8927-7-50","Salter Labs Nebulizer Kits (SL-8927-7-50)","Nebulizer Kits","Salter Labs",79.80,173.96,159.99,13.97,80.19,50.1%,"https://dphpia7d6qb4m.cloudfront.net/images/8927-7-50_01_t.png"
"ZDV-7304D-619","Drive DeVilbiss Suction Parts & Accessories (ZDV-7304D-619)","Suction Parts & Accessories","Drive DeVilbiss",14.25,31.07,26.99,4.08,12.74,47.2%,"https://dphpia7d6qb4m.cloudfront.net/images/7304d-619_01_t.png"
"MQ-MQ5600","Drive DeVilbiss (Medquip) Nebulizers - Standard (MQ-MQ5600)","Nebulizers - Standard","Drive DeVilbiss (Medquip)",9.99,21.78,18.99,2.79,9.00,47.4%,"https://dphpia7d6qb4m.cloudfront.net/images/mq-mq5600_t.jpg"
"INO-BA-301","Inogen Chargers & Power Supplies (INO-BA-301)","Chargers & Power Supplies","Inogen",127.00,276.86,253.99,22.87,126.99,50.0%,"https://dphpia7d6qb4m.cloudfront.net/images/ino-ba-301_01_t.png"
"DR-18580","Drive DeVilbiss Oxygen Analyzers (DR-18580)","Oxygen Analyzers","Drive DeVilbiss",280.85,612.25,568.99,43.26,288.14,50.6%,"https://www.lakecourt.com/respiratory/images/no-image.png"
"REA-IRC10LXO2","React Health 10 Liter Concentrators (REA-IRC10LXO2)","10 Liter Concentrators","React Health",1120.00,2441.60,2269.99,171.61,1149.99,50.7%,"https://dphpia7d6qb4m.cloudfront.net/images/in-irc10lxo2_t.jpg"
"SL-9996-1-25","Salter Labs Oxygen Tubing (SL-9996-1-25)","Oxygen Tubing","Salter Labs",10.75,23.44,19.99,3.45,9.24,46.2%,"https://dphpia7d6qb4m.cloudfront.net/images/9996-1-25_01_t.png"
"DV-555DS","Drive Medical 5 Liter Concentrators (DV-555DS)","5 Liter Concentrators","Drive Medical",495.00,1079.10,1002.99,76.11,507.99,50.6%,"https://dphpia7d6qb4m.cloudfront.net/images/555ds_01_t.png"
"PM-198705","Precision Medical Inc. Conserving Devices (PM-198705)","Conserving Devices","Precision Medical Inc.",198.55,432.84,397.99,34.85,199.44,50.1%,"https://dphpia7d6qb4m.cloudfront.net/images/pm-198705_t.jpg"
"ABM-BK287","ABM Respiratory Care Respiratory Parts (ABM-BK287)","Respiratory Parts","ABM Respiratory Care",150.00,327.00,299.99,27.01,149.99,50.0%,"https://dphpia7d6qb4m.cloudfront.net/images/abm-bk287_01_t.png"
"LS-TOC3","Rhythm Healthcare Pull Behind Concentrators (LS-TOC3)","Pull Behind Concentrators","Rhythm Healthcare",1400.00,3052.00,2837.99,214.01,1437.99,50.7%,"https://dphpia7d6qb4m.cloudfront.net/images/toc3_01_t.png"
"PRO-PMNEBRDK-BF","Proactive Medical Pediatric Nebulizers (PRO-PMNEBRDK-BF)","Pediatric Nebulizers","Proactive Medical",21.70,47.31,41.99,5.32,20.29,48.3%,"https://dphpia7d6qb4m.cloudfront.net/images/pmnebrdk-bf_01_t.png"
"DV-7305P-614","Drive DeVilbiss Batteries (DV-7305P-614)","Batteries","Drive DeVilbiss",81.65,178.00,162.99,15.01,81.34,49.9%,"https://dphpia7d6qb4m.cloudfront.net/images/7305p-614_01_t.png"
"DV-7305D-606","Drive DeVilbiss Suct (DV-7305D-606)","Suct","Drive DeVilbiss",24.90,54.28,47.99,6.29,23.09,48.1%,"https://dphpia7d6qb4m.cloudfront.net/images/7305d-606_01_t.png"
"RE-1038831","Philips Respironics Oxygen Filters (RE-1038831)","Oxygen Filters","Philips Respironics",21.81,47.55,41.99,5.56,20.18,48.1%,"https://dphpia7d6qb4m.cloudfront.net/images/re-1038831_t.jpg"
"SL-2004-4-50","Salter Labs Oxygen Tubing (SL-2004-4-50)","Oxygen Tubing","Salter Labs",18.05,39.35,34.99,4.36,16.94,48.4%,"https://dphpia7d6qb4m.cloudfront.net/images/2004-4-50_01_t.png"
"MQ-MQ3200","Medquip Oximizer (MQ-MQ3200)","Oximizer","Medquip",20.74,45.21,39.99,5.22,19.25,48.1%,"https://dphpia7d6qb4m.cloudfront.net/images/mq-mq3200_01_t.png"
"DV-7305D-632","Drive DeVilbiss Suction Parts & Accessories (DV-7305D-632)","Suction Parts & Accessories","Drive DeVilbiss",323.75,705.78,655.99,49.79,332.24,50.6%,"https://dphpia7d6qb4m.cloudfront.net/images/7305d-632_01_t.png"
"LS-LM5BA-ITF","Rhythm Healthcare Oxygen Filters (LS-LM5BA-ITF)","Oxygen Filters","Rhythm Healthcare",1.60,3.49,2.99,0.50,1.39,46.5%,"https://dphpia7d6qb4m.cloudfront.net/images/lm5ba-itf_01_t.png"
"INO-CA-400","Inogen Carry Bags & Backpacks (INO-CA-400)","Carry Bags & Backpacks","Inogen",17.35,37.82,33.99,3.83,16.64,49.0%,"https://dphpia7d6qb4m.cloudfront.net/images/ino-ca-400_t.jpg"
"SL-PRO2ELITE-1","Salter Labs Oxygen Analyzers (SL-PRO2ELITE-1)","Oxygen Analyzers","Salter Labs",583.15,1271.27,1181.99,89.28,598.84,50.7%,"https://dphpia7d6qb4m.cloudfront.net/images/pro2elite-1_01_t.png"
"LS-LM5BA-BF","Rhythm Healthcare Oxygen Filters (LS-LM5BA-BF)","Oxygen Filters","Rhythm Healthcare",2.25,4.91,3.99,0.92,1.74,43.6%,"https://dphpia7d6qb4m.cloudfront.net/images/lm5ba-bf_01_t.png"
"HD-1119","Hudson RCI Oxygen Tubing (HD-1119)","Oxygen Tubing","Hudson RCI",36.95,80.55,71.99,8.56,35.04,48.7%,"https://dphpia7d6qb4m.cloudfront.net/images/hud1119_01_t.png"
"HD-1642","Hudson RCI Respiratory Disposables (HD-1642)","Respiratory Disposables","Hudson RCI",35.20,76.74,68.99,7.75,33.79,49.0%,"https://dphpia7d6qb4m.cloudfront.net/images/hud1642_01_t.png"
"ROS-E-CARTPC","Roscoe Medical Cylinders and Accessories (ROS-E-CARTPC)","Cylinders and Accessories","Roscoe Medical",46.50,101.37,92.99,8.38,46.49,50.0%,"https://dphpia7d6qb4m.cloudfront.net/images/ros-e-cartpc_t.jpg"
"EV-22330","Drive DeVilbiss Suction Part (EV-22330)","Suction Part","Drive DeVilbiss",15.10,32.92,28.99,3.93,13.89,47.9%,"https://dphpia7d6qb4m.cloudfront.net/images/22330_01_t.png"
"PM-PM60","Precision Medical Inc. Stationary Suction Machines (PM-PM60)","Stationary Suction Machines","Precision Medical Inc.",305.00,664.90,617.99,46.91,312.99,50.6%,"https://dphpia7d6qb4m.cloudfront.net/images/pm60_01_t.png"
"ZDV-7310P-603","Drive DeVilbiss Suction Parts & Accessories (ZDV-7310P-603)","Suction Parts & Accessories","Drive DeVilbiss",24.60,53.63,47.99,5.64,23.39,48.7%,"https://dphpia7d6qb4m.cloudfront.net/images/7310p-603_01_t.png"
"ZDV-7305D-614","Devilbiss Suction Parts & Accessories (ZDV-7305D-614)","Suction Parts & Accessories","Devilbiss",10.95,23.87,20.99,2.88,10.04,47.8%,"https://dphpia7d6qb4m.cloudfront.net/images/7305d-614_01_t.png"
"DV-7310P-604","Drive DeVilbiss Suction Parts & Accessories (DV-7310P-604)","Suction Parts & Accessories","Drive DeVilbiss",68.25,148.79,135.99,12.80,67.74,49.8%,"https://dphpia7d6qb4m.cloudfront.net/images/7310p-604_01_t.png"
"HD-1075","Hudson RCI Respiratory Masks (HD-1075)","Respiratory Masks","Hudson RCI",78.00,170.04,155.99,14.05,77.99,50.0%,"https://dphpia7d6qb4m.cloudfront.net/images/1075_01_t.png"
"ROS-CF-1034","Roscoe Medical Respiratory Accessories (ROS-CF-1034)","Respiratory Accessories","Roscoe Medical",10.95,23.87,20.99,2.88,10.04,47.8%,"https://dphpia7d6qb4m.cloudfront.net/images/ros-cf-1034_t.jpg"
"DV-7314P-613","Drive DeVilbiss Suction Parts & Accessories (DV-7314P-613)","Suction Parts & Accessories","Drive DeVilbiss",55.50,120.99,110.99,10.00,55.49,50.0%,"https://dphpia7d6qb4m.cloudfront.net/images/7314p-613_01_t.png"
"DV-610-12B","Drive DeVilbiss Suction Canisters (DV-610-12B)","Suction Canisters","Drive DeVilbiss",19.99,43.58,38.99,4.59,19.00,48.7%,"https://dphpia7d6qb4m.cloudfront.net/images/610-12b_01_t.png"
"DR-18260","Drive DeVilbiss Nebulizers - Parts, Filters, Etc. (DR-18260)","Nebulizers - Parts, Filters, Etc.","Drive DeVilbiss",111.70,243.51,223.99,19.52,112.29,50.1%,"https://dphpia7d6qb4m.cloudfront.net/images/dr-18260_t.jpg"
"DR-CON 550","Drive DeVilbiss Oxygen Tubing Connectors (DR-CON 550)","Oxygen Tubing Connectors","Drive DeVilbiss",9.99,21.78,18.99,2.79,9.00,47.4%,"https://dphpia7d6qb4m.cloudfront.net/images/con%20550_01_t.png"
"PM-198712","Precision Medical Inc. Conserving Devices (PM-198712)","Conserving Devices","Precision Medical Inc.",198.55,432.84,397.99,34.85,199.44,50.1%,"https://dphpia7d6qb4m.cloudfront.net/images/pm-198712_t.jpg"
"DR-OM-975","Drive DeVilbiss Conservers (DR-OM-975)","Conservers","Drive DeVilbiss",226.40,493.55,453.99,39.56,227.59,50.1%,"https://dphpia7d6qb4m.cloudfront.net/images/om-975_01_t.png"
"DV-5650D","Drive DeVilbiss Nebulizers - Standard (DV-5650D)","Nebulizers - Standard","Drive DeVilbiss",116.35,253.64,232.99,20.65,116.64,50.1%,"https://dphpia7d6qb4m.cloudfront.net/images/dv-5650d_01_t.png"
"LS-P2PBC090","Rhythm Healthcare Concentrator Chargers & Power Supplies (LS-P2PBC090)","Concentrator Chargers & Power Supplies","Rhythm Healthcare",166.75,363.52,333.99,29.53,167.24,50.1%,"https://dphpia7d6qb4m.cloudfront.net/images/p2pbc090_01_t.png"
"SL-8115-0-50","Salter Labs Respiratory Masks (SL-8115-0-50)","Respiratory Masks","Salter Labs",60.40,131.67,120.99,10.68,60.59,50.1%,"https://dphpia7d6qb4m.cloudfront.net/images/8115-0-50_01_t.png"
"DR-SIMO2DS","Drive Medical Portable O2 Concentrators (DR-SIMO2DS)","Portable O2 Concentrators","Drive Medical",950.00,2071.00,1925.99,145.01,975.99,50.7%,"https://dphpia7d6qb4m.cloudfront.net/images/simo2ds_01_t.png"
"DR-CTOX-MN02","Drive DeVilbiss Conserving Devices (DR-CTOX-MN02)","Conserving Devices","Drive DeVilbiss",259.55,565.82,525.99,39.83,266.44,50.7%,"https://dphpia7d6qb4m.cloudfront.net/images/dr-ctox-mn02_01_t.jpg"
"DV-7314D-606","Drive DeVilbiss Suction Parts & Accessories (DV-7314D-606)","Suction Parts & Accessories","Drive DeVilbiss",32.86,71.63,63.99,7.64,31.13,48.6%,"https://dphpia7d6qb4m.cloudfront.net/images/7314d-606_01_t.png"
"ABM-BC20116","ABM Respiratory Care Respiratory Parts (ABM-BC20116)","Respiratory Parts","ABM Respiratory Care",17.50,38.15,33.99,4.16,16.49,48.5%,"https://dphpia7d6qb4m.cloudfront.net/images/abm-bc20116_01_t.png"
"HD-1103","Hudson RCI Cannulas (HD-1103)","Cannulas","Hudson RCI",19.99,43.58,38.99,4.59,19.00,48.7%,"https://dphpia7d6qb4m.cloudfront.net/images/hud1103_01_t.png"
"HD-1083","Hudson RCI Respiratory Masks (HD-1083)","Respiratory Masks","Hudson RCI",72.00,156.96,143.99,12.97,71.99,50.0%,"https://dphpia7d6qb4m.cloudfront.net/images/1083_01_t.png"
"ROS-ADLT-MASK","Roscoe Medical Respiratory Masks (ROS-ADLT-MASK)","Respiratory Masks","Roscoe Medical",39.80,86.76,77.99,8.77,38.19,49.0%,"https://dphpia7d6qb4m.cloudfront.net/images/adlt-mask_01_t.png"
"ROS-CF-1037","Roscoe Medical Oxygen Filters (ROS-CF-1037)","Oxygen Filters","Roscoe Medical",12.80,27.90,23.99,3.91,11.19,46.6%,"https://dphpia7d6qb4m.cloudfront.net/images/ros-cf-1037_t.jpg"
"LS-P2FC-1","Rhythm Healthcare Oxygen Filters (LS-P2FC-1)","Oxygen Filters","Rhythm Healthcare",6.00,13.08,10.99,2.09,4.99,45.4%,"https://dphpia7d6qb4m.cloudfront.net/images/p2fc-1_01_t.png"
"MQ-MQ6002","Drive DeVilbiss (Medquip) Nebulizers - Pediatric (MQ-MQ6002)","Nebulizers - Pediatric","Drive DeVilbiss (Medquip)",34.00,74.12,65.99,8.13,31.99,48.5%,"https://dphpia7d6qb4m.cloudfront.net/images/mq-mq6002_t.jpg"
"IBC-LMT31540","Movair (IBC) Ventilators & Accessories (IBC-LMT31540)","Ventilators & Accessories","Movair (IBC)",309.50,674.71,626.99,47.72,317.49,50.6%,"https://dphpia7d6qb4m.cloudfront.net/images/luisa_resized_02_2022/ibc-lmt31540_01_t.png"
"ROS-RMI-04ST","Roscoe Medical Regulators (ROS-RMI-04ST)","Regulators","Roscoe Medical",9.99,21.78,18.99,2.79,9.00,47.4%,"https://dphpia7d6qb4m.cloudfront.net/images/ros-rmi-04st_t.jpg"
"PM-502391-10","Precision Medical Inc. Filters (PM-502391-10)","Filters","Precision Medical Inc.",4.45,9.70,7.99,1.71,3.54,44.3%,"https://dphpia7d6qb4m.cloudfront.net/images/502391-10_01_t.png"
"DY-31002","Dynarex Tracheostomy Supplies (DY-31002)","Tracheostomy Supplies","Dynarex",154.00,335.72,307.99,27.73,153.99,50.0%,"https://dphpia7d6qb4m.cloudfront.net/images/31002_01_t.png"
"VX-1550","Virtuox/Healthcare Logistics Pulse Oximeters (VX-1550)","Pulse Oximeters","Virtuox/Healthcare Logistics",481.25,1049.13,974.99,74.14,493.74,50.6%,"https://dphpia7d6qb4m.cloudfront.net/images/vx-1550_t.jpg"
"HEL-H850EU","Sequal Liquid Units (HEL-H850EU)","Liquid Units","Sequal",1435.75,3129.94,2909.99,219.95,1474.24,50.7%,"https://www.lakecourt.com/respiratory/images/no-image.png"
"IBC-WM29928","Movair (IBC) Ventilators & Accessories (IBC-WM29928)","Ventilators & Accessories","Movair (IBC)",12.50,27.25,22.99,4.26,10.49,45.6%,"https://dphpia7d6qb4m.cloudfront.net/images/luisa_resized_02_2022/ibc-wm29928_01_t.png"
"HD-1084","Hudson RCI Respiratory Masks (HD-1084)","Respiratory Masks","Hudson RCI",68.25,148.79,135.99,12.80,67.74,49.8%,"https://dphpia7d6qb4m.cloudfront.net/images/hud1084_01_t.png"
"INO-CA-401","Inogen Carry Bags & Backpacks (INO-CA-401)","Carry Bags & Backpacks","Inogen",12.90,28.12,23.99,4.13,11.09,46.2%,"https://dphpia7d6qb4m.cloudfront.net/images/ino-ca-401_t.jpg"
"BE-276372066-12PK","Beaumont Products CPAP Masks and Accessories (BE-276372066-12PK)","CPAP Masks and Accessories","Beaumont Products",82.00,178.76,163.99,14.77,81.99,50.0%,"https://dphpia7d6qb4m.cloudfront.net/images/be-276372066-12pk_t.jpg"
"LS-P2PFCR-2","Rhythm Healthcare Concentrator Parts (LS-P2PFCR-2)","Concentrator Parts","Rhythm Healthcare",7.15,15.59,12.99,2.60,5.84,45.0%,"https://dphpia7d6qb4m.cloudfront.net/images/p2pfcr-2_01_t.png"
"HD-1827","Hudson RCI Cannulas (HD-1827)","Cannulas","Hudson RCI",32.00,69.76,61.99,7.77,29.99,48.4%,"https://dphpia7d6qb4m.cloudfront.net/images/1827_01_t.png"
"AS-AS099-101","AirSep Corporation 10 Liter Concentrators (AS-AS099-101)","10 Liter Concentrators","AirSep Corporation",1422.90,3101.92,2883.99,217.93,1461.09,50.7%,"https://dphpia7d6qb4m.cloudfront.net/images/as-as099-101_t.jpg"
"SL-0795","Salter Labs Bubble Humidifiers (SL-0795)","Bubble Humidifiers","Salter Labs",29.99,65.38,57.99,7.39,28.00,48.3%,"https://dphpia7d6qb4m.cloudfront.net/images/0795_01_t.png"
"IBC-LMT31594US","Movair (IBC) Ventilators & Accessories (IBC-LMT31594US)","Ventilators & Accessories","Movair (IBC)",174.50,380.41,348.99,31.42,174.49,50.0%,"https://dphpia7d6qb4m.cloudfront.net/images/luisa_resized_02_2022/ibc-lmt31594us_01_t.png"
"INO-CA-300","Inogen Carry Bags & Backpacks (INO-CA-300)","Carry Bags & Backpacks","Inogen",43.00,93.74,83.99,9.75,40.99,48.8%,"https://dphpia7d6qb4m.cloudfront.net/images/ino-ca-300_t.jpg"
"MQ-MQ6005","Drive DeVilbiss (Medquip) Nebulizers - Pediatric (MQ-MQ6005)","Nebulizers - Pediatric","Drive DeVilbiss (Medquip)",19.99,43.58,38.99,4.59,19.00,48.7%,"https://dphpia7d6qb4m.cloudfront.net/images/mq-mq6005_t.jpg"
"PRO-20120","Proactive Medical Products Pulse Oximeters (PRO-20120)","Pulse Oximeters","Proactive Medical Products",154.90,337.68,309.99,27.69,155.09,50.0%,"https://dphpia7d6qb4m.cloudfront.net/images/pro-20120_01_t.png"
"INO-GS-100","Inogen 5 Liter Concentrators (INO-GS-100)","5 Liter Concentrators","Inogen",1625.00,3542.50,3293.99,248.51,1668.99,50.7%,"https://dphpia7d6qb4m.cloudfront.net/images/ino-gs-100_01_t.png"
"INO-RP-405","Inogen Oxygen Filters (INO-RP-405)","Oxygen Filters","Inogen",12.00,26.16,22.99,3.17,10.99,47.8%,"https://dphpia7d6qb4m.cloudfront.net/images/ino-rp-405_t.jpg"
"PM-503237-10","Precision Medical Inc. Filters (PM-503237-10)","Filters","Precision Medical Inc.",16.95,36.95,32.99,3.96,16.04,48.6%,"https://dphpia7d6qb4m.cloudfront.net/images/503237-10_01_t.png"
"REA-HF2POSTD","Invacare Invacare HomeFills (REA-HF2POSTD)","Invacare HomeFills","Invacare",185.50,404.39,371.99,32.40,186.49,50.1%,"https://dphpia7d6qb4m.cloudfront.net/images/in-hf2postd_t.jpg"
"GF-JB0112-164","Graham-Field Nebulizers - Pediatric (GF-JB0112-164)","Nebulizers - Pediatric","Graham-Field",33.50,73.03,64.99,8.04,31.49,48.5%,"https://dphpia7d6qb4m.cloudfront.net/images/gf-jb0112-164_t.jpg"
"DR-100N","Drive DeVilbiss CPAP Masks and Accessories (DR-100N)","CPAP Masks and Accessories","Drive DeVilbiss",45.00,98.10,87.99,10.11,42.99,48.9%,"https://dphpia7d6qb4m.cloudfront.net/images/dr-100n_01_t.jpg"
"IBC-WM29652","Movair (IBC) Ventilators & Accessories (IBC-WM29652)","Ventilators & Accessories","Movair (IBC)",62.50,136.25,124.99,11.26,62.49,50.0%,"https://dphpia7d6qb4m.cloudfront.net/images/luisa_resized_02_2022/ibc-wm29652_01_t.png"
"DY-4671","Dynarex Suction - Accessories (DY-4671)","Suction - Accessories","Dynarex",110.75,241.44,221.99,19.45,111.24,50.1%,"https://dphpia7d6qb4m.cloudfront.net/images/dy-4671_t.jpg"
"ROS-TUB-ROS25","Roscoe Medical Oxygen Tubing (ROS-TUB-ROS25)","Oxygen Tubing","Roscoe Medical",27.00,58.86,51.99,6.87,24.99,48.1%,"https://dphpia7d6qb4m.cloudfront.net/images/tub-ros25_01_t.png"
"CR-EE-5301GR","Crane Humidifiers (CR-EE-5301GR)","Humidifiers","Crane",52.00,113.36,103.99,9.37,51.99,50.0%,"https://dphpia7d6qb4m.cloudfront.net/images/cr-ee-5301gr_01_t.png"
"SL-0480","AirLife (Westmed) Bubble Humidifiers (SL-0480)","Bubble Humidifiers","AirLife (Westmed)",70.00,152.60,139.99,12.61,69.99,50.0%,"https://dphpia7d6qb4m.cloudfront.net/images/0480_01_t.png"
"DV-7305D-612","Drive DeVilbiss Suction Tubing (DV-7305D-612)","Suction Tubing","Drive DeVilbiss",6.75,14.72,11.99,2.73,5.24,43.7%,"https://dphpia7d6qb4m.cloudfront.net/images/7305d-612_01_t.png"
"IBC-LMT31414","Movair (IBC) Ventilators & Accessories (IBC-LMT31414)","Ventilators & Accessories","Movair (IBC)",40.00,87.20,77.99,9.21,37.99,48.7%,"https://dphpia7d6qb4m.cloudfront.net/images/luisa_resized_02_2022/ibc-lmt31414_01_t.png"
"IBC-LMT31355","Movair (IBC) Ventilators & Accessories (IBC-LMT31355)","Ventilators & Accessories","Movair (IBC)",384.50,838.21,778.99,59.22,394.49,50.6%,"https://dphpia7d6qb4m.cloudfront.net/images/luisa_resized_02_2022/ibc-lmt31355_01_t.png"
"ROS-RMI-04H","Roscoe Medical Regulators (ROS-RMI-04H)","Regulators","Roscoe Medical",22.35,48.72,42.99,5.73,20.64,48.0%,"https://dphpia7d6qb4m.cloudfront.net/images/ros-rmi-04h_t.jpg"
"HD-1076","Hudson RCI Respiratory Masks (HD-1076)","Respiratory Masks","Hudson RCI",72.00,156.96,143.99,12.97,71.99,50.0%,"https://dphpia7d6qb4m.cloudfront.net/images/1076_01_t.png"
"COV-8888501015","Cardinal Health Suction Parts & Accessories (COV-8888501015)","Suction Parts & Accessories","Cardinal Health",74.95,163.39,149.99,13.40,75.04,50.0%,"https://dphpia7d6qb4m.cloudfront.net/images/8888501015_01_t.png"
"IBC-LMT29755","Movair (IBC) Ventilators & Accessories (IBC-LMT29755)","Ventilators & Accessories","Movair (IBC)",345.00,752.10,698.99,53.11,353.99,50.6%,"https://dphpia7d6qb4m.cloudfront.net/images/luisa_resized_02_2022/ibc-lmt29755_01_t.png"
"HD-RHUD59U","Medline Respiratory Disposables (HD-RHUD59U)","Respiratory Disposables","Medline",119.75,261.06,239.99,21.07,120.24,50.1%,"https://dphpia7d6qb4m.cloudfront.net/images/rhud59u_01_t.png"
"SL-1249C-0-50","Salter Labs Cylinder Wrenches (SL-1249C-0-50)","Cylinder Wrenches","Salter Labs",44.55,97.12,86.99,10.13,42.44,48.8%,"https://dphpia7d6qb4m.cloudfront.net/images/1249c-0-50_01_t.png"
"IBC-LMT29754","Movair (IBC) Ventilators & Accessories (IBC-LMT29754)","Ventilators & Accessories","Movair (IBC)",345.00,752.10,698.99,53.11,353.99,50.6%,"https://dphpia7d6qb4m.cloudfront.net/images/luisa_resized_02_2022/ibc-lmt29754_01_t.png"
"PY-35","Pyramid Industries Cylinder Bags (PY-35)","Cylinder Bags","Pyramid Industries",12.10,26.38,22.99,3.39,10.89,47.4%,"https://dphpia7d6qb4m.cloudfront.net/images/py-35_t.jpg"
"DR-SUCP TUBING 72","Drive DeVilbiss Suction Parts & Accessories (DR-SUCP TUBING 72)","Suction Parts & Accessories","Drive DeVilbiss",4.45,9.70,7.99,1.71,3.54,44.3%,"https://dphpia7d6qb4m.cloudfront.net/images/sucp%20tubing%2072_01_t.png"
"LS-P2CB-1","Rhythm Healthcare Carry Bags & Backpacks (LS-P2CB-1)","Carry Bags & Backpacks","Rhythm Healthcare",91.35,199.14,182.99,16.15,91.64,50.1%,"https://dphpia7d6qb4m.cloudfront.net/images/p2cb-1_01_t.png"
"ROS-ILB-ROS","Compass Health Filters (ROS-ILB-ROS)","Filters","Compass Health",5.00,10.90,8.99,1.91,3.99,44.4%,"https://dphpia7d6qb4m.cloudfront.net/images/ilb-ros_01_t.png"
"IN-HF2PC9P","Invacare Invacare HomeFills (IN-HF2PC9P)","Invacare HomeFills","Invacare",45.00,98.10,87.99,10.11,42.99,48.9%,"https://www.lakecourt.com/respiratory/images/no-image.png"
"HD-1740","Hudson RCI Aerosol Drainage Bags (HD-1740)","Aerosol Drainage Bags","Hudson RCI",80.50,175.49,160.99,14.50,80.49,50.0%,"https://dphpia7d6qb4m.cloudfront.net/images/hud1740_01_t.png"
"INO-CA-350","Inogen Carry Bags & Backpacks (INO-CA-350)","Carry Bags & Backpacks","Inogen",90.00,196.20,179.99,16.21,89.99,50.0%,"https://dphpia7d6qb4m.cloudfront.net/images/ino-ca-350_t.jpg"
"LS-P2E6PFCR","Rhythm Healthcare Concentrator Parts (LS-P2E6PFCR)","Concentrator Parts","Rhythm Healthcare",7.15,15.59,12.99,2.60,5.84,45.0%,"https://dphpia7d6qb4m.cloudfront.net/images/p2e6pfcr_01_t.png"
"DR-CPAPTUB6TL","Drive DeVilbiss CPAP Masks and Accessories (DR-CPAPTUB6TL)","CPAP Masks and Accessories","Drive DeVilbiss",41.50,90.47,80.99,9.48,39.49,48.8%,"https://dphpia7d6qb4m.cloudfront.net/images/dr-cpaptub6tl_t.jpg"
"IBC-LMT31569","Movair (IBC) Ventilators & Accessories (IBC-LMT31569)","Ventilators & Accessories","Movair (IBC)",102.50,223.45,204.99,18.46,102.49,50.0%,"https://www.lakecourt.com/respiratory/images/no-image.png"
"DR-ALO100","Drive DeVilbiss CPAP Masks and Accessories (DR-ALO100)","CPAP Masks and Accessories","Drive DeVilbiss",55.99,122.06,111.99,10.07,56.00,50.0%,"https://dphpia7d6qb4m.cloudfront.net/images/dr-alo100_01_t.jpg"
"INO-BA-303","Inogen Chargers & Power Supplies (INO-BA-303)","Chargers & Power Supplies","Inogen",248.00,540.64,501.99,38.65,253.99,50.6%,"https://dphpia7d6qb4m.cloudfront.net/images/ino-ba-303_01_t.png"
"PM-PM65","Precision Medical Inc. Portable Suction Machines (PM-PM65)","Portable Suction Machines","Precision Medical Inc.",388.90,847.80,787.99,59.81,399.09,50.6%,"https://dphpia7d6qb4m.cloudfront.net/images/pm65_01_t.png"
"ROS-ASP-ROS","Roscoe Medical Stationary Suction Machines (ROS-ASP-ROS)","Stationary Suction Machines","Roscoe Medical",180.95,394.47,361.99,32.48,181.04,50.0%,"https://dphpia7d6qb4m.cloudfront.net/images/asp-ros_01_t.png"
"IN-HF2POSTBAGP","Invacare Invacare HomeFills (IN-HF2POSTBAGP)","Invacare HomeFills","Invacare",45.00,98.10,87.99,10.11,42.99,48.9%,"https://www.lakecourt.com/respiratory/images/no-image.png"
"IBC-LMT31404","Movair (IBC) Ventilators & Accessories (IBC-LMT31404)","Ventilators & Accessories","Movair (IBC)",68.50,149.33,136.99,12.34,68.49,50.0%,"https://cdn.shopify.com/s/files/1/merchflow-studio/movair-ibc-ibc-lmt31404-ibc-lmt31404-1024x1024.png"
"SQ-6900-SEQ-EW","Sequal Portable O2 Concentrators (SQ-6900-SEQ-EW)","Portable O2 Concentrators","Sequal",2182.50,4757.85,4423.99,333.86,2241.49,50.7%,"https://dphpia7d6qb4m.cloudfront.net/images/sq-6900-seq-ew_t.jpg"
"M-NON026370","Medline Patient Oxygen Kits (M-NON026370)","Patient Oxygen Kits","Medline",93.10,202.96,185.99,16.97,92.89,49.9%,"https://dphpia7d6qb4m.cloudfront.net/images/m-non026370_01_t.png"
"ROS-HUM-ROS6","Roscoe Medical Respiratory Disposables (ROS-HUM-ROS6)","Respiratory Disposables","Roscoe Medical",80.40,175.27,160.99,14.28,80.59,50.1%,"https://dphpia7d6qb4m.cloudfront.net/images/ros-hum-ros6_t.jpg"
"HD-1870","Hudson RCI Cannulas (HD-1870)","Cannulas","Hudson RCI",33.70,73.47,65.99,7.48,32.29,48.9%,"https://dphpia7d6qb4m.cloudfront.net/images/1870_01_t.png"
"IN-HF2POSTP","Invacare Invacare HomeFills (IN-HF2POSTP)","Invacare HomeFills","Invacare",45.00,98.10,87.99,10.11,42.99,48.9%,"https://www.lakecourt.com/respiratory/images/no-image.png"
"LS-P2-S4","Rhythm Healthcare Portable O2 Concentrators (LS-P2-S4)","Portable O2 Concentrators","Rhythm Healthcare",1062.50,2316.25,2153.99,162.26,1091.49,50.7%,"https://dphpia7d6qb4m.cloudfront.net/images/p2-s4_01_t.png"
"DV-6910D-DR","Drive DeVilbiss Nebulizers - Portable and Ultrasonic (DV-6910D-DR)","Nebulizers - Portable and Ultrasonic","Drive DeVilbiss",55.85,121.75,111.99,9.76,56.14,50.1%,"https://dphpia7d6qb4m.cloudfront.net/images/dv-6910d-dr_01_t.png"
"IBC-LMT31490","Movair (IBC) Ventilators & Accessories (IBC-LMT31490)","Ventilators & Accessories","Movair (IBC)",425.50,927.59,861.99,65.60,436.49,50.6%,"https://www.lakecourt.com/respiratory/images/no-image.png"
"IBC-LMT31359","Movair (IBC) Ventilators & Accessories (IBC-LMT31359)","Ventilators & Accessories","Movair (IBC)",66.50,144.97,132.99,11.98,66.49,50.0%,"https://dphpia7d6qb4m.cloudfront.net/images/luisa_resized_02_2022/ibc-lmt31359_01_t.png"
"SQ-6900LN-EW","Sequal Portable O2 Concentrators (SQ-6900LN-EW)","Portable O2 Concentrators","Sequal",2344.75,5111.56,4752.99,358.57,2408.24,50.7%,"https://www.lakecourt.com/respiratory/images/no-image.png"
"DR-18031","Drive DeVilbiss Nebulizers - Parts, Filters, Etc. (DR-18031)","Nebulizers - Parts, Filters, Etc.","Drive DeVilbiss",5.99,13.06,10.99,2.07,5.00,45.5%,"https://dphpia7d6qb4m.cloudfront.net/images/dr-18031_01_t.jpg"
"HD-RHUD39U","Hudson RCI Respiratory Disposables (HD-RHUD39U)","Respiratory Disposables","Hudson RCI",119.75,261.06,239.99,21.07,120.24,50.1%,"https://dphpia7d6qb4m.cloudfront.net/images/rhud39u_01_t.png"
"ABM-BC21092","ABM Respiratory Care Respiratory Parts (ABM-BC21092)","Respiratory Parts","ABM Respiratory Care",9.99,21.78,18.99,2.79,9.00,47.4%,"https://dphpia7d6qb4m.cloudfront.net/images/abm-bc21092_01_t.png"
"DR-SOFT 207 P","Drive DeVilbiss Cannulas (DR-SOFT 207 P)","Cannulas","Drive DeVilbiss",35.85,78.15,69.99,8.16,34.14,48.8%,"https://dphpia7d6qb4m.cloudfront.net/images/soft%20207%20p_01_t.png"
"PY-26N","Pyramid Industries Cylinders and Accessories (PY-26N)","Cylinders and Accessories","Pyramid Industries",17.40,37.93,33.99,3.94,16.59,48.8%,"https://dphpia7d6qb4m.cloudfront.net/images/py-26n_t.jpg"
"HD-1085","Hudson RCI Respiratory Masks (HD-1085)","Respiratory Masks","Hudson RCI",46.25,100.83,91.99,8.84,45.74,49.7%,"https://dphpia7d6qb4m.cloudfront.net/images/hud1085_01_t.png"
"AS-AS2","AirSep Corporation Concentrators - Portables (AS-AS2)","Concentrators - Portables","AirSep Corporation",45.00,98.10,87.99,10.11,42.99,48.9%,"https://dphpia7d6qb4m.cloudfront.net/images/as-as2_t.jpg"
"DY-35004","Dynarex Tracheostomy Sup (DY-35004)","Tracheostomy Sup","Dynarex",47.85,104.31,94.99,9.32,47.14,49.6%,"https://dphpia7d6qb4m.cloudfront.net/images/35004_01_t.png"
"COV-8888301515","Cardinal Health Suction Parts & Accessories (COV-8888301515)","Suction Parts & Accessories","Cardinal Health",47.55,103.66,94.99,8.67,47.44,49.9%,"https://dphpia7d6qb4m.cloudfront.net/images/8888301515_01_t.png"
"HD-1424","Hudson RCI Oxygen Tubing Connectors (HD-1424)","Oxygen Tubing Connectors","Hudson RCI",32.00,69.76,61.99,7.77,29.99,48.4%,"https://dphpia7d6qb4m.cloudfront.net/images/1424_01_t.png"
"BE-635871165-12PK","Beaumont Products CPAP Masks and Accessories (BE-635871165-12PK)","CPAP Masks and Accessories","Beaumont Products",77.00,167.86,153.99,13.87,76.99,50.0%,"https://dphpia7d6qb4m.cloudfront.net/images/be-635871165-12pk_t.jpg"
"LS-P2-E7","Rhythm Healthcare Portable O2 Concentrators (LS-P2-E7)","Portable O2 Concentrators","Rhythm Healthcare",1250.00,2725.00,2533.99,191.01,1283.99,50.7%,"https://dphpia7d6qb4m.cloudfront.net/images/p2-e7_01_t.png"
"DR-NEB KIT 700","Drive DeVilbiss Nebulizers - Parts, Filters, Etc. (DR-NEB KIT 700)","Nebulizers - Parts, Filters, Etc.","Drive DeVilbiss",69.40,151.29,138.99,12.30,69.59,50.1%,"https://dphpia7d6qb4m.cloudfront.net/images/dr-neb%20kit%20700_01_t.jpg"
"ROS-CAN-PEDROS","Roscoe Medical Cannulas (ROS-CAN-PEDROS)","Cannulas","Roscoe Medical",50.00,109.00,99.99,9.01,49.99,50.0%,"https://dphpia7d6qb4m.cloudfront.net/images/can-pedros_01_t.png"
"SL-8924-7-50","Salter Labs Nebulizer Kits (SL-8924-7-50)","Nebulizer Kits","Salter Labs",67.80,147.80,134.99,12.81,67.19,49.8%,"https://dphpia7d6qb4m.cloudfront.net/images/8924-7-50_01_t.png"
"DR-18600-FILTER","Drive DeVilbiss Filters (DR-18600-FILTER)","Filters","Drive DeVilbiss",7.45,16.24,13.99,2.25,6.54,46.7%,"https://dphpia7d6qb4m.cloudfront.net/images/18600-filter_01_t.png"
"DV-PV5LD-651","Drive DeVilbiss Oxygen Filters (DV-PV5LD-651)","Oxygen Filters","Drive DeVilbiss",11.30,24.63,20.99,3.64,9.69,46.2%,"https://www.lakecourt.com/respiratory/images/no-image.png"
"DR-O-224","Drive DeVilbiss Disposable Oxygen Conserver (DR-O-224)","Disposable Oxygen Conserver","Drive DeVilbiss",119.99,261.58,239.99,21.59,120.00,50.0%,"https://dphpia7d6qb4m.cloudfront.net/images/o-224_01_t.png"
"RE-1082662","Philips Respironics POC Batteries (RE-1082662)","POC Batteries","Philips Respironics",228.00,497.04,456.99,40.05,228.99,50.1%,"https://dphpia7d6qb4m.cloudfront.net/images/re-1082662_t.jpg"
"DV-DL1050","Drive DeVilbiss Respiratory Masks (DV-DL1050)","Respiratory Masks","Drive DeVilbiss",78.30,170.69,156.99,13.70,78.69,50.1%,"https://dphpia7d6qb4m.cloudfront.net/images/dl1050_01_t.png"
"HD-1570","Hudson RCI Heat Moisture Exchangers (HD-1570)","Heat Moisture Exchangers","Hudson RCI",75.50,164.59,150.99,13.60,75.49,50.0%,"https://dphpia7d6qb4m.cloudfront.net/images/1570_01_t.png"
"DY-35009","Dynarex Tracheostomy Supplies (DY-35009)","Tracheostomy Supplies","Dynarex",56.80,123.82,112.99,10.83,56.19,49.7%,"https://dphpia7d6qb4m.cloudfront.net/images/35009_01_t.png"
"DV-7325D-D-EXF","Drive DeVilbiss Stationary Suction Machines (DV-7325D-D-EXF)","Stationary Suction Machines","Drive DeVilbiss",212.50,463.25,425.99,37.26,213.49,50.1%,"https://dphpia7d6qb4m.cloudfront.net/images/7325d-d-exf_01_t.png"
"DR-18091-BE","Drive DeVilbiss Nebulizers - Pediatric (DR-18091-BE)","Nebulizers - Pediatric","Drive DeVilbiss",41.00,89.38,79.99,9.39,38.99,48.7%,"https://www.lakecourt.com/respiratory/images/no-image.png"
"MQ-MQ6006","Drive DeVilbiss (Medquip) Nebulizers - Pediatric (MQ-MQ6006)","Nebulizers - Pediatric","Drive DeVilbiss (Medquip)",23.00,50.14,44.99,5.15,21.99,48.9%,"https://dphpia7d6qb4m.cloudfront.net/images/dr-mq6002r_t.jpg"
"MQ-MQ5700B","Drive DeVilbiss (Medquip) Nebulizers - Standard (MQ-MQ5700B)","Nebulizers - Standard","Drive DeVilbiss (Medquip)",30.70,66.93,59.99,6.94,29.29,48.8%,"https://dphpia7d6qb4m.cloudfront.net/images/mq-mq5700b_t.jpg"
"ROS-CIF-EVRFLO","Roscoe Medical Oxygen Filters (ROS-CIF-EVRFLO)","Oxygen Filters","Roscoe Medical",5.90,12.86,10.99,1.87,5.09,46.3%,"https://dphpia7d6qb4m.cloudfront.net/images/ros-cif-evrflo_t.jpg"
"DR-18707","Drive DeVilbiss Oximizer (DR-18707)","Oximizer","Drive DeVilbiss",42.33,92.28,82.99,9.29,40.66,49.0%,"https://dphpia7d6qb4m.cloudfront.net/images/dr-18707_01_t.png"
"ROS-CPF-F19","Roscoe Medical CPAP Filters (ROS-CPF-F19)","CPAP Filters","Roscoe Medical",2.00,4.36,2.99,1.37,0.99,33.1%,"https://dphpia7d6qb4m.cloudfront.net/images/ros-cpf-f19_t.jpg"
"CR-EE-0865","Crane Humidifiers (CR-EE-0865)","Humidifiers","Crane",54.00,117.72,107.99,9.73,53.99,50.0%,"https://dphpia7d6qb4m.cloudfront.net/images/cr-ee-0865_01_t.png"
"DV-125D-XB","Drive DeVilbiss Portable O2 Concentrators (DV-125D-XB)","Portable O2 Concentrators","Drive DeVilbiss",1583.65,3452.36,3209.99,242.37,1626.34,50.7%,"https://dphpia7d6qb4m.cloudfront.net/images/dv-125d-xb_01_t.png"
"INO-RP-301","Inogen Oxygen Filters (INO-RP-301)","Oxygen Filters","Inogen",18.50,40.33,35.99,4.34,17.49,48.6%,"https://dphpia7d6qb4m.cloudfront.net/images/ino-rp-301_t.jpg"
"M-HCS4525","Medline Oxygen Tubing (M-HCS4525)","Oxygen Tubing","Medline",19.99,43.58,38.99,4.59,19.00,48.7%,"https://dphpia7d6qb4m.cloudfront.net/images/hcs4525_01_t.png"
"PM-168704DL","Precision Medical Inc. Regulators (PM-168704DL)","Regulators","Precision Medical Inc.",108.00,235.44,215.99,19.45,107.99,50.0%,"https://dphpia7d6qb4m.cloudfront.net/images/pm-168704dl_t.jpg"
"ABM-BK285","ABM Respiratory Care Respiratory Parts (ABM-BK285)","Respiratory Parts","ABM Respiratory Care",150.00,327.00,299.99,27.01,149.99,50.0%,"https://dphpia7d6qb4m.cloudfront.net/images/abm-bk285_01_t.png"
"IBC-WM30669","Movair (IBC) Ventilators & Accessories (IBC-WM30669)","Ventilators & Accessories","Movair (IBC)",16.00,34.88,30.99,3.89,14.99,48.4%,"https://dphpia7d6qb4m.cloudfront.net/images/luisa_resized_02_2022/ibc-wm30669_01_t.png"
"ROS-TUB-ROS7","Roscoe Medical Oxygen Tubing (ROS-TUB-ROS7)","Oxygen Tubing","Roscoe Medical",19.35,42.18,36.99,5.19,17.64,47.7%,"https://dphpia7d6qb4m.cloudfront.net/images/tub-ros7_01_t.png"
"PM-PM63","Precision Medical Inc. Stationary Suction Machines (PM-PM63)","Stationary Suction Machines","Precision Medical Inc.",1034.50,2255.21,2096.99,158.22,1062.49,50.7%,"https://dphpia7d6qb4m.cloudfront.net/images/pm63_01_t.png"
"DR-18091-FS","Drive DeVilbiss Nebulizers - Pediatric (DR-18091-FS)","Nebulizers - Pediatric","Drive DeVilbiss",41.00,89.38,79.99,9.39,38.99,48.7%,"https://dphpia7d6qb4m.cloudfront.net/images/dr-18090-fs_01_t.jpg"
"LS-S3BY001S","Rhythm Healthcare POC Batteries (LS-S3BY001S)","POC Batteries","Rhythm Healthcare",128.25,279.59,256.99,22.60,128.74,50.1%,"https://dphpia7d6qb4m.cloudfront.net/images/s3by001s_01_t.png"
"LS-S3BY001D","Rhythm Healthcare POC Batteries (LS-S3BY001D)","POC Batteries","Rhythm Healthcare",151.50,330.27,302.99,27.28,151.49,50.0%,"https://dphpia7d6qb4m.cloudfront.net/images/s3by001d_01_t.png"
"IBC-LMT31368","Movair (IBC) Ventilators & Accessories (IBC-LMT31368)","Ventilators & Accessories","Movair (IBC)",170.00,370.60,339.99,30.61,169.99,50.0%,"https://dphpia7d6qb4m.cloudfront.net/images/luisa_resized_02_2022/ibc-lmt31368_01_t.png"
"DY-32104","Dynarex Suction Parts & Accessories (DY-32104)","Suction Parts & Accessories","Dynarex",42.50,92.65,82.99,9.66,40.49,48.8%,"https://dphpia7d6qb4m.cloudfront.net/images/32104_01_t.png"
"HD-1109","Hudson RCI Cannulas (HD-1109)","Cannulas","Hudson RCI",19.99,43.58,38.99,4.59,19.00,48.7%,"https://dphpia7d6qb4m.cloudfront.net/images/hud1109_01_t.png"
"ROS-31","Roscoe Medical Cylinders and Accessories (ROS-31)","Cylinders and Accessories","Roscoe Medical",12.30,26.81,22.99,3.82,10.69,46.5%,"https://dphpia7d6qb4m.cloudfront.net/images/ros-31_t.jpg"
"MQ-MQ6003","Drive DeVilbiss (Medquip) Nebulizers - Pediatric (MQ-MQ6003)","Nebulizers - Pediatric","Drive DeVilbiss (Medquip)",34.00,74.12,65.99,8.13,31.99,48.5%,"https://dphpia7d6qb4m.cloudfront.net/images/mq-mq6003_t.jpg"
"IN-HF2PC9BAGP","Invacare Invacare HomeFills (IN-HF2PC9BAGP)","Invacare HomeFills","Invacare",45.00,98.10,87.99,10.11,42.99,48.9%,"https://dphpia7d6qb4m.cloudfront.net/images/in-hf2pc9bagp_01_t.jpg"
"COV-49000","Cardinal Health Tracheostomy Supplies (COV-49000)","Tracheostomy Supplies","Cardinal Health",137.30,299.31,274.99,24.32,137.69,50.1%,"https://dphpia7d6qb4m.cloudfront.net/images/49000_01_t.png"
"IBC-LMT31371","Movair (IBC) Ventilators & Accessories (IBC-LMT31371)","Ventilators & Accessories","Movair (IBC)",105.50,229.99,210.99,19.00,105.49,50.0%,"https://dphpia7d6qb4m.cloudfront.net/images/luisa_resized_02_2022/ibc-lmt31371_01_t.png"
"DY-35006","Dynarex Tracheostomy Supplies (DY-35006)","Tracheostomy Supplies","Dynarex",62.80,136.90,124.99,11.91,62.19,49.8%,"https://dphpia7d6qb4m.cloudfront.net/images/35006_01_t.png"
"PY-44N","Pyramid Industries Cylinder Bags (PY-44N)","Cylinder Bags","Pyramid Industries",20.50,44.69,39.99,4.70,19.49,48.7%,"https://www.lakecourt.com/respiratory/images/no-image.png"
"REA-IOH270","Invacare Invacare HomeFills (REA-IOH270)","Invacare HomeFills","Invacare",57.50,125.35,114.99,10.36,57.49,50.0%,"https://dphpia7d6qb4m.cloudfront.net/images/in-ioh270_t.jpg"
"ROS-CPF-F31PK1","Roscoe Medical Respiratory Disposables (ROS-CPF-F31PK1)","Respiratory Disposables","Roscoe Medical",1.00,2.18,0.99,1.19,-0.01,-1.0%,"https://dphpia7d6qb4m.cloudfront.net/images/ros-cpf-f31pk1_t.jpg"
"ROS-CPF-S8PK2","Roscoe Medical CPAP Masks and Accessories (ROS-CPF-S8PK2)","CPAP Masks and Accessories","Roscoe Medical",1.50,3.27,1.99,1.28,0.49,24.6%,"https://dphpia7d6qb4m.cloudfront.net/images/ros-cpf-s8pk2_t.jpg"
"O2-800-1004","O2 Concepts Chargers & Power Supplies (O2-800-1004)","Chargers & Power Supplies","O2 Concepts",333.50,727.03,675.99,51.04,342.49,50.7%,"https://dphpia7d6qb4m.cloudfront.net/images/o2-800-1004_t.jpg"
"HD-1981","Hudson RCI Oxygen Tubing (HD-1981)","Oxygen Tubing","Hudson RCI",37.50,81.75,72.99,8.76,35.49,48.6%,"https://dphpia7d6qb4m.cloudfront.net/images/hud1981_01_t.png"
"GF-JB0112-062","Graham-Field Nebulizers - Pediatric (GF-JB0112-062)","Nebulizers - Pediatric","Graham-Field",32.25,70.31,62.99,7.32,30.74,48.8%,"https://dphpia7d6qb4m.cloudfront.net/images/gf-jb0112-062_t.jpg"
"ROS-E2-CARTPC","Roscoe Medical Carts and Racks (ROS-E2-CARTPC)","Carts and Racks","Roscoe Medical",68.20,148.68,135.99,12.69,67.79,49.8%,"https://dphpia7d6qb4m.cloudfront.net/images/ros-e2-cartpc_t.jpg"
"DY-35005","Dynarex Tracheostomy Supplies (DY-35005)","Tracheostomy Supplies","Dynarex",86.75,189.12,172.99,16.13,86.24,49.9%,"https://dphpia7d6qb4m.cloudfront.net/images/35004_01_t.png"
"DY-35003","Dynarex Tracheostomy Supplies (DY-35003)","Tracheostomy Supplies","Dynarex",40.40,88.07,78.99,9.08,38.59,48.9%,"https://dphpia7d6qb4m.cloudfront.net/images/35003_01_t.png"
"HD-1001-10","Hudson RCI Nebulizers - Parts, Filters, Etc. (HD-1001-10)","Nebulizers - Parts, Filters, Etc.","Hudson RCI",83.50,182.03,166.99,15.04,83.49,50.0%,"https://dphpia7d6qb4m.cloudfront.net/images/hd-1001-10_t.jpg"
"DR-18071","Drive DeVilbiss Nebulizers - Standard (DR-18071)","Nebulizers - Standard","Drive DeVilbiss",150.95,329.07,301.99,27.08,151.04,50.0%,"https://dphpia7d6qb4m.cloudfront.net/images/dr-18071_01_t.jpg"
"IBC-LMT31396","Movair (IBC) Ventilators & Accessories (IBC-LMT31396)","Ventilators & Accessories","Movair (IBC)",337.50,735.75,683.99,51.76,346.49,50.7%,"https://dphpia7d6qb4m.cloudfront.net/images/luisa_resized_02_2022/ibc-lmt31396_01_t.png"
"HD-1984","Hudson RCI Oxygen Tubing (HD-1984)","Oxygen Tubing","Hudson RCI",139.00,303.02,277.99,25.03,138.99,50.0%,"https://dphpia7d6qb4m.cloudfront.net/images/hud1984_01_t.png"
"COV-8886864604","Cardinal Health Suction Parts & Accessories (COV-8886864604)","Suction Parts & Accessories","Cardinal Health",421.05,917.89,852.99,64.90,431.94,50.6%,"https://dphpia7d6qb4m.cloudfront.net/images/8886864604_01_t.png"
"ROS-AG1642","Compass Health Respiratory Disposables (ROS-AG1642)","Respiratory Disposables","Compass Health",1.20,2.62,1.99,0.63,0.79,39.7%,"https://dphpia7d6qb4m.cloudfront.net/images/ag1642_01_t.png"
"DR-18141","Drive DeVilbiss Carts and Racks (DR-18141)","Carts and Racks","Drive DeVilbiss",98.25,214.19,196.99,17.20,98.74,50.1%,"https://dphpia7d6qb4m.cloudfront.net/images/dr-18141_01_t.jpg"
"DR-MQ0081","Drive DeVilbiss Respiratory Masks (DR-MQ0081)","Respiratory Masks","Drive DeVilbiss",2.05,4.47,2.99,1.48,0.94,31.4%,"https://dphpia7d6qb4m.cloudfront.net/images/mq0081_01_t.png"
"ROS-CPF-S9PK2","Roscoe Medical Respiratory Disposables (ROS-CPF-S9PK2)","Respiratory Disposables","Roscoe Medical",1.50,3.27,1.99,1.28,0.49,24.6%,"https://dphpia7d6qb4m.cloudfront.net/images/ros-cpf-s9pk2_t.jpg"
"REA-1131249","Invacare Oxygen Filters (REA-1131249)","Oxygen Filters","Invacare",13.15,28.67,24.99,3.68,11.84,47.4%,"https://dphpia7d6qb4m.cloudfront.net/images/in-1131249_t.jpg"
"IBC-LMT31388","Movair (IBC) Ventilators & Accessories (IBC-LMT31388)","Ventilators & Accessories","Movair (IBC)",337.50,735.75,683.99,51.76,346.49,50.7%,"https://dphpia7d6qb4m.cloudfront.net/images/luisa_resized_02_2022/ibc-lmt31388_01_t.png"
"SL-1611-7-50","Salter Labs Cannulas (SL-1611-7-50)","Cannulas","Salter Labs",90.25,196.75,180.99,15.76,90.74,50.1%,"https://dphpia7d6qb4m.cloudfront.net/images/1611-7-50_01_t.png"
"DY-35008","Dynarex Tracheostomy Supplies (DY-35008)","Tracheostomy Supplies","Dynarex",28.45,62.02,54.99,7.03,26.54,48.3%,"https://dphpia7d6qb4m.cloudfront.net/images/35008_01_t.png"
"IBC-LMT31440","Movair (IBC) Ventilators & Accessories (IBC-LMT31440)","Ventilators & Accessories","Movair (IBC)",16.00,34.88,30.99,3.89,14.99,48.4%,"https://dphpia7d6qb4m.cloudfront.net/images/luisa_resized_02_2022/ibc-lmt31440_01_t.png"
"IBC-LMT31580","Movair (IBC) Ventilators & Accessories (IBC-LMT31580)","Ventilators & Accessories","Movair (IBC)",337.50,735.75,683.99,51.76,346.49,50.7%,"https://dphpia7d6qb4m.cloudfront.net/images/luisa_resized_02_2022/ibc-lmt31580_01_t.png"
"DV-7305D-619","Drive DeVilbiss Suction Parts & Accessories (DV-7305D-619)","Suction Parts & Accessories","Drive DeVilbiss",11.80,25.72,21.99,3.73,10.19,46.3%,"https://dphpia7d6qb4m.cloudfront.net/images/7305d-619_01_t.png"
"CR-EE-4109","Crane Humidifiers (CR-EE-4109)","Humidifiers","Crane",58.00,126.44,115.99,10.45,57.99,50.0%,"https://dphpia7d6qb4m.cloudfront.net/images/cr-ee-4109_01_t.png"
"GF-JB0112-067","Graham-Field Nebulizers - Pediatric (GF-JB0112-067)","Nebulizers - Pediatric","Graham-Field",32.25,70.31,62.99,7.32,30.74,48.8%,"https://dphpia7d6qb4m.cloudfront.net/images/gf-jb0112-067_t.jpg"
"HD-1943","Hudson RCI Respiratory Masks (HD-1943)","Respiratory Masks","Hudson RCI",151.00,329.18,301.99,27.19,150.99,50.0%,"https://dphpia7d6qb4m.cloudfront.net/images/hud1943_01_t.png"
"LS-PAK2-S","Rhythm Healthcare Concentrator Chargers & Power Supplies (LS-PAK2-S)","Concentrator Chargers & Power Supplies","Rhythm Healthcare",145.00,316.10,289.99,26.11,144.99,50.0%,"https://dphpia7d6qb4m.cloudfront.net/images/pak2-s_01_t.png"
"DV-5650D-601","Drive DeVilbiss Nebulizers - Parts, Filters, Etc. (DV-5650D-601)","Nebulizers - Parts, Filters, Etc.","Drive DeVilbiss",12.00,26.16,22.99,3.17,10.99,47.8%,"https://dphpia7d6qb4m.cloudfront.net/images/dv-5650d-601_t.jpg"
"IBC-LMT31554","Movair (IBC) Ventilators & Accessories (IBC-LMT31554)","Ventilators & Accessories","Movair (IBC)",189.00,412.02,378.99,33.03,189.99,50.1%,"https://dphpia7d6qb4m.cloudfront.net/images/luisa_resized_02_2022/ibc-lmt31554_01_t.png"
"IBC-LMT15989","Movair (IBC) Ventilators & Accessories (IBC-LMT15989)","Ventilators & Accessories","Movair (IBC)",13.50,29.43,24.99,4.44,11.49,46.0%,"https://dphpia7d6qb4m.cloudfront.net/images/luisa_resized_02_2022/ibc-lmt15989_01_t.png"
"MQ-MQ0054","Drive DeVilbiss (Medquip) Nebulizers - Accessories (MQ-MQ0054)","Nebulizers - Accessories","Drive DeVilbiss (Medquip)",4.55,9.92,7.99,1.93,3.44,43.1%,"https://dphpia7d6qb4m.cloudfront.net/images/mq-mq0054_t.jpg"
"REA-P0750X030","Invacare Oxygen Filters (REA-P0750X030)","Oxygen Filters","Invacare",8.80,19.18,15.99,3.19,7.19,45.0%,"https://dphpia7d6qb4m.cloudfront.net/images/in-p0750x030_t.jpg"
"IBC-LMT31417","Movair (IBC) Ventilators & Accessories (IBC-LMT31417)","Ventilators & Accessories","Movair (IBC)",229.00,499.22,458.99,40.23,229.99,50.1%,"https://dphpia7d6qb4m.cloudfront.net/images/luisa_resized_02_2022/ibc-lmt31417_01_t.png"
"DR-HS-2","Drive DeVilbiss Carts and Racks (DR-HS-2)","Carts and Racks","Drive DeVilbiss",49.99,108.98,99.99,8.99,50.00,50.0%,"https://dphpia7d6qb4m.cloudfront.net/images/dr-hs-2_01_t.jpg"
"LS-S3CB","Rhythm Healthcare Carry Bags & Backpacks (LS-S3CB)","Carry Bags & Backpacks","Rhythm Healthcare",68.00,148.24,135.99,12.25,67.99,50.0%,"https://dphpia7d6qb4m.cloudfront.net/images/s3cb_01_t.png"
"M-HCS70004","Medline Nebulizers (M-HCS70004)","Nebulizers","Medline",129.99,283.38,259.99,23.39,130.00,50.0%,"https://dphpia7d6qb4m.cloudfront.net/images/m-hcs70004_t.jpg"
"HEL-H300","Caire Inc/Chart Liquid Units (HEL-H300)","Liquid Units","Caire Inc/Chart",1272.00,2772.96,2577.99,194.97,1305.99,50.7%,"https://dphpia7d6qb4m.cloudfront.net/images/hel-h300_t.jpg"
"DR-MASK 007A","Drive DeVilbiss Respiratory Masks (DR-MASK 007A)","Respiratory Masks","Drive DeVilbiss",58.40,127.31,116.99,10.32,58.59,50.1%,"https://dphpia7d6qb4m.cloudfront.net/images/mask%20007a_01_t.png"
"DV-7314D-625","Drive DeVilbiss Suction Parts & Accessories (DV-7314D-625)","Suction Parts & Accessories","Drive DeVilbiss",26.80,58.42,51.99,6.43,25.19,48.5%,"https://dphpia7d6qb4m.cloudfront.net/images/7314d-625_01_t.png"
"REA-IOH260","Invacare Invacare HomeFills (REA-IOH260)","Invacare HomeFills","Invacare",57.50,125.35,114.99,10.36,57.49,50.0%,"https://dphpia7d6qb4m.cloudfront.net/images/in-ioh260_t.jpg"
"ABM-BC22506","ABM Respiratory Care Respiratory Accessories (ABM-BC22506)","Respiratory Accessories","ABM Respiratory Care",750.00,1635.00,1519.99,115.01,769.99,50.7%,"https://dphpia7d6qb4m.cloudfront.net/images/abm-bc22506_01_t.png"
"DV-7305D-608","Drive DeVilbiss Filters (DV-7305D-608)","Filters","Drive DeVilbiss",56.25,122.63,111.99,10.64,55.74,49.8%,"https://dphpia7d6qb4m.cloudfront.net/images/7305d-608_01_t.png"
"ROS-50002","Roscoe Medical Nebulizers - Standard (ROS-50002)","Nebulizers - Standard","Roscoe Medical",7.45,16.24,13.99,2.25,6.54,46.7%,"https://dphpia7d6qb4m.cloudfront.net/images/ros-50002_t.jpg"
"DR-SOFT 200","Drive DeVilbiss Cannulas (DR-SOFT 200)","Cannulas","Drive DeVilbiss",20.70,45.13,39.99,5.14,19.29,48.2%,"https://dphpia7d6qb4m.cloudfront.net/images/soft%20200_01_t.png"
"SL-1053-4-50","Salter Labs Cannulas (SL-1053-4-50)","Cannulas","Salter Labs",32.65,71.18,63.99,7.19,31.34,49.0%,"https://dphpia7d6qb4m.cloudfront.net/images/1053-4-50_01_t.png"
"DV-3655D-621","Drive DeVilbiss Respiratory Disposables (DV-3655D-621)","Respiratory Disposables","Drive DeVilbiss",59.25,129.17,117.99,11.18,58.74,49.8%,"https://dphpia7d6qb4m.cloudfront.net/images/dv-3655d-621_01_t.png"
"SL-8110-7-50","Salter Labs Respiratory Masks (SL-8110-7-50)","Respiratory Masks","Salter Labs",60.40,131.67,120.99,10.68,60.59,50.1%,"https://dphpia7d6qb4m.cloudfront.net/images/8110-7-50_01_t.png"
"SL-0101","AirLife (Westmed) Cannulas, Respiratory Masks (SL-0101)","Cannulas, Respiratory Masks","AirLife (Westmed)",60.70,132.33,120.99,11.34,60.29,49.8%,"https://dphpia7d6qb4m.cloudfront.net/images/0101_01_t.png"
"IBC-WM27027","Movair (IBC) Ventilators & Accessories (IBC-WM27027)","Ventilators & Accessories","Movair (IBC)",21.00,45.78,40.99,4.79,19.99,48.8%,"https://dphpia7d6qb4m.cloudfront.net/images/luisa_resized_02_2022/ibc-wm27027_01_t.png"
"ROS-1160B-1","Compass Health Suction Parts & Accessories (ROS-1160B-1)","Suction Parts & Accessories","Compass Health",8.00,17.44,14.99,2.45,6.99,46.6%,"https://dphpia7d6qb4m.cloudfront.net/images/1160b-1_01_t.png"
"COV-47800","Cardinal Health Tracheostomy Supplies (COV-47800)","Tracheostomy Supplies","Cardinal Health",49.05,106.93,97.99,8.94,48.94,49.9%,"https://dphpia7d6qb4m.cloudfront.net/images/47800_01_t.png"
"IBC-WM27591","Movair (IBC) Ventilators & Accessories (IBC-WM27591)","Ventilators & Accessories","Movair (IBC)",6.00,13.08,10.99,2.09,4.99,45.4%,"https://dphpia7d6qb4m.cloudfront.net/images/luisa_resized_02_2022/ibc-wm27591_01_t.png"
"ROS-TUB-ROS50G","Roscoe Medical Oxygen Tubing (ROS-TUB-ROS50G)","Oxygen Tubing","Roscoe Medical",38.50,83.93,74.99,8.94,36.49,48.7%,"https://dphpia7d6qb4m.cloudfront.net/images/tub-ros50g_01_t.png"
"LS-S3BY001T","Rhythm Healthcare POC Batteries (LS-S3BY001T)","POC Batteries","Rhythm Healthcare",177.25,386.41,354.99,31.42,177.74,50.1%,"https://dphpia7d6qb4m.cloudfront.net/images/s3by001t_01_t.png"
"IBC-WM27646","Movair (IBC) Ventilators & Accessories (IBC-WM27646)","Ventilators & Accessories","Movair (IBC)",24.00,52.32,46.99,5.33,22.99,48.9%,"https://dphpia7d6qb4m.cloudfront.net/images/luisa_resized_02_2022/ibc-wm27646_01_t.png"
"LS-PAK3","Rhythm Healthcare Concentrator Chargers & Power Supplies (LS-PAK3)","Concentrator Chargers & Power Supplies","Rhythm Healthcare",335.00,730.30,678.99,51.31,343.99,50.7%,"https://dphpia7d6qb4m.cloudfront.net/images/pak3_01_t.png"
"GF-JB0112-070","Graham-Field Nebulizers - Pediatric (GF-JB0112-070)","Nebulizers - Pediatric","Graham-Field",32.25,70.31,62.99,7.32,30.74,48.8%,"https://dphpia7d6qb4m.cloudfront.net/images/gf-jb0112-070_t.jpg"
"DR-100FDES","Drive CPAP Masks and Accessories (DR-100FDES)","CPAP Masks and Accessories","Drive",42.95,93.63,83.99,9.64,41.04,48.9%,"https://dphpia7d6qb4m.cloudfront.net/images/dr-100fdelp_t.jpg"
"ABM-BC23400","ABM Respiratory Care Respiratory Parts (ABM-BC23400)","Respiratory Parts","ABM Respiratory Care",199.00,433.82,398.99,34.83,199.99,50.1%,"https://dphpia7d6qb4m.cloudfront.net/images/abm-bc23400_01_t.png"
"IBC-LMT31502","Movair (IBC) Ventilators & Accessories (IBC-LMT31502)","Ventilators & Accessories","Movair (IBC)",195.50,426.19,391.99,34.20,196.49,50.1%,"https://dphpia7d6qb4m.cloudfront.net/images/luisa_resized_02_2022/ibc-lmt31502_01_t.png"
"LS-P2BP-1","Rhythm Healthcare Carry Bags & Backpacks (LS-P2BP-1)","Carry Bags & Backpacks","Rhythm Healthcare",82.50,179.85,164.99,14.86,82.49,50.0%,"https://dphpia7d6qb4m.cloudfront.net/images/p2bp-1_01_t.png"
"LS-TOCAC","Rhythm Healthcare Concentrator Chargers & Power Supplies (LS-TOCAC)","Concentrator Chargers & Power Supplies","Rhythm Healthcare",140.75,306.84,281.99,24.85,141.24,50.1%,"https://dphpia7d6qb4m.cloudfront.net/images/tocac_01_t.png"
"IBC-WM27651","Movair (IBC) Ventilators & Accessories (IBC-WM27651)","Ventilators & Accessories","Movair (IBC)",35.50,77.39,68.99,8.40,33.49,48.5%,"https://dphpia7d6qb4m.cloudfront.net/images/luisa_resized_02_2022/ibc-wm27651_01_t.png"
"LS-TOCBY-2","Rhythm Healthcare POC Batteries (LS-TOCBY-2)","POC Batteries","Rhythm Healthcare",334.00,728.12,676.99,51.13,342.99,50.7%,"https://dphpia7d6qb4m.cloudfront.net/images/tocby-2_01_t.png"
"VX-1250","Virtuox/Healthcare Logistics Pulse Oximeters (VX-1250)","Pulse Oximeters","Virtuox/Healthcare Logistics",311.25,678.53,630.99,47.54,319.74,50.7%,"https://dphpia7d6qb4m.cloudfront.net/images/vx-1250_t.jpg"
"LS-P2CB-2","Rhythm Healthcare Carry Bags & Backpacks (LS-P2CB-2)","Carry Bags & Backpacks","Rhythm Healthcare",82.50,179.85,164.99,14.86,82.49,50.0%,"https://dphpia7d6qb4m.cloudfront.net/images/p2cb-2_01_t.png"
"LS-TOCIF-1","Rhythm Healthcare Oxygen Filters (LS-TOCIF-1)","Oxygen Filters","Rhythm Healthcare",4.60,10.03,7.99,2.04,3.39,42.4%,"https://dphpia7d6qb4m.cloudfront.net/images/tocif-1_01_t.png"
"IBC-LMT31415","Movair (IBC) Ventilators & Accessories (IBC-LMT31415)","Ventilators & Accessories","Movair (IBC)",375.00,817.50,759.99,57.51,384.99,50.7%,"https://www.lakecourt.com/respiratory/images/no-image.png"
"LS-P2E7PFCR","Rhythm Healthcare Concentrator Parts (LS-P2E7PFCR)","Concentrator Parts","Rhythm Healthcare",7.15,15.59,12.99,2.60,5.84,45.0%,"https://dphpia7d6qb4m.cloudfront.net/images/p2e7pfcr_01_t.png"
"LS-TOCIF-2","Rhythm Healthcare Oxygen Filters (LS-TOCIF-2)","Oxygen Filters","Rhythm Healthcare",4.60,10.03,7.99,2.04,3.39,42.4%,"https://dphpia7d6qb4m.cloudfront.net/images/tocif-2_01_t.png"
"DR-SSP","Drive Medical K1/K2 Standard Wheelchairs (DR-SSP)","K1/K2 Standard Wheelchairs","Drive Medical",45.00,98.10,87.99,10.11,42.99,48.9%,"https://dphpia7d6qb4m.cloudfront.net/images/dr-ssp__01_t.png"
"DR-10210-4ASM","Drive Medical Standard Walkers (DR-10210-4ASM)","Standard Walkers","Drive Medical",98.00,213.64,195.99,17.65,97.99,50.0%,"https://dphpia7d6qb4m.cloudfront.net/images/10210-4asm_01_t.png"
"DR-R800KD-BL","Drive Medical 4-Wheel Rollators (DR-R800KD-BL)","4-Wheel Rollators","Drive Medical",45.00,98.10,87.99,10.11,42.99,48.9%,"https://dphpia7d6qb4m.cloudfront.net/images/r800kd-bl_01_t.png"
"DR-STDS801","Drive DeVilbiss Wheel Lock/Brake Extensions (DR-STDS801)","Wheel Lock/Brake Extensions","Drive DeVilbiss",4.50,9.81,7.99,1.82,3.49,43.7%,"https://dphpia7d6qb4m.cloudfront.net/images/dr-stds801_01_t.jpg"
"DR-K3","Drive DeVilbiss K3 Lightweight Wheelchairs (DR-K3)","K3 Lightweight Wheelchairs","Drive DeVilbiss",45.00,98.10,87.99,10.11,42.99,48.9%,"https://dphpia7d6qb4m.cloudfront.net/images/dr-k3_01_t.png"
"DR-STDEC","Drive DeVilbiss K6/K7 Bariatric Wheelchairs (DR-STDEC)","K6/K7 Bariatric Wheelchairs","Drive DeVilbiss",45.00,98.10,87.99,10.11,42.99,48.9%,"https://dphpia7d6qb4m.cloudfront.net/images/dr-stdec_01_t.png"
"DR-LK3JELR","Drive DeVilbiss Elevating Leg Rests (DR-LK3JELR)","Elevating Leg Rests","Drive DeVilbiss",32.50,70.85,62.99,7.86,30.49,48.4%,"https://dphpia7d6qb4m.cloudfront.net/images/dr-lk3jelr_01_t.png"
"DR-STDS819","Drive DeVilbiss Anti-Tippers (DR-STDS819)","Anti-Tippers","Drive DeVilbiss",12.50,27.25,22.99,4.26,10.49,45.6%,"https://dphpia7d6qb4m.cloudfront.net/images/dr-stds819_01_t.png"
"DR-SSPRDV","Drive DeVilbiss Reclining Wheelchairs (DR-SSPRDV)","Reclining Wheelchairs","Drive DeVilbiss",45.00,98.10,87.99,10.11,42.99,48.9%,"https://dphpia7d6qb4m.cloudfront.net/images/dr-ssprdv_01_t.png"
"DR-STDS833N","Drive DeVilbiss Anti-Tippers (DR-STDS833N)","Anti-Tippers","Drive DeVilbiss",12.45,27.14,22.99,4.15,10.54,45.8%,"https://dphpia7d6qb4m.cloudfront.net/images/dr-stds833n_01_t.png"
"DR-STDS3J24SF","Drive DeVilbiss Elevating Leg Rests (DR-STDS3J24SF)","Elevating Leg Rests","Drive DeVilbiss",25.50,55.59,49.99,5.60,24.49,49.0%,"https://dphpia7d6qb4m.cloudfront.net/images/dr-stds3j24sf_01_t.png"
"DR-STDS850","Drive DeVilbiss Seat Belts (DR-STDS850)","Seat Belts","Drive DeVilbiss",8.75,19.08,15.99,3.09,7.24,45.3%,"https://dphpia7d6qb4m.cloudfront.net/images/dr-stds850_01_t.png"
"DR-WASL","Drive DeVilbiss Wheelchair Parts (DR-WASL)","Wheelchair Parts","Drive DeVilbiss",21.00,45.78,40.99,4.79,19.99,48.8%,"https://dphpia7d6qb4m.cloudfront.net/images/dr-wasl_01_t.png"
"DR-WASR","Drive DeVilbiss Wheelchair Parts (DR-WASR)","Wheelchair Parts","Drive DeVilbiss",21.00,45.78,40.99,4.79,19.99,48.8%,"https://dphpia7d6qb4m.cloudfront.net/images/dr-wasr_01_t.png"
"DR-STDELR-AL","Drive DeVilbiss Elevating Leg Rests (DR-STDELR-AL)","Elevating Leg Rests","Drive DeVilbiss",87.60,190.97,174.99,15.98,87.39,49.9%,"https://dphpia7d6qb4m.cloudfront.net/images/dr-stdelr-al_01_t.jpg"
"DR-STD-EEW","Drive DeVilbiss K6/K7 Bariatric Wheelchairs (DR-STD-EEW)","K6/K7 Bariatric Wheelchairs","Drive DeVilbiss",45.00,98.10,87.99,10.11,42.99,48.9%,"https://dphpia7d6qb4m.cloudfront.net/images/dr-std-eew_01_t.png"
"DR-CX4","Drive DeVilbiss K4 Lightweight Wheelchairs (DR-CX4)","K4 Lightweight Wheelchairs","Drive DeVilbiss",45.00,98.10,87.99,10.11,42.99,48.9%,"https://dphpia7d6qb4m.cloudfront.net/images/dr-cx4_01_t.png"
"IN-TREX2","Invacare K1/K2 Standard Wheelchairs (IN-TREX2)","K1/K2 Standard Wheelchairs","Invacare",45.00,98.10,87.99,10.11,42.99,48.9%,"https://dphpia7d6qb4m.cloudfront.net/images/in-trex2_01_t.png"
"NV-319","Nova Transport Chair (NV-319)","Transport Chair","Nova",45.00,98.10,87.99,10.11,42.99,48.9%,"https://dphpia7d6qb4m.cloudfront.net/images/nv-319_01_t.png"
"DR-STD","Drive DeVilbiss K6/K7 Bariatric Wheelchairs (DR-STD)","K6/K7 Bariatric Wheelchairs","Drive DeVilbiss",45.00,98.10,87.99,10.11,42.99,48.9%,"https://dphpia7d6qb4m.cloudfront.net/images/dr-std_01_t.png"
"PRO-PP-SF","Proactive Medical Swing-Away Footrests (PRO-PP-SF)","Swing-Away Footrests","Proactive Medical",28.45,62.02,54.99,7.03,26.54,48.3%,"https://dphpia7d6qb4m.cloudfront.net/images/pro-pp-sf_01_t.png"
"DR-RTLREB18DDA-SF","Drive DeVilbiss K1/K2 Standard Wheelchairs (DR-RTLREB18DDA-SF)","K1/K2 Standard Wheelchairs","Drive DeVilbiss",189.90,413.98,379.99,33.99,190.09,50.0%,"https://dphpia7d6qb4m.cloudfront.net/images/dr-rtlreb18dda-sf_01_t.png"
"FC-FCM18-BK-BC","Feather Chair Ultra Lightweight Wheelchairs (FC-FCM18-BK-BC)","Ultra Lightweight Wheelchairs","Feather Chair",540.00,1177.20,1093.99,83.21,553.99,50.6%,"https://dphpia7d6qb4m.cloudfront.net/images/fc-fcm18-bk-bc_01_t.png"
"DR-STDS801GT","Drive DeVilbiss Wheel Lock/Brake Extensions (DR-STDS801GT)","Wheel Lock/Brake Extensions","Drive DeVilbiss",11.55,25.18,21.99,3.19,10.44,47.5%,"https://dphpia7d6qb4m.cloudfront.net/images/dr-stds801gt_01_t.png"
"DR-STDS802","Drive DeVilbiss Anti-Tippers (DR-STDS802)","Anti-Tippers","Drive DeVilbiss",37.55,81.86,72.99,8.87,35.44,48.6%,"https://dphpia7d6qb4m.cloudfront.net/images/dr-stds802p_01_t.jpg"
"DR-CLN400-20","Drive DeVilbiss Positioning Wheelchairs (DR-CLN400-20)","Positioning Wheelchairs","Drive DeVilbiss",1382.10,3012.98,2801.99,210.99,1419.89,50.7%,"https://dphpia7d6qb4m.cloudfront.net/images/cln400-20_01_t.png"
"DR-PH-SF","Drive DeVilbiss Swing-Away Footrests (DR-PH-SF)","Swing-Away Footrests","Drive DeVilbiss",100.20,218.44,199.99,18.45,99.79,49.9%,"https://dphpia7d6qb4m.cloudfront.net/images/dr-ph-sf_01_t.jpg"
"DR-STDS6008-1","Drive DeVilbiss Cylinder Bags (DR-STDS6008-1)","Cylinder Bags","Drive DeVilbiss",25.85,56.35,49.99,6.36,24.14,48.3%,"https://dphpia7d6qb4m.cloudfront.net/images/dr-stds6008-1_01_t.jpg"
"DR-STDS803","Drive DeVilbiss Cylinder Holders (DR-STDS803)","Cylinder Holders","Drive DeVilbiss",35.00,76.30,67.99,8.31,32.99,48.5%,"https://www.lakecourt.com/wheelchairs/images/no-image.png"
"NV-377B-R","Nova Ortho-Med Aluminum Transport Chairs (NV-377B-R)","Aluminum Transport Chairs","Nova Ortho-Med",147.00,320.46,293.99,26.47,146.99,50.0%,"https://dphpia7d6qb4m.cloudfront.net/images/nv-377b-r_01_t.png"
"ROS-WC21816DS","ProBasics K1/K2 Standard Wheelchairs (ROS-WC21816DS)","K1/K2 Standard Wheelchairs","ProBasics",125.00,272.50,249.99,22.51,124.99,50.0%,"https://dphpia7d6qb4m.cloudfront.net/images/ros-wc21816ds_01_t.png"
"PRO-47001","Proactive Medical Wheelchair Parts (PRO-47001)","Wheelchair Parts","Proactive Medical",35.20,76.74,68.99,7.75,33.79,49.0%,"https://dphpia7d6qb4m.cloudfront.net/images/pro-47001_t.jpg"
"DR-PHELR","Drive DeVilbiss Elevating Leg Rests (DR-PHELR)","Elevating Leg Rests","Drive DeVilbiss",121.40,264.65,242.99,21.66,121.59,50.0%,"https://dphpia7d6qb4m.cloudfront.net/images/dr-phelr_01_t.jpg"
"IN-T93HAPP","Invacare Swing-Away Footrests (IN-T93HAPP)","Swing-Away Footrests","Invacare",45.00,98.10,87.99,10.11,42.99,48.9%,"https://dphpia7d6qb4m.cloudfront.net/images/in-t93hap_t.jpg"
"DR-L41","Drive DeVilbiss Pediatric Wheelchairs (DR-L41)","Pediatric Wheelchairs","Drive DeVilbiss",45.00,98.10,87.99,10.11,42.99,48.9%,"https://dphpia7d6qb4m.cloudfront.net/images/dr-l41_01_t.png"
"DR-STDS818","Drive DeVilbiss Anti-Tippers (DR-STDS818)","Anti-Tippers","Drive DeVilbiss",22.50,49.05,43.99,5.06,21.49,48.9%,"https://dphpia7d6qb4m.cloudfront.net/images/dr-stds818_01_t.png"
"DR-AF","Drive DeVilbiss Wheelchairs - K4 Lightweight (DR-AF)","Wheelchairs - K4 Lightweight","Drive DeVilbiss",45.00,98.10,87.99,10.11,42.99,48.9%,"https://dphpia7d6qb4m.cloudfront.net/images/af18fdabk-sf_t.jpg"
"DR-PLA4","Drive DeVilbiss K4 Lightweight/High-Strength Wheelchairs (DR-PLA4)","K4 Lightweight/High-Strength Wheelchairs","Drive DeVilbiss",45.00,98.10,87.99,10.11,42.99,48.9%,"https://dphpia7d6qb4m.cloudfront.net/images/dr-pla4_01_t.png"
"DR-STD22RBDDA","Drive DeVilbiss Reclining Wheelchairs (DR-STD22RBDDA)","Reclining Wheelchairs","Drive DeVilbiss",455.30,992.55,922.99,69.56,467.69,50.7%,"https://dphpia7d6qb4m.cloudfront.net/images/dr-std22rbdda_01_t.png"
"NV-2624-R","Nova Ortho-Med Wheelchair Accessories (NV-2624-R)","Wheelchair Accessories","Nova Ortho-Med",9.25,20.17,16.99,3.18,7.74,45.6%,"https://dphpia7d6qb4m.cloudfront.net/images/nv-2624-r_t.jpg"
"DR-STDSF-TF","Drive DeVilbiss Swing-Away Footrests (DR-STDSF-TF)","Swing-Away Footrests","Drive DeVilbiss",32.25,70.31,62.99,7.32,30.74,48.8%,"https://dphpia7d6qb4m.cloudfront.net/images/dr-stdsf-tf_01_t.jpg"
"CC-761SFR","Comfort Company Wheelchair Parts and Accessories (CC-761SFR)","Wheelchair Parts and Accessories","Comfort Company",97.45,212.44,194.99,17.45,97.54,50.0%,"https://www.lakecourt.com/wheelchairs/images/no-image.png"
"ROS-WC22016DS","ProBasics K1/K2 Standard Wheelchairs (ROS-WC22016DS)","K1/K2 Standard Wheelchairs","ProBasics",125.00,272.50,249.99,22.51,124.99,50.0%,"https://dphpia7d6qb4m.cloudfront.net/images/ros-wc22016ds_01_t.png"
"DR-PLA418RBDDA","Drive DeVilbiss Reclining Wheelchairs (DR-PLA418RBDDA)","Reclining Wheelchairs","Drive DeVilbiss",505.85,1102.75,1024.99,77.76,519.14,50.6%,"https://dphpia7d6qb4m.cloudfront.net/images/dr-pla418rbdda_01_t.png"
"DR-JLELR-TF","Drive DeVilbiss Elevating Leg Rests (DR-JLELR-TF)","Elevating Leg Rests","Drive DeVilbiss",71.50,155.87,142.99,12.88,71.49,50.0%,"https://dphpia7d6qb4m.cloudfront.net/images/dr-jlelr-tf_01_t.png"
"DR-STDELR-TF","Drive DeVilbiss Elevating Leg Rests (DR-STDELR-TF)","Elevating Leg Rests","Drive DeVilbiss",54.40,118.59,108.99,9.60,54.59,50.1%,"https://dphpia7d6qb4m.cloudfront.net/images/dr-stdelr-tf_01_t.jpg"
"DR-STDS1040S","Drive DeVilbiss Cup Holders (DR-STDS1040S)","Cup Holders","Drive DeVilbiss",9.77,21.30,17.99,3.31,8.22,45.7%,"https://dphpia7d6qb4m.cloudfront.net/images/dr-stds1040s_01_t.jpg"
"DR-TR","Drive DeVilbiss Specialty Transport Chairs (DR-TR)","Specialty Transport Chairs","Drive DeVilbiss",45.00,98.10,87.99,10.11,42.99,48.9%,"https://dphpia7d6qb4m.cloudfront.net/images/dr-tr_01_t.png"
"BRO-30VT18","Broda Positioning Chairs (BRO-30VT18)","Positioning Chairs","Broda",2208.50,4814.53,4476.99,337.54,2268.49,50.7%,"https://dphpia7d6qb4m.cloudfront.net/images/bro-30vt18_01_t.png"
"IN-T4","Invacare Standard Wheelchairs (IN-T4)","Standard Wheelchairs","Invacare",45.00,98.10,87.99,10.11,42.99,48.9%,"https://www.lakecourt.com/wheelchairs/images/no-image.png"
"LS-LR600SF","Rhythm Healthcare Ramps (LS-LR600SF)","Ramps","Rhythm Healthcare",178.00,388.04,355.99,32.05,177.99,50.0%,"https://dphpia7d6qb4m.cloudfront.net/images/ls-lr600sf_t.jpg"
"DR-PLA422","Drive DeVilbiss K4 Lightweight/High-Strength Wheelchairs (DR-PLA422)","K4 Lightweight/High-Strength Wheelchairs","Drive DeVilbiss",45.00,98.10,87.99,10.11,42.99,48.9%,"https://dphpia7d6qb4m.cloudfront.net/images/dr-pla422_01_t.png"
"LS-L2","Rhythm Healthcare Aluminum Transport Chairs (LS-L2)","Aluminum Transport Chairs","Rhythm Healthcare",45.00,98.10,87.99,10.11,42.99,48.9%,"https://dphpia7d6qb4m.cloudfront.net/images/ls-l2_01_t.png"
"DR-STDS829","Drive DeVilbiss Anti-Tippers (DR-STDS829)","Anti-Tippers","Drive DeVilbiss",24.30,52.97,46.99,5.98,22.69,48.3%,"https://dphpia7d6qb4m.cloudfront.net/images/dr-stds802p_01_t.jpg"
"FC-FCMHD-BK-BC","Feather Chair Ultra Lightweight Wheelchairs (FC-FCMHD-BK-BC)","Ultra Lightweight Wheelchairs","Feather Chair",574.00,1251.32,1162.99,88.33,588.99,50.6%,"https://dphpia7d6qb4m.cloudfront.net/images/fc-fcmhd-bk-bc_01_t.png"
"ROS-WC21616DS","ProBasics K1/K2 Standard Wheelchairs (ROS-WC21616DS)","K1/K2 Standard Wheelchairs","ProBasics",125.00,272.50,249.99,22.51,124.99,50.0%,"https://dphpia7d6qb4m.cloudfront.net/images/ros-wc21616ds_01_t.png"
"CC-761FL","Comfort Company Wheelchair Parts and Accessories (CC-761FL)","Wheelchair Parts and Accessories","Comfort Company",82.90,180.72,165.99,14.73,83.09,50.1%,"https://dphpia7d6qb4m.cloudfront.net/images/cc-761fl_t.jpg"
"DR-PL414RBDDA","Drive DeVilbiss Reclining Wheelchairs/Pediatric Wheelchairs (DR-PL414RBDDA)","Reclining Wheelchairs/Pediatric Wheelchairs","Drive DeVilbiss",544.20,1186.36,1102.99,83.37,558.79,50.7%,"https://dphpia7d6qb4m.cloudfront.net/images/dr-pl414rbdda_01_t.png"
"CC-761SFL","Comfort Company Wheelchair Parts and Accessories (CC-761SFL)","Wheelchair Parts and Accessories","Comfort Company",97.45,212.44,194.99,17.45,97.54,50.0%,"https://dphpia7d6qb4m.cloudfront.net/images/cc-761sfl_t.jpg"
"IN-TRSX5","Invacare Wheelchairs - K3 Lightweight (IN-TRSX5)","Wheelchairs - K3 Lightweight","Invacare",45.00,98.10,87.99,10.11,42.99,48.9%,"https://dphpia7d6qb4m.cloudfront.net/images/vendor%20images%20resized/in-trsx5_01_t.png"
"IN-TRSX5RC","Invacare Standard Wheelchairs (IN-TRSX5RC)","Standard Wheelchairs","Invacare",45.00,98.10,87.99,10.11,42.99,48.9%,"https://www.lakecourt.com/wheelchairs/images/no-image.png"
"NV-327R","Nova Ortho-Med Aluminum Transport Chairs (NV-327R)","Aluminum Transport Chairs","Nova Ortho-Med",141.00,307.38,281.99,25.39,140.99,50.0%,"https://dphpia7d6qb4m.cloudfront.net/images/nv-327r_01_t.png"
"CC-AMP","Comfort Company Wheelchair Accessories (CC-AMP)","Wheelchair Accessories","Comfort Company",45.00,98.10,87.99,10.11,42.99,48.9%,"https://dphpia7d6qb4m.cloudfront.net/images/cc-amp_t.jpg"
"DR-PLA416RBDDA","Drive DeVilbiss Reclining Wheelchairs (DR-PLA416RBDDA)","Reclining Wheelchairs","Drive DeVilbiss",532.45,1160.74,1078.99,81.75,546.54,50.7%,"https://dphpia7d6qb4m.cloudfront.net/images/dr-pla416rbdda_01_t.jpg"
"LS-M170-1","Rhythm Healthcare K3 Lightweight Wheelchairs (LS-M170-1)","K3 Lightweight Wheelchairs","Rhythm Healthcare",45.00,98.10,87.99,10.11,42.99,48.9%,"https://dphpia7d6qb4m.cloudfront.net/images/ls-m170-1_01_t.png"
"BRO-30VT20","Broda Positioning Chairs (BRO-30VT20)","Positioning Chairs","Broda",2208.50,4814.53,4476.99,337.54,2268.49,50.7%,"https://dphpia7d6qb4m.cloudfront.net/images/bro-30vt20_01_t.png"
"in-TRSX5RCWD","Invacare Standard Wheelchairs (in-TRSX5RCWD)","Standard Wheelchairs","Invacare",45.00,98.10,87.99,10.11,42.99,48.9%,"https://www.lakecourt.com/wheelchairs/images/no-image.png"
"BRO-BEDPAN-PD-V3","Broda Wheelchair Parts (BRO-BEDPAN-PD-V3)","Wheelchair Parts","Broda",173.00,377.14,345.99,31.15,172.99,50.0%,"https://www.lakecourt.com/wheelchairs/images/no-image.png"
"NV-327B","Nova Ortho-Med Aluminum Transport Chairs (NV-327B)","Aluminum Transport Chairs","Nova Ortho-Med",141.00,307.38,281.99,25.39,140.99,50.0%,"https://dphpia7d6qb4m.cloudfront.net/images/nv-327b_01_t.png"
"ROS-WC72","ProBasics K6/K7 Bariatric Wheelchairs (ROS-WC72)","K6/K7 Bariatric Wheelchairs","ProBasics",45.00,98.10,87.99,10.11,42.99,48.9%,"https://dphpia7d6qb4m.cloudfront.net/images/ros-wc72_01_t.png"
"DR-PLA420RBDDA","Drive DeVilbiss Reclining Wheelchairs (DR-PLA420RBDDA)","Reclining Wheelchairs","Drive DeVilbiss",513.95,1120.41,1040.99,79.42,527.04,50.6%,"https://dphpia7d6qb4m.cloudfront.net/images/dr-pla420rbdda_01_t.png"
"ROS-WCT4","ProBasics K4 Lightweight Wheelchairs (ROS-WCT4)","K4 Lightweight Wheelchairs","ProBasics",45.00,98.10,87.99,10.11,42.99,48.9%,"https://dphpia7d6qb4m.cloudfront.net/images/ros-wct4_01_t.png"
"DR-STDS1S2654","Drive DeVilbiss Wheelchair Cushions - Speciality (DR-STDS1S2654)","Wheelchair Cushions - Speciality","Drive DeVilbiss",31.50,68.67,60.99,7.68,29.49,48.4%,"https://dphpia7d6qb4m.cloudfront.net/images/dr-stds1s2654_01_t.png"
"ROS-WCR","ProBasics Reclining Wheelchairs (ROS-WCR)","Reclining Wheelchairs","ProBasics",45.00,98.10,87.99,10.11,42.99,48.9%,"https://dphpia7d6qb4m.cloudfront.net/images/ros-wcr_01_t.png"
"ROS-WC21816DE","ProBasics K1/K2 Standard Wheelchairs (ROS-WC21816DE)","K1/K2 Standard Wheelchairs","ProBasics",130.00,283.40,259.99,23.41,129.99,50.0%,"https://dphpia7d6qb4m.cloudfront.net/images/ros-wc21816de_01_t.png"
"PRO-47004","Proactive Medical Wheelchair Parts (PRO-47004)","Wheelchair Parts","Proactive Medical",42.55,92.76,82.99,9.77,40.44,48.7%,"https://dphpia7d6qb4m.cloudfront.net/images/pro-47001_t.jpg"
"FC-BAG-FCM","Feather Chair Wheelchair Accessories (FC-BAG-FCM)","Wheelchair Accessories","Feather Chair",32.50,70.85,62.99,7.86,30.49,48.4%,"https://dphpia7d6qb4m.cloudfront.net/images/fc-bag-fcm_01_t.png"
"DR-BLS","Drive DeVilbiss K1/K2 Standard Wheelchairs (DR-BLS)","K1/K2 Standard Wheelchairs","Drive DeVilbiss",45.00,98.10,87.99,10.11,42.99,48.9%,"https://dphpia7d6qb4m.cloudfront.net/images/dr-bls_01_t.png"
"ROS-WC22016DE","ProBasics K1/K2 Standard Wheelchairs (ROS-WC22016DE)","K1/K2 Standard Wheelchairs","ProBasics",130.00,283.40,259.99,23.41,129.99,50.0%,"https://dphpia7d6qb4m.cloudfront.net/images/ros-wc22016de_01_t.png"
"CC-2004L-17-PADA","Comfort Company Wheelchair Parts and Accessories (CC-2004L-17-PADA)","Wheelchair Parts and Accessories","Comfort Company",45.00,98.10,87.99,10.11,42.99,48.9%,"https://dphpia7d6qb4m.cloudfront.net/images/cc-2004l-17-pad_t.jpg"
"CC-1000R-HARD","Comfort Company Wheelchair Parts and Accessories (CC-1000R-HARD)","Wheelchair Parts and Accessories","Comfort Company",45.95,100.17,91.99,8.18,46.04,50.0%,"https://dphpia7d6qb4m.cloudfront.net/images/cc-1000r-hard_t.jpg"
"IN-9SLWD","Invacare Standard Wheelchairs (IN-9SLWD)","Standard Wheelchairs","Invacare",45.00,98.10,87.99,10.11,42.99,48.9%,"https://www.lakecourt.com/wheelchairs/images/no-image.png"
"DR-ATC22-R","Drive DeVilbiss Transport Chairs - Bariatric (DR-ATC22-R)","Transport Chairs - Bariatric","Drive DeVilbiss",358.80,782.18,726.99,55.19,368.19,50.6%,"https://dphpia7d6qb4m.cloudfront.net/images/dr-atc22-r_01_t.png"
"IN-9XDRWD","Invacare Standard Wheelchairs (IN-9XDRWD)","Standard Wheelchairs","Invacare",45.00,98.10,87.99,10.11,42.99,48.9%,"https://www.lakecourt.com/wheelchairs/images/no-image.png"
"LS-M170-5-216SF","Rhythm Healthcare K1/K2 Standard Wheelchairs (LS-M170-5-216SF)","K1/K2 Standard Wheelchairs","Rhythm Healthcare",129.00,281.22,257.99,23.23,128.99,50.0%,"https://dphpia7d6qb4m.cloudfront.net/images/ls-m170-5-216sf_t.jpg"
"DR-WB ELR","Drive DeVilbiss Elevating Leg Rests (DR-WB ELR)","Elevating Leg Rests","Drive DeVilbiss",107.95,235.33,215.99,19.34,108.04,50.0%,"https://dphpia7d6qb4m.cloudfront.net/images/dr-wb%20elr_t.jpg"
"NV-5080S","Nova K1/K2 Standard Wheelchairs (NV-5080S)","K1/K2 Standard Wheelchairs","Nova",173.00,377.14,345.99,31.15,172.99,50.0%,"https://dphpia7d6qb4m.cloudfront.net/images/nv-5080s_01_t.png"
"ROS-TCS1916SV","ProBasics Steel Transport Chairs (ROS-TCS1916SV)","Steel Transport Chairs","ProBasics",69.99,152.58,139.99,12.59,70.00,50.0%,"https://dphpia7d6qb4m.cloudfront.net/images/ros-tcs1916sv_01_t.png"
"DR-TS19","Drive DeVilbiss Transport Chairs - Speciality (DR-TS19)","Transport Chairs - Speciality","Drive DeVilbiss",257.50,561.35,521.99,39.36,264.49,50.7%,"https://dphpia7d6qb4m.cloudfront.net/images/dr-ts19_01_t.jpg"
"DR-STDS1093P","Drive DeVilbiss Wheelchair Parts and Accessories (DR-STDS1093P)","Wheelchair Parts and Accessories","Drive DeVilbiss",45.00,98.10,87.99,10.11,42.99,48.9%,"https://dphpia7d6qb4m.cloudfront.net/images/dr-stds1093p_01_t.jpg"
"IN-9TPZWD","Invacare Standard Wheelchairs (IN-9TPZWD)","Standard Wheelchairs","Invacare",45.00,98.10,87.99,10.11,42.99,48.9%,"https://www.lakecourt.com/wheelchairs/images/no-image.png"
"EZ-TMER-1P","EZ-Access Ramps (EZ-TMER-1P)","Ramps","EZ-Access",45.00,98.10,87.99,10.11,42.99,48.9%,"https://dphpia7d6qb4m.cloudfront.net/images/ez-tmer-1p_t.jpg"
"DM-505-4016-0400","MABIS/DMI Wheelchair Accessories (DM-505-4016-0400)","Wheelchair Accessories","MABIS/DMI",29.50,64.31,56.99,7.32,27.49,48.2%,"https://dphpia7d6qb4m.cloudfront.net/images/dm-505-4016-0400_t.jpg"
"EZ-SUITCASE TFAS10","EZ-Access Ramps (EZ-SUITCASE TFAS10)","Ramps","EZ-Access",738.75,1610.48,1496.99,113.49,758.24,50.7%,"https://dphpia7d6qb4m.cloudfront.net/images/ez-suitcase%20tfas10_t.jpg"
"BRO-AR","Broda Wheelchair Parts (BRO-AR)","Wheelchair Parts","Broda",38.00,82.84,73.99,8.85,35.99,48.6%,"https://www.lakecourt.com/wheelchairs/images/no-image.png"
"DR-STDSCS1818V","Drive DeVilbiss Wheelchair Parts (DR-STDSCS1818V)","Wheelchair Parts","Drive DeVilbiss",70.25,153.15,139.99,13.16,69.74,49.8%,"https://dphpia7d6qb4m.cloudfront.net/images/dr-stdscs1818v_01_t.jpg"
"ROS-WC72418DE","ProBasics K6/K7 Bariatric Wheelchairs (ROS-WC72418DE)","K6/K7 Bariatric Wheelchairs","ProBasics",246.65,537.70,499.99,37.71,253.34,50.7%,"https://dphpia7d6qb4m.cloudfront.net/images/ros-wc72418de_01_t.png"
"GT-GP162C-STD-BL2-BLU-18","Golden Technologies Inc. Powerchairs (GT-GP162C-STD-BL2-BLU-18)","Powerchairs","Golden Technologies Inc.",1231.00,2683.58,2494.99,188.59,1263.99,50.7%,"https://dphpia7d6qb4m.cloudfront.net/images/gt-gp162c-std-bl2-blu-18_t.jpg"
"DR-PL412RBDDA","Drive DeVilbiss Reclining Wheelchairs/Pediatric Wheelchairs (DR-PL412RBDDA)","Reclining Wheelchairs/Pediatric Wheelchairs","Drive DeVilbiss",544.20,1186.36,1102.99,83.37,558.79,50.7%,"https://dphpia7d6qb4m.cloudfront.net/images/dr-pl412rbdda_01_t.png"
"BRO-BP-VC","Broda Wheelchair Parts (BRO-BP-VC)","Wheelchair Parts","Broda",105.00,228.90,209.99,18.91,104.99,50.0%,"https://www.lakecourt.com/wheelchairs/images/no-image.png"
"DR-JL3-4SF-TF","Drive DeVilbiss Swing-Away Footrests (DR-JL3-4SF-TF)","Swing-Away Footrests","Drive DeVilbiss",19.99,43.58,38.99,4.59,19.00,48.7%,"https://dphpia7d6qb4m.cloudfront.net/images/dr-jl3-4sf-tf_01_t.png"
"NV-5200S","Nova K3 Lightweight Wheelchairs (NV-5200S)","K3 Lightweight Wheelchairs","Nova",188.00,409.84,376.99,32.85,188.99,50.1%,"https://dphpia7d6qb4m.cloudfront.net/images/nv-5200s_01_t.png"
"FC-ELR-FCM18-BK","Feather Chair Elevating Leg Rests (FC-ELR-FCM18-BK)","Elevating Leg Rests","Feather Chair",99.00,215.82,197.99,17.83,98.99,50.0%,"https://dphpia7d6qb4m.cloudfront.net/images/fc-elr-fcm18-bk_01_t.png"
"ROS-WC3L2016DE","ProBasics K3 Lightweight Wheelchairs (ROS-WC3L2016DE)","K3 Lightweight Wheelchairs","ProBasics",142.00,309.56,283.99,25.57,141.99,50.0%,"https://dphpia7d6qb4m.cloudfront.net/images/ros-wc31616ds_01_t.png"
"EZ-SUITCASE SF02P","EZ-Access Ramps (EZ-SUITCASE SF02P)","Ramps","EZ-Access",45.00,98.10,87.99,10.11,42.99,48.9%,"https://dphpia7d6qb4m.cloudfront.net/images/ez-suitcase%20sf02_t.jpg"
"ROS-ELR-C","ProBasics Elevating Leg Rests (ROS-ELR-C)","Elevating Leg Rests","ProBasics",51.00,111.18,101.99,9.19,50.99,50.0%,"https://dphpia7d6qb4m.cloudfront.net/images/ros-elr-c_t.jpg"
"EZ-SUITCASE SFAS02P","EZ-Access Ramps (EZ-SUITCASE SFAS02P)","Ramps","EZ-Access",45.00,98.10,87.99,10.11,42.99,48.9%,"https://dphpia7d6qb4m.cloudfront.net/images/ez-suitcase%20sfas02_t.jpg"
"CC-1000L-HARD","Comfort Company Wheelchair Parts and Accessories (CC-1000L-HARD)","Wheelchair Parts and Accessories","Comfort Company",45.95,100.17,91.99,8.18,46.04,50.0%,"https://dphpia7d6qb4m.cloudfront.net/images/cc-1000l-hard_t.jpg"
"ROS-WC72820DS","ProBasics K6/K7 Bariatric Wheelchairs (ROS-WC72820DS)","K6/K7 Bariatric Wheelchairs","ProBasics",450.80,982.74,912.99,69.75,462.19,50.6%,"https://dphpia7d6qb4m.cloudfront.net/images/ros-wc72820ds_01_t.png"
"DR-SSP118FA-SF","Drive DeVilbiss K1/K2 Standard Wheelchairs (DR-SSP118FA-SF)","K1/K2 Standard Wheelchairs","Drive DeVilbiss",160.05,348.91,319.99,28.92,159.94,50.0%,"https://dphpia7d6qb4m.cloudfront.net/images/dr-ssp118fa-sf_01_t.jpg"
"DR-STDS001061-K3","Drive DeVilbiss Wheelchair Parts (DR-STDS001061-K3)","Wheelchair Parts","Drive DeVilbiss",11.50,25.07,21.99,3.08,10.49,47.7%,"https://dphpia7d6qb4m.cloudfront.net/images/parts_t.jpg"
"NV-5180SE","Nova K3 Lightweight Wheelchairs (NV-5180SE)","K3 Lightweight Wheelchairs","Nova",212.00,462.16,424.99,37.17,212.99,50.1%,"https://dphpia7d6qb4m.cloudfront.net/images/nv-5180se_01_t.png"
"LS-M170-3-316ELR","Rhythm Healthcare K3 Lightweight Wheelchairs (LS-M170-3-316ELR)","K3 Lightweight Wheelchairs","Rhythm Healthcare",144.00,313.92,287.99,25.93,143.99,50.0%,"https://www.lakecourt.com/wheelchairs/images/no-image.png"
"EZ-TAEP 10","EZ-Access Ramps (EZ-TAEP 10)","Ramps","EZ-Access",64.25,140.06,127.99,12.07,63.74,49.8%,"https://dphpia7d6qb4m.cloudfront.net/images/ez-taep%2010_t.jpg"
"IN-9XTWD26OARP","Invacare Wheelchairs (IN-9XTWD26OARP)","Wheelchairs","Invacare",199.99,435.98,400.99,34.99,201.00,50.1%,"https://dphpia7d6qb4m.cloudfront.net/images/in-9xtwd26oarp_t.jpg"
"NV-5160S","Nova K3 Lightweight Wheelchairs (NV-5160S)","K3 Lightweight Wheelchairs","Nova",185.00,403.30,370.99,32.31,185.99,50.1%,"https://dphpia7d6qb4m.cloudfront.net/images/nv-5160s_01_t.png"
"ESS-D3004","Essential Medical Supply Wheelchair Accessories (ESS-D3004)","Wheelchair Accessories","Essential Medical Supply",5.99,13.06,10.99,2.07,5.00,45.5%,"https://dphpia7d6qb4m.cloudfront.net/images/ess-d3004_t.jpg"
"EZ-SUITCASE TFAS8","EZ-Access Ramps (EZ-SUITCASE TFAS8)","Ramps","EZ-Access",486.75,1061.12,985.99,75.13,499.24,50.6%,"https://www.lakecourt.com/wheelchairs/images/no-image.png"
"GF-EJ796-1","Graham-Field Steel Transport Chairs (GF-EJ796-1)","Steel Transport Chairs","Graham-Field",94.50,206.01,188.99,17.02,94.49,50.0%,"https://dphpia7d6qb4m.cloudfront.net/images/ej-79_t.jpg"
"GF-4502","Graham-Field K6/K7 Bariatric Wheelchairs/Reclining Wheelchairs (GF-4502)","K6/K7 Bariatric Wheelchairs/Reclining Wheelchairs","Graham-Field",45.00,98.10,87.99,10.11,42.99,48.9%,"https://www.lakecourt.com/wheelchairs/images/no-image.png"
"PRO-PP-RBNK318","Proactive Medical Seat & Back Upholstery (PRO-PP-RBNK318)","Seat & Back Upholstery","Proactive Medical",9.99,21.78,18.99,2.79,9.00,47.4%,"https://dphpia7d6qb4m.cloudfront.net/images/pro-pp-rbnk318_t.jpg"
"CC-FBD-18","Comfort Company Wheelchair Parts and Accessories (CC-FBD-18)","Wheelchair Parts and Accessories","Comfort Company",268.00,584.24,542.99,41.25,274.99,50.6%,"https://dphpia7d6qb4m.cloudfront.net/images/cc-fbd-16_t.jpg"
"LS-M170-3","Rhythm Healthcare K3 Lightweight Wheelchairs (LS-M170-3)","K3 Lightweight Wheelchairs","Rhythm Healthcare",45.00,98.10,87.99,10.11,42.99,48.9%,"https://dphpia7d6qb4m.cloudfront.net/images/ls-m170-3_01_t.png"
"DR-STDS1012","Drive DeVilbiss Wheelchairs Parts & Accessories (DR-STDS1012)","Wheelchairs Parts & Accessories","Drive DeVilbiss",11.25,24.53,20.99,3.54,9.74,46.4%,"https://dphpia7d6qb4m.cloudfront.net/images/parts_t.jpg"
"DM-517-1072-0200","MABIS/DMI Wheelchair Accessories (DM-517-1072-0200)","Wheelchair Accessories","MABIS/DMI",4.30,9.37,7.99,1.38,3.69,46.2%,"https://dphpia7d6qb4m.cloudfront.net/images/dm-517-1072-0200_t.jpg"
"DR-SSP220DFA-ELR","Drive DeVilbiss Wheelchairs (DR-SSP220DFA-ELR)","Wheelchairs","Drive DeVilbiss",122.50,267.05,244.99,22.06,122.49,50.0%,"https://dphpia7d6qb4m.cloudfront.net/images/dr-ssp220dfa-elr_t.jpg"
"M-WCA808920SL","Medline Wheelchairs Parts & Accessories (M-WCA808920SL)","Wheelchairs Parts & Accessories","Medline",22.55,49.16,43.99,5.17,21.44,48.7%,"https://www.lakecourt.com/wheelchairs/images/no-image.png"
"ROS-WC72620DS","ProBasics K6/K7 Bariatric Wheelchairs (ROS-WC72620DS)","K6/K7 Bariatric Wheelchairs","ProBasics",418.65,912.66,847.99,64.67,429.34,50.6%,"https://dphpia7d6qb4m.cloudfront.net/images/ros-wc72620ds_01_t.png"
"ROS-WC3L1816DS","ProBasics K3 Lightweight Wheelchairs (ROS-WC3L1816DS)","K3 Lightweight Wheelchairs","ProBasics",140.00,305.20,279.99,25.21,139.99,50.0%,"https://dphpia7d6qb4m.cloudfront.net/images/ros-wc31616ds_01_t.png"
"EZ-TAEM 1.5-1P","EZ-Access Ramps (EZ-TAEM 1.5-1P)","Ramps","EZ-Access",45.00,98.10,87.99,10.11,42.99,48.9%,"https://dphpia7d6qb4m.cloudfront.net/images/ez-taem%201.5-1_t.jpg"
"ROS-WCT41616DS","Roscoe Medical Wheelchairs (ROS-WCT41616DS)","Wheelchairs","Roscoe Medical",239.00,521.02,483.99,37.03,244.99,50.6%,"https://dphpia7d6qb4m.cloudfront.net/images/ros-wct41616ds_t.jpg"
"IN-9XTWD","Invacare Standard Wheelchairs (IN-9XTWD)","Standard Wheelchairs","Invacare",45.00,98.10,87.99,10.11,42.99,48.9%,"https://www.lakecourt.com/wheelchairs/images/no-image.png"
"DR-STDS850-PB","Drive DeVilbiss Seat Belts (DR-STDS850-PB)","Seat Belts","Drive DeVilbiss",15.30,33.35,29.99,3.36,14.69,49.0%,"https://dphpia7d6qb4m.cloudfront.net/images/dr-stds850-pb_t.jpg"
"ROS-WC3L1816DE","ProBasics K3 Lightweight Wheelchairs (ROS-WC3L1816DE)","K3 Lightweight Wheelchairs","ProBasics",142.00,309.56,283.99,25.57,141.99,50.0%,"https://dphpia7d6qb4m.cloudfront.net/images/ros-wc31616ds_01_t.png"
"GF-3G","Graham-Field K6/K7 Bariatric Wheelchairs (GF-3G)","K6/K7 Bariatric Wheelchairs","Graham-Field",45.00,98.10,87.99,10.11,42.99,48.9%,"https://dphpia7d6qb4m.cloudfront.net/images/gf-3g_01_t.png"
"PR-ACC1610772","Pride Mobility Wheelchairs Parts & Accessories (PR-ACC1610772)","Wheelchairs Parts & Accessories","Pride Mobility",120.30,262.25,240.99,21.26,120.69,50.1%,"https://dphpia7d6qb4m.cloudfront.net/images/pr-acc1610772_t.jpg"
"DR-HDELR","Drive Wheelchair Parts and Accessories (DR-HDELR)","Wheelchair Parts and Accessories","Drive",147.47,321.48,294.99,26.49,147.52,50.0%,"https://dphpia7d6qb4m.cloudfront.net/images/parts_t.jpg"
"CC-75K-SM","Comfort Company Wheelchair Parts and Accessories (CC-75K-SM)","Wheelchair Parts and Accessories","Comfort Company",150.00,327.00,299.99,27.01,149.99,50.0%,"https://dphpia7d6qb4m.cloudfront.net/images/cc-75k-sm_t.jpg"
"IN-T420RFAP","Invacare Wheelchairs - Bariatric (IN-T420RFAP)","Wheelchairs - Bariatric","Invacare",342.50,746.65,693.99,52.66,351.49,50.6%,"https://dphpia7d6qb4m.cloudfront.net/images/in-t420rfap_t.jpg"
"PRO-WCK4X14DAELR","Proactive Medical Pediatric Wheelchairs (PRO-WCK4X14DAELR)","Pediatric Wheelchairs","Proactive Medical",383.25,835.49,776.99,58.50,393.74,50.7%,"https://dphpia7d6qb4m.cloudfront.net/images/pro-wck4x12daelr_t.jpg"
"PRO-WCK4X12DAELR","Proactive Medical Pediatric Wheelchairs (PRO-WCK4X12DAELR)","Pediatric Wheelchairs","Proactive Medical",383.25,835.49,776.99,58.50,393.74,50.7%,"https://dphpia7d6qb4m.cloudfront.net/images/pro-wck4x12daelr_t.jpg"
"IBC-8300","Tactile Medical Afflovest (IBC-8300)","Afflovest","Tactile Medical",45.00,98.10,87.99,10.11,42.99,48.9%,"https://dphpia7d6qb4m.cloudfront.net/images/ibc-8300_parent_t.png"
