ID,SKU,Title,Category,Vendor,Dealer Cost ($),Selling Price ($),MSRP ($),Profit ($),Margin (%),Savings ($),HCPCS,Image URL
"gid://shopify/Product/us-2001","897288","CPAP Mask Kit CPAP Mask Kit FreeMotion™ Full Face Style / Non-Vented Medium Cushion","BiPAP Machines","Fisher & Paykel","490.22","754.99","943.99","264.77","35%","189.00","N/A","https://imgcdn.mckesson.com/CumulusWeb/Images/Item_Detail/897288.jpg"
"gid://shopify/Product/us-2002","1043664","CPAP Mask Systems BPAP Mask Kit FreeMotion™ Full Face Style Large Cushion","BiPAP Machines","Fisher & Paykel","490.22","754.99","943.99","264.77","35%","189.00","N/A","https://imgcdn.mckesson.com/CumulusWeb/Images/Item_Detail/1043664.jpg"
"gid://shopify/Product/us-2003","1043663","CPAP Mask Kit BPAP Mask Kit FreeMotion™ Full Face Style Small Cushion","BiPAP Machines","Fisher & Paykel","490.22","754.99","943.99","264.77","35%","189.00","N/A","https://imgcdn.mckesson.com/CumulusWeb/Images/Item_Detail/1043663.jpg"
"gid://shopify/Product/us-2004","1197385","CPAP Water Chambers and Humidifiers For DreamStation 2 CPAP & BiPAP Machine Heated Humidifiers Without Lid, 325 mL to Maximum Fill Line","BiPAP Machines","Respironics","20.40","37.99","47.99","17.59","46%","10.00","N/A","https://imgcdn.mckesson.com/CumulusWeb/Images/Item_Detail/1197385_ppkgleft.jpg"
"gid://shopify/Product/us-2005","1083904","CPAP Tubing SlimLine System One Performance 6 Foot Length 15 mm ID","BiPAP Machines","Respironics","13.87","25.99","32.99","12.12","47%","7.00","N/A","https://imgcdn.mckesson.com/CumulusWeb/Images/Item_Detail/1083904_pdet.jpg"
"gid://shopify/Product/us-2006","533933","CPAP Tubing REMstar® / BiPAP® 6 Foot Length","BiPAP Machines","Respironics","10.02","18.99","23.99","8.97","47%","5.00","N/A","https://imgcdn.mckesson.com/CumulusWeb/Images/Item_Detail/533933.jpg"
"gid://shopify/Product/us-2007","776524","CPAP Tubing 18 Inch Length 22 mm Cuffs","BiPAP Machines","Respironics","8.76","15.99","19.99","7.23","45%","4.00","N/A","https://imgcdn.mckesson.com/CumulusWeb/Images/Item_Detail/776524.jpg"
"gid://shopify/Product/us-2008","561425","CPAP Tubing 6 Foot Length 15 mm ID 22 mm Cuffs","BiPAP Machines","Respironics","8.57","15.99","19.99","7.42","46%","4.00","N/A","https://imgcdn.mckesson.com/CumulusWeb/Images/Item_Detail/RESPIR_561425.jpg"
"gid://shopify/Product/us-2009","913712","BiPAP S/T Ventilator Ultra-fine Filter Kit For Sleep Therapy and BiPAP S/T Noninvasive Ventilator","BiPAP Machines","Respironics","3.50","6.99","8.99","3.49","50%","2.00","N/A","https://imgcdn.mckesson.com/CumulusWeb/Images/Item_Detail/913712.jpg"
"gid://shopify/Product/us-2010","729067","CPAP Filter M-Series Ultrafine Disposable 2 per Pack White Tab","BiPAP Machines","Drive DeVilbiss Healthcare","0.98","1.99","2.99","1.01","51%","1.00","N/A","https://imgcdn.mckesson.com/CumulusWeb/Images/Item_Detail/729067.jpg"
"gid://shopify/Product/us-2011","724282","Reusable Filter For Respironics® with PR System One, RemStar Plus C-Flex, RemStar Auto A-Flex, BiPap Pro Bi-Flex, BiPap Auto Bi-Flex, RemStar Pro C-Flex, BiPap Pro Bi-Flex, SleepEasy with C-Flex and SleepEasy Machines","BiPAP Machines","Drive DeVilbiss Healthcare","0.96","1.99","2.99","1.03","52%","1.00","N/A","https://imgcdn.mckesson.com/CumulusWeb/Images/Item_Detail/724282.jpg"
"gid://shopify/Product/us-2012","1266734","Respiratory Replacement Filters ResMed For S9 and Air 10 Series of CPAP/BIPAP Machines","BiPAP Machines","ResMed Corp","95.60","159.99","199.99","64.39","40%","40.00","N/A","https://imgcdn.mckesson.com/CumulusWeb/Images/Item_Detail/1266734_right.jpg"
"gid://shopify/Product/us-2013","1104913","CPAP Power Supply CPAP Power Solutions Respironics Philips Respironics 60 Series CPAP or BiPAP machine 80W","BiPAP Machines","Respironics","57.12","95.99","119.99","38.87","40%","24.00","N/A","https://imgcdn.mckesson.com/CumulusWeb/Images/Item_Detail/1104913_front.jpg"
"gid://shopify/Product/us-2014","1148240","CPAP DC Power Cord CPAP Power Solutions DreamStation DreamStation and DreamStation 2 Series CPAP & BiPAP Machines 8 Amp,","BiPAP Machines","Respironics","47.60","79.99","99.99","32.39","40%","20.00","N/A","https://imgcdn.mckesson.com/CumulusWeb/Images/Item_Detail/1148240.jpg"
"gid://shopify/Product/us-2015","729068","CPAP Filter Foam Reusable 1 per Pack Black No Tab","BiPAP Machines","Drive DeVilbiss Healthcare","0.89","1.99","2.99","1.10","55%","1.00","N/A","https://imgcdn.mckesson.com/CumulusWeb/Images/Item_Detail/729068.jpg"
"gid://shopify/Product/us-2016","1201602","BPAP Unit Luna G3 Bi-Level 25A With Heated Humidifier","BiPAP Machines","React Health","1059.01","1470.99","1838.99","411.98","28%","368.00","N/A","https://imgcdn.mckesson.com/CumulusWeb/Images/Item_Detail/1201602_front.jpg"
"gid://shopify/Product/us-2017","795330","CPAP Final Bacterial Filter Respironics® BiPAP® Vision™, Trilogy100, PLV® Continuum™ IB & II, Achieva™ Portable, Ventilator","BiPAP Machines","AG Industries","2.14","3.99","4.99","1.85","46%","1.00","N/A","https://imgcdn.mckesson.com/CumulusWeb/Images/Item_Detail/795330.jpg"
"gid://shopify/Product/us-2018","795359","CPAP Filter Ultrafine Disposable 2 per Pack White No Tab","BiPAP Machines","AG Industries","1.81","3.99","4.99","2.18","55%","1.00","N/A","https://imgcdn.mckesson.com/CumulusWeb/Images/Item_Detail/795359.jpg"
"gid://shopify/Product/us-2019","1202577","CPAP Filter Exceleron Medical Ultrafine Reusable 1 per Pack White With Frame","BiPAP Machines","Spirit Medical","0.68","1.99","2.99","1.31","66%","1.00","N/A","https://imgcdn.mckesson.com/CumulusWeb/Images/Item_Detail/1202577_side.jpg"
"gid://shopify/Product/us-2020","1202111","CPAP Filter Exceleron Medical Foam / Pollen Reusable 2 per Pack Black No Tab","BiPAP Machines","Spirit Medical","0.65","1.99","2.99","1.34","67%","1.00","N/A","https://imgcdn.mckesson.com/CumulusWeb/Images/Item_Detail/1202111_side.jpg"
"gid://shopify/Product/us-2021","1223254","CPAP Power Supply CPAP Power Solutions All Brands Of CPAP, BiPAP, Ventilators 9 X 5.375 X 1-1/2 Inch","BiPAP Machines","Portable Outlet","547.36","760.99","951.99","213.63","28%","191.00","N/A","https://imgcdn.mckesson.com/CumulusWeb/Images/Item_Detail/1223254_right.jpg"
"gid://shopify/Product/us-2022","1184876","Refurbished Ventilator BiPAP Vision Electric 4 to 120 BPM 0 to 4000 ml","BiPAP Machines","Soma Technology","395.75","608.99","761.99","213.24","35%","153.00","N/A","https://imgcdn.mckesson.com/CumulusWeb/Images/Item_Detail/1184876_left.jpg"
"gid://shopify/Product/us-2023","1218602","CPAP Mask Kit Mercury Medical Adult","BiPAP Machines","Mercury Medical","211.29","325.99","407.99","114.70","35%","82.00","N/A","https://imgcdn.mckesson.com/CumulusWeb/Images/Item_Detail/1218602_left.jpg"
"gid://shopify/Product/us-2024","1218603","CPAP Mask Kit Mercury Medical Adult","BiPAP Machines","Mercury Medical","211.27","325.99","407.99","114.72","35%","82.00","N/A","https://imgcdn.mckesson.com/CumulusWeb/Images/Item_Detail/1218603_left.jpg"
"gid://shopify/Product/us-2025","1202112","CPAP Filter Exceleron Medical Foam / Pollen Reusable 6 per Pack Black No Tab","BiPAP Machines","Spirit Medical","1.96","3.99","4.99","2.03","51%","1.00","N/A","https://imgcdn.mckesson.com/CumulusWeb/Images/Item_Detail/1202112_side.jpg"
"gid://shopify/Product/us-2026","795369","CPAP Filter UltaGen™ 2 per Pack","BiPAP Machines","AG Industries","1.96","3.99","4.99","2.03","51%","1.00","N/A","https://imgcdn.mckesson.com/CumulusWeb/Images/Item_Detail/795369.jpg"
"gid://shopify/Product/us-2027","1120547","BPAP Filter Respironics® Ultrafine Disposable 1 per Pack White No Tab","BiPAP Machines","Sunset Healthcare","0.86","1.99","2.99","1.13","57%","1.00","N/A","https://imgcdn.mckesson.com/CumulusWeb/Images/Item_Detail/1120547.jpg"
"gid://shopify/Product/us-2028","795356","CPAP Filter Foam / Pollen Reusable 2 per Pack Black No Tab","BiPAP Machines","AG Industries","0.53","0.99","1.99","0.46","46%","1.00","N/A","https://imgcdn.mckesson.com/CumulusWeb/Images/Item_Detail/795356.jpg"
"gid://shopify/Product/us-2029","322893","Humidification Chamber Fisher & Paykel 280 mL Unfilled Adult / Pediatric","CPAP Machines","Fisher & Paykel","778.83","1081.99","1352.99","303.16","28%","271.00","N/A","https://imgcdn.mckesson.com/CumulusWeb/Images/Item_Detail/322893_pdet.jpg"
"gid://shopify/Product/us-2030","982488","Airway Adapter Set","CPAP Machines","Respironics","312.79","481.99","602.99","169.20","35%","121.00","N/A","https://imgcdn.mckesson.com/CumulusWeb/Images/Item_Detail/982488_front.jpg"
"gid://shopify/Product/us-2031","1091620","CPAP Tubing 6 Foot Length 22 mm Cuffs","CPAP Machines","Drive DeVilbiss Healthcare","240.53","370.99","463.99","130.46","35%","93.00","N/A","https://imgcdn.mckesson.com/CumulusWeb/Images/Item_Detail/1091620_front.jpg"
"gid://shopify/Product/us-2032","984748","Humidification Chamber Fisher & Paykel 280 mL Unfilled Adult / Pediatric","CPAP Machines","Fisher & Paykel","202.99","312.99","391.99","110.00","35%","79.00","N/A","https://imgcdn.mckesson.com/CumulusWeb/Images/Item_Detail/984748.jpg"
"gid://shopify/Product/us-2033","573729","CPAP Mask Kit CPAP Starter Kit FlexiFit™ 431 Full Face Style Small / Medium / Large Cushions","CPAP Machines","Fisher & Paykel","179.52","276.99","346.99","97.47","35%","70.00","N/A","https://imgcdn.mckesson.com/CumulusWeb/Images/Item_Detail/573729_ppkgleft.jpg"
"gid://shopify/Product/us-2034","652012","CPAP Mask Kit CPAP Mask Kit FlexiFit™ 432 Full Face Style X-Large Cushion","CPAP Machines","Fisher & Paykel","179.52","276.99","346.99","97.47","35%","70.00","N/A","https://imgcdn.mckesson.com/CumulusWeb/Images/Item_Detail/652012_ppkgleft.jpg"
"gid://shopify/Product/us-2035","573733","CPAP Mask Kit CPAP Mask Kit FlexiFit™ 432 Full Face Style Large Cushion","CPAP Machines","Fisher & Paykel","179.52","276.99","346.99","97.47","35%","70.00","N/A","https://imgcdn.mckesson.com/CumulusWeb/Images/Item_Detail/FSHPAY_573733.jpg"
"gid://shopify/Product/us-2036","701674","CPAP Mask Component CPAP Mask Kit Forma™ Full Face Style Medium-Large Cushion","CPAP Machines","Fisher & Paykel","179.52","276.99","346.99","97.47","35%","70.00","N/A","https://imgcdn.mckesson.com/CumulusWeb/Images/Item_Detail/701674.jpg"
"gid://shopify/Product/us-2037","573734","CPAP Mask Kit CPAP Mask Kit FlexiFit™ 432 Full Face Style Medium Cushion","CPAP Machines","Fisher & Paykel","179.52","276.99","346.99","97.47","35%","70.00","N/A","https://imgcdn.mckesson.com/CumulusWeb/Images/Item_Detail/FSHPAY_573734.jpg"
"gid://shopify/Product/us-2038","573735","CPAP Mask Kit CPAP Mask Kit FlexiFit™ 432 Full Face Style Small Cushion","CPAP Machines","Fisher & Paykel","179.52","276.99","346.99","97.47","35%","70.00","N/A","https://imgcdn.mckesson.com/CumulusWeb/Images/Item_Detail/FSHPAY_573735.jpg"
"gid://shopify/Product/us-2039","723925","Full Face Mask Forma™","CPAP Machines","Fisher & Paykel","179.52","276.99","346.99","97.47","35%","70.00","N/A","https://imgcdn.mckesson.com/CumulusWeb/Images/Item_Detail/FSHPAY_723925.jpg"
"gid://shopify/Product/us-2040","1118425","CPAP Mask Kit CPAP Starter Kit Wisp™ Pediatric Nasal Style Small / Medium / Large Cushions Pediatric","CPAP Machines","Respironics","174.78","268.99","336.99","94.21","35%","68.00","N/A","https://imgcdn.mckesson.com/CumulusWeb/Images/Item_Detail/1118425_front2.jpg"
"gid://shopify/Product/us-2041","1119553","CPAP Mask Component CPAP Mask AirFit® F30 Full Face Style Small Cushion Adult","CPAP Machines","ResMed Corp","173.44","266.99","333.99","93.55","35%","67.00","N/A","https://imgcdn.mckesson.com/CumulusWeb/Images/Item_Detail/1119553.jpg"
"gid://shopify/Product/us-2042","176587","Nebulizer Adapter","CPAP Machines","Medline","171.70","264.99","331.99","93.29","35%","67.00","N/A","https://imgcdn.mckesson.com/CumulusWeb/Images/Item_Detail/176587_front.jpg"
"gid://shopify/Product/us-2043","1159846","CPAP Starter Kit CPAP Starter Kit Vitera Full Face Style Small / Medium / Large Cushions Adult","CPAP Machines","Fisher & Paykel","168.47","259.99","324.99","91.52","35%","65.00","N/A","https://imgcdn.mckesson.com/CumulusWeb/Images/Item_Detail/1159846_front.jpg"
"gid://shopify/Product/us-2044","1115800","CPAP Mask Kit CPAP Starter Kit DreamWear Full Face Style Small / Medium / Large Cushions Adult","CPAP Machines","Respironics","166.46","256.99","321.99","90.53","35%","65.00","N/A","https://imgcdn.mckesson.com/CumulusWeb/Images/Item_Detail/1115800_front.jpg"
"gid://shopify/Product/us-2045","785679","CPAP Mask Kit CPAP Mask Kit FitLife Full Face Style Large Cushion Adult","CPAP Machines","Respironics","166.46","256.99","321.99","90.53","35%","65.00","N/A","https://imgcdn.mckesson.com/CumulusWeb/Images/Item_Detail/785679.jpg"
"gid://shopify/Product/us-2046","785678","CPAP Mask Kit CPAP Mask Kit FitLife Full Face Style Small Cushion Adult","CPAP Machines","Respironics","166.46","256.99","321.99","90.53","35%","65.00","N/A","https://imgcdn.mckesson.com/CumulusWeb/Images/Item_Detail/785678.jpg"
"gid://shopify/Product/us-2047","1088627","CPAP Mask Kit CPAP Starter Kit Amara™ View Full Face Style Small / Medium / Large Cushions Adult","CPAP Machines","Respironics","166.46","256.99","321.99","90.53","35%","65.00","N/A","https://imgcdn.mckesson.com/CumulusWeb/Images/Item_Detail/1088627_pkit.jpg"
"gid://shopify/Product/us-2048","917183","CPAP Mask Kit Full Face Style","CPAP Machines","Respironics","166.46","256.99","321.99","90.53","35%","65.00","N/A","https://imgcdn.mckesson.com/CumulusWeb/Images/Item_Detail/917183.jpg"
"gid://shopify/Product/us-2049","652010","CPAP Mask Component CPAP Mask FlexiFit™ 432 Full Face Style Large Cushion","CPAP Machines","Fisher & Paykel","158.80","244.99","306.99","86.19","35%","62.00","N/A","https://imgcdn.mckesson.com/CumulusWeb/Images/Item_Detail/FSHPAY_652010.jpg"
"gid://shopify/Product/us-2050","766113","CPAP Mask Kit CPAP Mask Forma™ Full Face Style Large Cushion","CPAP Machines","Fisher & Paykel","158.80","244.99","306.99","86.19","35%","62.00","N/A","https://imgcdn.mckesson.com/CumulusWeb/Images/Item_Detail/766113.jpg"
"gid://shopify/Product/us-2051","652013","CPAP Mask Component CPAP Mask FlexiFit™ 431 Full Face Style","CPAP Machines","Fisher & Paykel","158.80","244.99","306.99","86.19","35%","62.00","N/A","https://imgcdn.mckesson.com/CumulusWeb/Images/Item_Detail/FSHPAY_652013.jpg"
"gid://shopify/Product/us-2052","1157800","CPAP Starter Kit CPAP Starter Kit Simplus™ Full Face Style Small / Medium / Large Cushions Adult","CPAP Machines","Fisher & Paykel","157.42","242.99","303.99","85.57","35%","61.00","N/A","https://imgcdn.mckesson.com/CumulusWeb/Images/Item_Detail/1157800_left.jpg"
"gid://shopify/Product/us-2053","1184542","CPAP Mask Component CPAP Mask FitLife Full Face Style Large Cushion Adult","CPAP Machines","Respironics","149.81","230.99","288.99","81.18","35%","58.00","N/A","https://imgcdn.mckesson.com/CumulusWeb/Images/Item_Detail/1184542_right.jpg"
"gid://shopify/Product/us-2054","1200499","CPAP Mask Kit CPAP Mask Kit Amara™ Gel Full Face Style Large Cushion Adult","CPAP Machines","Respironics","144.27","221.99","277.99","77.72","35%","56.00","N/A","https://imgcdn.mckesson.com/CumulusWeb/Images/Item_Detail/1200499_left.jpg"
"gid://shopify/Product/us-2055","1155481","CPAP Mask Kit CPAP Mask Kit Vitera Full Face Style Medium Cushion Adult","CPAP Machines","Fisher & Paykel","143.61","220.99","276.99","77.38","35%","56.00","N/A","https://imgcdn.mckesson.com/CumulusWeb/Images/Item_Detail/1155481_front.jpg"
"gid://shopify/Product/us-2056","1155482","CPAP Mask Kit CPAP Mask Kit Vitera Full Face Style Large Cushion Adult","CPAP Machines","Fisher & Paykel","143.61","220.99","276.99","77.38","35%","56.00","N/A","https://imgcdn.mckesson.com/CumulusWeb/Images/Item_Detail/1155482_front.jpg"
"gid://shopify/Product/us-2057","1155480","CPAP Mask Kit CPAP Mask Kit Vitera Full Face Style Small Cushion Adult","CPAP Machines","Fisher & Paykel","143.61","220.99","276.99","77.38","35%","56.00","N/A","https://imgcdn.mckesson.com/CumulusWeb/Images/Item_Detail/1155480_front.jpg"
"gid://shopify/Product/us-2058","1184551","CPAP Mask Kit CPAP Starter Kit Eson™ 2 Nasal Style Small / Medium / Large Cushions Adult","CPAP Machines","Fisher & Paykel","140.85","216.99","271.99","76.14","35%","55.00","N/A","https://imgcdn.mckesson.com/CumulusWeb/Images/Item_Detail/1184551_ppkgleft.jpg"
"gid://shopify/Product/us-2059","1105722","CPAP Mask Kit CPAP Starter Kit DreamWear Full Face Style Medium Cushion Adult","CPAP Machines","Respironics","138.72","213.99","267.99","75.27","35%","54.00","N/A","https://imgcdn.mckesson.com/CumulusWeb/Images/Item_Detail/1105722.jpg"
"gid://shopify/Product/us-2060","1105718","CPAP Mask Kit CPAP Starter Kit DreamWear Full Face Style Small Cushion Adult","CPAP Machines","Respironics","138.72","213.99","267.99","75.27","35%","54.00","N/A","https://imgcdn.mckesson.com/CumulusWeb/Images/Item_Detail/1105718.jpg"
"gid://shopify/Product/us-2061","1105719","CPAP Mask Kit CPAP Starter Kit DreamWear Full Face Style Large Cushion Adult","CPAP Machines","Respironics","138.72","213.99","267.99","75.27","35%","54.00","N/A","https://imgcdn.mckesson.com/CumulusWeb/Images/Item_Detail/1105719.jpg"
"gid://shopify/Product/us-2062","1105720","CPAP Mask Kit CPAP Starter Kit DreamWear Full Face Style Large Cushion Adult","CPAP Machines","Respironics","138.72","213.99","267.99","75.27","35%","54.00","N/A","https://imgcdn.mckesson.com/CumulusWeb/Images/Item_Detail/1105720.jpg"
"gid://shopify/Product/us-2063","871050","CPAP Mask Kit CPAP Mask Kit Simplus™ Full Face Style Medium Cushion","CPAP Machines","Fisher & Paykel","136.71","210.99","263.99","74.28","35%","53.00","N/A","https://imgcdn.mckesson.com/CumulusWeb/Images/Item_Detail/871050_front.jpg"
"gid://shopify/Product/us-2064","871051","CPAP Mask Kit CPAP Mask Kit Simplus™ Full Face Style Large Cushion","CPAP Machines","Fisher & Paykel","136.71","210.99","263.99","74.28","35%","53.00","N/A","https://imgcdn.mckesson.com/CumulusWeb/Images/Item_Detail/871051_front.jpg"
"gid://shopify/Product/us-2065","871049","CPAP Mask Kit CPAP Mask Kit Simplus™ Full Face Style Small Cushion","CPAP Machines","Fisher & Paykel","136.71","210.99","263.99","74.28","35%","53.00","N/A","https://imgcdn.mckesson.com/CumulusWeb/Images/Item_Detail/871049.jpg"
"gid://shopify/Product/us-2066","988546","CPAP Mask Kit CPAP Mask Kit Amara™ View Full Face Style Medium Cushion Adult","CPAP Machines","Respironics","133.17","204.99","256.99","71.82","35%","52.00","N/A","https://imgcdn.mckesson.com/CumulusWeb/Images/Item_Detail/988546_front.jpg"
"gid://shopify/Product/us-2067","988550","CPAP Mask Kit CPAP Mask Kit Amara™ View Full Face Style Large Cushion Adult","CPAP Machines","Respironics","133.17","204.99","256.99","71.82","35%","52.00","N/A","https://imgcdn.mckesson.com/CumulusWeb/Images/Item_Detail/988550_front.jpg"
"gid://shopify/Product/us-2068","1018562","CPAP Mask Kit CPAP Mask Kit Amara™ View Full Face Style Small Cushion Adult","CPAP Machines","Respironics","133.17","204.99","256.99","71.82","35%","52.00","N/A","https://imgcdn.mckesson.com/CumulusWeb/Images/Item_Detail/1018562_left.jpg"
"gid://shopify/Product/us-2069","1106337","CPAP Mask Kit CPAP Mask Kit DreamWear Full Face Style Medium Cushion Adult","CPAP Machines","Respironics","133.17","204.99","256.99","71.82","35%","52.00","N/A","https://imgcdn.mckesson.com/CumulusWeb/Images/Item_Detail/1106337.jpg"
"gid://shopify/Product/us-2070","1115795","CPAP Mask Kit CPAP Mask Kit DreamWear Full Face Style Small Cushion Adult","CPAP Machines","Respironics","133.17","204.99","256.99","71.82","35%","52.00","N/A","https://imgcdn.mckesson.com/CumulusWeb/Images/Item_Detail/1115795.jpg"
"gid://shopify/Product/us-2071","1115799","CPAP Mask Kit CPAP Mask Kit DreamWear Full Face Style Large Cushion Adult","CPAP Machines","Respironics","133.17","204.99","256.99","71.82","35%","52.00","N/A","https://imgcdn.mckesson.com/CumulusWeb/Images/Item_Detail/1115799.jpg"
"gid://shopify/Product/us-2072","1115793","CPAP Mask Kit CPAP Mask Kit DreamWear Full Face Style Large Cushion Adult","CPAP Machines","Respironics","133.17","204.99","256.99","71.82","35%","52.00","N/A","https://imgcdn.mckesson.com/CumulusWeb/Images/Item_Detail/1115793.jpg"
"gid://shopify/Product/us-2073","1115792","CPAP Mask Kit CPAP Mask Kit DreamWear Full Face Style Small Cushion Adult","CPAP Machines","Respironics","133.17","204.99","256.99","71.82","35%","52.00","N/A","https://imgcdn.mckesson.com/CumulusWeb/Images/Item_Detail/1115792.jpg"
"gid://shopify/Product/us-2074","1115794","CPAP Mask Kit CPAP Mask Kit DreamWear Full Face Style Medium-Wide Cushion Adult","CPAP Machines","Respironics","133.17","204.99","256.99","71.82","35%","52.00","N/A","https://imgcdn.mckesson.com/CumulusWeb/Images/Item_Detail/1115794_left.jpg"
"gid://shopify/Product/us-2075","1115796","CPAP Mask Kit CPAP Mask Kit DreamWear Full Face Style Medium Cushion Adult","CPAP Machines","Respironics","133.17","204.99","256.99","71.82","35%","52.00","N/A","https://imgcdn.mckesson.com/CumulusWeb/Images/Item_Detail/1115796.jpg"
"gid://shopify/Product/us-2076","842273","CPAP Mask Kit CPAP Mask Kit Amara™ Silicone Full Face Style Large Cushion Adult","CPAP Machines","Respironics","133.17","204.99","256.99","71.82","35%","52.00","N/A","https://imgcdn.mckesson.com/CumulusWeb/Images/Item_Detail/842273.jpg"
"gid://shopify/Product/us-2077","1115798","CPAP Mask Kit CPAP Mask Kit DreamWear Full Face Style Medium Cushion Adult","CPAP Machines","Respironics","133.17","204.99","256.99","71.82","35%","52.00","N/A","https://imgcdn.mckesson.com/CumulusWeb/Images/Item_Detail/1115798.jpg"
"gid://shopify/Product/us-2078","825126","CPAP Mask Component CPAP Mask Kit Amara™ Silicone Full Face Style Small Cushion Adult","CPAP Machines","Respironics","133.17","204.99","256.99","71.82","35%","52.00","N/A","https://imgcdn.mckesson.com/CumulusWeb/Images/Item_Detail/825126.jpg"
"gid://shopify/Product/us-2079","853937","CPAP Mask Kit CPAP Mask Kit Amara™ Gel Full Face Style Small Cushion Adult","CPAP Machines","Respironics","133.17","204.99","256.99","71.82","35%","52.00","N/A","https://imgcdn.mckesson.com/CumulusWeb/Images/Item_Detail/853937.jpg"
"gid://shopify/Product/us-2080","1144398","CPAP Mask Component CPAP Mask Kit DreamWear Full Face Style Medium-Wide Cushion Adult","CPAP Machines","Respironics","133.17","204.99","256.99","71.82","35%","52.00","N/A","https://imgcdn.mckesson.com/CumulusWeb/Images/Item_Detail/1144398_front.jpg"
"gid://shopify/Product/us-2081","842272","CPAP Mask Component Reduced Size Frame CPAP Mask Amara™ Silicone Full Face Style","CPAP Machines","Respironics","133.17","204.99","256.99","71.82","35%","52.00","N/A","https://imgcdn.mckesson.com/CumulusWeb/Images/Item_Detail/842272.jpg"
"gid://shopify/Product/us-2082","825125","CPAP Mask Kit Mask with Headgear Amara™ Full Face Style Adult","CPAP Machines","Respironics","133.17","204.99","256.99","71.82","35%","52.00","N/A","https://imgcdn.mckesson.com/CumulusWeb/Images/Item_Detail/825125.jpg"
"gid://shopify/Product/us-2083","1155484","CPAP Mask Kit CPAP Mask Vitera Full Face Style Medium Cushion Adult","CPAP Machines","Fisher & Paykel","129.81","199.99","249.99","70.18","35%","50.00","N/A","https://imgcdn.mckesson.com/CumulusWeb/Images/Item_Detail/1155484_front.jpg"
"gid://shopify/Product/us-2084","1155483","CPAP Mask Kit CPAP Mask Vitera Full Face Style Small Cushion Adult","CPAP Machines","Fisher & Paykel","129.81","199.99","249.99","70.18","35%","50.00","N/A","https://imgcdn.mckesson.com/CumulusWeb/Images/Item_Detail/1155483_pkgfront.jpg"
"gid://shopify/Product/us-2085","1046214","CPAP Mask Kit CPAP Mask Kit Eson™ 2 Nasal Style Medium Cushion Adult","CPAP Machines","Fisher & Paykel","122.90","189.99","237.99","67.09","35%","48.00","N/A","https://imgcdn.mckesson.com/CumulusWeb/Images/Item_Detail/1046214.jpg"
"gid://shopify/Product/us-2086","1046215","CPAP Mask Kit CPAP Mask Kit Eson™ 2 Nasal Style Large Cushion","CPAP Machines","Fisher & Paykel","122.90","189.99","237.99","67.09","35%","48.00","N/A","https://imgcdn.mckesson.com/CumulusWeb/Images/Item_Detail/1046215.jpg"
"gid://shopify/Product/us-2087","1176321","CPAP Mask Kit CPAP Mask Kit Evora™ Nasal Style Medium Cushion Adult","CPAP Machines","Fisher & Paykel","122.90","189.99","237.99","67.09","35%","48.00","N/A","https://imgcdn.mckesson.com/CumulusWeb/Images/Item_Detail/1176321_ppkgleft.jpg"
"gid://shopify/Product/us-2088","1056852","CPAP Mask Kit CPAP Starter Kit Brevida™ Nasal Pillow Style X-Small-Small / Medium-Large Cushions Adult","CPAP Machines","Fisher & Paykel","122.90","189.99","237.99","67.09","35%","48.00","N/A","https://imgcdn.mckesson.com/CumulusWeb/Images/Item_Detail/1056852.jpg"
"gid://shopify/Product/us-2089","1046213","CPAP Mask Kit CPAP Mask Kit Eson™ 2 Nasal Style Small Cushion","CPAP Machines","Fisher & Paykel","122.90","189.99","237.99","67.09","35%","48.00","N/A","https://imgcdn.mckesson.com/CumulusWeb/Images/Item_Detail/1046213.jpg"
"gid://shopify/Product/us-2090","871054","CPAP Mask Kit CPAP Mask Simplus™ Full Face Style Medium Cushion","CPAP Machines","Fisher & Paykel","122.90","189.99","237.99","67.09","35%","48.00","N/A","https://imgcdn.mckesson.com/CumulusWeb/Images/Item_Detail/871054.jpg"
"gid://shopify/Product/us-2091","871055","CPAP Mask Kit CPAP Mask Simplus™ Full Face Style Large Cushion","CPAP Machines","Fisher & Paykel","122.90","189.99","237.99","67.09","35%","48.00","N/A","https://imgcdn.mckesson.com/CumulusWeb/Images/Item_Detail/871055.jpg"
"gid://shopify/Product/us-2092","1176320","CPAP Mask Kit CPAP Mask Kit Evora™ Nasal Style Small Cushion Adult","CPAP Machines","Fisher & Paykel","122.90","189.99","237.99","67.09","35%","48.00","N/A","https://imgcdn.mckesson.com/CumulusWeb/Images/Item_Detail/1176320_ppkgleft.jpg"
"gid://shopify/Product/us-2093","871053","CPAP Mask Kit CPAP Mask Simplus™ Full Face Style Small Cushion","CPAP Machines","Fisher & Paykel","122.90","189.99","237.99","67.09","35%","48.00","N/A","https://imgcdn.mckesson.com/CumulusWeb/Images/Item_Detail/871053.jpg"
"gid://shopify/Product/us-2094","1176322","CPAP Mask Kit CPAP Mask Kit Evora™ Nasal Style Large Cushion Adult","CPAP Machines","Fisher & Paykel","122.90","189.99","237.99","67.09","35%","48.00","N/A","https://imgcdn.mckesson.com/CumulusWeb/Images/Item_Detail/1176322_ppkgleft.jpg"
"gid://shopify/Product/us-2095","806242","CPAP Mask Kit CPAP Mask Kit Zest™ Q Nasal Style Standard Cushion","CPAP Machines","Fisher & Paykel","120.14","184.99","231.99","64.85","35%","47.00","N/A","https://imgcdn.mckesson.com/CumulusWeb/Images/Item_Detail/806242.jpg"
"gid://shopify/Product/us-2096","1264108","CPAP Mask Component F&P Nova Micro™ Nasal Pillow Style Adult","CPAP Machines","Fisher & Paykel","116.00","178.99","223.99","62.99","35%","45.00","N/A","https://imgcdn.mckesson.com/CumulusWeb/Images/Item_Detail/1264108_front.jpg"
"gid://shopify/Product/us-2097","1264132","CPAP Mask Component F&P Nova Micro™ Nasal Pillow Style Adult","CPAP Machines","Fisher & Paykel","116.00","178.99","223.99","62.99","35%","45.00","N/A","https://imgcdn.mckesson.com/CumulusWeb/Images/Item_Detail/1264132_front.jpg"
"gid://shopify/Product/us-2098","1264117","CPAP Mask Component F&P Nova Micro™ Nasal Pillow Style Adult","CPAP Machines","Fisher & Paykel","116.00","178.99","223.99","62.99","35%","45.00","N/A","https://imgcdn.mckesson.com/CumulusWeb/Images/Item_Detail/1264117_front.jpg"
"gid://shopify/Product/us-2099","1115081","CPAP Mask Component CPAP Mask DreamWear Full Face Style Medium Cushion Adult","CPAP Machines","Respironics","113.75","174.99","218.99","61.24","35%","44.00","N/A","https://imgcdn.mckesson.com/CumulusWeb/Images/Item_Detail/1115081.jpg"
"gid://shopify/Product/us-2100","1115086","CPAP Mask Component DreamWear Large Cushion Adult","CPAP Machines","Respironics","113.75","174.99","218.99","61.24","35%","44.00","N/A","https://imgcdn.mckesson.com/CumulusWeb/Images/Item_Detail/1115086.jpg"
"gid://shopify/Product/us-2101","1135960","CPAP Mask Component CPAP Mask DreamWear Full Face Style Large Cushion Adult","CPAP Machines","Respironics","113.75","174.99","218.99","61.24","35%","44.00","N/A","https://imgcdn.mckesson.com/CumulusWeb/Images/Item_Detail/1135960_right.jpg"
"gid://shopify/Product/us-2102","1120602","CPAP Mask Component CPAP Mask DreamWear Full Face Style Small Cushion Adult","CPAP Machines","Respironics","113.75","174.99","218.99","61.24","35%","44.00","N/A","https://imgcdn.mckesson.com/CumulusWeb/Images/Item_Detail/1120602.jpg"
"gid://shopify/Product/us-2103","1115053","CPAP Mask Component DreamWear Full Face Style Small Cushion Adult","CPAP Machines","Respironics","113.75","174.99","218.99","61.24","35%","44.00","N/A","https://imgcdn.mckesson.com/CumulusWeb/Images/Item_Detail/1115053.jpg"
"gid://shopify/Product/us-2104","1120097","CPAP Mask Component CPAP Mask DreamWear Full Face Style Medium Cushion Adult","CPAP Machines","Respironics","113.75","174.99","218.99","61.24","35%","44.00","N/A","https://imgcdn.mckesson.com/CumulusWeb/Images/Item_Detail/1120097_right.jpg"
"gid://shopify/Product/us-2105","1115082","CPAP Mask Kit DreamWear™ Nasal Style Medium Cushion Adult","CPAP Machines","Respironics","113.75","174.99","218.99","61.24","35%","44.00","N/A","https://imgcdn.mckesson.com/CumulusWeb/Images/Item_Detail/1115082_right.jpg"
"gid://shopify/Product/us-2106","1135961","CPAP Mask Component CPAP Mask DreamWear Full Face Style Medium-Wide Cushion Adult","CPAP Machines","Respironics","113.75","174.99","218.99","61.24","35%","44.00","N/A","https://imgcdn.mckesson.com/CumulusWeb/Images/Item_Detail/1135961_right.jpg"
"gid://shopify/Product/us-2107","690420","CPAP Mask Kit CPAP Mask Kit Zest™ Nasal Style One Size Fits Most Cushion","CPAP Machines","Fisher & Paykel","113.23","174.99","218.99","61.76","35%","44.00","N/A","https://imgcdn.mckesson.com/CumulusWeb/Images/Item_Detail/690420.jpg"
"gid://shopify/Product/us-2108","719837","CPAP Mask Kit CPAP Mask Kit Zest™ Plus Nasal Style Plus Cushion","CPAP Machines","Fisher & Paykel","113.23","174.99","218.99","61.76","35%","44.00","N/A","https://imgcdn.mckesson.com/CumulusWeb/Images/Item_Detail/719837.jpg"
"gid://shopify/Product/us-2109","719836","CPAP Mask Kit CPAP Mask Kit Zest™ Plus Nasal Style Petite Cushion","CPAP Machines","Fisher & Paykel","113.23","174.99","218.99","61.76","35%","44.00","N/A","https://imgcdn.mckesson.com/CumulusWeb/Images/Item_Detail/719836.jpg"
"gid://shopify/Product/us-2110","1018560","CPAP Mask Component CPAP Mask Amara™ View Full Face Style Medium Cushion Adult","CPAP Machines","Respironics","111.53","171.99","214.99","60.46","35%","43.00","N/A","https://imgcdn.mckesson.com/CumulusWeb/Images/Item_Detail/1018560.jpg"
"gid://shopify/Product/us-2111","1018559","CPAP Mask Component CPAP Mask Amara™ View Full Face Style Small Cushion Adult","CPAP Machines","Respironics","111.53","171.99","214.99","60.46","35%","43.00","N/A","https://imgcdn.mckesson.com/CumulusWeb/Images/Item_Detail/1018559.jpg"
"gid://shopify/Product/us-2112","1018561","CPAP Mask Component CPAP Mask Amara™ View Full Face Style Large Cushion Adult","CPAP Machines","Respironics","111.53","171.99","214.99","60.46","35%","43.00","N/A","https://imgcdn.mckesson.com/CumulusWeb/Images/Item_Detail/1018561.jpg"
"gid://shopify/Product/us-2113","853952","CPAP Mask Component CPAP Mask Amara™ Gel Full Face Style Medium Cushion Adult","CPAP Machines","Respironics","111.53","171.99","214.99","60.46","35%","43.00","N/A","https://imgcdn.mckesson.com/CumulusWeb/Images/Item_Detail/853952.jpg"
"gid://shopify/Product/us-2114","842275","CPAP Mask Component CPAP Mask Amara™ Silicone Full Face Style Large Cushion Adult","CPAP Machines","Respironics","111.53","171.99","214.99","60.46","35%","43.00","N/A","https://imgcdn.mckesson.com/CumulusWeb/Images/Item_Detail/842275.jpg"
"gid://shopify/Product/us-2115","842274","CPAP Mask Kit CPAP Mask Amara™ Silicone","CPAP Machines","Respironics","111.53","171.99","214.99","60.46","35%","43.00","N/A","https://imgcdn.mckesson.com/CumulusWeb/Images/Item_Detail/842274.jpg"
"gid://shopify/Product/us-2116","1056851","CPAP Mask Kit CPAP Mask Kit Brevida™ Nasal Pillow Style Medium-Large Cushion Adult","CPAP Machines","Fisher & Paykel","110.47","169.99","212.99","59.52","35%","43.00","N/A","https://imgcdn.mckesson.com/CumulusWeb/Images/Item_Detail/1056851.jpg"
"gid://shopify/Product/us-2117","1056850","CPAP Mask Kit CPAP Mask Kit Brevida™ Nasal Pillow Style X-Small-Small Cushion Adult","CPAP Machines","Fisher & Paykel","110.47","169.99","212.99","59.52","35%","43.00","N/A","https://imgcdn.mckesson.com/CumulusWeb/Images/Item_Detail/1056850.jpg"
"gid://shopify/Product/us-2118","865132","CPAP Mask Kit Pilairo Q™","CPAP Machines","Fisher & Paykel","110.47","169.99","212.99","59.52","35%","43.00","N/A","https://imgcdn.mckesson.com/CumulusWeb/Images/Item_Detail/865132.jpg"
"gid://shopify/Product/us-2119","833842","CPAP Mask Kit CPAP Mask Kit Eson™ Nasal Style Medium Cushion","CPAP Machines","Fisher & Paykel","109.09","167.99","209.99","58.90","35%","42.00","N/A","https://imgcdn.mckesson.com/CumulusWeb/Images/Item_Detail/833842.jpg"
"gid://shopify/Product/us-2120","833843","CPAP Mask Kit CPAP Mask Kit Eson™ Nasal Style Large Cushion","CPAP Machines","Fisher & Paykel","109.09","167.99","209.99","58.90","35%","42.00","N/A","https://imgcdn.mckesson.com/CumulusWeb/Images/Item_Detail/833843.jpg"
"gid://shopify/Product/us-2121","833839","CPAP Mask Kit CPAP Mask Kit Eson™ Nasal Style Small Cushion","CPAP Machines","Fisher & Paykel","109.09","167.99","209.99","58.90","35%","42.00","N/A","https://imgcdn.mckesson.com/CumulusWeb/Images/Item_Detail/833839.jpg"
"gid://shopify/Product/us-2122","582443","CPAP Mask Kit CPAP Starter Kit Opus™ 360 Nasal Pillow Style Small / Medium / Large Cushions","CPAP Machines","Fisher & Paykel","103.57","159.99","199.99","56.42","35%","40.00","N/A","https://imgcdn.mckesson.com/CumulusWeb/Images/Item_Detail/582443.jpg"
"gid://shopify/Product/us-2123","807659","CPAP Mask Kit CPAP Mask Zest™ Q Nasal Style Standard Cushion","CPAP Machines","Fisher & Paykel","100.81","155.99","194.99","55.18","35%","39.00","N/A","https://imgcdn.mckesson.com/CumulusWeb/Images/Item_Detail/807659.jpg"
"gid://shopify/Product/us-2124","573728","CPAP Mask Kit CPAP Mask Kit FlexiFit™ 407 Nasal Style Standard Cushion","CPAP Machines","Fisher & Paykel","99.43","165.99","207.99","66.56","40%","42.00","N/A","https://imgcdn.mckesson.com/CumulusWeb/Images/Item_Detail/FSHPAY_573728.jpg"
"gid://shopify/Product/us-2125","1046218","CPAP Mask Component CPAP Mask Eson™ 2 Nasal Style Medium Cushion","CPAP Machines","Fisher & Paykel","96.66","161.99","202.99","65.33","40%","41.00","N/A","https://imgcdn.mckesson.com/CumulusWeb/Images/Item_Detail/1046218.jpg"
"gid://shopify/Product/us-2126","1046219","CPAP Mask Kit CPAP Mask Eson™ 2 Nasal Style Large Cushion","CPAP Machines","Fisher & Paykel","96.66","161.99","202.99","65.33","40%","41.00","N/A","https://imgcdn.mckesson.com/CumulusWeb/Images/Item_Detail/1046219.jpg"
"gid://shopify/Product/us-2127","1176325","CPAP Mask Component CPAP Cushion Evora™ Nasal Style Medium Cushion Adult","CPAP Machines","Fisher & Paykel","96.66","161.99","202.99","65.33","40%","41.00","N/A","https://imgcdn.mckesson.com/CumulusWeb/Images/Item_Detail/1176325_front.jpg"
"gid://shopify/Product/us-2128","1046217","CPAP Mask Kit CPAP Mask Eson™ 2 Nasal Style Small Cushion","CPAP Machines","Fisher & Paykel","96.66","161.99","202.99","65.33","40%","41.00","N/A","https://imgcdn.mckesson.com/CumulusWeb/Images/Item_Detail/1046217.jpg"
"gid://shopify/Product/us-2129","1264116","CPAP Mask Component F&P Nova Micro™ Nasal Pillow Style Adult","CPAP Machines","Fisher & Paykel","94.25","157.99","197.99","63.74","40%","40.00","N/A","https://imgcdn.mckesson.com/CumulusWeb/Images/Item_Detail/1264116_right.jpg"
"gid://shopify/Product/us-2130","1264111","CPAP Mask Component F&P Nova Micro™ Nasal Pillow Style Adult","CPAP Machines","Fisher & Paykel","94.25","157.99","197.99","63.74","40%","40.00","N/A","https://imgcdn.mckesson.com/CumulusWeb/Images/Item_Detail/1264111_right.jpg"
"gid://shopify/Product/us-2131","1264114","CPAP Mask Component F&P Nova Micro™ Nasal Pillow Style Adult","CPAP Machines","Fisher & Paykel","94.25","157.99","197.99","63.74","40%","40.00","N/A","https://imgcdn.mckesson.com/CumulusWeb/Images/Item_Detail/1264114_right.jpg"
"gid://shopify/Product/us-2132","865130","CPAP Mask Kit CPAP Mask Pilairo Q™ Nasal Pillow Style Standard Cushion","CPAP Machines","Fisher & Paykel","93.90","156.99","196.99","63.09","40%","40.00","N/A","https://imgcdn.mckesson.com/CumulusWeb/Images/Item_Detail/865130.jpg"
"gid://shopify/Product/us-2133","1018396","CPAP Mask Kit CPAP Starter Kit DreamWear Nasal Style Small / Medium / Large Cushions Adult","CPAP Machines","Respironics","93.63","156.99","196.99","63.36","40%","40.00","N/A","https://imgcdn.mckesson.com/CumulusWeb/Images/Item_Detail/1018396_pdet.jpg"
"gid://shopify/Product/us-2134","862214","CPAP Mask Kit CPAP Mask Kit Nuance Pro Nasal Style Universal Cushion","CPAP Machines","Respironics","93.63","156.99","196.99","63.36","40%","40.00","N/A","https://imgcdn.mckesson.com/CumulusWeb/Images/Item_Detail/862214.jpg"
"gid://shopify/Product/us-2135","834320","CPAP Mask Kit CPAP Starter Kit Wisp™ Nasal Style Small-Medium / Large / X-Large Cushions","CPAP Machines","Respironics","93.63","156.99","196.99","63.36","40%","40.00","N/A","https://imgcdn.mckesson.com/CumulusWeb/Images/Item_Detail/834320.jpg"
"gid://shopify/Product/us-2136","742934","CPAP Mask Kit CPAP Mask Kit ComfortGel™ Blue Nasal Style Medium Cushion Adult","CPAP Machines","Respironics","93.63","156.99","196.99","63.36","40%","40.00","N/A","https://imgcdn.mckesson.com/CumulusWeb/Images/Item_Detail/742934_right.jpg"
"gid://shopify/Product/us-2137","1065787","CPAP Mask Kit CPAP Starter Kit Wisp™ Nasal Style Small / Medium / Large Cushions Youth","CPAP Machines","Respironics","93.63","156.99","196.99","63.36","40%","40.00","N/A","https://imgcdn.mckesson.com/CumulusWeb/Images/Item_Detail/1065787_left.jpg"
"gid://shopify/Product/us-2138","1180808","CPAP Mask Component CPAP Starter Kit DreamWear Nasal Pillow Style Small / Medium / Large Cushions Adult","CPAP Machines","Respironics","93.63","156.99","196.99","63.36","40%","40.00","N/A","https://imgcdn.mckesson.com/CumulusWeb/Images/Item_Detail/1180808_ppkgleft.jpg"
"gid://shopify/Product/us-2139","742935","CPAP Mask Kit CPAP Mask Kit ComfortGel™ Blue Nasal Style Small Cushion Adult","CPAP Machines","Respironics","93.63","156.99","196.99","63.36","40%","40.00","N/A","https://imgcdn.mckesson.com/CumulusWeb/Images/Item_Detail/742935.jpg"
"gid://shopify/Product/us-2140","742933","CPAP Mask Kit CPAP Mask Kit ComfortGel™ Blue Nasal Style Large Cushion Adult","CPAP Machines","Respironics","93.63","156.99","196.99","63.36","40%","40.00","N/A","https://imgcdn.mckesson.com/CumulusWeb/Images/Item_Detail/742933_right.jpg"
"gid://shopify/Product/us-2141","1013862","CPAP Mask Kit CPAP Starter Kit Pico Nasal Style Small-Medium / Large / X-Large Cushions Adult","CPAP Machines","Respironics","93.63","156.99","196.99","63.36","40%","40.00","N/A","https://imgcdn.mckesson.com/CumulusWeb/Images/Item_Detail/1013862.jpg"
"gid://shopify/Product/us-2142","1146572","CPAP Mask Kit DreamWear Nasal Style Small and Medium Cushions Adult","CPAP Machines","Respironics","93.63","156.99","196.99","63.36","40%","40.00","N/A","https://imgcdn.mckesson.com/CumulusWeb/Images/Item_Detail/1146572.jpg"
"gid://shopify/Product/us-2143","742936","CPAP Mask Kit CPAP Mask Kit ComfortGel™ Blue Nasal Style Petite Cushion Adult","CPAP Machines","Respironics","93.63","156.99","196.99","63.36","40%","40.00","N/A","https://imgcdn.mckesson.com/CumulusWeb/Images/Item_Detail/742936.jpg"
"gid://shopify/Product/us-2144","1180809","CPAP Mask Component CPAP Starter Kit DreamWear Nasal Pillow Style Small / Medium Cushions Adult","CPAP Machines","Respironics","93.63","156.99","196.99","63.36","40%","40.00","N/A","https://imgcdn.mckesson.com/CumulusWeb/Images/Item_Detail/1180809_right.jpg"
"gid://shopify/Product/us-2145","833832","CPAP Mask Kit CPAP Starter Kit Wisp™ Nasal Style Small / Medium / Large / X-Large","CPAP Machines","Respironics","93.63","156.99","196.99","63.36","40%","40.00","N/A","https://imgcdn.mckesson.com/CumulusWeb/Images/Item_Detail/833832_pdet.jpg"
"gid://shopify/Product/us-2146","1056853","CPAP Mask Kit CPAP Mask Brevida™ Nasal Pillow Style Small Cushion","CPAP Machines","Fisher & Paykel","89.76","149.99","187.99","60.23","40%","38.00","N/A","https://imgcdn.mckesson.com/CumulusWeb/Images/Item_Detail/1056853.jpg"
"gid://shopify/Product/us-2147","1056854","CPAP Mask Component CPAP Cushion Brevida™ Nasal Pillow Style Medium-Large Cushion","CPAP Machines","Fisher & Paykel","89.76","149.99","187.99","60.23","40%","38.00","N/A","https://imgcdn.mckesson.com/CumulusWeb/Images/Item_Detail/1056854.jpg"
"gid://shopify/Product/us-2148","1132454","CPAP Mask Kit CPAP Mask Kit DreamWisp Nasal Style Small Cushion Adult","CPAP Machines","Respironics","88.44","147.99","184.99","59.55","40%","37.00","N/A","https://imgcdn.mckesson.com/CumulusWeb/Images/Item_Detail/1132454.jpg"
"gid://shopify/Product/us-2149","1182827","CPAP Mask Kit CPAP Mask Kit Wisp™ Nasal Style Small-Medium Cushion Adult","CPAP Machines","Respironics","88.44","147.99","184.99","59.55","40%","37.00","N/A","https://imgcdn.mckesson.com/CumulusWeb/Images/Item_Detail/1182827_pdet.jpg"
"gid://shopify/Product/us-2150","1182826","CPAP Mask Kit CPAP Mask Wisp™ Nasal Style Large Cushion Adult","CPAP Machines","Respironics","88.44","147.99","184.99","59.55","40%","37.00","N/A","https://imgcdn.mckesson.com/CumulusWeb/Images/Item_Detail/1182826_left.jpg"
"gid://shopify/Product/us-2151","1182847","CPAP Mask Kit CPAP Mask Kit Wisp™ Nasal Style Large Cushion Adult","CPAP Machines","Respironics","88.44","147.99","184.99","59.55","40%","37.00","N/A","https://imgcdn.mckesson.com/CumulusWeb/Images/Item_Detail/1182847_pdet.jpg"
"gid://shopify/Product/us-2152","1202909","CPAP Mask Kit CPAP Mask Kit Wisp™ Nasal Style Petite Cushion","CPAP Machines","Respironics","88.44","147.99","184.99","59.55","40%","37.00","N/A","https://imgcdn.mckesson.com/CumulusWeb/Images/Item_Detail/1202909_left.jpg"
"gid://shopify/Product/us-2153","833846","CPAP Mask Kit CPAP Mask Eson™ Nasal Style Medium Cushion","CPAP Machines","Fisher & Paykel","88.38","147.99","184.99","59.61","40%","37.00","N/A","https://imgcdn.mckesson.com/CumulusWeb/Images/Item_Detail/833846.jpg"
"gid://shopify/Product/us-2154","833847","CPAP Mask Kit CPAP Mask Eson™ Nasal Style Small Cushion","CPAP Machines","Fisher & Paykel","88.38","147.99","184.99","59.61","40%","37.00","N/A","https://imgcdn.mckesson.com/CumulusWeb/Images/Item_Detail/833847.jpg"
"gid://shopify/Product/us-2155","833844","CPAP Mask Kit CPAP Mask Eson™ Nasal Style Large Cushion","CPAP Machines","Fisher & Paykel","88.38","147.99","184.99","59.61","40%","37.00","N/A","https://imgcdn.mckesson.com/CumulusWeb/Images/Item_Detail/833844.jpg"
"gid://shopify/Product/us-2156","573723","CPAP Starter Kit CPAP Starter Kit FlexiFit™ 405 Nasal Style Small / Large Cushions","CPAP Machines","Fisher & Paykel","85.62","142.99","178.99","57.37","40%","36.00","N/A","https://imgcdn.mckesson.com/CumulusWeb/Images/Item_Detail/FSHPAY_573723.jpg"
"gid://shopify/Product/us-2157","907093","Humidifier Refillable Water Bag Myairvo™ For Myairvo™ PT100 UF Humidifier","CPAP Machines","Fisher & Paykel","85.55","142.99","178.99","57.44","40%","36.00","N/A","https://imgcdn.mckesson.com/CumulusWeb/Images/Item_Detail/907093.jpg"
"gid://shopify/Product/us-2158","1223772","CPAP Power Supply CPAP Power Solutions Philips Respironics DreamStation 2","CPAP Machines","Respironics","81.60","135.99","169.99","54.39","40%","34.00","N/A","https://imgcdn.mckesson.com/CumulusWeb/Images/Item_Detail/1223772_front.jpg"
"gid://shopify/Product/us-2159","202938","Nebulizer Adapter Kit","CPAP Machines","Medline","80.77","134.99","168.99","54.22","40%","34.00","N/A","https://imgcdn.mckesson.com/CumulusWeb/Images/Item_Detail/202938_front.jpg"
"gid://shopify/Product/us-2160","1062692","CPAP Mask Kit CPAP Mask Kit DreamWear Nasal Style Medium Cushion Adult","CPAP Machines","Respironics","79.07","131.99","164.99","52.92","40%","33.00","N/A","https://imgcdn.mckesson.com/CumulusWeb/Images/Item_Detail/1062692.jpg"
"gid://shopify/Product/us-2161","1077769","CPAP Mask Kit CPAP Mask Kit DreamWear Nasal Style Small Cushion Adult","CPAP Machines","Respironics","79.07","131.99","164.99","52.92","40%","33.00","N/A","https://imgcdn.mckesson.com/CumulusWeb/Images/Item_Detail/1077769.jpg"
"gid://shopify/Product/us-2162","1062691","CPAP Mask Kit CPAP Mask Kit DreamWear Nasal Style Small Cushion Adult","CPAP Machines","Respironics","79.07","131.99","164.99","52.92","40%","33.00","N/A","https://imgcdn.mckesson.com/CumulusWeb/Images/Item_Detail/1062691.jpg"
"gid://shopify/Product/us-2163","1180815","CPAP Mask Kit CPAP Mask Kit DreamWear Nasal Pillow Style Medium Cushion Adult","CPAP Machines","Respironics","79.07","131.99","164.99","52.92","40%","33.00","N/A","https://imgcdn.mckesson.com/CumulusWeb/Images/Item_Detail/1180815_ppkgleft.jpg"
"gid://shopify/Product/us-2164","1180812","CPAP Mask Kit CPAP Mask Kit DreamWear Nasal Pillow Style Small Cushion Adult","CPAP Machines","Respironics","79.07","131.99","164.99","52.92","40%","33.00","N/A","https://imgcdn.mckesson.com/CumulusWeb/Images/Item_Detail/1180812_ppkgleft.jpg"
"gid://shopify/Product/us-2165","1062693","CPAP Mask Kit CPAP Mask Kit DreamWear Nasal Style Large Cushion Adult","CPAP Machines","Respironics","79.07","131.99","164.99","52.92","40%","33.00","N/A","https://imgcdn.mckesson.com/CumulusWeb/Images/Item_Detail/1062693.jpg"
"gid://shopify/Product/us-2166","1062694","CPAP Mask Kit CPAP Mask Kit DreamWear Nasal Style Medium-Wide Cushion Adult","CPAP Machines","Respironics","79.07","131.99","164.99","52.92","40%","33.00","N/A","https://imgcdn.mckesson.com/CumulusWeb/Images/Item_Detail/1062694.jpg"
"gid://shopify/Product/us-2167","1102421","CPAP Mask Kit CPAP Mask Kit DreamWear Nasal Style Medium Cushion Adult","CPAP Machines","Respironics","79.07","131.99","164.99","52.92","40%","33.00","N/A","https://imgcdn.mckesson.com/CumulusWeb/Images/Item_Detail/1102421.jpg"
"gid://shopify/Product/us-2168","1180811","CPAP Mask Kit CPAP Mask Kit DreamWear Nasal Pillow Style Small Cushion","CPAP Machines","Respironics","79.07","131.99","164.99","52.92","40%","33.00","N/A","https://imgcdn.mckesson.com/CumulusWeb/Images/Item_Detail/1180811_front.jpg"
"gid://shopify/Product/us-2169","1115790","CPAP Mask Kit CPAP Mask Kit DreamWear Nasal Style Medium Cushion Adult","CPAP Machines","Respironics","79.07","131.99","164.99","52.92","40%","33.00","N/A","https://imgcdn.mckesson.com/CumulusWeb/Images/Item_Detail/1115790.jpg"
"gid://shopify/Product/us-2170","1099634","CPAP Mask Kit CPAP Mask Kit DreamWear Nasal Style Large Cushion Adult","CPAP Machines","Respironics","79.07","131.99","164.99","52.92","40%","33.00","N/A","https://imgcdn.mckesson.com/CumulusWeb/Images/Item_Detail/1099634.jpg"
"gid://shopify/Product/us-2171","1180818","CPAP Mask Kit CPAP Mask Kit DreamWear Nasal Pillow Style Large Cushion Adult","CPAP Machines","Respironics","79.07","131.99","164.99","52.92","40%","33.00","N/A","https://imgcdn.mckesson.com/CumulusWeb/Images/Item_Detail/1180818_ppkgleft.jpg"
"gid://shopify/Product/us-2172","1117345","CPAP Mask Kit CPAP Mask Kit DreamWear Nasal Style Medium-Wide Cushion Adult","CPAP Machines","Respironics","79.07","131.99","164.99","52.92","40%","33.00","N/A","https://imgcdn.mckesson.com/CumulusWeb/Images/Item_Detail/1117345.jpg"
"gid://shopify/Product/us-2173","1180813","CPAP Mask Kit CPAP Mask Kit DreamWear Nasal Pillow Style Small Cushion Adult","CPAP Machines","Respironics","79.07","131.99","164.99","52.92","40%","33.00","N/A","https://imgcdn.mckesson.com/CumulusWeb/Images/Item_Detail/1180813_left.jpg"
"gid://shopify/Product/us-2174","1180821","CPAP Mask Kit CPAP Mask Kit DreamWear Nasal Pillow Style Medium-Wide Cushion Adult","CPAP Machines","Respironics","79.07","131.99","164.99","52.92","40%","33.00","N/A","https://imgcdn.mckesson.com/CumulusWeb/Images/Item_Detail/1180821_left.jpg"
"gid://shopify/Product/us-2175","1180819","CPAP Mask Kit CPAP Mask Kit DreamWear Nasal Pillow Style Large Cushion Adult","CPAP Machines","Respironics","79.07","131.99","164.99","52.92","40%","33.00","N/A","https://imgcdn.mckesson.com/CumulusWeb/Images/Item_Detail/1180819_side.jpg"
"gid://shopify/Product/us-2176","1180816","CPAP Mask Kit CPAP Mask Kit DreamWear Nasal Pillow Style Medium Cushion Adult","CPAP Machines","Respironics","79.07","131.99","164.99","52.92","40%","33.00","N/A","https://imgcdn.mckesson.com/CumulusWeb/Images/Item_Detail/1180816_left.jpg"
"gid://shopify/Product/us-2177","1139790","CPAP Mask Kit CPAP Mask Kit DreamWear Nasal Style Small Cushion Adult","CPAP Machines","Respironics","79.07","131.99","164.99","52.92","40%","33.00","N/A","https://imgcdn.mckesson.com/CumulusWeb/Images/Item_Detail/1139790.jpg"
"gid://shopify/Product/us-2178","742931","CPAP Mask Component CPAP Mask ComfortGel™ Blue Nasal Style Small Cushion Adult","CPAP Machines","Respironics","79.07","131.99","164.99","52.92","40%","33.00","N/A","https://imgcdn.mckesson.com/CumulusWeb/Images/Item_Detail/742931.jpg"
"gid://shopify/Product/us-2179","1180814","CPAP Mask Kit CPAP Mask Kit DreamWear Nasal Pillow Style Medium Cushion Adult","CPAP Machines","Respironics","79.07","131.99","164.99","52.92","40%","33.00","N/A","https://imgcdn.mckesson.com/CumulusWeb/Images/Item_Detail/1180814_left.jpg"
"gid://shopify/Product/us-2180","1117392","CPAP Mask Kit CPAP Mask Kit DreamWear Nasal Style Large Cushion Adult","CPAP Machines","Respironics","79.07","131.99","164.99","52.92","40%","33.00","N/A","https://imgcdn.mckesson.com/CumulusWeb/Images/Item_Detail/1117392.jpg"
"gid://shopify/Product/us-2181","742930","CPAP Mask Component CPAP Mask ComfortGel™ Blue Nasal Style Medium Cushion Adult","CPAP Machines","Respironics","79.07","131.99","164.99","52.92","40%","33.00","N/A","https://imgcdn.mckesson.com/CumulusWeb/Images/Item_Detail/742930.jpg"
"gid://shopify/Product/us-2182","742932","CPAP Mask Component CPAP Mask ComfortGel™ Blue Nasal Style Petite Cushion Adult","CPAP Machines","Respironics","79.07","131.99","164.99","52.92","40%","33.00","N/A","https://imgcdn.mckesson.com/CumulusWeb/Images/Item_Detail/742932.jpg"
"gid://shopify/Product/us-2183","1180817","CPAP Mask Kit CPAP Mask Kit DreamWear Nasal Pillow Style Large Cushion","CPAP Machines","Respironics","79.07","131.99","164.99","52.92","40%","33.00","N/A","https://imgcdn.mckesson.com/CumulusWeb/Images/Item_Detail/1180817_left.jpg"
"gid://shopify/Product/us-2184","1139789","CPAP Mask Kit CPAP Mask Kit DreamWear Nasal Style Medium-Wide Cushion Adult","CPAP Machines","Respironics","79.07","131.99","164.99","52.92","40%","33.00","N/A","https://imgcdn.mckesson.com/CumulusWeb/Images/Item_Detail/1139789.jpg"
"gid://shopify/Product/us-2185","1017186","CPAP Mask Kit CPAP Mask Kit Pico Nasal Style Small Cushion Adult","CPAP Machines","Respironics","78.04","130.99","163.99","52.95","40%","33.00","N/A","https://imgcdn.mckesson.com/CumulusWeb/Images/Item_Detail/1017186.jpg"
"gid://shopify/Product/us-2186","1013861","CPAP Mask Kit CPAP Mask Kit Pico Nasal Style Large Cushion Adult","CPAP Machines","Respironics","78.04","130.99","163.99","52.95","40%","33.00","N/A","https://imgcdn.mckesson.com/CumulusWeb/Images/Item_Detail/1013861.jpg"
"gid://shopify/Product/us-2187","1017187","CPAP Mask Kit CPAP Mask Kit Pico Nasal Style X-Large Cushion Adult","CPAP Machines","Respironics","78.04","130.99","163.99","52.95","40%","33.00","N/A","https://imgcdn.mckesson.com/CumulusWeb/Images/Item_Detail/1017187.jpg"
"gid://shopify/Product/us-2188","1128455","CPAP Mask Kit CPAP Starter Kit Ascend™ Full Face Style Small / Medium / Large Cushions Adult","CPAP Machines","Drive DeVilbiss Healthcare","77.49","129.99","162.99","52.50","40%","33.00","N/A","https://imgcdn.mckesson.com/CumulusWeb/Images/Item_Detail/1128455.jpg"
"gid://shopify/Product/us-2189","973996","CPAP Mask Kit CPAP Mask Kit ComfortFit Deluxe Full Face Style Large Cushion","CPAP Machines","Drive DeVilbiss Healthcare","75.53","125.99","157.99","50.46","40%","32.00","N/A","https://imgcdn.mckesson.com/CumulusWeb/Images/Item_Detail/973996_left.jpg"
"gid://shopify/Product/us-2190","863297","CPAP Mask Kit CPAP Mask Kit ComfortFit Deluxe Full Face Style Medium Cushion","CPAP Machines","Drive DeVilbiss Healthcare","75.53","125.99","157.99","50.46","40%","32.00","N/A","https://imgcdn.mckesson.com/CumulusWeb/Images/Item_Detail/863297_left.jpg"
"gid://shopify/Product/us-2191","833835","CPAP Mask Kit CPAP Starter Kit Wisp™ Nasal Style Small-Medium / Large / X-Large Cushions","CPAP Machines","Respironics","72.83","121.99","152.99","49.16","40%","31.00","N/A","https://imgcdn.mckesson.com/CumulusWeb/Images/Item_Detail/833835.jpg"
"gid://shopify/Product/us-2192","862213","CPAP Mask Component CPAP Mask Nuance Pro Nasal Style Small / Medium / Large Cushions","CPAP Machines","Respironics","72.83","121.99","152.99","49.16","40%","31.00","N/A","https://imgcdn.mckesson.com/CumulusWeb/Images/Item_Detail/862213.jpg"
"gid://shopify/Product/us-2193","833833","CPAP Mask Kit CPAP Starter Kit Wisp™ Nasal Style Small-Medium / Large / X-Large Cushions","CPAP Machines","Respironics","72.83","121.99","152.99","49.16","40%","31.00","N/A","https://imgcdn.mckesson.com/CumulusWeb/Images/Item_Detail/833833.jpg"
"gid://shopify/Product/us-2194","582441","CPAP Mask Component CPAP Mask Opus™ 360 Nasal Pillow Style","CPAP Machines","Fisher & Paykel","71.12","118.99","148.99","47.87","40%","30.00","N/A","https://imgcdn.mckesson.com/CumulusWeb/Images/Item_Detail/FSHPAY_582441.jpg"
"gid://shopify/Product/us-2195","1017174","CPAP Mask Component CPAP Mask Pico Nasal Style Small-Medium Cushion Adult","CPAP Machines","Respironics","67.63","112.99","141.99","45.36","40%","29.00","N/A","https://imgcdn.mckesson.com/CumulusWeb/Images/Item_Detail/1017174.jpg"
"gid://shopify/Product/us-2196","1221470","CPAP Mask Component CPAP Mask Wisp™ Nasal Style Small-Medium Cushion Adult","CPAP Machines","Respironics","62.42","104.99","131.99","42.57","41%","27.00","N/A","https://imgcdn.mckesson.com/CumulusWeb/Images/Item_Detail/1221470_left.jpg"
"gid://shopify/Product/us-2197","1132444","CPAP Mask Component CPAP Mask DreamWisp Nasal Style Large Cushion Adult","CPAP Machines","Respironics","62.42","104.99","131.99","42.57","41%","27.00","N/A","https://imgcdn.mckesson.com/CumulusWeb/Images/Item_Detail/1132444.jpg"
"gid://shopify/Product/us-2198","1168549","CPAP Mask Component CPAP Mask Wisp™ Nasal Style Large Cushion Adult","CPAP Machines","Respironics","62.42","104.99","131.99","42.57","41%","27.00","N/A","https://imgcdn.mckesson.com/CumulusWeb/Images/Item_Detail/1168549_right.jpg"
"gid://shopify/Product/us-2199","1187755","CPAP Mask Component CPAP Mask Wisp™ Nasal Style X-Large Cushion Adult","CPAP Machines","Respironics","62.42","104.99","131.99","42.57","41%","27.00","N/A","https://imgcdn.mckesson.com/CumulusWeb/Images/Item_Detail/1187755_right.jpg"
"gid://shopify/Product/us-2200","573715","CPAP Water Chamber Kit CPAP Water Chambers and Humidifiers Models HC100, HC150 and H150 Heated Humidifiers 15.2 Ounce Capacity","CPAP Machines","Fisher & Paykel","62.14","103.99","129.99","41.85","40%","26.00","N/A","https://imgcdn.mckesson.com/CumulusWeb/Images/Item_Detail/FSHPAY_573715.jpg"
"gid://shopify/Product/us-2201","1018553","CPAP Mask Component CPAP Mask DreamWear Nasal Style Medium Cushion Adult","CPAP Machines","Respironics","58.26","97.99","122.99","39.73","41%","25.00","N/A","https://imgcdn.mckesson.com/CumulusWeb/Images/Item_Detail/1018553.jpg"
"gid://shopify/Product/us-2202","1081692","CPAP Mask Component CPAP Mask DreamWear Nasal Style Small Cushion Adult","CPAP Machines","Respironics","58.26","97.99","122.99","39.73","41%","25.00","N/A","https://imgcdn.mckesson.com/CumulusWeb/Images/Item_Detail/1081692.jpg"
"gid://shopify/Product/us-2203","1180827","CPAP Mask Component CPAP Mask DreamWear Nasal Pillow Style Medium Cushion Adult","CPAP Machines","Respironics","58.26","97.99","122.99","39.73","41%","25.00","N/A","https://imgcdn.mckesson.com/CumulusWeb/Images/Item_Detail/1180827_left.jpg"
"gid://shopify/Product/us-2204","1180824","CPAP Mask Component CPAP Mask DreamWear Nasal Pillow Style Small Cushion Adult","CPAP Machines","Respironics","58.26","97.99","122.99","39.73","41%","25.00","N/A","https://imgcdn.mckesson.com/CumulusWeb/Images/Item_Detail/1180824_left.jpg"
"gid://shopify/Product/us-2205","1180823","CPAP Mask Component CPAP Mask DreamWear Nasal Pillow Style Small Cushion","CPAP Machines","Respironics","58.26","97.99","122.99","39.73","41%","25.00","N/A","https://imgcdn.mckesson.com/CumulusWeb/Images/Item_Detail/1180823_left.jpg"
"gid://shopify/Product/us-2206","1117396","CPAP Mask Component CPAP Mask DreamWear Nasal Style Medium Cushion Adult","CPAP Machines","Respironics","58.26","97.99","122.99","39.73","41%","25.00","N/A","https://imgcdn.mckesson.com/CumulusWeb/Images/Item_Detail/1117396_right.jpg"
"gid://shopify/Product/us-2207","1180830","CPAP Mask Component CPAP Mask DreamWear Nasal Pillow Style Large Cushion Adult","CPAP Machines","Respironics","58.26","97.99","122.99","39.73","41%","25.00","N/A","https://imgcdn.mckesson.com/CumulusWeb/Images/Item_Detail/1180830_left.jpg"
"gid://shopify/Product/us-2208","1135449","CPAP Mask Component CPAP Mask DreamWear Nasal Style Large Cushion Adult","CPAP Machines","Respironics","58.26","97.99","122.99","39.73","41%","25.00","N/A","https://imgcdn.mckesson.com/CumulusWeb/Images/Item_Detail/1135449_right.jpg"
"gid://shopify/Product/us-2209","1149814","CPAP Mask Component CPAP Mask DreamWear Nasal Style Medium Cushion Adult","CPAP Machines","Respironics","58.26","97.99","122.99","39.73","41%","25.00","N/A","https://imgcdn.mckesson.com/CumulusWeb/Images/Item_Detail/1149814_right.jpg"
"gid://shopify/Product/us-2210","1180833","CPAP Mask Component CPAP Mask DreamWear Nasal Pillow Style Medium-Wide Cushion Adult","CPAP Machines","Respironics","58.26","97.99","122.99","39.73","41%","25.00","N/A","https://imgcdn.mckesson.com/CumulusWeb/Images/Item_Detail/1180833_left.jpg"
"gid://shopify/Product/us-2211","1180831","CPAP Mask Component CPAP Mask DreamWear Nasal Pillow Style Large Cushion Adult","CPAP Machines","Respironics","58.26","97.99","122.99","39.73","41%","25.00","N/A","https://imgcdn.mckesson.com/CumulusWeb/Images/Item_Detail/1180831_left.jpg"
"gid://shopify/Product/us-2212","1131863","CPAP Mask Component CPAP Mask DreamWear Nasal Style Medium-Wide Cushion Adult","CPAP Machines","Respironics","58.26","97.99","122.99","39.73","41%","25.00","N/A","https://imgcdn.mckesson.com/CumulusWeb/Images/Item_Detail/1131863_right.jpg"
"gid://shopify/Product/us-2213","1180825","CPAP Mask Component CPAP Mask DreamWear Nasal Pillow Style Small Cushion Adult","CPAP Machines","Respironics","58.26","97.99","122.99","39.73","41%","25.00","N/A","https://imgcdn.mckesson.com/CumulusWeb/Images/Item_Detail/1180825_left.jpg"
"gid://shopify/Product/us-2214","1018552","CPAP Mask Component DreamWear","CPAP Machines","Respironics","58.26","97.99","122.99","39.73","41%","25.00","N/A","https://imgcdn.mckesson.com/CumulusWeb/Images/Item_Detail/1018552.jpg"
"gid://shopify/Product/us-2215","1018551","CPAP Mask Component DreamWear","CPAP Machines","Respironics","58.26","97.99","122.99","39.73","41%","25.00","N/A","https://imgcdn.mckesson.com/CumulusWeb/Images/Item_Detail/1018551.jpg"
"gid://shopify/Product/us-2216","1018555","CPAP Mask Component DreamWear","CPAP Machines","Respironics","58.26","97.99","122.99","39.73","41%","25.00","N/A","https://imgcdn.mckesson.com/CumulusWeb/Images/Item_Detail/1018555_right.jpg"
"gid://shopify/Product/us-2217","849348","CPAP Mask Component CPAP Cushion Quattro™ Air Full Face Style Medium Cushion","CPAP Machines","ResMed Corp","57.36","95.99","119.99","38.63","40%","24.00","N/A","https://imgcdn.mckesson.com/CumulusWeb/Images/Item_Detail/849348.jpg"
"gid://shopify/Product/us-2218","849349","CPAP Mask Component CPAP Cushion Quattro™ Air Full Face Style Large Cushion","CPAP Machines","ResMed Corp","57.36","95.99","119.99","38.63","40%","24.00","N/A","https://imgcdn.mckesson.com/CumulusWeb/Images/Item_Detail/849349.jpg"
"gid://shopify/Product/us-2219","849347","CPAP Mask Component CPAP Cushion Quattro™ Air","CPAP Machines","ResMed Corp","57.36","95.99","119.99","38.63","40%","24.00","N/A","https://imgcdn.mckesson.com/CumulusWeb/Images/Item_Detail/849347.jpg"
"gid://shopify/Product/us-2220","849346","CPAP Mask Component CPAP Cushion Quattro™ Air Full Face Style X-Small Cushion","CPAP Machines","ResMed Corp","57.36","95.99","119.99","38.63","40%","24.00","N/A","https://imgcdn.mckesson.com/CumulusWeb/Images/Item_Detail/849346_right.jpg"
"gid://shopify/Product/us-2221","1018549","CPAP Mask Component CPAP Cushion Amara™ View Full Face Style Medium Cushion Adult","CPAP Machines","Respironics","56.87","94.99","118.99","38.12","40%","24.00","N/A","https://imgcdn.mckesson.com/CumulusWeb/Images/Item_Detail/1018549_front.jpg"
"gid://shopify/Product/us-2222","1018550","CPAP Mask Component CPAP Cushion Amara™ View Full Face Style Small Cushion Adult","CPAP Machines","Respironics","56.87","94.99","118.99","38.12","40%","24.00","N/A","https://imgcdn.mckesson.com/CumulusWeb/Images/Item_Detail/1018550_front.jpg"
"gid://shopify/Product/us-2223","1018556","CPAP Mask Component CPAP Cushion Amara™ View Full Face Style Large Cushion Adult","CPAP Machines","Respironics","56.87","94.99","118.99","38.12","40%","24.00","N/A","https://imgcdn.mckesson.com/CumulusWeb/Images/Item_Detail/1018556_front.jpg"
"gid://shopify/Product/us-2224","1105721","CPAP Mask Component CPAP Cushion DreamWear Full Face Style Medium Cushion","CPAP Machines","Respironics","55.49","92.99","116.99","37.50","40%","24.00","N/A","https://imgcdn.mckesson.com/CumulusWeb/Images/Item_Detail/1105721.jpg"
"gid://shopify/Product/us-2225","1105716","CPAP Mask Component CPAP Cushion DreamWear Full Face Style Small Cushion","CPAP Machines","Respironics","55.49","92.99","116.99","37.50","40%","24.00","N/A","https://imgcdn.mckesson.com/CumulusWeb/Images/Item_Detail/1105716.jpg"
"gid://shopify/Product/us-2226","1105717","CPAP Mask Component CPAP Cushion DreamWear Full Face Style Large Cushion","CPAP Machines","Respironics","55.49","92.99","116.99","37.50","40%","24.00","N/A","https://imgcdn.mckesson.com/CumulusWeb/Images/Item_Detail/1105717.jpg"
"gid://shopify/Product/us-2227","1105723","CPAP Mask Component CPAP Cushion DreamWear Full Face Style Medium-Wide Cushion","CPAP Machines","Respironics","55.49","92.99","116.99","37.50","40%","24.00","N/A","https://imgcdn.mckesson.com/CumulusWeb/Images/Item_Detail/1105723_right.jpg"
"gid://shopify/Product/us-2228","1038441","CPAP Heated Tubing DreamStation 6 Foot Length 15 mm ID 22 mm Cuffs","CPAP Machines","Respironics","54.40","90.99","113.99","36.59","40%","23.00","N/A","https://imgcdn.mckesson.com/CumulusWeb/Images/Item_Detail/1038441_front.jpg"
"gid://shopify/Product/us-2229","1155486","CPAP Mask Replacement Parts CPAP Mask Seal Vitera™ Adult","CPAP Machines","Fisher & Paykel","53.86","89.99","112.99","36.13","40%","23.00","N/A","https://imgcdn.mckesson.com/CumulusWeb/Images/Item_Detail/1155486_front.jpg"
"gid://shopify/Product/us-2230","1155487","CPAP Mask Replacement Parts CPAP Mask Seal Vitera™ Adult","CPAP Machines","Fisher & Paykel","53.86","89.99","112.99","36.13","40%","23.00","N/A","https://imgcdn.mckesson.com/CumulusWeb/Images/Item_Detail/1155487_front.jpg"
"gid://shopify/Product/us-2231","1155485","CPAP Mask Component CPAP Mask Seal Vitera™ Adult","CPAP Machines","Fisher & Paykel","53.86","89.99","112.99","36.13","40%","23.00","N/A","https://imgcdn.mckesson.com/CumulusWeb/Images/Item_Detail/1155485_front.jpg"
"gid://shopify/Product/us-2232","825134","CPAP Mask Component CPAP Cushion Amara™ Silicone Full Face Style Large Cushion Adult","CPAP Machines","Respironics","53.27","88.99","111.99","35.72","40%","23.00","N/A","https://imgcdn.mckesson.com/CumulusWeb/Images/Item_Detail/825134.jpg"
"gid://shopify/Product/us-2233","825132","CPAP Mask Component CPAP Cushion Amara™ Silicone Full Face Style Small Cushion Adult","CPAP Machines","Respironics","53.27","88.99","111.99","35.72","40%","23.00","N/A","https://imgcdn.mckesson.com/CumulusWeb/Images/Item_Detail/825132.jpg"
"gid://shopify/Product/us-2234","853968","CPAP Mask Component CPAP Cushion Amara™ Gel Full Face Style Petite Cushion","CPAP Machines","Respironics","53.27","88.99","111.99","35.72","40%","23.00","N/A","https://imgcdn.mckesson.com/CumulusWeb/Images/Item_Detail/853968_front.jpg"
"gid://shopify/Product/us-2235","825133","CPAP Mask Component Amara","CPAP Machines","Respironics","53.27","88.99","111.99","35.72","40%","23.00","N/A","https://imgcdn.mckesson.com/CumulusWeb/Images/Item_Detail/825133.jpg"
"gid://shopify/Product/us-2236","785589","CPAP Mask Component CPAP Cushion Forma™ Full Face Style Large Cushion","CPAP Machines","Fisher & Paykel","51.78","86.99","108.99","35.21","40%","22.00","N/A","https://imgcdn.mckesson.com/CumulusWeb/Images/Item_Detail/785589.jpg"
"gid://shopify/Product/us-2237","785590","CPAP Mask Component CPAP Cushion Forma™ Full Face Style X-Large Cushion","CPAP Machines","Fisher & Paykel","51.78","86.99","108.99","35.21","40%","22.00","N/A","https://imgcdn.mckesson.com/CumulusWeb/Images/Item_Detail/785590.jpg"
"gid://shopify/Product/us-2238","625677","CPAP Mask Component CPAP Cushion FlexiFit™ 432 Full Face Style Large Cushion","CPAP Machines","Fisher & Paykel","51.78","86.99","108.99","35.21","40%","22.00","N/A","https://imgcdn.mckesson.com/CumulusWeb/Images/Item_Detail/FSHPAY_625677.jpg"
"gid://shopify/Product/us-2239","1029610","CPAP Mask Kit CPAP Mask Kit NasalFit Deluxe EZ Nasal Style Medium Cushion Adult","CPAP Machines","Drive DeVilbiss Healthcare","49.28","82.99","103.99","33.71","41%","21.00","N/A","https://imgcdn.mckesson.com/CumulusWeb/Images/Item_Detail/1029610_pdet.jpg"
"gid://shopify/Product/us-2240","573685","CPAP Mask Component CPAP Cushion FlexiFit™ 431 Full Face Style Medium Cushion","CPAP Machines","Fisher & Paykel","48.33","80.99","101.99","32.66","40%","21.00","N/A","https://imgcdn.mckesson.com/CumulusWeb/Images/Item_Detail/573685_PC.JPG"
"gid://shopify/Product/us-2241","573684","CPAP Mask Component CPAP Cushion FlexiFit™ 431 Full Face Style Large Cushion","CPAP Machines","Fisher & Paykel","48.33","80.99","101.99","32.66","40%","21.00","N/A","https://imgcdn.mckesson.com/CumulusWeb/Images/Item_Detail/573684_PC.jpg"
"gid://shopify/Product/us-2242","573691","CPAP Mask Component CPAP Cushion FlexiFit™ 431 Full Face Style Small Cushion","CPAP Machines","Fisher & Paykel","48.33","80.99","101.99","32.66","40%","21.00","N/A","https://imgcdn.mckesson.com/CumulusWeb/Images/Item_Detail/573691_PC.JPG"
"gid://shopify/Product/us-2243","785599","CPAP Tubing ThermoSmart™ 6-3/8 Foot Length Tubing Heated Tubing","CPAP Machines","Fisher & Paykel","48.33","80.99","101.99","32.66","40%","21.00","N/A","https://imgcdn.mckesson.com/CumulusWeb/Images/Item_Detail/785599.jpg"
"gid://shopify/Product/us-2244","1087520","CPAP Mask Component CPAP Mask Kit Zzz-Mask Full Face Style Large Cushion Adult","CPAP Machines","Drive DeVilbiss Healthcare","45.27","75.99","94.99","30.72","40%","19.00","N/A","https://imgcdn.mckesson.com/CumulusWeb/Images/Item_Detail/1087520.jpg"
"gid://shopify/Product/us-2245","570521","CPAP Mask Kit CPAP Mask Kit FreeMotion™ Full Face Style / Vented Large Cushion","CPAP Machines","Fisher & Paykel","44.34","73.99","92.99","29.65","40%","19.00","N/A","https://imgcdn.mckesson.com/CumulusWeb/Images/Item_Detail/570521.JPG"
"gid://shopify/Product/us-2246","570522","CPAP Mask Kit CPAP Mask Kit FreeMotion™ Full Face Style / Vented Medium Cushion","CPAP Machines","Fisher & Paykel","44.34","73.99","92.99","29.65","40%","19.00","N/A","https://imgcdn.mckesson.com/CumulusWeb/Images/Item_Detail/570522.JPG"
"gid://shopify/Product/us-2247","570523","CPAP Mask Kit CPAP Mask Kit FreeMotion™ Full Face Style / Vented Small Cushion","CPAP Machines","Fisher & Paykel","44.34","73.99","92.99","29.65","40%","19.00","N/A","https://imgcdn.mckesson.com/CumulusWeb/Images/Item_Detail/570523.jpg"
"gid://shopify/Product/us-2248","871057","CPAP Mask Component CPAP Cushion Simplus™ Full Face Style Medium Cushion","CPAP Machines","Fisher & Paykel","42.81","71.99","89.99","29.18","41%","18.00","N/A","https://imgcdn.mckesson.com/CumulusWeb/Images/Item_Detail/871057.jpg"
"gid://shopify/Product/us-2249","871058","CPAP Mask Component CPAP Cushion Simplus™ Full Face Style Large Cushion","CPAP Machines","Fisher & Paykel","42.81","71.99","89.99","29.18","41%","18.00","N/A","https://imgcdn.mckesson.com/CumulusWeb/Images/Item_Detail/871058.jpg"
"gid://shopify/Product/us-2250","871056","CPAP Mask Component CPAP Cushion Simplus™ Full Face Style Small Cushion","CPAP Machines","Fisher & Paykel","42.81","71.99","89.99","29.18","41%","18.00","N/A","https://imgcdn.mckesson.com/CumulusWeb/Images/Item_Detail/871056.jpg"
"gid://shopify/Product/us-2251","1141280","CPAP Tubing 6 Foot Length 15 mm ID 22 mm Cuffs","CPAP Machines","Drive DeVilbiss Healthcare","42.11","70.99","88.99","28.88","41%","18.00","N/A","https://imgcdn.mckesson.com/CumulusWeb/Images/Item_Detail/1141280_left.jpg"
"gid://shopify/Product/us-2252","1117222","CPAP Mask Component CPAP Cushion Wisp™ Pediatric Nasal Style Medium Cushion Pediatric","CPAP Machines","Respironics","41.62","69.99","87.99","28.37","41%","18.00","N/A","https://imgcdn.mckesson.com/CumulusWeb/Images/Item_Detail/1117222.jpg"
"gid://shopify/Product/us-2253","687830","CPAP Mask Component Mirage Activa™ LT","CPAP Machines","ResMed Corp","40.97","68.99","86.99","28.02","41%","18.00","N/A","https://imgcdn.mckesson.com/CumulusWeb/Images/Item_Detail/687830_pdet.jpg"
"gid://shopify/Product/us-2254","1264115","Assenbly Spare Frame BPAP Machine Parts F&P Nova Micro™ For use with CPAP Mask","CPAP Machines","Fisher & Paykel","40.27","67.99","84.99","27.72","41%","17.00","N/A","https://imgcdn.mckesson.com/CumulusWeb/Images/Item_Detail/1264115_right.jpg"
"gid://shopify/Product/us-2255","1146571","CPAP Mask Component CPAP Headgear DreamWear Nasal Style / Nasal Pillow Style","CPAP Machines","Respironics","40.23","67.99","84.99","27.76","41%","17.00","N/A","https://imgcdn.mckesson.com/CumulusWeb/Images/Item_Detail/1146571_pkgfront.jpg"
"gid://shopify/Product/us-2256","1105724","CPAP Mask Component CPAP Headgear DreamWear Full Face Style Adult","CPAP Machines","Respironics","40.23","67.99","84.99","27.76","41%","17.00","N/A","https://imgcdn.mckesson.com/CumulusWeb/Images/Item_Detail/1105724.jpg"
"gid://shopify/Product/us-2257","1027063","CPAP Mask Component CPAP Headgear Amara™ View Full Face Style Adult","CPAP Machines","Respironics","40.23","67.99","84.99","27.76","41%","17.00","N/A","https://imgcdn.mckesson.com/CumulusWeb/Images/Item_Detail/1027063_front.jpg"
"gid://shopify/Product/us-2258","1132450","CPAP Mask Component CPAP Headgear DreamWisp Adult","CPAP Machines","Respironics","40.23","67.99","84.99","27.76","41%","17.00","N/A","https://imgcdn.mckesson.com/CumulusWeb/Images/Item_Detail/1132450.jpg"
"gid://shopify/Product/us-2259","1018557","CPAP Mask Component CPAP Headgear Amara™ View Full Face Style Adult","CPAP Machines","Respironics","40.23","67.99","84.99","27.76","41%","17.00","N/A","https://imgcdn.mckesson.com/CumulusWeb/Images/Item_Detail/1018557_front.jpg"
"gid://shopify/Product/us-2260","572830","CPAP Mask Component CPAP Chin Strap Deluxe","CPAP Machines","Respironics","39.96","66.99","83.99","27.03","40%","17.00","N/A","https://imgcdn.mckesson.com/CumulusWeb/Images/Item_Detail/572830_side.jpg"
"gid://shopify/Product/us-2261","574016","CPAP Bacteria / Viral Filter","CPAP Machines","Respironics","34.99","58.99","73.99","24.00","41%","15.00","N/A","https://imgcdn.mckesson.com/CumulusWeb/Images/Item_Detail/574016.jpg"
"gid://shopify/Product/us-2262","1132448","CPAP Mask Component CPAP Cushion DreamWisp Nasal Style Medium Cushion","CPAP Machines","Respironics","34.68","57.99","72.99","23.31","40%","15.00","N/A","https://imgcdn.mckesson.com/CumulusWeb/Images/Item_Detail/1132448.jpg"
"gid://shopify/Product/us-2263","1132449","CPAP Mask Component CPAP Cushion DreamWisp Nasal Style Large Cushion","CPAP Machines","Respironics","34.68","57.99","72.99","23.31","40%","15.00","N/A","https://imgcdn.mckesson.com/CumulusWeb/Images/Item_Detail/1132449.jpg"
"gid://shopify/Product/us-2264","1132447","CPAP Mask Component CPAP Cushion DreamWisp Nasal Style Small Cushion","CPAP Machines","Respironics","34.68","57.99","72.99","23.31","40%","15.00","N/A","https://imgcdn.mckesson.com/CumulusWeb/Images/Item_Detail/1132447.jpg"
"gid://shopify/Product/us-2265","1017181","CPAP Mask Component CPAP Cushion Pico Nasal Style Small-Medium Cushion Adult","CPAP Machines","Respironics","34.68","57.99","72.99","23.31","40%","15.00","N/A","https://imgcdn.mckesson.com/CumulusWeb/Images/Item_Detail/1017181.jpg"
"gid://shopify/Product/us-2266","1017182","CPAP Mask Component CPAP Cushion Pico Nasal Style Large Cushion Adult","CPAP Machines","Respironics","34.68","57.99","72.99","23.31","40%","15.00","N/A","https://imgcdn.mckesson.com/CumulusWeb/Images/Item_Detail/1017182.jpg"
"gid://shopify/Product/us-2267","1017184","CPAP Mask Component CPAP Cushion Pico Nasal Style X-Large Cushion Adult","CPAP Machines","Respironics","34.68","57.99","72.99","23.31","40%","15.00","N/A","https://imgcdn.mckesson.com/CumulusWeb/Images/Item_Detail/1017184.jpg"
"gid://shopify/Product/us-2268","1134522","CPAP Mask Component CPAP Cushion DreamWisp Nasal Style X-Large Cushion","CPAP Machines","Respironics","34.68","57.99","72.99","23.31","40%","15.00","N/A","https://imgcdn.mckesson.com/CumulusWeb/Images/Item_Detail/1134522.jpg"
"gid://shopify/Product/us-2269","1132446","CPAP Mask Component CPAP Cushion DreamWisp Nasal Style Petite Cushion","CPAP Machines","Respironics","34.68","57.99","72.99","23.31","40%","15.00","N/A","https://imgcdn.mckesson.com/CumulusWeb/Images/Item_Detail/1132446.jpg"
"gid://shopify/Product/us-2270","785680","CPAP Mask Component CPAP Headgear FitLife","CPAP Machines","Respironics","34.68","57.99","72.99","23.31","40%","15.00","N/A","https://imgcdn.mckesson.com/CumulusWeb/Images/Item_Detail/785680.JPG"
"gid://shopify/Product/us-2271","1109823","CPAP Mask Component Frame Wisp Nasal Style Adult","CPAP Machines","Respironics","34.68","57.99","72.99","23.31","40%","15.00","N/A","https://imgcdn.mckesson.com/CumulusWeb/Images/Item_Detail/1109823_right.jpg"
"gid://shopify/Product/us-2272","1046229","CPAP Mask Component CPAP Headgear Eson™ 2 Nasal Style","CPAP Machines","Fisher & Paykel","34.52","57.99","72.99","23.47","40%","15.00","N/A","https://imgcdn.mckesson.com/CumulusWeb/Images/Item_Detail/1046229_pdet.jpg"
"gid://shopify/Product/us-2273","785598","Humidification Chamber F&P ICON™ 420 mL Unfilled","CPAP Machines","Fisher & Paykel","34.52","57.99","72.99","23.47","40%","15.00","N/A","https://imgcdn.mckesson.com/CumulusWeb/Images/Item_Detail/785598.jpg"
"gid://shopify/Product/us-2274","575592","CPAP Mask Component CPAP Headgear Mirage Quattro™","CPAP Machines","ResMed Corp","34.14","56.99","71.99","22.85","40%","15.00","N/A","https://imgcdn.mckesson.com/CumulusWeb/Images/Item_Detail/575592.jpg"
"gid://shopify/Product/us-2275","1198625","Replacement Water Tank with Lid CPAP Water Chambers and Humidifiers DreamStation 2 DreamStation 2 CPAP 325 mL Capacity","CPAP Machines","Respironics","34.00","56.99","71.99","22.99","40%","15.00","N/A","https://imgcdn.mckesson.com/CumulusWeb/Images/Item_Detail/1198625_right.jpg"
"gid://shopify/Product/us-2276","771321","CPAP Mask Component CPAP Cushion ComfortGel™ Blue Nasal Style Medium Cushion","CPAP Machines","Respironics","33.29","55.99","69.99","22.70","41%","14.00","N/A","https://imgcdn.mckesson.com/CumulusWeb/Images/Item_Detail/771321_front.jpg"
"gid://shopify/Product/us-2277","771319","CPAP Mask Component CPAP Cushion ComfortGel™ Blue Nasal Style Small Cushion","CPAP Machines","Respironics","33.29","55.99","69.99","22.70","41%","14.00","N/A","https://imgcdn.mckesson.com/CumulusWeb/Images/Item_Detail/771319_front.jpg"
"gid://shopify/Product/us-2278","771320","CPAP Mask Component CPAP Cushion ComfortGel™ Blue Nasal Style Large Cushion","CPAP Machines","Respironics","33.29","55.99","69.99","22.70","41%","14.00","N/A","https://imgcdn.mckesson.com/CumulusWeb/Images/Item_Detail/771320_front.jpg"
"gid://shopify/Product/us-2279","771318","CPAP Mask Component CPAP Cushion ComfortGel™ Blue Nasal Style Petite Cushion","CPAP Machines","Respironics","33.29","55.99","69.99","22.70","41%","14.00","N/A","https://imgcdn.mckesson.com/CumulusWeb/Images/Item_Detail/771318_front.jpg"
"gid://shopify/Product/us-2280","785591","CPAP Mask Component CPAP Headgear Zest™ Q","CPAP Machines","Fisher & Paykel","33.14","55.99","69.99","22.85","41%","14.00","N/A","https://imgcdn.mckesson.com/CumulusWeb/Images/Item_Detail/785591.jpg"
"gid://shopify/Product/us-2281","865131","CPAP Mask Component CPAP Headgear Pilairo Q™","CPAP Machines","Fisher & Paykel","32.45","54.99","68.99","22.54","41%","14.00","N/A","https://imgcdn.mckesson.com/CumulusWeb/Images/Item_Detail/865131.jpg"
"gid://shopify/Product/us-2282","1155489","CPAP Mask Component CPAP Headgear Vitera™ Full Face Style Adult","CPAP Machines","Fisher & Paykel","31.76","52.99","66.99","21.23","40%","14.00","N/A","https://imgcdn.mckesson.com/CumulusWeb/Images/Item_Detail/1155489_front.jpg"
"gid://shopify/Product/us-2283","1155488","CPAP Mask Component CPAP Headgear F&P Vitera™ Full Face Style Adult","CPAP Machines","Fisher & Paykel","31.76","52.99","66.99","21.23","40%","14.00","N/A","https://imgcdn.mckesson.com/CumulusWeb/Images/Item_Detail/1155488_pkgfront.jpg"
"gid://shopify/Product/us-2284","940701","CPAP Mask Component CPAP Headgear Eson™","CPAP Machines","Fisher & Paykel","31.76","52.99","66.99","21.23","40%","14.00","N/A","https://imgcdn.mckesson.com/CumulusWeb/Images/Item_Detail/940701.jpg"
"gid://shopify/Product/us-2285","940704","CPAP Mask Component CPAP Headgear Eson™","CPAP Machines","Fisher & Paykel","31.76","52.99","66.99","21.23","40%","14.00","N/A","https://imgcdn.mckesson.com/CumulusWeb/Images/Item_Detail/940704.jpg"
"gid://shopify/Product/us-2286","833837","CPAP Mask Component CPAP Cushion Wisp™ Nasal Style Medium Cushion","CPAP Machines","Respironics","31.21","52.99","66.99","21.78","41%","14.00","N/A","https://imgcdn.mckesson.com/CumulusWeb/Images/Item_Detail/833837_left.jpg"
"gid://shopify/Product/us-2287","833838","CPAP Mask Component CPAP Cushion Wisp™ Nasal Style Large Cushion","CPAP Machines","Respironics","31.21","52.99","66.99","21.78","41%","14.00","N/A","https://imgcdn.mckesson.com/CumulusWeb/Images/Item_Detail/833838.jpg"
"gid://shopify/Product/us-2288","871071","CPAP Mask Component CPAP Cushion Wisp™ Nasal Style X-Large Cushion","CPAP Machines","Respironics","31.21","52.99","66.99","21.78","41%","14.00","N/A","https://imgcdn.mckesson.com/CumulusWeb/Images/Item_Detail/871071.jpg"
"gid://shopify/Product/us-2289","833836","CPAP Mask Component CPAP Cushion Wisp™ Nasal Style Petite Cushion","CPAP Machines","Respironics","31.21","52.99","66.99","21.78","41%","14.00","N/A","https://imgcdn.mckesson.com/CumulusWeb/Images/Item_Detail/833836_side.jpg"
"gid://shopify/Product/us-2290","444420","Swivel Exhalation Valve Whisper Swivel II Contour, Gold Seal, and Prolife Lite Masks","CPAP Machines","Respironics","30.75","51.99","64.99","21.24","41%","13.00","N/A","https://imgcdn.mckesson.com/CumulusWeb/Images/Item_Detail/444420_right.jpg"
"gid://shopify/Product/us-2291","785594","CPAP Mask Component CPAP Cushion Zest™ Nasal Style Plus Cushion","CPAP Machines","Fisher & Paykel","30.38","50.99","63.99","20.61","40%","13.00","N/A","https://imgcdn.mckesson.com/CumulusWeb/Images/Item_Detail/785594.jpg"
"gid://shopify/Product/us-2292","785593","CPAP Mask Component CPAP Cushion Zest™ Nasal Style Petite Cushion","CPAP Machines","Fisher & Paykel","30.38","50.99","63.99","20.61","40%","13.00","N/A","https://imgcdn.mckesson.com/CumulusWeb/Images/Item_Detail/785593.jpg"
"gid://shopify/Product/us-2293","1046224","CPAP Mask Component CPAP Cushion Eson™ 2 Nasal Style Medium Cushion","CPAP Machines","Fisher & Paykel","29.00","52.99","66.99","23.99","45%","14.00","N/A","https://imgcdn.mckesson.com/CumulusWeb/Images/Item_Detail/1046224.jpg"
"gid://shopify/Product/us-2294","1046225","CPAP Mask Component CPAP Cushion Eson™ 2 Nasal Style Large Cushion","CPAP Machines","Fisher & Paykel","29.00","52.99","66.99","23.99","45%","14.00","N/A","https://imgcdn.mckesson.com/CumulusWeb/Images/Item_Detail/1046225.jpg"
"gid://shopify/Product/us-2295","1046223","CPAP Mask Component CPAP Cushion Eson™ 2 Nasal Style Small Cushion","CPAP Machines","Fisher & Paykel","29.00","52.99","66.99","23.99","45%","14.00","N/A","https://imgcdn.mckesson.com/CumulusWeb/Images/Item_Detail/1046223.jpg"
"gid://shopify/Product/us-2296","1176329","CPAP Mask Component CPAP Nasal Seal Evora™ Nasal Style Adult","CPAP Machines","Fisher & Paykel","29.00","52.99","66.99","23.99","45%","14.00","N/A","https://imgcdn.mckesson.com/CumulusWeb/Images/Item_Detail/1176329_front.jpg"
"gid://shopify/Product/us-2297","652458","CPAP Mask Kit CPAP Headgear ComfortGel™ Blue Nasal Style","CPAP Machines","Respironics","27.88","50.99","63.99","23.11","45%","13.00","N/A","https://imgcdn.mckesson.com/CumulusWeb/Images/Item_Detail/652458_back.jpg"
"gid://shopify/Product/us-2298","862206","CPAP Mask Component CPAP Cushion Nuance / Nuance Pro Nasal Style Medium Cushion","CPAP Machines","Respironics","27.74","50.99","63.99","23.25","46%","13.00","N/A","https://imgcdn.mckesson.com/CumulusWeb/Images/Item_Detail/862206_front.jpg"
"gid://shopify/Product/us-2299","871072","CPAP Mask Component CPAP Cushion Nuance / Nuance Pro Nasal Style Small Cushion","CPAP Machines","Respironics","27.74","50.99","63.99","23.25","46%","13.00","N/A","https://imgcdn.mckesson.com/CumulusWeb/Images/Item_Detail/871072_front.jpg"
"gid://shopify/Product/us-2300","862208","CPAP Mask Component CPAP Cushion Nuance / Nuance Pro Nasal Style Large Cushion","CPAP Machines","Respironics","27.74","50.99","63.99","23.25","46%","13.00","N/A","https://imgcdn.mckesson.com/CumulusWeb/Images/Item_Detail/862208_front.jpg"
"gid://shopify/Product/us-2301","939933","CPAP Mask Component CPAP Headgear Wisp™","CPAP Machines","Respironics","27.74","50.99","63.99","23.25","46%","13.00","N/A","https://imgcdn.mckesson.com/CumulusWeb/Images/Item_Detail/939933_side.jpg"
"gid://shopify/Product/us-2302","1099635","CPAP Mask Component CPAP Frame DreamWear Full Face Style / Nasal Style / Nasal Pillow Style Adult","CPAP Machines","Respironics","27.74","50.99","63.99","23.25","46%","13.00","N/A","https://imgcdn.mckesson.com/CumulusWeb/Images/Item_Detail/1099635.jpg"
"gid://shopify/Product/us-2303","939931","CPAP Mask Component CPAP Headgear Wisp™","CPAP Machines","Respironics","27.74","50.99","63.99","23.25","46%","13.00","N/A","https://imgcdn.mckesson.com/CumulusWeb/Images/Item_Detail/939931.jpg"
"gid://shopify/Product/us-2304","1111502","CPAP Mask Component CPAP Frame DreamWear Full Face Style / Nasal Style / Nasal Pillow Style Adult","CPAP Machines","Respironics","27.74","50.99","63.99","23.25","46%","13.00","N/A","https://imgcdn.mckesson.com/CumulusWeb/Images/Item_Detail/1111502_right.jpg"
"gid://shopify/Product/us-2305","883957","CPAP Mask Component CPAP Headgear Wisp™ Nasal Style","CPAP Machines","Respironics","27.74","50.99","63.99","23.25","46%","13.00","N/A","https://imgcdn.mckesson.com/CumulusWeb/Images/Item_Detail/883957_front.jpg"
"gid://shopify/Product/us-2306","862212","CPAP Mask Component CPAP Headgear Nuance Pro Nasal Pillow Style","CPAP Machines","Respironics","27.74","50.99","63.99","23.25","46%","13.00","N/A","https://imgcdn.mckesson.com/CumulusWeb/Images/Item_Detail/862212_ppkgleft.jpg"
"gid://shopify/Product/us-2307","1109822","CPAP Mask Component CPAP Frame DreamWear Full Face Style / Nasal Style / Nasal Pillow Style Adult","CPAP Machines","Respironics","27.74","50.99","63.99","23.25","46%","13.00","N/A","https://imgcdn.mckesson.com/CumulusWeb/Images/Item_Detail/1109822_right.jpg"
"gid://shopify/Product/us-2308","862209","CPAP Mask Component CPAP Headgear Nuance Nasal Pillow Style","CPAP Machines","Respironics","27.74","50.99","63.99","23.25","46%","13.00","N/A","https://imgcdn.mckesson.com/CumulusWeb/Images/Item_Detail/862209_right.jpg"
"gid://shopify/Product/us-2309","871060","CPAP Mask Kit CPAP Headgear Simplus™","CPAP Machines","Fisher & Paykel","27.62","50.99","63.99","23.37","46%","13.00","N/A","https://imgcdn.mckesson.com/CumulusWeb/Images/Item_Detail/871060.jpg"
"gid://shopify/Product/us-2310","871059","CPAP Mask Kit CPAP Headgear Simplus™","CPAP Machines","Fisher & Paykel","27.62","50.99","63.99","23.37","46%","13.00","N/A","https://imgcdn.mckesson.com/CumulusWeb/Images/Item_Detail/871059_front.jpg"
"gid://shopify/Product/us-2311","573693","CPAP Mask Component CPAP Headgear FlexiFit™ 431","CPAP Machines","Fisher & Paykel","27.62","50.99","63.99","23.37","46%","13.00","N/A","https://imgcdn.mckesson.com/CumulusWeb/Images/Item_Detail/FSHPAY_573693.jpg"
"gid://shopify/Product/us-2312","625036","CPAP Mask Component CPAP Headgear FlexiFit™ 407","CPAP Machines","Fisher & Paykel","27.62","50.99","63.99","23.37","46%","13.00","N/A","https://imgcdn.mckesson.com/CumulusWeb/Images/Item_Detail/625036_PC.jpg"
"gid://shopify/Product/us-2313","1264118","CPAP Headgear Wrap F&P Nova Micro™ One Size Fits Most","CPAP Machines","Fisher & Paykel","27.55","50.99","63.99","23.44","46%","13.00","N/A","https://imgcdn.mckesson.com/CumulusWeb/Images/Item_Detail/1264118_right.jpg"
"gid://shopify/Product/us-2314","1018391","CPAP Mask Component CPAP Cushion DreamWear Nasal Style Small Cushion Adult","CPAP Machines","Respironics","26.36","47.99","59.99","21.63","45%","12.00","N/A","https://imgcdn.mckesson.com/CumulusWeb/Images/Item_Detail/1018391_front.jpg"
"gid://shopify/Product/us-2315","1018394","CPAP Mask Component CPAP Cushion DreamWear Nasal Style Medium Cushion Adult","CPAP Machines","Respironics","26.36","47.99","59.99","21.63","45%","12.00","N/A","https://imgcdn.mckesson.com/CumulusWeb/Images/Item_Detail/1018394_front.jpg"
"gid://shopify/Product/us-2316","1180835","CPAP Mask Component CPAP Nasal Pillows DreamWear Nasal Pillow Style Small Cushion","CPAP Machines","Respironics","26.36","47.99","59.99","21.63","45%","12.00","N/A","https://imgcdn.mckesson.com/CumulusWeb/Images/Item_Detail/1180835_front.jpg"
"gid://shopify/Product/us-2317","1180836","CPAP Mask Component CPAP Nasal Pillows DreamWear Nasal Pillow Style Medium Cushion","CPAP Machines","Respironics","26.36","47.99","59.99","21.63","45%","12.00","N/A","https://imgcdn.mckesson.com/CumulusWeb/Images/Item_Detail/1180836_front.jpg"
"gid://shopify/Product/us-2318","1018395","CPAP Mask Component CPAP Cushion DreamWear Nasal Style Large Cushion Adult","CPAP Machines","Respironics","26.36","47.99","59.99","21.63","45%","12.00","N/A","https://imgcdn.mckesson.com/CumulusWeb/Images/Item_Detail/1018395_right.jpg"
"gid://shopify/Product/us-2319","1018548","CPAP Mask Component CPAP Cushion DreamWear Nasal Style Medium-Wide Cushion Adult","CPAP Machines","Respironics","26.36","47.99","59.99","21.63","45%","12.00","N/A","https://imgcdn.mckesson.com/CumulusWeb/Images/Item_Detail/1018548_right.jpg"
"gid://shopify/Product/us-2320","1180837","CPAP Mask Component CPAP Nasal Pillows DreamWear Nasal Pillow Style Large Cushion","CPAP Machines","Respironics","26.36","47.99","59.99","21.63","45%","12.00","N/A","https://imgcdn.mckesson.com/CumulusWeb/Images/Item_Detail/1180837_right.jpg"
"gid://shopify/Product/us-2321","1180838","CPAP Mask Component CPAP Nasal Pillows DreamWear Nasal Pillow Style Medium-Wide Cushion","CPAP Machines","Respironics","26.36","47.99","59.99","21.63","45%","12.00","N/A","https://imgcdn.mckesson.com/CumulusWeb/Images/Item_Detail/1180838_right.jpg"
"gid://shopify/Product/us-2322","833851","CPAP Mask Component CPAP Cushion Eson™ Nasal Style Medium Cushion","CPAP Machines","Fisher & Paykel","26.24","47.99","59.99","21.75","45%","12.00","N/A","https://imgcdn.mckesson.com/CumulusWeb/Images/Item_Detail/833851.jpg"
"gid://shopify/Product/us-2323","833848","CPAP Mask Component CPAP Cushion Eson™ Nasal Style Large Cushion","CPAP Machines","Fisher & Paykel","26.24","47.99","59.99","21.75","45%","12.00","N/A","https://imgcdn.mckesson.com/CumulusWeb/Images/Item_Detail/833848.jpg"
"gid://shopify/Product/us-2324","833852","CPAP Mask Component CPAP Cushion Eson™ Nasal Style Small Cushion","CPAP Machines","Fisher & Paykel","26.24","47.99","59.99","21.75","45%","12.00","N/A","https://imgcdn.mckesson.com/CumulusWeb/Images/Item_Detail/833852.jpg"
"gid://shopify/Product/us-2325","625678","CPAP Mask Component CPAP Cushion FlexiFit™ 407 Nasal Style","CPAP Machines","Fisher & Paykel","26.24","47.99","59.99","21.75","45%","12.00","N/A","https://imgcdn.mckesson.com/CumulusWeb/Images/Item_Detail/FSHPAY_625678.jpg"
"gid://shopify/Product/us-2326","625681","CPAP Mask Component CPAP Cushion FlexiFit™ 405 Nasal Style Large Cushion","CPAP Machines","Fisher & Paykel","26.24","47.99","59.99","21.75","45%","12.00","N/A","https://imgcdn.mckesson.com/CumulusWeb/Images/Item_Detail/FSHPAY_625681.jpg"
"gid://shopify/Product/us-2327","625680","CPAP Mask Component CPAP Cushion FlexiFit™ 405 Nasal Style Small Cushion","CPAP Machines","Fisher & Paykel","26.24","47.99","59.99","21.75","45%","12.00","N/A","https://imgcdn.mckesson.com/CumulusWeb/Images/Item_Detail/FSHPAY_625680.jpg"
"gid://shopify/Product/us-2328","1056857","CPAP Mask Component CPAP Headgear Brevida™ Nasal Style","CPAP Machines","Fisher & Paykel","26.24","47.99","59.99","21.75","45%","12.00","N/A","https://imgcdn.mckesson.com/CumulusWeb/Images/Item_Detail/1056857.jpg"
"gid://shopify/Product/us-2329","826455","Seat Cushion Premier One Bariatric 22 W X 18 L X 3 D Inch Foam","Wheelchairs","Drive DeVilbiss Healthcare","27.01","49.99","62.99","22.98","46%","13.00","M8077","https://imgcdn.mckesson.com/CumulusWeb/Images/Item_Detail/826455_left.jpg"
"gid://shopify/Product/us-2330","976969","Seat Cushion Premier One 20 W X 16 L X 3 D Inch Foam","Wheelchairs","Drive DeVilbiss Healthcare","20.25","36.99","46.99","16.74","45%","10.00","M8065","https://imgcdn.mckesson.com/CumulusWeb/Images/Item_Detail/976969.jpg"
"gid://shopify/Product/us-2331","976957","Seat Cushion Premier One 18 W X 16 L X 3 D Inch Foam","Wheelchairs","Drive DeVilbiss Healthcare","18.02","32.99","41.99","14.97","45%","9.00","M8064","https://imgcdn.mckesson.com/CumulusWeb/Images/Item_Detail/976957_left.jpg"
"gid://shopify/Product/us-2332","976974","Seat Cushion Premier One 16 W X 16 L X 3 D Inch Foam","Wheelchairs","Drive DeVilbiss Healthcare","17.72","32.99","41.99","15.27","46%","9.00","M8063","https://imgcdn.mckesson.com/CumulusWeb/Images/Item_Detail/976974_left.jpg"
"gid://shopify/Product/us-2333","804243","Lightweight Reclining Wheelchair drive™ Viper Plus Heavy Duty Dual Axle Desk Length Arm Swing-Away Elevating Legrest Black Upholstery 14 Inch Seat Width Pediatric 250 lbs. Weight Capacity","Wheelchairs","Drive DeVilbiss Healthcare","611.77","849.99","1062.99","238.22","28%","213.00","N/A","https://imgcdn.mckesson.com/CumulusWeb/Images/Item_Detail/804243.jpg"
"gid://shopify/Product/us-2334","723785","Bariatric Wheelchair Traveler® HD Heavy Duty Dual Axle Full Length Arm Swing-Away Footrest Black Upholstery 24 Inch Seat Width Adult 500 lbs. Weight Capacity","Wheelchairs","Graham-Field","343.08","527.99","659.99","184.91","35%","132.00","N/A","https://imgcdn.mckesson.com/CumulusWeb/Images/Item_Detail/723785_right.jpg"
"gid://shopify/Product/us-2335","1239760","4 Wheel Rollator drive™ Nitro Sprint Red Folding Aluminum Frame","Wheelchairs","Drive DeVilbiss Healthcare","264.33","406.99","508.99","142.66","35%","102.00","N/A","https://imgcdn.mckesson.com/CumulusWeb/Images/Item_Detail/1239760_left.jpg"
"gid://shopify/Product/us-2336","876606","4 Wheel Rollator drive™ Nitro Black Adjustable Height / Folding Aluminum Frame","Wheelchairs","Drive DeVilbiss Healthcare","241.79","371.99","464.99","130.20","35%","93.00","N/A","https://imgcdn.mckesson.com/CumulusWeb/Images/Item_Detail/876606_left_.jpg"
"gid://shopify/Product/us-2337","873746","4 Wheel Rollator drive™ Nitro Red Adjustable Height / Folding Aluminum Frame","Wheelchairs","Drive DeVilbiss Healthcare","241.79","371.99","464.99","130.20","35%","93.00","N/A","https://imgcdn.mckesson.com/CumulusWeb/Images/Item_Detail/873746_left.jpg"
"gid://shopify/Product/us-2338","826416","Seat Cushion Balanced Aire™ 18 W X 16 L X 4 D Inch Air Cells","Wheelchairs","Drive DeVilbiss Healthcare","222.10","341.99","427.99","119.89","35%","86.00","N/A","https://imgcdn.mckesson.com/CumulusWeb/Images/Item_Detail/826416_left.jpg"
"gid://shopify/Product/us-2339","1057956","Seat Cushion Medline 30 W X 22 L X 4 D Inch Foam / Gel","Wheelchairs","Medline","220.03","338.99","423.99","118.96","35%","85.00","N/A","https://imgcdn.mckesson.com/CumulusWeb/Images/Item_Detail/1057956.jpg"
"gid://shopify/Product/us-2340","851757","4 Wheel Rollator / Transport Chair drive™ Duet Burgundy Adjustable Height / Transport / Folding Aluminum Frame","Wheelchairs","Drive DeVilbiss Healthcare","177.79","273.99","342.99","96.20","35%","69.00","N/A","https://imgcdn.mckesson.com/CumulusWeb/Images/Item_Detail/851757_left.jpg"
"gid://shopify/Product/us-2341","507636","Dual Release Folding Walker with Wheels Adjustable Height Medline Aluminum Frame 300 lbs. Weight Capacity 32-1/2 to 38-1/2 Inch Height","Wheelchairs","Medline","177.74","273.99","342.99","96.25","35%","69.00","N/A","https://imgcdn.mckesson.com/CumulusWeb/Images/Item_Detail/507636_front.jpg"
"gid://shopify/Product/us-2342","695176","Seat Cushion Skil-Care™ 26 W X 18 L X 3 D Inch Foam / Gel","Wheelchairs","Skil-Care","173.13","266.99","333.99","93.86","35%","67.00","N/A","https://imgcdn.mckesson.com/CumulusWeb/Images/Item_Detail/SKLCRE_695176.jpg"
"gid://shopify/Product/us-2343","700953","Lightweight Wheelchair drive™ Cruiser III Dual Axle Full Length Arm Elevating Legrest Black Upholstery 18 Inch Seat Width Adult 300 lbs. Weight Capacity","Wheelchairs","Drive DeVilbiss Healthcare","166.79","256.99","321.99","90.20","35%","65.00","N/A","https://imgcdn.mckesson.com/CumulusWeb/Images/Item_Detail/700953_1.jpg"
"gid://shopify/Product/us-2344","624878","Bath Bench drive™ Without Arms Aluminum Frame With Backrest 16-1/2 Inch Seat Width 600 lbs. Weight Capacity","Wheelchairs","Drive DeVilbiss Healthcare","151.96","233.99","292.99","82.03","35%","59.00","N/A","https://imgcdn.mckesson.com/CumulusWeb/Images/Item_Detail/624878.jpg"
"gid://shopify/Product/us-2345","1228321","Seat Cushion 16 W X 18 L X 4 D Inch Foam","Wheelchairs","Medline","117.27","180.99","226.99","63.72","35%","46.00","N/A","https://imgcdn.mckesson.com/CumulusWeb/Images/Item_Detail/1228321_left.jpg"
"gid://shopify/Product/us-2346","811729","3 Wheel Rollator drive™ Deluxe Flame Blue Adjustable Height / Folding Aluminum Frame","Wheelchairs","Drive DeVilbiss Healthcare","112.40","172.99","216.99","60.59","35%","44.00","N/A","https://imgcdn.mckesson.com/CumulusWeb/Images/Item_Detail/811729_left.jpg"
"gid://shopify/Product/us-2347","583547","Dual Trigger Release Folding Walker with Wheels and Seat Adjustable Height Clever-Lite LS Aluminum Frame 300 lbs. Weight Capacity 29-1/2 to 39 Inch Height","Wheelchairs","Drive DeVilbiss Healthcare","102.03","156.99","196.99","54.96","35%","40.00","N/A","https://imgcdn.mckesson.com/CumulusWeb/Images/Item_Detail/583547_left.jpg"
"gid://shopify/Product/us-2348","961140","Seat Cushion Gel-U-Seat™ Lite 20 W X 16 L X 2 D Inch Foam / Gel","Wheelchairs","Drive DeVilbiss Healthcare","97.90","163.99","204.99","66.09","40%","41.00","N/A","https://imgcdn.mckesson.com/CumulusWeb/Images/Item_Detail/961140_left.jpg"
"gid://shopify/Product/us-2349","809610","3 Wheel Rollator drive™ Deluxe Flame Red Adjustable Height / Folding Aluminum Frame","Wheelchairs","Drive DeVilbiss Healthcare","95.21","158.99","198.99","63.78","40%","40.00","N/A","https://imgcdn.mckesson.com/CumulusWeb/Images/Item_Detail/809610_left.jpg"
"gid://shopify/Product/us-2350","876018","Seat Cushion Gel-U-Seat™ Lite 16 W X 16 L X 2 D Inch Foam / Gel","Wheelchairs","Drive DeVilbiss Healthcare","93.54","155.99","194.99","62.45","40%","39.00","N/A","https://imgcdn.mckesson.com/CumulusWeb/Images/Item_Detail/876018_pkgfront.jpg"
"gid://shopify/Product/us-2351","852331","4 Wheel Rollator drive™ Blue Adjustable Height / Folding Aluminum Frame","Wheelchairs","Drive DeVilbiss Healthcare","91.68","152.99","191.99","61.31","40%","39.00","N/A","https://imgcdn.mckesson.com/CumulusWeb/Images/Item_Detail/852331_left.jpg"
"gid://shopify/Product/us-2352","1129939","Bariatric Dual Release Folding Walker with Wheels Adjustable Height drive™ Steel Frame 500 lbs. Weight Capacity 32 to 39 Inch Height","Wheelchairs","Drive DeVilbiss Healthcare","91.11","151.99","189.99","60.88","40%","38.00","N/A","https://imgcdn.mckesson.com/CumulusWeb/Images/Item_Detail/1129939_left1.jpg"
"gid://shopify/Product/us-2353","580273","Seat Cushion ConForm 18 W X 16 L X 2 D Inch Foam","Wheelchairs","Skil-Care","76.63","127.99","159.99","51.36","40%","32.00","N/A","https://imgcdn.mckesson.com/CumulusWeb/Images/Item_Detail/580273_pdet.jpg"
"gid://shopify/Product/us-2354","1154033","Seat Cushion Titanium™ 20 W X 18 L X 3-1/2 D Inch Foam / Gel","Wheelchairs","Drive DeVilbiss Healthcare","76.49","127.99","159.99","51.50","40%","32.00","N/A","https://imgcdn.mckesson.com/CumulusWeb/Images/Item_Detail/1154033_left.jpg"
"gid://shopify/Product/us-2355","1182223","Seat Cushion Titanium™ 18 W X 18 L X 3-1/2 D Inch Foam / Gel","Wheelchairs","Drive DeVilbiss Healthcare","73.20","122.99","153.99","49.79","40%","31.00","N/A","https://imgcdn.mckesson.com/CumulusWeb/Images/Item_Detail/1182223_left.jpg"
"gid://shopify/Product/us-2356","580286","Pommel Seat Cushion Skil-Care™ 18 W X 16 L X 3-1/2 D Inch Foam","Wheelchairs","Skil-Care","71.34","118.99","148.99","47.65","40%","30.00","N/A","https://imgcdn.mckesson.com/CumulusWeb/Images/Item_Detail/580286_plineart.jpg"
"gid://shopify/Product/us-2357","1032859","Bath Bench drive™ Padded Removable Arms Aluminum Frame With Backrest 16 Inch Seat Width 300 lbs. Weight Capacity","Wheelchairs","Drive DeVilbiss Healthcare","67.70","112.99","141.99","45.29","40%","29.00","N/A","https://imgcdn.mckesson.com/CumulusWeb/Images/Item_Detail/1032859_left_.jpg"
"gid://shopify/Product/us-2358","826697","Pommel Seat Cushion Titanium™ Bariatric 22 W X 18 L X 3-1/2 D Inch Foam / Gel","Wheelchairs","Drive DeVilbiss Healthcare","65.82","109.99","137.99","44.17","40%","28.00","N/A","https://imgcdn.mckesson.com/CumulusWeb/Images/Item_Detail/826697.jpg"
"gid://shopify/Product/us-2359","1196512","4 Wheel Rollator drive™ Blue Adjustable Height / Folding Steel Frame","Wheelchairs","Drive DeVilbiss Healthcare","60.63","101.99","127.99","41.36","41%","26.00","N/A","https://imgcdn.mckesson.com/CumulusWeb/Images/Item_Detail/1196512_left.jpg"
"gid://shopify/Product/us-2360","826695","Pommel Seat Cushion Titanium™ 18 W X 16 L X 3-1/2 D Inch Foam / Gel","Wheelchairs","Drive DeVilbiss Healthcare","57.71","96.99","121.99","39.28","40%","25.00","N/A","https://imgcdn.mckesson.com/CumulusWeb/Images/Item_Detail/826695.jpg"
"gid://shopify/Product/us-2361","736832","Wheelchair Anti Tipper drive™ For Sentra Reclining, Silver Sport 1 & 2, Chrome Sport, Bariatric Sentra EC Heavy Duty Wheelchair","Wheelchairs","Drive DeVilbiss Healthcare","54.58","90.99","113.99","36.41","40%","23.00","N/A","https://imgcdn.mckesson.com/CumulusWeb/Images/Item_Detail/736832.jpg"
"gid://shopify/Product/us-2362","826694","Pommel Seat Cushion Titanium™ 16 W X 16 L X 3-1/2 D Inch Foam / Gel","Wheelchairs","Drive DeVilbiss Healthcare","53.52","89.99","112.99","36.47","41%","23.00","N/A","https://imgcdn.mckesson.com/CumulusWeb/Images/Item_Detail/826694.jpg"
"gid://shopify/Product/us-2363","1027532","Dual Release Folding Walker with Wheels and Seat Adjustable Height drive™ Aluminum Frame 300 lbs. Weight Capacity 29 to 38 Inch Height","Wheelchairs","Drive DeVilbiss Healthcare","50.24","83.99","104.99","33.75","40%","21.00","N/A","https://imgcdn.mckesson.com/CumulusWeb/Images/Item_Detail/1027532_left.jpg"
"gid://shopify/Product/us-2364","950847","4 Wheel Rollator Blue Folding Steel Frame","Wheelchairs","Drive DeVilbiss Healthcare","42.44","70.99","88.99","28.55","40%","18.00","N/A","https://imgcdn.mckesson.com/CumulusWeb/Images/Item_Detail/950847_left.jpg"
"gid://shopify/Product/us-2365","913725","Seat Cushion Gel-U-Seat™ Lite 22 W X 18 L X 2 D Inch Foam / Gel","Wheelchairs","Drive DeVilbiss Healthcare","41.08","68.99","86.99","27.91","40%","18.00","N/A","https://imgcdn.mckesson.com/CumulusWeb/Images/Item_Detail/913725.jpg"
"gid://shopify/Product/us-2366","741917","Dual Trigger Release Folding Walker with Wheels Adjustable Height drive™ Aluminum Frame 350 lbs. Weight Capacity 32 to 39 Inch Height","Wheelchairs","Drive DeVilbiss Healthcare","38.75","64.99","81.99","26.24","40%","17.00","N/A","https://imgcdn.mckesson.com/CumulusWeb/Images/Item_Detail/741917_left.jpg"
"gid://shopify/Product/us-2367","812183","Elevating Legrest drive™ For drive™ Power Wheelchair","Wheelchairs","Drive DeVilbiss Healthcare","38.71","64.99","81.99","26.28","40%","17.00","N/A","https://imgcdn.mckesson.com/CumulusWeb/Images/Item_Detail/812183_group.jpg"
"gid://shopify/Product/us-2368","691964","Seat Cushion Gel E 16 W X 16 L X 3 D Inch Foam / Gel","Wheelchairs","Drive DeVilbiss Healthcare","35.13","58.99","73.99","23.86","40%","15.00","N/A","https://imgcdn.mckesson.com/CumulusWeb/Images/Item_Detail/691964_right.jpg"
"gid://shopify/Product/us-2369","625720","Seat Cushion Sittin Pretty™ Comfort 18 W X 16 L X 2 D Inch Foam","Wheelchairs","Skil-Care","35.07","58.99","73.99","23.92","41%","15.00","N/A","https://imgcdn.mckesson.com/CumulusWeb/Images/Item_Detail/625720_plineart.jpg"
"gid://shopify/Product/us-2370","587464","Seat Back Cushion drive™ 18 W X 17 L X 2-1/2 D Inch Foam","Wheelchairs","Drive DeVilbiss Healthcare","33.81","56.99","71.99","23.18","41%","15.00","N/A","https://imgcdn.mckesson.com/CumulusWeb/Images/Item_Detail/587464_left.jpg"
"gid://shopify/Product/us-2371","765821","Footrest drive™ For Wheelchair","Wheelchairs","Drive DeVilbiss Healthcare","33.07","55.99","69.99","22.92","41%","14.00","N/A","https://imgcdn.mckesson.com/CumulusWeb/Images/Item_Detail/765821_front.jpg"
"gid://shopify/Product/us-2372","691963","Seat Cushion Gel E 18 W X 16 L X 2 D Inch Foam / Gel","Wheelchairs","Drive DeVilbiss Healthcare","30.85","51.99","64.99","21.14","41%","13.00","N/A","https://imgcdn.mckesson.com/CumulusWeb/Images/Item_Detail/691963.jpg"
"gid://shopify/Product/us-2373","864754","Contoured Seat Cushion drive™ 20 W X 18 L X 2 D Inch Molded Foam","Wheelchairs","Drive DeVilbiss Healthcare","30.60","51.99","64.99","21.39","41%","13.00","N/A","https://imgcdn.mckesson.com/CumulusWeb/Images/Item_Detail/864754.jpg"
"gid://shopify/Product/us-2374","579436","Oxygen Cylinder Holder SkiL-Care™ For 16 to 24 Inch Wheelchair","Wheelchairs","Skil-Care","29.60","53.99","67.99","24.39","45%","14.00","N/A","https://imgcdn.mckesson.com/CumulusWeb/Images/Item_Detail/579436_ls_.jpg"
"gid://shopify/Product/us-2375","876605","Shower Stool drive™ Without Arms Aluminum Frame Without Backrest 13-1/2 Inch Seat Width 300 lbs. Weight Capacity","Wheelchairs","Drive DeVilbiss Healthcare","29.21","53.99","67.99","24.78","46%","14.00","N/A","https://imgcdn.mckesson.com/CumulusWeb/Images/Item_Detail/876605_pkgleft.jpg"
"gid://shopify/Product/us-2376","922102","Limb Support For Blue Streak, Silver Sport 1 & 2, Chrome Sport, Bariatric Sentra EC Heavy Duty, Bariatric Sentra Heavy Duty, Sentra Full Reclining, Cruiser III, Cirrus IV, Viper, Viper Plus GT, Viper Plus Reclining Wheelchair","Wheelchairs","Drive DeVilbiss Healthcare","28.58","51.99","64.99","23.41","45%","13.00","N/A","https://imgcdn.mckesson.com/CumulusWeb/Images/Item_Detail/922102.jpg"
"gid://shopify/Product/us-2377","886373","Limb Support drive™ For Blue Streak, Silver Sport I & II, Chrome Sport, Bariatric Sentra EC Heavy Duty, Bariatric Sentra Heavy Duty, Sentra Full Reclining, Cruiser III, Cirrus IV, Viper, Viper Plus GT, Viper Plus Reclining. Wheelchair","Wheelchairs","Drive DeVilbiss Healthcare","28.58","51.99","64.99","23.41","45%","13.00","N/A","https://imgcdn.mckesson.com/CumulusWeb/Images/Item_Detail/886373_1.jpg"
"gid://shopify/Product/us-2378","913722","Seat Cushion Gel-U-Seat™ Lite 20 W X 18 L X 2 D Inch Foam / Gel","Wheelchairs","Drive DeVilbiss Healthcare","27.07","49.99","62.99","22.92","46%","13.00","N/A","https://imgcdn.mckesson.com/CumulusWeb/Images/Item_Detail/913722_right.jpg"
"gid://shopify/Product/us-2379","913723","Seat Cushion Gel-U-Seat™ Lite 18 W X 18 D X 2 H Inch Foam / Gel","Wheelchairs","Drive DeVilbiss Healthcare","26.87","48.99","61.99","22.12","45%","13.00","N/A","https://imgcdn.mckesson.com/CumulusWeb/Images/Item_Detail/913723_right.jpg"
"gid://shopify/Product/us-2380","580337","Chair Sensor Pad SkiL-Care™ 7 X 15 Inch","Wheelchairs","Skil-Care","26.10","47.99","59.99","21.89","46%","12.00","N/A","https://imgcdn.mckesson.com/CumulusWeb/Images/Item_Detail/580337_ls.jpg"
"gid://shopify/Product/us-2381","628258","drive™ Wheel With Brake For Walker","Wheelchairs","Drive DeVilbiss Healthcare","24.92","45.99","57.99","21.07","46%","12.00","N/A","https://imgcdn.mckesson.com/CumulusWeb/Images/Item_Detail/628258.jpg"
"gid://shopify/Product/us-2382","711495","Seat Cushion Gel E 18 W X 16 L X 3 D Inch Foam / Gel","Wheelchairs","Drive DeVilbiss Healthcare","24.59","44.99","56.99","20.40","45%","12.00","N/A","https://imgcdn.mckesson.com/CumulusWeb/Images/Item_Detail/711495_left.jpg"
"gid://shopify/Product/us-2383","691962","Contoured Seat Cushion drive™ 18 W X 16 L X 2 D Inch Molded Foam","Wheelchairs","Drive DeVilbiss Healthcare","23.98","43.99","54.99","20.01","45%","11.00","N/A","https://imgcdn.mckesson.com/CumulusWeb/Images/Item_Detail/691962_left1.jpg"
"gid://shopify/Product/us-2384","864749","Contoured Seat Cushion drive™ 20 W X 16 L X 2 D Inch Molded Foam","Wheelchairs","Drive DeVilbiss Healthcare","23.72","43.99","54.99","20.27","46%","11.00","N/A","https://imgcdn.mckesson.com/CumulusWeb/Images/Item_Detail/864749.jpg"
"gid://shopify/Product/us-2385","913721","Seat Cushion Gel-U-Seat™ Lite 18 W X 16 L X 2 D Inch Foam / Gel","Wheelchairs","Drive DeVilbiss Healthcare","23.51","42.99","53.99","19.48","45%","11.00","N/A","https://imgcdn.mckesson.com/CumulusWeb/Images/Item_Detail/913721_left.jpg"
"gid://shopify/Product/us-2386","840534","Contoured Seat Cushion Premier One 16 W X 6 L X 1-3/4 D Inch Molded Foam","Wheelchairs","Drive DeVilbiss Healthcare","23.03","41.99","52.99","18.96","45%","11.00","N/A","https://imgcdn.mckesson.com/CumulusWeb/Images/Item_Detail/840534.jpg"
"gid://shopify/Product/us-2387","732978","drive™ Extension Leg with Wheel For Walker","Wheelchairs","Drive DeVilbiss Healthcare","20.60","37.99","47.99","17.39","46%","10.00","N/A","https://imgcdn.mckesson.com/CumulusWeb/Images/Item_Detail/732978_pkgleft.jpg"
"gid://shopify/Product/us-2388","171061","Wheelchair Safety Belt Skil-Care™ One Size Fits Most 2-Strap","Wheelchairs","Skil-Care","17.26","31.99","39.99","14.73","46%","8.00","N/A","https://imgcdn.mckesson.com/CumulusWeb/Images/Item_Detail/171061_ls.jpg"
"gid://shopify/Product/us-2389","579669","Wheelchair Safety Vest For Wheelchair","Wheelchairs","Skil-Care","16.42","29.99","37.99","13.57","45%","8.00","N/A","https://imgcdn.mckesson.com/CumulusWeb/Images/Item_Detail/579669.jpg"
"gid://shopify/Product/us-2390","580124","Wheelchair Anti Tipper drive™ For Cruiser III Wheelchair","Wheelchairs","Drive DeVilbiss Healthcare","13.36","24.99","31.99","11.63","47%","7.00","N/A","https://imgcdn.mckesson.com/CumulusWeb/Images/Item_Detail/580124_right.jpg"
"gid://shopify/Product/us-2391","700594","Wheelchair Armrest Pad drive™ For Wheelchair","Wheelchairs","Drive DeVilbiss Healthcare","13.26","24.99","31.99","11.73","47%","7.00","N/A","https://imgcdn.mckesson.com/CumulusWeb/Images/Item_Detail/700594.jpg"
"gid://shopify/Product/us-2392","581423","Seat Belt drive™ For Wheelchair","Wheelchairs","Drive DeVilbiss Healthcare","12.65","22.99","28.99","10.34","45%","6.00","N/A","https://imgcdn.mckesson.com/CumulusWeb/Images/Item_Detail/581423.jpg"
"gid://shopify/Product/us-2393","577701","Seat Belt drive™ For Wheelchair","Wheelchairs","Drive DeVilbiss Healthcare","9.89","17.99","22.99","8.10","45%","5.00","N/A","https://imgcdn.mckesson.com/CumulusWeb/Images/Item_Detail/577701.jpg"
"gid://shopify/Product/us-2394","170960","Urinary Drainage Bag Holder SkiL-Care® 8 X 13 Inch, Heat Sealed For Wheelchairs, Geri-chairs, Bedrails","Wheelchairs","Skil-Care","8.19","14.99","18.99","6.80","45%","4.00","N/A","https://imgcdn.mckesson.com/CumulusWeb/Images/Item_Detail/170960_back.jpg"
"gid://shopify/Product/us-2395","579923","Wheel Lock Extension drive™ For Wheelchair","Wheelchairs","Drive DeVilbiss Healthcare","7.22","13.99","17.99","6.77","48%","4.00","N/A","https://imgcdn.mckesson.com/CumulusWeb/Images/Item_Detail/579923_1.jpg"
"gid://shopify/Product/us-2396","1056591","3 Wheel Electric Scooter Spitfire Scout DLX 3 300 lbs. Weight Capacity Black / Red or Blue (Interchangeable)","Wheelchairs","Drive DeVilbiss Healthcare","841.59","1168.99","1461.99","327.40","28%","293.00","K0800","https://imgcdn.mckesson.com/CumulusWeb/Images/Item_Detail/1056591.jpg"
"gid://shopify/Product/us-2397","877330","Seat Cushion Premier One 20 W X 18 L X 3 D Inch Foam","Wheelchairs","Drive DeVilbiss Healthcare","92.38","153.99","192.99","61.61","40%","39.00","M8070","https://imgcdn.mckesson.com/CumulusWeb/Images/Item_Detail/877330.jpg"
"gid://shopify/Product/us-2398","648440","Wheelchair Wheel Lock For Wheelchair","Wheelchairs","Invacare","23.73","43.99","54.99","20.26","46%","11.00","A1576","https://imgcdn.mckesson.com/CumulusWeb/Images/Item_Detail/648440.jpg"
"gid://shopify/Product/us-2399","1019708","Wheelchair Scale LCD Display Chrome AC Adapter / Battery Operated","Wheelchairs","WELCH ALLYN INC.","9126.12","12675.99","15844.99","3549.87","28%","3169.00","N/A","https://imgcdn.mckesson.com/CumulusWeb/Images/Item_Detail/1019708_pdet.jpg"
"gid://shopify/Product/us-2400","1224378","Wheelchair Scale Welch Allyn 80 lbs. / 400 kg Capacity Silver AC Power / Battery Operated","Wheelchairs","Welch Allyn","8808.73","12234.99","15293.99","3426.26","28%","3059.00","N/A","https://imgcdn.mckesson.com/CumulusWeb/Images/Item_Detail/1224378_side.JPG"
"gid://shopify/Product/us-2401","1101956","Wheelchair Scale STOW-A-WEIGH® Digital Display 660 lbs. / 300 kg Capacity Chrome AC Adapter / Battery Operated","Wheelchairs","Welch Allyn","7861.05","10918.99","13648.99","3057.94","28%","2730.00","N/A","https://imgcdn.mckesson.com/CumulusWeb/Images/Item_Detail/ImageNotAvailable_gray_.jpg"
"gid://shopify/Product/us-2402","1220238","Wheelchair Scale Welch Allyn LED Display 880 lbs. / 400 kg Capacity Gray Battery Operated","Wheelchairs","Welch Allyn","7752.31","10767.99","13459.99","3015.68","28%","2692.00","N/A","https://imgcdn.mckesson.com/CumulusWeb/Images/Item_Detail/1220238_side.jpg"
"gid://shopify/Product/us-2403","1101943","Wheelchair Scale STOW-A-WEIGH® Digital Display 660 lbs. / 300 kg Capacity Chrome AC Adapter / Battery Operated","Wheelchairs","Welch Allyn","6959.98","9666.99","12083.99","2707.01","28%","2417.00","N/A","https://imgcdn.mckesson.com/CumulusWeb/Images/Item_Detail/1101943_pdet.jpg"
"gid://shopify/Product/us-2404","1030320","Wheelchair Scale Digital Display 880 lbs. / 400 kg Capacity Battery Operated","Wheelchairs","Welch Allyn","6449.80","8958.99","11198.99","2509.19","28%","2240.00","N/A","https://imgcdn.mckesson.com/CumulusWeb/Images/Item_Detail/1030320_front.jpg"
"gid://shopify/Product/us-2405","1011059","Wheelchair Scale Digital Display 880 lbs. / 400 kg Capacity Battery Operated","Wheelchairs","Welch Allyn","5623.91","7810.99","9763.99","2187.08","28%","1953.00","N/A","https://imgcdn.mckesson.com/CumulusWeb/Images/Item_Detail/1011059_pdet.jpg"
"gid://shopify/Product/us-2406","840507","MRI Non-Magnetic Bariatric Wheelchair Gendron™ Dual Axle Full Length Arm Swing-Away Footrest Black Upholstery 26 Inch Seat Width Adult 650 lbs. Weight Capacity","Wheelchairs","Graham-Field","3800.33","5278.99","6598.99","1478.66","28%","1320.00","N/A","https://imgcdn.mckesson.com/CumulusWeb/Images/Item_Detail/840507_right.jpg"
"gid://shopify/Product/us-2407","1289496","Bariatric Reclining Wheelchair Regency XL 2000 - 6800 Series Dual Axle Full Length Arm Elevating Legrest Black Upholstery 28 Inch Seat Width Adult 850 lbs. Weight Capacity","Wheelchairs","Graham-Field","3321.04","4612.99","5766.99","1291.95","28%","1154.00","N/A","https://imgcdn.mckesson.com/CumulusWeb/Images/Item_Detail/1289496_right.jpg"
"gid://shopify/Product/us-2408","847402","Bariatric Reclining Wheelchair Regency XL 2000 Heavy Duty Dual Axle Full Length Arm Swing-Away Elevating Legrest Black Upholstery 34 Inch Seat Width Adult 700 lbs. Weight Capacity","Wheelchairs","Graham-Field","2621.15","3640.99","4551.99","1019.84","28%","911.00","N/A","https://imgcdn.mckesson.com/CumulusWeb/Images/Item_Detail/847402_right.jpg"
"gid://shopify/Product/us-2409","1168558","Bariatric Reclining Wheelchair Regency XL 2000 Heavy Duty Dual Axle Desk Length Arm Elevating Legrest 30 Inch Seat Width Adult 700 lbs. Weight Capacity","Wheelchairs","Graham-Field","2538.81","3526.99","4408.99","988.18","28%","882.00","N/A","https://imgcdn.mckesson.com/CumulusWeb/Images/Item_Detail/1168558_right.jpg"
"gid://shopify/Product/us-2410","1081264","Bariatric Reclining Wheelchair Regency XL 2000 Heavy Duty Dual Axle Desk Length Arm Swing-Away Elevating Legrest Black Upholstery 34 Inch Seat Width Adult 700 lbs. Weight Capacity","Wheelchairs","Graham-Field","2534.09","3519.99","4399.99","985.90","28%","880.00","N/A","https://imgcdn.mckesson.com/CumulusWeb/Images/Item_Detail/1081264_right.jpg"
"gid://shopify/Product/us-2411","847291","Bariatric Reclining Wheelchair Regency XL 2000 Heavy Duty Dual Axle Full Length Arm Swing-Away Elevating Legrest Black Upholstery 34 Inch Seat Width Adult 700 lbs. Weight Capacity","Wheelchairs","Graham-Field","2525.09","3507.99","4384.99","982.90","28%","877.00","N/A","https://imgcdn.mckesson.com/CumulusWeb/Images/Item_Detail/847291_right.jpg"
"gid://shopify/Product/us-2412","767579","Bariatric Reclining Wheelchair Regency XL 2000 Heavy Duty Dual Axle Desk Length Arm Swing-Away Elevating Legrest Black Upholstery 26 Inch Seat Width Adult 700 lbs. Weight Capacity","Wheelchairs","Graham-Field","2465.47","3424.99","4281.99","959.52","28%","857.00","N/A","https://imgcdn.mckesson.com/CumulusWeb/Images/Item_Detail/767579_right.jpg"
"gid://shopify/Product/us-2413","825296","MRI Non-Magnetic Wheelchair Gendron™ Full Length Arm Swing-Away Footrest Black Upholstery 20 Inch Seat Width Adult 350 lbs. Weight Capacity","Wheelchairs","Graham-Field","2432.73","3378.99","4223.99","946.26","28%","845.00","N/A","https://imgcdn.mckesson.com/CumulusWeb/Images/Item_Detail/825296_left.jpg"
"gid://shopify/Product/us-2414","701113","Bariatric Reclining Wheelchair Regency XL 2000 Heavy Duty Dual Axle Full Length Arm Swing-Away Elevating Legrest Black Upholstery 32 Inch Seat Width Adult 700 lbs. Weight Capacity","Wheelchairs","Graham-Field","2378.67","3303.99","4129.99","925.32","28%","826.00","N/A","https://imgcdn.mckesson.com/CumulusWeb/Images/Item_Detail/701113_right.jpg"
"gid://shopify/Product/us-2415","1026437","Bariatric Reclining Wheelchair Regency XL 2000 Heavy Duty Dual Axle Full Length Arm Swing-Away Elevating Legrest Black Upholstery 26 Inch Seat Width Adult 700 lbs. Weight Capacity","Wheelchairs","Graham-Field","2358.39","3275.99","4094.99","917.60","28%","819.00","N/A","https://imgcdn.mckesson.com/CumulusWeb/Images/Item_Detail/1026437_right.jpg"
"gid://shopify/Product/us-2416","1121367","Bariatric Reclining Wheelchair Regency XL 2000 Heavy Duty Dual Axle Full Length Arm Elevating Legrest Black Upholstery 22 Inch Seat Width Adult 700 lbs. Weight Capacity","Wheelchairs","Graham-Field","2310.05","3208.99","4011.99","898.94","28%","803.00","N/A","https://imgcdn.mckesson.com/CumulusWeb/Images/Item_Detail/1121367_right.jpg"
"gid://shopify/Product/us-2417","1095466","Bariatric Reclining Wheelchair Regency XL 2000 Heavy Duty Dual Axle Full Length Arm Swing-Away Elevating Legrest Black Upholstery 24 Inch Seat Width Adult 700 lbs. Weight Capacity","Wheelchairs","Graham-Field","2263.79","3144.99","3931.99","881.20","28%","787.00","N/A","https://imgcdn.mckesson.com/CumulusWeb/Images/Item_Detail/1095466_right.jpg"
"gid://shopify/Product/us-2418","838785","Bariatric Reclining Wheelchair Regency XL 2000 Heavy Duty Dual Axle Full Length Arm Swing-Away Elevating Legrest Black Upholstery 24 Inch Seat Width Adult 700 lbs. Weight Capacity","Wheelchairs","Graham-Field","2223.24","3087.99","3859.99","864.75","28%","772.00","N/A","https://imgcdn.mckesson.com/CumulusWeb/Images/Item_Detail/838785_right.jpg"
"gid://shopify/Product/us-2419","1162940","Bariatric Reclining Wheelchair Regency 525 High Back Desk Length Arm Elevating Legrest 24 Inch Seat Width Adult 850 lbs. Weight Capacity","Wheelchairs","Graham-Field","2127.11","2954.99","3693.99","827.88","28%","739.00","N/A","https://imgcdn.mckesson.com/CumulusWeb/Images/Item_Detail/1162940_right.jpg"
"gid://shopify/Product/us-2420","1159738","Bariatric Reclining Wheelchair Regency 525 High Back Full Length Arm Elevating Legrest 24 Inch Seat Width Adult 525 lbs. Weight Capacity","Wheelchairs","Graham-Field","2094.85","2909.99","3637.99","815.14","28%","728.00","N/A","https://imgcdn.mckesson.com/CumulusWeb/Images/Item_Detail/1159738_right.jpg"
"gid://shopify/Product/us-2421","839938","Bariatric Wheelchair Regency XL 2000 Heavy Duty Dual Axle Full Length Arm Swing-Away Elevating Legrest Black Upholstery 32 Inch Seat Width Adult 700 lbs. Weight Capacity","Wheelchairs","Graham-Field","1990.65","2764.99","3456.99","774.34","28%","692.00","N/A","https://imgcdn.mckesson.com/CumulusWeb/Images/Item_Detail/839938_side.jpg"
"gid://shopify/Product/us-2422","714213","Bariatric Wheelchair Regency XL 2000 Heavy Duty Dual Axle Full Length Arm Swing-Away Elevating Legrest Black Upholstery 34 Inch Seat Width Adult 700 lbs. Weight Capacity","Wheelchairs","Graham-Field","1966.46","2731.99","3414.99","765.53","28%","683.00","N/A","https://imgcdn.mckesson.com/CumulusWeb/Images/Item_Detail/GENDRN_714213.jpg"
"gid://shopify/Product/us-2423","826285","Bariatric Wheelchair Regency XL 2000 Heavy Duty Dual Axle Desk Length Arm Swing-Away Elevating Legrest Black Upholstery 28 Inch Seat Width Adult 700 lbs. Weight Capacity","Wheelchairs","Graham-Field","1948.71","2706.99","3383.99","758.28","28%","677.00","N/A","https://imgcdn.mckesson.com/CumulusWeb/Images/Item_Detail/826285_right.jpg"
"gid://shopify/Product/us-2424","1062022","Bariatric Wheelchair Regency XL 2000 Heavy Duty Dual Axle Desk Length Arm Swing-Away Elevating Legrest Black Upholstery 30 Inch Seat Width Adult 700 lbs. Weight Capacity","Wheelchairs","Graham-Field","1948.71","2706.99","3383.99","758.28","28%","677.00","N/A","https://imgcdn.mckesson.com/CumulusWeb/Images/Item_Detail/1062022_right.jpg"
"gid://shopify/Product/us-2425","1102725","Bariatric Wheelchair Regency XL 2000 Heavy Duty Dual Axle Desk Length Arm Swing-Away Elevating Legrest Black Upholstery 32 Inch Seat Width Adult 700 lbs. Weight Capacity","Wheelchairs","Graham-Field","1919.15","2665.99","3332.99","746.84","28%","667.00","N/A","https://imgcdn.mckesson.com/CumulusWeb/Images/Item_Detail/1102725_right.jpg"
"gid://shopify/Product/us-2426","999903","Bariatric Wheelchair Regency XL 2000 Heavy Duty Dual Axle Desk Length Arm Swing-Away Elevating Legrest Black Upholstery 34 Inch Seat Width Adult 700 lbs. Weight Capacity","Wheelchairs","Graham-Field","1919.15","2665.99","3332.99","746.84","28%","667.00","N/A","https://imgcdn.mckesson.com/CumulusWeb/Images/Item_Detail/999903_right.jpg"
"gid://shopify/Product/us-2427","798171","Bariatric Wheelchair Regency XL 2000 Heavy Duty Dual Axle Full Length Arm Swing-Away Elevating Legrest Black Upholstery 24 Inch Seat Width Adult 700 lbs. Weight Capacity","Wheelchairs","Graham-Field","1914.40","2658.99","3323.99","744.59","28%","665.00","N/A","https://imgcdn.mckesson.com/CumulusWeb/Images/Item_Detail/798171_right.jpg"
"gid://shopify/Product/us-2428","1160249","Bariatric Reclining Wheelchair Regency 450 Desk Length Arm Swing-Away Elevating Legrest Black Upholstery 24 Inch Seat Width Adult 450 lbs. Weight Capacity","Wheelchairs","Graham-Field","1892.12","2627.99","3284.99","735.87","28%","657.00","N/A","https://imgcdn.mckesson.com/CumulusWeb/Images/Item_Detail/1160249_right.jpg"
"gid://shopify/Product/us-2429","1262977","4 Wheel Electric Scooter Ventura 400 lbs. Weight Capacity Red / Blue","Wheelchairs","Drive DeVilbiss Healthcare","1889.62","2624.99","3281.99","735.37","28%","657.00","N/A","https://imgcdn.mckesson.com/CumulusWeb/Images/Item_Detail/1262977_left.jpg"
"gid://shopify/Product/us-2430","1088010","Tilt-In-Space Wheelchair Kanga Dual Axle Desk Length Arm Black Upholstery 18 Inch Seat Width Adult 250 lbs. Weight Capacity","Wheelchairs","Drive DeVilbiss Healthcare","1844.26","2561.99","3202.99","717.73","28%","641.00","N/A","https://imgcdn.mckesson.com/CumulusWeb/Images/Item_Detail/1088010_right.jpg"
"gid://shopify/Product/us-2431","796886","Bariatric Wheelchair 9000 Topaz™ Heavy Duty Dual Axle Black Upholstery 30 Inch Seat Width Adult 700 lbs. Weight Capacity","Wheelchairs","Invacare","1501.20","2084.99","2606.99","583.79","28%","522.00","N/A","https://imgcdn.mckesson.com/CumulusWeb/Images/Item_Detail/796886.jpg"
"gid://shopify/Product/us-2432","1060019","Tilt-In-Space Wheelchair Kanga Dual Axle Black Upholstery 20 Inch Seat Width Adult 250 lbs. Weight Capacity","Wheelchairs","Drive DeVilbiss Healthcare","1494.88","2076.99","2596.99","582.11","28%","520.00","N/A","https://imgcdn.mckesson.com/CumulusWeb/Images/Item_Detail/1060019_right.jpg"
"gid://shopify/Product/us-2433","811693","Bariatric Wheelchair Shuttle Extra Wide Desk Length Arm Elevating Legrest Black Upholstery 26 Inch Seat Width Adult 850 lbs. Weight Capacity","Wheelchairs","Medline","1493.11","2073.99","2592.99","580.88","28%","519.00","N/A","https://imgcdn.mckesson.com/CumulusWeb/Images/Item_Detail/811693.jpg"
"gid://shopify/Product/us-2434","570168","Bariatric Wheelchair Shuttle Extra Wide Desk Length Arm Elevating Legrest Black Upholstery 24 Inch Seat Width Adult 700 lbs. Weight Capacity","Wheelchairs","Medline","1468.75","2039.99","2549.99","571.24","28%","510.00","N/A","https://imgcdn.mckesson.com/CumulusWeb/Images/Item_Detail/570168.jpg"
"gid://shopify/Product/us-2435","1125455","Bariatric Wheelchair Regency XL 2002 Full Length Arm Swing-Away Elevating Legrest Black Upholstery 28 Inch Seat Width Adult 600 lbs. Weight Capacity","Wheelchairs","Graham-Field","1440.78","2001.99","2502.99","561.21","28%","501.00","N/A","https://imgcdn.mckesson.com/CumulusWeb/Images/Item_Detail/1125455_right.jpg"
"gid://shopify/Product/us-2436","570513","Bariatric Wheelchair Shuttle Extra Wide Desk Length Arm Elevating Legrest Black Upholstery 28 Inch Seat Width Adult 850 lbs. Weight Capacity","Wheelchairs","Medline","1379.01","1915.99","2394.99","536.98","28%","479.00","N/A","https://imgcdn.mckesson.com/CumulusWeb/Images/Item_Detail/570513.jpg"
"gid://shopify/Product/us-2437","1265804","Wheelchair Regency 525 Desk Length Arm Swing-Away Footrest Black Upholstery 24 Inch Seat Width Adult 525 lbs. Weight Capacity","Wheelchairs","Graham-Field","1372.33","1906.99","2383.99","534.66","28%","477.00","N/A","https://imgcdn.mckesson.com/CumulusWeb/Images/Item_Detail/1265804_right.jpg"
"gid://shopify/Product/us-2438","511499","Bariatric Wheelchair Regency XL 2002 Full Length Arm Swing-Away Elevating Legrest Black Upholstery 26 Inch Seat Width Adult 600 lbs. Weight Capacity","Wheelchairs","Graham-Field","1344.76","1867.99","2334.99","523.23","28%","467.00","N/A","https://imgcdn.mckesson.com/CumulusWeb/Images/Item_Detail/511499_right.jpg"
"gid://shopify/Product/us-2439","762568","Bariatric Wheelchair Regency XL 2002 Desk Length Arm Swing-Away Elevating Legrest Black Upholstery 24 Inch Seat Width Adult 600 lbs. Weight Capacity","Wheelchairs","Graham-Field","1343.34","1865.99","2332.99","522.65","28%","467.00","N/A","https://imgcdn.mckesson.com/CumulusWeb/Images/Item_Detail/762568_right.jpg"
"gid://shopify/Product/us-2440","784900","Bariatric Wheelchair Regency XL 2002 Full Length Arm Swing-Away Elevating Legrest Black Upholstery 24 Inch Seat Width Adult 600 lbs. Weight Capacity","Wheelchairs","Graham-Field","1324.30","1839.99","2299.99","515.69","28%","460.00","N/A","https://imgcdn.mckesson.com/CumulusWeb/Images/Item_Detail/784900_right.jpg"
"gid://shopify/Product/us-2441","1189952","Bariatric Wheelchair Regency XL 2002 Desk Length Arm Swing-Away Footrest Black Upholstery 28 Inch Seat Width Adult 600 lbs. Weight Capacity","Wheelchairs","Graham-Field","1324.30","1839.99","2299.99","515.69","28%","460.00","N/A","https://imgcdn.mckesson.com/CumulusWeb/Images/Item_Detail/1189952_right.jpg"
"gid://shopify/Product/us-2442","1186101","Bariatric Wheelchair 30 Inch Seat Width Adult","Wheelchairs","Medline","1272.83","1767.99","2209.99","495.16","28%","442.00","N/A","https://imgcdn.mckesson.com/CumulusWeb/Images/Item_Detail/1186101_right.jpg"
"gid://shopify/Product/us-2443","764007","Bariatric Wheelchair Paramount™ XD Heavy Duty Dual Axle Desk Length Arm Elevating Legrest Black Upholstery 26 Inch Seat Width Adult 650 lbs. Weight Capacity","Wheelchairs","Graham-Field","1121.76","1557.99","1947.99","436.23","28%","390.00","N/A","https://imgcdn.mckesson.com/CumulusWeb/Images/Item_Detail/764007.jpg"
"gid://shopify/Product/us-2444","850339","Hospital Cart White","Wheelchairs","Welch Allyn","950.82","1320.99","1651.99","370.17","28%","331.00","N/A","https://imgcdn.mckesson.com/CumulusWeb/Images/Item_Detail/850339.jpg"
"gid://shopify/Product/us-2445","1083265","Commode Chair Gendron Padded Removable Arms Steel Frame Back Bar 30 Inch Seat Width 750 lbs. Weight Capacity","Wheelchairs","Graham-Field","939.30","1304.99","1631.99","365.69","28%","327.00","N/A","https://imgcdn.mckesson.com/CumulusWeb/Images/Item_Detail/1083265_right.jpg"
"gid://shopify/Product/us-2446","1261279","Transport Chair Everest & Jennings® 17-1/2 Inch Seat Width Folding Footrest Steel Frame with Silver Vein Finish","Wheelchairs","Graham-Field","926.32","1286.99","1608.99","360.67","28%","322.00","N/A","https://imgcdn.mckesson.com/CumulusWeb/Images/Item_Detail/1261279_right.jpg"
"gid://shopify/Product/us-2447","1078141","Bariatric Wheelchair drive™ Sentra EC Dual Axle Full Length Arm Elevating Legrest Black Upholstery 26 Inch Seat Width Adult 700 lbs. Weight Capacity","Wheelchairs","Drive DeVilbiss Healthcare","879.97","1222.99","1528.99","343.02","28%","306.00","N/A","https://imgcdn.mckesson.com/CumulusWeb/Images/Item_Detail/1078141_left.jpg"
"gid://shopify/Product/us-2448","1268856","4 Wheel Electric Scooter Scout LT 300 lbs. Weight Capacity Red / Blue","Wheelchairs","Drive DeVilbiss Healthcare","870.55","1209.99","1512.99","339.44","28%","303.00","N/A","https://imgcdn.mckesson.com/CumulusWeb/Images/Item_Detail/1268856_left.jpg"
"gid://shopify/Product/us-2449","1088012","Youth Stroller Chair drive™ Trotter Mobility 14 Inch Seat Width Elevating Legrest Aluminum Frame","Wheelchairs","Drive DeVilbiss Healthcare","862.93","1198.99","1498.99","336.06","28%","300.00","N/A","https://imgcdn.mckesson.com/CumulusWeb/Images/Item_Detail/1088012_left.jpg"
"gid://shopify/Product/us-2450","953332","Bariatric Wheelchair drive™ Sentra EC Heavy Duty Dual Axle Desk Length Arm Swing-Away Footrest Black Upholstery 30 Inch Seat Width Adult 700 lbs. Weight Capacity","Wheelchairs","Drive DeVilbiss Healthcare","837.82","1163.99","1454.99","326.17","28%","291.00","N/A","https://imgcdn.mckesson.com/CumulusWeb/Images/Item_Detail/953332.jpg"
"gid://shopify/Product/us-2451","1106897","Youth Stroller Chair drive™ Trotter Mobility 16 Inch Seat Width Elevating Legrest Aluminum Frame","Wheelchairs","Drive DeVilbiss Healthcare","828.63","1150.99","1438.99","322.36","28%","288.00","N/A","https://imgcdn.mckesson.com/CumulusWeb/Images/Item_Detail/1106897_left.jpg"
"gid://shopify/Product/us-2452","1107247","Youth Stroller Chair drive™ Trotter Mobility 12 Inch Seat Width Elevating Legrest Aluminum Frame","Wheelchairs","Drive DeVilbiss Healthcare","817.36","1135.99","1419.99","318.63","28%","284.00","N/A","https://imgcdn.mckesson.com/CumulusWeb/Images/Item_Detail/1107247_left.jpg"
"gid://shopify/Product/us-2453","1106908","Bariatric Wheelchair drive™ Sentra EC Dual Axle Desk Length Arm Elevating Legrest Black Upholstery 28 Inch Seat Width Adult 700 lbs. Weight Capacity","Wheelchairs","Drive DeVilbiss Healthcare","810.46","1125.99","1407.99","315.53","28%","282.00","N/A","https://imgcdn.mckesson.com/CumulusWeb/Images/Item_Detail/1106908_left.jpg"
"gid://shopify/Product/us-2454","804246","Bariatric Wheelchair drive™ Sentra EC Dual Axle Full Length Arm Black Upholstery 28 Inch Seat Width Adult 700 lbs. Weight Capacity","Wheelchairs","Drive DeVilbiss Healthcare","780.29","1083.99","1354.99","303.70","28%","271.00","N/A","https://imgcdn.mckesson.com/CumulusWeb/Images/Item_Detail/804246.jpg"
"gid://shopify/Product/us-2455","849757","Electrocardiograph Roll Stand Welch Allyn 28 W x 15 H x 38 D Inches White","Wheelchairs","Welch Allyn","764.28","1061.99","1327.99","297.71","28%","266.00","N/A","https://imgcdn.mckesson.com/CumulusWeb/Images/Item_Detail/849757_front.jpg"
"gid://shopify/Product/us-2456","850315","Lightweight Wheelchair drive™ Viper Plus GT Dual Axle Full Length Arm Black Upholstery 16 Inch Seat Width Adult 300 lbs. Weight Capacity","Wheelchairs","Drive DeVilbiss Healthcare","761.48","1057.99","1322.99","296.51","28%","265.00","N/A","https://imgcdn.mckesson.com/CumulusWeb/Images/Item_Detail/850315.jpg"
"gid://shopify/Product/us-2457","1017547","Wheelchair Hand Rail For 6702 Wheelchair Scale","Wheelchairs","Welch Allyn","748.98","1040.99","1301.99","292.01","28%","261.00","N/A","https://imgcdn.mckesson.com/CumulusWeb/Images/Item_Detail/ImageNotAvailable_gray_.jpg"
"gid://shopify/Product/us-2458","850318","Lightweight Wheelchair drive™ Viper Plus GT Dual Axle Full Length Arm Black Upholstery 20 Inch Seat Width Adult 300 lbs. Weight Capacity","Wheelchairs","Drive DeVilbiss Healthcare","746.27","1036.99","1296.99","290.72","28%","260.00","N/A","https://imgcdn.mckesson.com/CumulusWeb/Images/Item_Detail/850318.jpg"
"gid://shopify/Product/us-2459","1015745","Bariatric Wheelchair drive™ Sentra EC Dual Axle Desk Length Arm Elevating Legrest Black Upholstery 26 Inch Seat Width Adult 700 lbs. Weight Capacity","Wheelchairs","Drive DeVilbiss Healthcare","741.86","1030.99","1288.99","289.13","28%","258.00","N/A","https://imgcdn.mckesson.com/CumulusWeb/Images/Item_Detail/1015745_left.jpg"
"gid://shopify/Product/us-2460","960213","Bariatric Wheelchair drive™ Sentra EC Dual Axle Desk Length Arm Swing-Away Footrest Black Upholstery 26 Inch Seat Width Adult 700 lbs. Weight Capacity","Wheelchairs","Drive DeVilbiss Healthcare","732.43","1017.99","1272.99","285.56","28%","255.00","N/A","https://imgcdn.mckesson.com/CumulusWeb/Images/Item_Detail/960213_left.jpg"
"gid://shopify/Product/us-2461","761607","Bariatric Wheelchair drive™ Sentra EC Dual Axle Full Length Arm Black Upholstery 26 Inch Seat Width Adult 700 lbs. Weight Capacity","Wheelchairs","Drive DeVilbiss Healthcare","732.06","1016.99","1271.99","284.93","28%","255.00","N/A","https://imgcdn.mckesson.com/CumulusWeb/Images/Item_Detail/761607.jpg"
"gid://shopify/Product/us-2462","1075608","4 Wheel Rollator drive™ Nitro Elite CF Black Adjustable Height / Lightweight / Folding Carbon Fiber Frame","Wheelchairs","Drive DeVilbiss Healthcare","724.82","1006.99","1258.99","282.17","28%","252.00","N/A","https://imgcdn.mckesson.com/CumulusWeb/Images/Item_Detail/1075608.jpg"
"gid://shopify/Product/us-2463","930672","Bariatric Wheelchair drive™ Sentra EC Heavy Duty Dual Axle Desk Length Arm Black Upholstery 30 Inch Seat Width Adult 700 lbs. Weight Capacity","Wheelchairs","Drive DeVilbiss Healthcare","709.82","985.99","1232.99","276.17","28%","247.00","N/A","https://imgcdn.mckesson.com/CumulusWeb/Images/Item_Detail/930672.jpg"
"gid://shopify/Product/us-2464","804249","Bariatric Wheelchair drive™ Sentra EC Extra Wide Dual Axle Full Length Arm Black Upholstery 30 Inch Seat Width Adult 700 lbs. Weight Capacity","Wheelchairs","Drive DeVilbiss Healthcare","706.00","980.99","1226.99","274.99","28%","246.00","N/A","https://imgcdn.mckesson.com/CumulusWeb/Images/Item_Detail/804249.jpg"
"gid://shopify/Product/us-2465","1138021","Wheelchair drive™ Sentra Heavy Duty Dual Axle Desk Length Arm 28 Inch Seat Width Adult","Wheelchairs","Drive DeVilbiss Healthcare","683.06","948.99","1186.99","265.93","28%","238.00","N/A","https://imgcdn.mckesson.com/CumulusWeb/Images/Item_Detail/1138021_left.jpg"
"gid://shopify/Product/us-2466","850317","Lightweight Wheelchair drive™ Viper Plus GT Dual Axle Desk Length Arm Black Upholstery 20 Inch Seat Width Adult 300 lbs. Weight Capacity","Wheelchairs","Drive DeVilbiss Healthcare","652.51","906.99","1133.99","254.48","28%","227.00","N/A","https://imgcdn.mckesson.com/CumulusWeb/Images/Item_Detail/850317.jpg"
"gid://shopify/Product/us-2467","1267877","Overbed Table Lumex® Non-Tilt Top Gas Cylinder Lift 28 to 44 Inch Height Range","Wheelchairs","Graham-Field","647.31","899.99","1124.99","252.68","28%","225.00","N/A","https://imgcdn.mckesson.com/CumulusWeb/Images/Item_Detail/1267877_side.jpg"
"gid://shopify/Product/us-2468","840711","Lightweight Reclining Wheelchair drive™ Viper Plus GT Dual Axle Full Length Arm Black Upholstery 18 Inch Seat Width Adult 300 lbs. Weight Capacity","Wheelchairs","Drive DeVilbiss Healthcare","640.30","889.99","1112.99","249.69","28%","223.00","N/A","https://imgcdn.mckesson.com/CumulusWeb/Images/Item_Detail/840711.jpg"
"gid://shopify/Product/us-2469","642415","Reclining Wheelchair drive™ Sentra Dual Axle Desk Length Arm Swing-Away Elevating Legrest Black Upholstery 22 Inch Seat Width Adult 450 lbs. Weight Capacity","Wheelchairs","Drive DeVilbiss Healthcare","620.30","861.99","1077.99","241.69","28%","216.00","N/A","https://imgcdn.mckesson.com/CumulusWeb/Images/Item_Detail/642415.jpg"
"gid://shopify/Product/us-2470","826574","Reclining Wheelchair Tracer® SX5 Dual Axle Desk Length Arm Elevating Legrest 16 Inch Seat Width Adult 300 lbs. Weight Capacity","Wheelchairs","Invacare","616.16","855.99","1069.99","239.83","28%","214.00","N/A","https://imgcdn.mckesson.com/CumulusWeb/Images/Item_Detail/826574.jpg"
"gid://shopify/Product/us-2471","642962","Lightweight Wheelchair drive™ Viper Plus Dual Axle Desk Length Arm Black Upholstery 12 Inch Seat Width Pediatric 250 lbs. Weight Capacity","Wheelchairs","Drive DeVilbiss Healthcare","611.77","849.99","1062.99","238.22","28%","213.00","N/A","https://imgcdn.mckesson.com/CumulusWeb/Images/Item_Detail/642962.jpg"
"gid://shopify/Product/us-2472","668643","Bariatric Wheelchair drive™ Sentra EC Dual Axle Desk Length Arm Black Upholstery 26 Inch Seat Width Adult 700 lbs. Weight Capacity","Wheelchairs","Drive DeVilbiss Healthcare","609.77","846.99","1058.99","237.22","28%","212.00","N/A","https://imgcdn.mckesson.com/CumulusWeb/Images/Item_Detail/668643.jpg"
"gid://shopify/Product/us-2473","850316","Lightweight Reclining Wheelchair drive™ Viper Plus GT Dual Axle Desk Length Arm Black Upholstery 18 Inch Seat Width Adult 300 lbs. Weight Capacity","Wheelchairs","Drive DeVilbiss Healthcare","608.48","845.99","1057.99","237.51","28%","212.00","N/A","https://imgcdn.mckesson.com/CumulusWeb/Images/Item_Detail/850316.jpg"
"gid://shopify/Product/us-2474","546509","Bariatric Wheelchair Excel Extra Wide Desk Length Arm Swing-Away Elevating Legrest Navy Upholstery 24 Inch Seat Width Adult 500 lbs. Weight Capacity","Wheelchairs","Medline","590.84","820.99","1026.99","230.15","28%","206.00","N/A","https://imgcdn.mckesson.com/CumulusWeb/Images/Item_Detail/546509.jpg"
"gid://shopify/Product/us-2475","697448","Bariatric Wheelchair Tracer® IV Heavy Duty Dual Axle Desk Length Arm Footrest Midnight Blue Upholstery 24 Inch Seat Width Adult 450 lbs. Weight Capacity","Wheelchairs","Invacare","584.58","811.99","1014.99","227.41","28%","203.00","N/A","https://imgcdn.mckesson.com/CumulusWeb/Images/Item_Detail/697448.jpg"
"gid://shopify/Product/us-2476","826335","Reclining Wheelchair Tracer® SX5 Dual Axle Desk Length Arm Elevating Legrest 18 Inch Seat Width Adult 250 lbs. Weight Capacity","Wheelchairs","Invacare","579.07","804.99","1006.99","225.92","28%","202.00","N/A","https://imgcdn.mckesson.com/CumulusWeb/Images/Item_Detail/826335.jpg"
"gid://shopify/Product/us-2477","1187112","Lightweight Wheelchair drive™ Viper Plus GT Dual Axle Universal Arm Elevating Legrest Black Upholstery 16 Inch Seat Width Adult 300 lbs. Weight Capacity","Wheelchairs","Drive DeVilbiss Healthcare","537.36","746.99","933.99","209.63","28%","187.00","N/A","https://imgcdn.mckesson.com/CumulusWeb/Images/Item_Detail/1187112_left.jpg"
"gid://shopify/Product/us-2478","1214164","Lightweight Wheelchair drive™ Lynx Dual Axle Desk Length Arm Swing-Away Footrest Black Upholstery 16 Inch Seat Width Adult 275 lbs. Weight Capacity","Wheelchairs","Drive DeVilbiss Healthcare","533.70","741.99","927.99","208.29","28%","186.00","N/A","https://imgcdn.mckesson.com/CumulusWeb/Images/Item_Detail/1214164_left.jpg"
"gid://shopify/Product/us-2479","812287","Bariatric Wheelchair Excel Extra Wide Desk Length Arm Navy Upholstery 24 Inch Seat Width Adult 500 lbs. Weight Capacity","Wheelchairs","Medline","529.29","735.99","919.99","206.70","28%","184.00","N/A","https://imgcdn.mckesson.com/CumulusWeb/Images/Item_Detail/812287.jpg"
"gid://shopify/Product/us-2480","1192073","Lightweight Wheelchair drive™ Viper Plus GT Dual Axle Universal Arm Elevating Legrest Black Upholstery 18 Inch Seat Width Adult 300 lbs. Weight Capacity","Wheelchairs","Drive DeVilbiss Healthcare","520.79","723.99","904.99","203.20","28%","181.00","N/A","https://imgcdn.mckesson.com/CumulusWeb/Images/Item_Detail/1192073_left.jpg"
"gid://shopify/Product/us-2481","768974","Bariatric Wheelchair Excel Extra Wide Desk Length Arm Elevating Legrest Navy Upholstery 22 Inch Seat Width Adult 500 lbs. Weight Capacity","Wheelchairs","Medline","515.35","715.99","894.99","200.64","28%","179.00","N/A","https://imgcdn.mckesson.com/CumulusWeb/Images/Item_Detail/768974.jpg"
"gid://shopify/Product/us-2482","875504","Lightweight Wheelchair 9000 XT High Strength Dual Axle Desk Length Arm Black Upholstery 16 Inch Seat Width Adult 250 lbs. Weight Capacity","Wheelchairs","Invacare","498.29","766.99","958.99","268.70","35%","192.00","N/A","https://imgcdn.mckesson.com/CumulusWeb/Images/Item_Detail/875504.jpg"
"gid://shopify/Product/us-2483","733714","Bariatric Wheelchair Excel Extra Wide Desk Length Arm Swing-Away Footrest Navy Upholstery 22 Inch Seat Width Adult 500 lbs. Weight Capacity","Wheelchairs","Medline","496.84","764.99","956.99","268.15","35%","192.00","N/A","https://imgcdn.mckesson.com/CumulusWeb/Images/Item_Detail/733714.jpg"
"gid://shopify/Product/us-2484","1204610","Wheelchair drive™ Viper Plus GT Dual Axle Universal Arm Swing-Away Footrest Deep Green Upholstery 20 Inch Seat Width Adult 300 lbs. Weight Capacity","Wheelchairs","Drive DeVilbiss Healthcare","493.98","759.99","949.99","266.01","35%","190.00","N/A","https://imgcdn.mckesson.com/CumulusWeb/Images/Item_Detail/1204610_left.jpg"
"gid://shopify/Product/us-2485","736447","Bariatric Wheelchair drive™ Sentra Heavy Duty Dual Axle Desk Length Arm Elevating Legrest Black Upholstery 22 Inch Seat Width Adult 500 lbs. Weight Capacity","Wheelchairs","Drive DeVilbiss Healthcare","493.78","759.99","949.99","266.21","35%","190.00","N/A","https://imgcdn.mckesson.com/CumulusWeb/Images/Item_Detail/736447.jpg"
"gid://shopify/Product/us-2486","978316","Transport Chair Freedom Plus Light 22 Inch Seat Width Full Length Arm Elevating Legrest Aluminum Frame","Wheelchairs","Medline","489.14","752.99","941.99","263.85","35%","189.00","N/A","https://imgcdn.mckesson.com/CumulusWeb/Images/Item_Detail/978316.jpg"
"gid://shopify/Product/us-2487","877113","Wheelchair Tracer® IV Dual Axle Full Length Arm Elevating Legrest Midnight Blue Upholstery 24 Inch Seat Width Adult 350 lbs. Weight Capacity","Wheelchairs","Invacare","487.40","749.99","937.99","262.59","35%","188.00","N/A","https://imgcdn.mckesson.com/CumulusWeb/Images/Item_Detail/877113.jpg"
"gid://shopify/Product/us-2488","1100227","Lightweight Wheelchair 9000 XT High Strength Dual Axle Desk Length Arm Black Upholstery 20 Inch Seat Width Adult 250 lbs. Weight Capacity","Wheelchairs","Invacare","486.55","748.99","936.99","262.44","35%","188.00","N/A","https://imgcdn.mckesson.com/CumulusWeb/Images/Item_Detail/1100227.jpg"
"gid://shopify/Product/us-2489","1280014","Lightweight Wheelchair AeroFly™ Ultra-Lite Desk Length Arm Swing-Away Footrest 18 Inch Seat Width Adult 250 lbs. Weight Capacity","Wheelchairs","Drive DeVilbiss Healthcare","482.72","742.99","928.99","260.27","35%","186.00","N/A","https://imgcdn.mckesson.com/CumulusWeb/Images/Item_Detail/1280014_left.jpg"
"gid://shopify/Product/us-2490","1280013","Lightweight Wheelchair AeroFly™ Ultra-Lite Desk Length Arm Swing-Away Footrest Black Upholstery 18 Inch Seat Width Adult 250 lbs. Weight Capacity","Wheelchairs","Drive DeVilbiss Healthcare","482.72","742.99","928.99","260.27","35%","186.00","N/A","https://imgcdn.mckesson.com/CumulusWeb/Images/Item_Detail/1280013_left.jpg"
"gid://shopify/Product/us-2491","1223465","Reclining Wheelchair Dual Axle 18 Inch Seat Width Adult","Wheelchairs","Drive DeVilbiss Healthcare","479.27","737.99","922.99","258.72","35%","185.00","N/A","https://imgcdn.mckesson.com/CumulusWeb/Images/Item_Detail/1223465_left.jpg"
"gid://shopify/Product/us-2492","721954","Bariatric Wheelchair drive™ Sentra Heavy Duty Dual Axle Full Length Arm Elevating Legrest Black Upholstery 24 Inch Seat Width Adult 500 lbs. Weight Capacity","Wheelchairs","Drive DeVilbiss Healthcare","477.80","735.99","919.99","258.19","35%","184.00","N/A","https://imgcdn.mckesson.com/CumulusWeb/Images/Item_Detail/721954.jpg"
"gid://shopify/Product/us-2493","804772","Bariatric Wheelchair drive™ Sentra Heavy Duty Dual Axle Desk Length Arm Swing-Away Footrest Black Upholstery 20 Inch Seat Width Adult 500 lbs. Weight Capacity","Wheelchairs","Drive DeVilbiss Healthcare","473.33","728.99","911.99","255.66","35%","183.00","N/A","https://imgcdn.mckesson.com/CumulusWeb/Images/Item_Detail/804772.jpg"
"gid://shopify/Product/us-2494","831326","Bariatric Wheelchair Tracer® IV Heavy Duty Dual Axle Desk Length Arm Midnight Blue Upholstery 24 Inch Seat Width Adult 450 lbs. Weight Capacity","Wheelchairs","Invacare","471.68","725.99","907.99","254.31","35%","182.00","N/A","https://imgcdn.mckesson.com/CumulusWeb/Images/Item_Detail/831326_right.jpg"
"gid://shopify/Product/us-2495","831325","Bariatric Wheelchair Tracer® IV Heavy Duty Dual Axle Desk Length Arm Midnight Blue Upholstery 22 Inch Seat Width Adult 450 lbs. Weight Capacity","Wheelchairs","Invacare","471.68","725.99","907.99","254.31","35%","182.00","N/A","https://imgcdn.mckesson.com/CumulusWeb/Images/Item_Detail/831325.jpg"
"gid://shopify/Product/us-2496","1107887","Wheelchair Tracer® IV Dual Axle Desk Length Arm Elevating Legrest Midnight Blue Upholstery 22 Inch Seat Width Adult 350 lbs. Weight Capacity","Wheelchairs","Invacare","456.23","701.99","877.99","245.76","35%","176.00","N/A","https://imgcdn.mckesson.com/CumulusWeb/Images/Item_Detail/1107887.jpg"
"gid://shopify/Product/us-2497","1088441","Wheelchair Tracer® IV Dual Axle Desk Length Arm Elevating Legrest Midnight Blue Upholstery 22 Inch Seat Width Adult 350 lbs. Weight Capacity","Wheelchairs","Invacare","456.23","701.99","877.99","245.76","35%","176.00","N/A","https://imgcdn.mckesson.com/CumulusWeb/Images/Item_Detail/1088441.jpg"
"gid://shopify/Product/us-2498","1209442","Wheelchair Dual Axle Desk Length Arm Swing-Away Elevating Legrest Black Upholstery 14 Inch Seat Width Pediatric 250 lbs. Weight Capacity","Wheelchairs","Medline","447.54","688.99","861.99","241.45","35%","173.00","N/A","https://imgcdn.mckesson.com/CumulusWeb/Images/Item_Detail/1209442_left.jpg"
"gid://shopify/Product/us-2499","919025","Wheelchair Tracer® IV Dual Axle Desk Length Arm Footrest Midnight Blue Upholstery 20 Inch Seat Width Adult 350 lbs. Weight Capacity","Wheelchairs","Invacare","444.36","683.99","854.99","239.63","35%","171.00","N/A","https://imgcdn.mckesson.com/CumulusWeb/Images/Item_Detail/919025.jpg"
"gid://shopify/Product/us-2500","866699","Bariatric Wheelchair Traveler® HTC Dual Axle Desk Length Arm Elevating Legrest Black Upholstery 24 Inch Seat Width Adult 500 lbs. Weight Capacity","Wheelchairs","Graham-Field","432.28","665.99","832.99","233.71","35%","167.00","N/A","https://imgcdn.mckesson.com/CumulusWeb/Images/Item_Detail/866699_right.jpg"
"gid://shopify/Product/us-2501","718381","Bariatric Wheelchair drive™ Sentra Heavy Duty Dual Axle Desk Length Arm Swing-Away Footrest Black Upholstery 24 Inch Seat Width Adult 500 lbs. Weight Capacity","Wheelchairs","Drive DeVilbiss Healthcare","423.32","651.99","814.99","228.67","35%","163.00","N/A","https://imgcdn.mckesson.com/CumulusWeb/Images/Item_Detail/718381.jpg"
"gid://shopify/Product/us-2502","866697","Bariatric Wheelchair Traveler® HTC Dual Axle Desk Length Arm Elevating Legrest Black Upholstery 20 Inch Seat Width Adult 500 lbs. Weight Capacity","Wheelchairs","Graham-Field","418.56","643.99","804.99","225.43","35%","161.00","N/A","https://imgcdn.mckesson.com/CumulusWeb/Images/Item_Detail/866697_right.jpg"
"gid://shopify/Product/us-2503","1074880","Wheelchair Wallaby Desk Length Arm Swing-Away Footrest Black Upholstery 14 Inch Seat Width Pediatric 80 lbs. Weight Capacity","Wheelchairs","Drive DeVilbiss Healthcare","416.67","641.99","802.99","225.32","35%","161.00","N/A","https://imgcdn.mckesson.com/CumulusWeb/Images/Item_Detail/1074880.jpg"
"gid://shopify/Product/us-2504","1081351","Bariatric 4 Wheel Rollator drive™ Nitro HD Black Adjustable Height / Lightweight / Folding Aluminum Frame","Wheelchairs","Drive DeVilbiss Healthcare","414.65","637.99","797.99","223.34","35%","160.00","N/A","https://imgcdn.mckesson.com/CumulusWeb/Images/Item_Detail/1081351_left.jpg"
"gid://shopify/Product/us-2505","1239755","Bariatric 4 Wheel Rollator drive™ Nitro HD Black Adjustable Height / Lightweight / Folding Aluminum Frame","Wheelchairs","Drive DeVilbiss Healthcare","407.01","626.99","783.99","219.98","35%","157.00","N/A","https://imgcdn.mckesson.com/CumulusWeb/Images/Item_Detail/1239755_left.jpg"
"gid://shopify/Product/us-2506","804790","Lightweight Wheelchair drive™ Viper Dual Axle Desk Length Arm Swing-Away Elevating Legrest Black Upholstery 14 Inch Seat Width Pediatric 300 lbs. Weight Capacity","Wheelchairs","Drive DeVilbiss Healthcare","401.87","618.99","773.99","217.12","35%","155.00","N/A","https://imgcdn.mckesson.com/CumulusWeb/Images/Item_Detail/804790_1.jpg"
"gid://shopify/Product/us-2507","804789","Lightweight Wheelchair drive™ Viper Dual Axle Desk Length Arm Elevating Legrest Black Upholstery 12 Inch Seat Width Pediatric 300 lbs. Weight Capacity","Wheelchairs","Drive DeVilbiss Healthcare","401.87","618.99","773.99","217.12","35%","155.00","N/A","https://imgcdn.mckesson.com/CumulusWeb/Images/Item_Detail/804789.jpg"
"gid://shopify/Product/us-2508","1110431","Posterior Walker with Wheels and Seat Adjustable Height Nimbo Aluminum Frame 190 lbs. Weight Capacity 28 to 36 Inch Height","Wheelchairs","Drive DeVilbiss Healthcare","396.14","609.99","762.99","213.85","35%","153.00","N/A","https://imgcdn.mckesson.com/CumulusWeb/Images/Item_Detail/1110431.jpg"
"gid://shopify/Product/us-2509","1057547","Posterior Walker with Wheels and Seat Adjustable Height Nimbo Aluminum Frame 190 lbs. Weight Capacity 28 to 36 Inch Height","Wheelchairs","Drive DeVilbiss Healthcare","394.01","606.99","758.99","212.98","35%","152.00","N/A","https://imgcdn.mckesson.com/CumulusWeb/Images/Item_Detail/1057547.jpg"
"gid://shopify/Product/us-2510","734279","Lightweight Wheelchair drive™ Viper Dual Axle Desk Length Arm Swing-Away Footrest Black Upholstery 12 Inch Seat Width Pediatric 250 lbs. Weight Capacity","Wheelchairs","Drive DeVilbiss Healthcare","392.55","603.99","754.99","211.44","35%","151.00","N/A","https://imgcdn.mckesson.com/CumulusWeb/Images/Item_Detail/734279.jpg"
"gid://shopify/Product/us-2511","1181681","Reclining Wheelchair Advantage® Desk Length Arm Elevating Legrest Black Upholstery 22 Inch Seat Width Adult 450 lbs. Weight Capacity","Wheelchairs","Graham-Field","391.94","602.99","753.99","211.05","35%","151.00","N/A","https://imgcdn.mckesson.com/CumulusWeb/Images/Item_Detail/1181681_left.jpg"
"gid://shopify/Product/us-2512","801402","Lightweight Wheelchair drive™ Viper Dual Axle Desk Length Arm Swing-Away Footrest Black Upholstery 14 Inch Seat Width Pediatric 250 lbs. Weight Capacity","Wheelchairs","Drive DeVilbiss Healthcare","390.44","600.99","751.99","210.55","35%","151.00","N/A","https://imgcdn.mckesson.com/CumulusWeb/Images/Item_Detail/801402.jpg"
"gid://shopify/Product/us-2513","1232110","Reclining Wheelchair drive™ Silver Sport Dual Axle Swing-Away Elevating Legrest Black Upholstery 18 Inch Seat Width Adult 300 lbs. Weight Capacity","Wheelchairs","Drive DeVilbiss Healthcare","388.74","598.99","748.99","210.25","35%","150.00","N/A","https://imgcdn.mckesson.com/CumulusWeb/Images/Item_Detail/1232110_left.jpg"
"gid://shopify/Product/us-2514","835544","Reclining Wheelchair Advantage® Desk Length Arm Elevating Legrest Black Upholstery 20 Inch Seat Width Adult 300 lbs. Weight Capacity","Wheelchairs","Graham-Field","385.18","592.99","741.99","207.81","35%","149.00","N/A","https://imgcdn.mckesson.com/CumulusWeb/Images/Item_Detail/835544_left.jpg"
"gid://shopify/Product/us-2515","695557","Wheelchair Legrest For All Gendron Wheelchair","Wheelchairs","Graham-Field","385.18","592.99","741.99","207.81","35%","149.00","N/A","https://imgcdn.mckesson.com/CumulusWeb/Images/Item_Detail/GENDRN_695557.jpg"
"gid://shopify/Product/us-2516","722222","Bariatric Wheelchair drive™ Sentra EC Heavy Duty Dual Axle Full Length Arm Elevating Legrest Black Upholstery 24 Inch Seat Width Adult 450 lbs. Weight Capacity","Wheelchairs","Drive DeVilbiss Healthcare","384.12","590.99","738.99","206.87","35%","148.00","N/A","https://imgcdn.mckesson.com/CumulusWeb/Images/Item_Detail/722222.jpg"
"gid://shopify/Product/us-2517","833100","Transport Chair drive™ 22 Inch Seat Width Full Length Arm Swing-Away Footrest Aluminum Frame with Blue Finish","Wheelchairs","Drive DeVilbiss Healthcare","381.30","586.99","733.99","205.69","35%","147.00","N/A","https://imgcdn.mckesson.com/CumulusWeb/Images/Item_Detail/833100_left.jpg"
"gid://shopify/Product/us-2518","835542","Reclining Wheelchair Advantage® Desk Length Arm Elevating Legrest Black Upholstery 16 Inch Seat Width Adult 300 lbs. Weight Capacity","Wheelchairs","Graham-Field","378.42","582.99","728.99","204.57","35%","146.00","N/A","https://imgcdn.mckesson.com/CumulusWeb/Images/Item_Detail/835542_left.jpg"
"gid://shopify/Product/us-2519","877258","Reclining Wheelchair Advantage® Full Length Arm Elevating Legrest Black Upholstery 18 Inch Seat Width Adult 300 lbs. Weight Capacity","Wheelchairs","Graham-Field","378.42","582.99","728.99","204.57","35%","146.00","N/A","https://imgcdn.mckesson.com/CumulusWeb/Images/Item_Detail/877258_left.jpg"
"gid://shopify/Product/us-2520","835543","Reclining Wheelchair Advantage® Desk Length Arm Elevating Legrest Black Upholstery 18 Inch Seat Width Adult 300 lbs. Weight Capacity","Wheelchairs","Graham-Field","378.42","582.99","728.99","204.57","35%","146.00","N/A","https://imgcdn.mckesson.com/CumulusWeb/Images/Item_Detail/835543_left.jpg"
"gid://shopify/Product/us-2521","1048741","Wheelchair Excel 2000 Extra Wide Dual Axle Desk Length Arm Elevating Legrest Black Upholstery 20 Inch Seat Width Adult 300 lbs. Weight Capacity","Wheelchairs","Medline","373.91","575.99","719.99","202.08","35%","144.00","N/A","https://imgcdn.mckesson.com/CumulusWeb/Images/Item_Detail/1048741.JPG"
"gid://shopify/Product/us-2522","712628","Bariatric Wheelchair drive™ Sentra EC Heavy Duty Dual Axle Full Length Arm Elevating Legrest Black Upholstery 22 Inch Seat Width Adult 450 lbs. Weight Capacity","Wheelchairs","Drive DeVilbiss Healthcare","373.69","574.99","718.99","201.30","35%","144.00","N/A","https://imgcdn.mckesson.com/CumulusWeb/Images/Item_Detail/712628_1.jpg"
"gid://shopify/Product/us-2523","570026","3-in-1 Commode Chair Lumex® Padded Fixed Arms Aluminum Frame Removable Backrest 13-1/2 Inch Seat Width 300 lbs. Weight Capacity","Wheelchairs","Graham-Field","367.78","565.99","707.99","198.21","35%","142.00","N/A","https://imgcdn.mckesson.com/CumulusWeb/Images/Item_Detail/570026_right.jpg"
"gid://shopify/Product/us-2524","363009","Wheelchair Dual Axle Navy Upholstery","Wheelchairs","Medline","364.90","561.99","702.99","197.09","35%","141.00","N/A","https://imgcdn.mckesson.com/CumulusWeb/Images/Item_Detail/363009.jpg"
"gid://shopify/Product/us-2525","1225035","Reclining Wheelchair Dual Axle 16 Inch Seat Width","Wheelchairs","Drive DeVilbiss Healthcare","364.30","560.99","701.99","196.69","35%","141.00","N/A","https://imgcdn.mckesson.com/CumulusWeb/Images/Item_Detail/1225035_left.jpg"
"gid://shopify/Product/us-2526","804746","Bariatric Wheelchair drive™ Sentra EC Heavy Duty Dual Axle Full Length Arm Elevating Legrest Black Upholstery 20 Inch Seat Width Adult 450 lbs. Weight Capacity","Wheelchairs","Drive DeVilbiss Healthcare","360.63","554.99","693.99","194.36","35%","139.00","N/A","https://imgcdn.mckesson.com/CumulusWeb/Images/Item_Detail/804746_left.jpg"
"gid://shopify/Product/us-2527","804753","Bariatric Wheelchair drive™ Sentra EC Heavy Duty Dual Axle Full Length Arm Swing-Away Footrest Black Upholstery 24 Inch Seat Width Adult 450 lbs. Weight Capacity","Wheelchairs","Drive DeVilbiss Healthcare","355.89","547.99","684.99","192.10","35%","137.00","N/A","https://imgcdn.mckesson.com/CumulusWeb/Images/Item_Detail/804753.jpg"
"gid://shopify/Product/us-2528","1029557","Wheelchair Cruiser X4 Dual Axle Desk Length Arm Elevating Legrest Black Upholstery 20 Inch Seat Width Adult 300 lbs. Weight Capacity","Wheelchairs","Drive DeVilbiss Healthcare","352.82","542.99","678.99","190.17","35%","136.00","N/A","https://imgcdn.mckesson.com/CumulusWeb/Images/Item_Detail/1029557_left.jpg"
"gid://shopify/Product/us-2529","1261744","Lightweight Wheelchair drive™ Cruiser III Dual Axle Full Length Arm Swing-Away Elevating Legrest Black Upholstery 20 Inch Seat Width Adult 300 lbs. Weight Capacity","Wheelchairs","Drive DeVilbiss Healthcare","352.82","542.99","678.99","190.17","35%","136.00","N/A","https://imgcdn.mckesson.com/CumulusWeb/Images/Item_Detail/1261744_left.jpg"
"gid://shopify/Product/us-2530","831327","Wheelchair Tracer® IV Dual Axle Full Length Arm Black Upholstery 22 Inch Seat Width Adult 350 lbs. Weight Capacity","Wheelchairs","Invacare","351.39","540.99","676.99","189.60","35%","136.00","N/A","https://imgcdn.mckesson.com/CumulusWeb/Images/Item_Detail/831327.jpg"
"gid://shopify/Product/us-2531","630358","Wheelchair Tracer® IV Dual Axle Desk Length Arm Midnight Blue Upholstery 22 Inch Seat Width Adult 350 lbs. Weight Capacity","Wheelchairs","Invacare","351.39","540.99","676.99","189.60","35%","136.00","N/A","https://imgcdn.mckesson.com/CumulusWeb/Images/Item_Detail/630358.jpg"
"gid://shopify/Product/us-2532","723784","Bariatric Wheelchair Traveler® HD Heavy Duty Dual Axle Desk Length Arm Elevating Legrest Black Upholstery 24 Inch Seat Width Adult 500 lbs. Weight Capacity","Wheelchairs","Graham-Field","351.39","540.99","676.99","189.60","35%","136.00","N/A","https://imgcdn.mckesson.com/CumulusWeb/Images/Item_Detail/723784_right.jpg"
"gid://shopify/Product/us-2533","831320","Wheelchair Tracer® IV Dual Axle Desk Length Arm Midnight Blue Upholstery 20 Inch Seat Width Adult 350 lbs. Weight Capacity","Wheelchairs","Invacare","351.39","540.99","676.99","189.60","35%","136.00","N/A","https://imgcdn.mckesson.com/CumulusWeb/Images/Item_Detail/831320.jpg"
"gid://shopify/Product/us-2534","641550","Wheelchair Tracer® IV Dual Axle Desk Length Arm Midnight Blue Upholstery 24 Inch Seat Width Adult 350 lbs. Weight Capacity","Wheelchairs","Invacare","351.39","540.99","676.99","189.60","35%","136.00","N/A","https://imgcdn.mckesson.com/CumulusWeb/Images/Item_Detail/641550.jpg"
"gid://shopify/Product/us-2535","728184","Bariatric Wheelchair Traveler® HD Heavy Duty Dual Axle Full Length Arm Elevating Legrest Black Upholstery 24 Inch Seat Width Adult 500 lbs. Weight Capacity","Wheelchairs","Graham-Field","351.39","540.99","676.99","189.60","35%","136.00","N/A","https://imgcdn.mckesson.com/CumulusWeb/Images/Item_Detail/728184_left.jpg"
"gid://shopify/Product/us-2536","831322","Wheelchair Tracer® IV Dual Axle Full Length Arm Midnight Blue Upholstery 20 Inch Seat Width Adult 350 lbs. Weight Capacity","Wheelchairs","Invacare","351.39","540.99","676.99","189.60","35%","136.00","N/A","https://imgcdn.mckesson.com/CumulusWeb/Images/Item_Detail/831322.jpg"
"gid://shopify/Product/us-2537","831324","Wheelchair Tracer® IV Dual Axle Full Length Arm Midnight Blue Upholstery 24 Inch Seat Width Adult 350 lbs. Weight Capacity","Wheelchairs","Invacare","351.39","540.99","676.99","189.60","35%","136.00","N/A","https://imgcdn.mckesson.com/CumulusWeb/Images/Item_Detail/831324.jpg"
"gid://shopify/Product/us-2538","535200","Wheelchair Excel 2000 Dual Axle Desk Length Arm Elevating Legrest Black Upholstery 18 Inch Seat Width Adult 300 lbs. Weight Capacity","Wheelchairs","Medline","346.12","532.99","666.99","186.87","35%","134.00","N/A","https://imgcdn.mckesson.com/CumulusWeb/Images/Item_Detail/535200.jpg"
"gid://shopify/Product/us-2539","723759","Bariatric Wheelchair Traveler® HD Heavy Duty Dual Axle Full Length Arm Swing-Away Elevating Legrest Black Upholstery 22 Inch Seat Width Adult 500 lbs. Weight Capacity","Wheelchairs","Graham-Field","344.64","530.99","663.99","186.35","35%","133.00","N/A","https://imgcdn.mckesson.com/CumulusWeb/Images/Item_Detail/723759_right.jpg"
"gid://shopify/Product/us-2540","713485","Bariatric Wheelchair Traveler® HD Heavy Duty Dual Axle Desk Length Arm Elevating Legrest Black Upholstery 22 Inch Seat Width Adult 500 lbs. Weight Capacity","Wheelchairs","Graham-Field","344.64","530.99","663.99","186.35","35%","133.00","N/A","https://imgcdn.mckesson.com/CumulusWeb/Images/Item_Detail/713485_right.jpg"
"gid://shopify/Product/us-2541","729984","Bariatric Wheelchair drive™ Sentra EC Heavy Duty Dual Axle Desk Length Arm Elevating Legrest Black Upholstery 20 Inch Seat Width Adult 450 lbs. Weight Capacity","Wheelchairs","Drive DeVilbiss Healthcare","341.73","525.99","657.99","184.26","35%","132.00","N/A","https://imgcdn.mckesson.com/CumulusWeb/Images/Item_Detail/729984_left.jpg"
"gid://shopify/Product/us-2542","1261742","Lightweight Wheelchair drive™ Cruiser III Triple Axle Full Length Arm Swing-Away Elevating Legrest Black Upholstery 18 Inch Seat Width Adult 300 lbs. Weight Capacity","Wheelchairs","Drive DeVilbiss Healthcare","339.28","521.99","652.99","182.71","35%","131.00","N/A","https://imgcdn.mckesson.com/CumulusWeb/Images/Item_Detail/1261742_left.jpg"
"gid://shopify/Product/us-2543","1019911","Wheelchair Cruiser X4 Dual Axle Desk Length Arm Elevating Legrest Black Upholstery 16 Inch Seat Width Adult 300 lbs. Weight Capacity","Wheelchairs","Drive DeVilbiss Healthcare","337.91","519.99","649.99","182.08","35%","130.00","N/A","https://imgcdn.mckesson.com/CumulusWeb/Images/Item_Detail/1019911_left.jpg"
"gid://shopify/Product/us-2544","739811","Bariatric Wheelchair Traveler® HD Heavy Duty Dual Axle Desk Length Arm Swing-Away Footrest Black Upholstery 24 Inch Seat Width Adult 500 lbs. Weight Capacity","Wheelchairs","Graham-Field","337.88","519.99","649.99","182.11","35%","130.00","N/A","https://imgcdn.mckesson.com/CumulusWeb/Images/Item_Detail/739811_right.jpg"
"gid://shopify/Product/us-2545","920336","Bariatric Wheelchair Traveler® HD Heavy Duty Dual Axle Full Length Arm Fixed Footrest Black Upholstery 24 Inch Seat Width Adult 500 lbs. Weight Capacity","Wheelchairs","Graham-Field","337.88","519.99","649.99","182.11","35%","130.00","N/A","https://imgcdn.mckesson.com/CumulusWeb/Images/Item_Detail/920336.jpg"
"gid://shopify/Product/us-2546","728146","Bariatric Wheelchair Traveler® HD Heavy Duty Dual Axle Desk Length Arm Elevating Legrest Black Upholstery 20 Inch Seat Width Adult 500 lbs. Weight Capacity","Wheelchairs","Graham-Field","337.88","519.99","649.99","182.11","35%","130.00","N/A","https://imgcdn.mckesson.com/CumulusWeb/Images/Item_Detail/728146_left.jpg"
"gid://shopify/Product/us-2547","1261743","Lightweight Wheelchair drive™ Cruiser III Triple Axle Full Length Arm Swing-Away Elevating Legrest Black Upholstery 18 Inch Seat Width Adult 300 lbs. Weight Capacity","Wheelchairs","Drive DeVilbiss Healthcare","337.52","519.99","649.99","182.47","35%","130.00","N/A","https://imgcdn.mckesson.com/CumulusWeb/Images/Item_Detail/1261743_left.jpg"
"gid://shopify/Product/us-2548","1062878","Wheelchair Cruiser X4 Dual Axle Desk Length Arm Swing-Away Footrest Black Upholstery 20 Inch Seat Width Adult 300 lbs. Weight Capacity","Wheelchairs","Drive DeVilbiss Healthcare","335.43","516.99","646.99","181.56","35%","130.00","N/A","https://imgcdn.mckesson.com/CumulusWeb/Images/Item_Detail/1062878_left.jpg"
"gid://shopify/Product/us-2549","1134931","4 Wheel Rollator / Transport Chair drive™ Nitro Duet Red Adjustable Height / Transport / Folding Aluminum Frame","Wheelchairs","Drive DeVilbiss Healthcare","334.50","514.99","643.99","180.49","35%","129.00","N/A","https://imgcdn.mckesson.com/CumulusWeb/Images/Item_Detail/1134931_left.jpg"
"gid://shopify/Product/us-2550","1056756","Wheelchair Cruiser X4 Dual Axle Desk Length Arm Swing-Away Footrest Black Upholstery 18 Inch Seat Width Adult 300 lbs. Weight Capacity","Wheelchairs","Drive DeVilbiss Healthcare","333.34","512.99","641.99","179.65","35%","129.00","N/A","https://imgcdn.mckesson.com/CumulusWeb/Images/Item_Detail/1056756_left.jpg"
"gid://shopify/Product/us-2551","733135","Bariatric Wheelchair Traveler® HD Heavy Duty Dual Axle Full Length Arm Swing-Away Footrest Black Upholstery 22 Inch Seat Width Adult 500 lbs. Weight Capacity","Wheelchairs","Graham-Field","331.12","509.99","637.99","178.87","35%","128.00","N/A","https://imgcdn.mckesson.com/CumulusWeb/Images/Item_Detail/733135_right.jpg"
"gid://shopify/Product/us-2552","771302","Bariatric Wheelchair Traveler® HD Heavy Duty Dual Axle Desk Length Arm Swing-Away Footrest Black Upholstery 22 Inch Seat Width Adult 500 lbs. Weight Capacity","Wheelchairs","Graham-Field","331.12","509.99","637.99","178.87","35%","128.00","N/A","https://imgcdn.mckesson.com/CumulusWeb/Images/Item_Detail/771302_right.jpg"
"gid://shopify/Product/us-2553","1132035","Wheelchair Cruiser X4 Dual Axle Full Length Arm Swing-Away Footrest Black Upholstery 16 Inch Seat Width Adult 300 lbs. Weight Capacity","Wheelchairs","Drive DeVilbiss Healthcare","329.76","507.99","634.99","178.23","35%","127.00","N/A","https://imgcdn.mckesson.com/CumulusWeb/Images/Item_Detail/1132035_left.jpg"
"gid://shopify/Product/us-2554","705208","Wheelchair drive™ Infinity Dual Axle Desk Length Arm Swing-Away Footrest Black Upholstery 16 Inch Seat Width Adult 300 lbs. Weight Capacity","Wheelchairs","Drive DeVilbiss Healthcare","327.99","504.99","631.99","177.00","35%","127.00","N/A","https://imgcdn.mckesson.com/CumulusWeb/Images/Item_Detail/705208_1.jpg"
"gid://shopify/Product/us-2555","829545","Wheelchair Tracer® EX2 Dual Axle Desk Length Arm 16 Inch Seat Width Adult 250 lbs. Weight Capacity","Wheelchairs","Invacare","326.15","501.99","627.99","175.84","35%","126.00","N/A","https://imgcdn.mckesson.com/CumulusWeb/Images/Item_Detail/829545.jpg"
"gid://shopify/Product/us-2556","713972","Bariatric Wheelchair drive™ Sentra EC Heavy Duty Dual Axle Full Length Arm Swing-Away Footrest Black Upholstery 20 Inch Seat Width Adult 450 lbs. Weight Capacity","Wheelchairs","Drive DeVilbiss Healthcare","325.37","500.99","626.99","175.62","35%","126.00","N/A","https://imgcdn.mckesson.com/CumulusWeb/Images/Item_Detail/713972_left.jpg"
"gid://shopify/Product/us-2557","769425","Bariatric Wheelchair Traveler® HD Heavy Duty Dual Axle Desk Length Arm Swing-Away Footrest Black Upholstery 20 Inch Seat Width Adult 500 lbs. Weight Capacity","Wheelchairs","Graham-Field","324.36","499.99","624.99","175.63","35%","125.00","N/A","https://imgcdn.mckesson.com/CumulusWeb/Images/Item_Detail/769425_right.jpg"
"gid://shopify/Product/us-2558","733713","Wheelchair Excel 2000 Dual Axle Full Length Arm Swing-Away Footrest Black Upholstery 18 Inch Seat Width Adult 300 lbs. Weight Capacity","Wheelchairs","Medline","320.89","493.99","617.99","173.10","35%","124.00","N/A","https://imgcdn.mckesson.com/CumulusWeb/Images/Item_Detail/733713.jpg"
"gid://shopify/Product/us-2559","1042696","4 Wheel Rollator drive™ Nitro DLX Champagne Adjustable Height / Lightweight / Folding Aluminum Frame","Wheelchairs","Drive DeVilbiss Healthcare","316.66","487.99","609.99","171.33","35%","122.00","N/A","https://imgcdn.mckesson.com/CumulusWeb/Images/Item_Detail/1042696.jpg"
"gid://shopify/Product/us-2560","1151609","4 Wheel Rollator drive™ Nitro DLX Blue Adjustable Height / Lightweight / Folding Aluminum Frame","Wheelchairs","Drive DeVilbiss Healthcare","316.66","487.99","609.99","171.33","35%","122.00","N/A","https://imgcdn.mckesson.com/CumulusWeb/Images/Item_Detail/1151609_left.jpg"
"gid://shopify/Product/us-2561","1149472","Transport Chair Everest & Jennings® Bariatric 24 Inch Seat Width Desk Length Arm Swing-Away Footrest Aluminum Frame","Wheelchairs","Graham-Field","315.64","485.99","607.99","170.35","35%","122.00","N/A","https://imgcdn.mckesson.com/CumulusWeb/Images/Item_Detail/1149472_left.jpg"
"gid://shopify/Product/us-2562","726886","Bariatric Wheelchair drive™ Sentra EC Heavy Duty Dual Axle Desk Length Arm Swing-Away Footrest Black Upholstery 20 Inch Seat Width Adult 450 lbs. Weight Capacity","Wheelchairs","Drive DeVilbiss Healthcare","308.54","474.99","593.99","166.45","35%","119.00","N/A","https://imgcdn.mckesson.com/CumulusWeb/Images/Item_Detail/726886_left.jpg"
"gid://shopify/Product/us-2563","1239756","4 Wheel Rollator drive™ Nitro Sprint Tall Black Folding Aluminum Frame","Wheelchairs","Drive DeVilbiss Healthcare","302.92","466.99","583.99","164.07","35%","117.00","N/A","https://imgcdn.mckesson.com/CumulusWeb/Images/Item_Detail/1239756_right.jpg"
"gid://shopify/Product/us-2564","682379","Transport Chair drive™ 22 Inch Seat Width Desk Length Arm Swing-Away Footrest Steel Frame with Red Finish","Wheelchairs","Drive DeVilbiss Healthcare","294.68","453.99","567.99","159.31","35%","114.00","N/A","https://imgcdn.mckesson.com/CumulusWeb/Images/Item_Detail/682379_1.jpg"
"gid://shopify/Product/us-2565","804788","Transport Chair drive™ 22 Inch Seat Width Desk Length Arm Swing-Away Footrest Steel Frame with Blue Finish","Wheelchairs","Drive DeVilbiss Healthcare","291.77","448.99","561.99","157.22","35%","113.00","N/A","https://imgcdn.mckesson.com/CumulusWeb/Images/Item_Detail/804788_1.jpg"
"gid://shopify/Product/us-2566","1239758","4 Wheel Rollator drive™ Nitro Sprint Hemi Blue Folding Aluminum Frame","Wheelchairs","Drive DeVilbiss Healthcare","291.75","448.99","561.99","157.24","35%","113.00","N/A","https://imgcdn.mckesson.com/CumulusWeb/Images/Item_Detail/1239758_left.jpg"
"gid://shopify/Product/us-2567","1239761","4 Wheel Rollator drive™ Nitro Sprint Hemi Red Folding Aluminum Frame","Wheelchairs","Drive DeVilbiss Healthcare","291.75","448.99","561.99","157.24","35%","113.00","N/A","https://imgcdn.mckesson.com/CumulusWeb/Images/Item_Detail/1239761_left.jpg"
"gid://shopify/Product/us-2568","1113849","Posterior Walker with Wheels Adjustable Height Nimbo Aluminum Frame 190 lbs. Weight Capacity 28 to 36 Inch Height","Wheelchairs","Drive DeVilbiss Healthcare","289.37","445.99","557.99","156.62","35%","112.00","N/A","https://imgcdn.mckesson.com/CumulusWeb/Images/Item_Detail/1113849_left.jpg"
"gid://shopify/Product/us-2569","949999","4 Wheel Rollator drive™ Nitro Black Adjustable Height / Tall / Folding Aluminum Frame","Wheelchairs","Drive DeVilbiss Healthcare","289.14","444.99","556.99","155.85","35%","112.00","N/A","https://imgcdn.mckesson.com/CumulusWeb/Images/Item_Detail/949999.jpg"
"gid://shopify/Product/us-2570","949918","4 Wheel Rollator drive™ Nitro Red Adjustable Height / Tall / Folding Aluminum Frame","Wheelchairs","Drive DeVilbiss Healthcare","288.35","443.99","554.99","155.64","35%","111.00","N/A","https://imgcdn.mckesson.com/CumulusWeb/Images/Item_Detail/949918_left.jpg"
"gid://shopify/Product/us-2571","817342","Overbed Table Invacare Non-Tilt Top 29 to 46-1/2 Inch Height Range","Wheelchairs","Invacare","288.30","443.99","554.99","155.69","35%","111.00","N/A","https://imgcdn.mckesson.com/CumulusWeb/Images/Item_Detail/817342.JPG"
"gid://shopify/Product/us-2572","943224","Wheelchair Tracer® IV Dual Axle Desk Length Arm Midnight Blue Upholstery 22 Inch Seat Width Adult 350 lbs. Weight Capacity","Wheelchairs","Invacare","287.87","442.99","553.99","155.12","35%","111.00","N/A","https://imgcdn.mckesson.com/CumulusWeb/Images/Item_Detail/943224.jpg"
"gid://shopify/Product/us-2573","585636","Lightweight Wheelchair drive™ Poly-Fly Desk Length Arm Swing-Away Footrest Black Upholstery 20 Inch Seat Width Adult 250 lbs. Weight Capacity","Wheelchairs","Drive DeVilbiss Healthcare","287.72","442.99","553.99","155.27","35%","111.00","N/A","https://imgcdn.mckesson.com/CumulusWeb/Images/Item_Detail/585636.jpg"
"gid://shopify/Product/us-2574","1230858","Transport Chair drive™ 19 Inch Seat Width Full Length Arm Swing-Away Footrest Aluminum Frame","Wheelchairs","Drive DeVilbiss Healthcare","287.02","441.99","552.99","154.97","35%","111.00","N/A","https://imgcdn.mckesson.com/CumulusWeb/Images/Item_Detail/1230858_front.jpg"
"gid://shopify/Product/us-2575","588008","Commode Chair drive™ Padded Drop Arms Steel Frame Back Bar 14 Inch Seat Width 300 lbs. Weight Capacity","Wheelchairs","Drive DeVilbiss Healthcare","286.56","440.99","551.99","154.43","35%","111.00","N/A","https://imgcdn.mckesson.com/CumulusWeb/Images/Item_Detail/588008.jpg"
"gid://shopify/Product/us-2576","995514","Seat Cushion Balanced Aire™ 20 W X 18 L X 4 D Inch Air Cells","Wheelchairs","Drive DeVilbiss Healthcare","285.08","438.99","548.99","153.91","35%","110.00","N/A","https://imgcdn.mckesson.com/CumulusWeb/Images/Item_Detail/995514.jpg"
"gid://shopify/Product/us-2577","980577","4 Wheel Rollator drive™ Nitro Hemi Black Adjustable Height / Folding Aluminum Frame","Wheelchairs","Drive DeVilbiss Healthcare","285.01","438.99","548.99","153.98","35%","110.00","N/A","https://imgcdn.mckesson.com/CumulusWeb/Images/Item_Detail/980577.jpg"
"gid://shopify/Product/us-2578","583470","Lightweight Wheelchair drive™ Poly-Fly Desk Length Arm Swing-Away Footrest Black Upholstery 18 Inch Seat Width Adult 250 lbs. Weight Capacity","Wheelchairs","Drive DeVilbiss Healthcare","284.71","438.99","548.99","154.28","35%","110.00","N/A","https://imgcdn.mckesson.com/CumulusWeb/Images/Item_Detail/583470_left.jpg"
"gid://shopify/Product/us-2579","944494","Lightweight Wheelchair Tracer® SX5 Dual Axle Full Length Arm 20 Inch Seat Width Adult 300 lbs. Weight Capacity","Wheelchairs","Invacare","283.82","436.99","546.99","153.17","35%","110.00","N/A","https://imgcdn.mckesson.com/CumulusWeb/Images/Item_Detail/944494_left.jpg"
"gid://shopify/Product/us-2580","876359","Lightweight Wheelchair Tracer® SX5 Dual Axle Desk Length Arm 22 Inch Seat Width Adult 300 lbs. Weight Capacity","Wheelchairs","Invacare","283.82","436.99","546.99","153.17","35%","110.00","N/A","https://imgcdn.mckesson.com/CumulusWeb/Images/Item_Detail/876359_left.jpg"
"gid://shopify/Product/us-2581","1016584","Lightweight Wheelchair Tracer® SX5 Dual Axle Full Length Arm 18 Inch Seat Width Adult 250 lbs. Weight Capacity","Wheelchairs","Invacare","283.82","436.99","546.99","153.17","35%","110.00","N/A","https://imgcdn.mckesson.com/CumulusWeb/Images/Item_Detail/1016584_left.jpg"
"gid://shopify/Product/us-2582","989645","Lightweight Wheelchair Tracer® SX5 Dual Axle Desk Length Arm 20 Inch Seat Width Adult 300 lbs. Weight Capacity","Wheelchairs","Invacare","283.82","436.99","546.99","153.17","35%","110.00","N/A","https://imgcdn.mckesson.com/CumulusWeb/Images/Item_Detail/989645_left.jpg"
"gid://shopify/Product/us-2583","1065649","Wheelchair Excel 2000 Dual Axle Full Length Arm Footrest / Fixed Height Black Upholstery 18 Inch Seat Width Adult 300 lbs. Weight Capacity","Wheelchairs","Medline","279.70","430.99","538.99","151.29","35%","108.00","N/A","https://imgcdn.mckesson.com/CumulusWeb/Images/Item_Detail/1065649.jpg"
"gid://shopify/Product/us-2584","1186928","Seat Cushion drive™ 18 W X 18 L X 3D Inch Foam","Wheelchairs","Drive DeVilbiss Healthcare","278.69","428.99","536.99","150.30","35%","108.00","N/A","https://imgcdn.mckesson.com/CumulusWeb/Images/Item_Detail/1186928_right.jpg"
"gid://shopify/Product/us-2585","974623","Seat Cushion Balanced Aire™ 18 W X 18 L X 4 D Inch Air Cells","Wheelchairs","Drive DeVilbiss Healthcare","274.59","422.99","528.99","148.40","35%","106.00","N/A","https://imgcdn.mckesson.com/CumulusWeb/Images/Item_Detail/974623.jpg"
"gid://shopify/Product/us-2586","746858","Wheelchair Ramps drive™ For Wheelchair","Wheelchairs","Drive DeVilbiss Healthcare","269.88","415.99","519.99","146.11","35%","104.00","N/A","https://imgcdn.mckesson.com/CumulusWeb/Images/Item_Detail/746858_1.jpg"
"gid://shopify/Product/us-2587","826419","Seat Cushion Balanced Aire™ 20 W X 16 L X 2 D Inch Air Cells","Wheelchairs","Drive DeVilbiss Healthcare","265.56","408.99","511.99","143.43","35%","103.00","N/A","https://imgcdn.mckesson.com/CumulusWeb/Images/Item_Detail/826419.jpg"
"gid://shopify/Product/us-2588","960516","Bath Chair Otter Without Arms Plastic Frame Reclining Backrest 14-1/2 Inch Seat Width 60 lbs. Weight Capacity","Wheelchairs","Drive DeVilbiss Healthcare","264.67","407.99","509.99","143.32","35%","102.00","N/A","https://imgcdn.mckesson.com/CumulusWeb/Images/Item_Detail/960516.jpg"
"gid://shopify/Product/us-2589","1239753","4 Wheel Rollator drive™ Nitro Sprint Black Folding Aluminum Frame","Wheelchairs","Drive DeVilbiss Healthcare","264.33","406.99","508.99","142.66","35%","102.00","N/A","https://imgcdn.mckesson.com/CumulusWeb/Images/Item_Detail/1239753_right.jpg"
"gid://shopify/Product/us-2590","934056","Bed Mattress Gravity™ 9 Pressure Redistribution Type 6 H X 36 W X 76 L Inch","Wheelchairs","Drive DeVilbiss Healthcare","261.92","402.99","503.99","141.07","35%","101.00","N/A","https://imgcdn.mckesson.com/CumulusWeb/Images/Item_Detail/934056_left.jpg"
"gid://shopify/Product/us-2591","515034","Dual Release Folding Walker with Wheels Adjustable Height Lumex® Aluminum Frame 300 lbs. Weight Capacity 34-1/2 to 41-1/2 Inch Height","Wheelchairs","Graham-Field","256.79","395.99","494.99","139.20","35%","99.00","N/A","https://imgcdn.mckesson.com/CumulusWeb/Images/Item_Detail/515034_right.jpg"
"gid://shopify/Product/us-2592","826417","Seat Cushion Balanced Aire™ 18 W X 16 L X 2 D Inch Air Cells","Wheelchairs","Drive DeVilbiss Healthcare","251.83","387.99","484.99","136.16","35%","97.00","N/A","https://imgcdn.mckesson.com/CumulusWeb/Images/Item_Detail/826417.jpg"
"gid://shopify/Product/us-2593","733004","Transport Chair Super Light 18 Inch Seat Width Desk Length Arm Elevating Legrest Aluminum Frame","Wheelchairs","Drive DeVilbiss Healthcare","250.54","385.99","482.99","135.45","35%","97.00","N/A","https://imgcdn.mckesson.com/CumulusWeb/Images/Item_Detail/733004_left.jpg"
"gid://shopify/Product/us-2594","978319","Transport Chair 18 Inch Seat Width Full Length Arm Swing-Away Footrest Aluminum Frame with Red Finish","Wheelchairs","Medline","250.35","385.99","482.99","135.64","35%","97.00","N/A","https://imgcdn.mckesson.com/CumulusWeb/Images/Item_Detail/978319.jpg"
"gid://shopify/Product/us-2595","1050242","Posterior Walker with Wheels Adjustable Height Nimbo Aluminum Frame 85 lbs. Weight Capacity 19 to 25 Inch Height","Wheelchairs","Drive DeVilbiss Healthcare","243.80","375.99","469.99","132.19","35%","94.00","N/A","https://imgcdn.mckesson.com/CumulusWeb/Images/Item_Detail/1050242.jpg"
"gid://shopify/Product/us-2596","876636","Wheelchair / Scooter Ramp drive™ For Wheelchair","Wheelchairs","Drive DeVilbiss Healthcare","238.84","367.99","459.99","129.15","35%","92.00","N/A","https://imgcdn.mckesson.com/CumulusWeb/Images/Item_Detail/876636_1.jpg"
"gid://shopify/Product/us-2597","652387","Transport Chair drive™ 20 Inch Seat Width Desk Length Arm Swing-Away Footrest Steel Frame with Blue Finish","Wheelchairs","Drive DeVilbiss Healthcare","238.58","367.99","459.99","129.41","35%","92.00","N/A","https://imgcdn.mckesson.com/CumulusWeb/Images/Item_Detail/652387_left.jpg"
"gid://shopify/Product/us-2598","805046","Transport Chair drive™ 20 Inch Seat Width Desk Length Arm Swing-Away Footrest Steel Frame with Blue Finish","Wheelchairs","Drive DeVilbiss Healthcare","237.30","365.99","457.99","128.69","35%","92.00","N/A","https://imgcdn.mckesson.com/CumulusWeb/Images/Item_Detail/805046_left.jpg"
"gid://shopify/Product/us-2599","470513","3-in-1 Commode Chair Lumex® Fixed Arms Aluminum Frame Back Bar 14 Inch Seat Width 400 lbs. Weight Capacity","Wheelchairs","Graham-Field","235.57","362.99","453.99","127.42","35%","91.00","N/A","https://imgcdn.mckesson.com/CumulusWeb/Images/Item_Detail/470513_left.jpg"
"gid://shopify/Product/us-2600","1065443","Seat Cushion BioFit 20 W X 20 L Inch Foam","Wheelchairs","Drive DeVilbiss Healthcare","232.06","357.99","447.99","125.93","35%","90.00","N/A","https://imgcdn.mckesson.com/CumulusWeb/Images/Item_Detail/1065443_right.jpg"
"gid://shopify/Product/us-2601","826418","Seat Cushion Balanced Aire™ 20 W X 16 L X 4 D Inch Air Cells","Wheelchairs","Drive DeVilbiss Healthcare","231.81","356.99","446.99","125.18","35%","90.00","N/A","https://imgcdn.mckesson.com/CumulusWeb/Images/Item_Detail/826418_left.jpg"
"gid://shopify/Product/us-2602","884260","Wheelchair Tracer® EX2 Dual Axle Full Length Arm 20 Inch Seat Width Adult 250 lbs. Weight Capacity","Wheelchairs","Invacare","229.76","353.99","442.99","124.23","35%","89.00","N/A","https://imgcdn.mckesson.com/CumulusWeb/Images/Item_Detail/884260.jpg"
"gid://shopify/Product/us-2603","831422","Wheelchair Tracer® EX2 Dual Axle Desk Length Arm Midnight Blue Upholstery 20 Inch Seat Width Adult 250 lbs. Weight Capacity","Wheelchairs","Invacare","229.76","353.99","442.99","124.23","35%","89.00","N/A","https://imgcdn.mckesson.com/CumulusWeb/Images/Item_Detail/831422.jpg"
"gid://shopify/Product/us-2604","831421","Wheelchair Tracer® EX2 Dual Axle Desk Length Arm Midnight Blue Upholstery 18 Inch Seat Width Adult 250 lbs. Weight Capacity","Wheelchairs","Invacare","229.76","353.99","442.99","124.23","35%","89.00","N/A","https://imgcdn.mckesson.com/CumulusWeb/Images/Item_Detail/831421.jpg"
"gid://shopify/Product/us-2605","831418","Wheelchair Tracer® EX2 Dual Axle Full Length Arm Midnight Blue Upholstery 16 Inch Seat Width Adult 250 lbs. Weight Capacity","Wheelchairs","Invacare","229.76","353.99","442.99","124.23","35%","89.00","N/A","https://imgcdn.mckesson.com/CumulusWeb/Images/Item_Detail/831418.jpg"
"gid://shopify/Product/us-2606","831420","Wheelchair Tracer® EX2 Dual Axle Full Length Arm Midnight Blue Upholstery 18 Inch Seat Width Adult 250 lbs. Weight Capacity","Wheelchairs","Invacare","229.76","353.99","442.99","124.23","35%","89.00","N/A","https://imgcdn.mckesson.com/CumulusWeb/Images/Item_Detail/831420.jpg"
"gid://shopify/Product/us-2607","458028","3-in-1 Commode Chair Guardian® Easy Care™ Fixed Arms Steel Frame Back Bar 19 Inch Seat Width 350 lbs. Weight Capacity","Wheelchairs","Medline","228.37","351.99","439.99","123.62","35%","88.00","N/A","https://imgcdn.mckesson.com/CumulusWeb/Images/Item_Detail/458028_left.jpg"
"gid://shopify/Product/us-2608","831419","Wheelchair Tracer® EX2 Dual Axle Desk Length Arm Midnight Blue Upholstery 16 Inch Seat Width Adult 250 lbs. Weight Capacity","Wheelchairs","Invacare","223.00","343.99","429.99","120.99","35%","86.00","N/A","https://imgcdn.mckesson.com/CumulusWeb/Images/Item_Detail/831419.jpg"
"gid://shopify/Product/us-2609","1219801","4 Wheel Rollator drive™ Upright Walker Blue Adjustable Height Aluminum Frame","Wheelchairs","Drive DeVilbiss Healthcare","220.68","339.99","424.99","119.31","35%","85.00","N/A","https://imgcdn.mckesson.com/CumulusWeb/Images/Item_Detail/1219801_left.jpg"
"gid://shopify/Product/us-2610","961134","Overbed Table with Vanity Drive™ Non-Tilt Top Spring Assisted Lift 28 to 45 Inch Height Range","Wheelchairs","Drive DeVilbiss Healthcare","219.42","337.99","422.99","118.57","35%","85.00","N/A","https://imgcdn.mckesson.com/CumulusWeb/Images/Item_Detail/961134.jpg"
"gid://shopify/Product/us-2611","826414","Seat Cushion Balanced Aire™ 16 W X 16 L X 4 D Inch Air Cells","Wheelchairs","Drive DeVilbiss Healthcare","218.76","336.99","421.99","118.23","35%","85.00","N/A","https://imgcdn.mckesson.com/CumulusWeb/Images/Item_Detail/826414.jpg"
"gid://shopify/Product/us-2612","1280012","4 Wheel Rollator AeroWalk™ Ultra-Lite White Aluminum Frame","Wheelchairs","Drive DeVilbiss Healthcare","217.68","334.99","418.99","117.31","35%","84.00","N/A","https://imgcdn.mckesson.com/CumulusWeb/Images/Item_Detail/1280012_left.jpg"
"gid://shopify/Product/us-2613","706911","Lightweight Wheelchair drive™ Cruiser III Dual Axle Full Length Arm Elevating Legrest Black Upholstery 16 Inch Seat Width Adult 300 lbs. Weight Capacity","Wheelchairs","Drive DeVilbiss Healthcare","215.55","331.99","414.99","116.44","35%","83.00","N/A","https://imgcdn.mckesson.com/CumulusWeb/Images/Item_Detail/706911_1.jpg"
"gid://shopify/Product/us-2614","651363","Seat Cushion Bari-Gel™ 30 W X 2 L X 3 D Inch Foam / Gel","Wheelchairs","Skil-Care","214.69","330.99","413.99","116.30","35%","83.00","N/A","https://imgcdn.mckesson.com/CumulusWeb/Images/Item_Detail/651363_plineart.jpg"
"gid://shopify/Product/us-2615","1280011","4 Wheel Rollator AeroWalk™ Ultra-Lite Blue Aluminum Frame","Wheelchairs","Drive DeVilbiss Healthcare","214.08","329.99","412.99","115.91","35%","83.00","N/A","https://imgcdn.mckesson.com/CumulusWeb/Images/Item_Detail/1280011_left.jpg"
"gid://shopify/Product/us-2616","972350","Wheelchair One Arm Drive For Viper Plus GT Wheelchair with Flip Back Removable Adjustable Arm","Wheelchairs","Drive DeVilbiss Healthcare","211.54","325.99","407.99","114.45","35%","82.00","N/A","https://imgcdn.mckesson.com/CumulusWeb/Images/Item_Detail/972350_pdet.jpg"
"gid://shopify/Product/us-2617","829667","Lightweight Wheelchair Rebel Dual Axle Desk Length Arm Swing-Away Footrest Black Upholstery 18 Inch Seat Width Adult 300 lbs. Weight Capacity","Wheelchairs","Drive DeVilbiss Healthcare","210.78","324.99","406.99","114.21","35%","82.00","N/A","https://imgcdn.mckesson.com/CumulusWeb/Images/Item_Detail/829667.jpg"
"gid://shopify/Product/us-2618","1280010","4 Wheel Rollator AeroWalk™ Ultra-Lite Gray Aluminum Frame","Wheelchairs","Drive DeVilbiss Healthcare","210.29","323.99","404.99","113.70","35%","81.00","N/A","https://imgcdn.mckesson.com/CumulusWeb/Images/Item_Detail/1280010_left.jpg"
"gid://shopify/Product/us-2619","648434","Lateral Support Orthosis with Backrest For Wheelchair","Wheelchairs","Skil-Care","209.50","322.99","403.99","113.49","35%","81.00","N/A","https://imgcdn.mckesson.com/CumulusWeb/Images/Item_Detail/648434.jpg"
"gid://shopify/Product/us-2620","368330","3-in-1 Commode Chair Lumex® Imperial Collection Drop Arms Steel Frame Removable Backrest 25-1/2 Inch Seat Width 600 lbs. Weight Capacity","Wheelchairs","Graham-Field","209.48","322.99","403.99","113.51","35%","81.00","N/A","https://imgcdn.mckesson.com/CumulusWeb/Images/Item_Detail/368330_left.jpg"
"gid://shopify/Product/us-2621","773687","Lightweight Wheelchair Traveler® L4 High Strength Dual Axle Desk Length Arm Elevating Legrest Black Upholstery 20 Inch Seat Width Adult 250 lbs. Weight Capacity","Wheelchairs","Graham-Field","209.48","322.99","403.99","113.51","35%","81.00","N/A","https://imgcdn.mckesson.com/CumulusWeb/Images/Item_Detail/773687_left.jpg"
"gid://shopify/Product/us-2622","1273428","Wheelchair Essentials™ Desk Length Arm Elevating Legrest Adult","Wheelchairs","Invacare","208.81","321.99","402.99","113.18","35%","81.00","N/A","https://imgcdn.mckesson.com/CumulusWeb/Images/Item_Detail/1273428_left.jpg"
"gid://shopify/Product/us-2623","1273430","Wheelchair Essentials™ Desk Length Arm Elevating Legrest Adult","Wheelchairs","Invacare","208.81","321.99","402.99","113.18","35%","81.00","N/A","https://imgcdn.mckesson.com/CumulusWeb/Images/Item_Detail/1273430_left.jpg"
"gid://shopify/Product/us-2624","1273429","Wheelchair Essentials™ Desk Length Arm Elevating Legrest Adult","Wheelchairs","Invacare","208.81","321.99","402.99","113.18","35%","81.00","N/A","https://imgcdn.mckesson.com/CumulusWeb/Images/Item_Detail/1273429_left.jpg"
"gid://shopify/Product/us-2625","1182224","Commode Chair drive™ Drop Arms Steel Frame With Backrest 16 Inch Seat Width 350 lbs. Weight Capacity","Wheelchairs","Drive DeVilbiss Healthcare","208.51","320.99","401.99","112.48","35%","81.00","N/A","https://imgcdn.mckesson.com/CumulusWeb/Images/Item_Detail/1182224_left.jpg"
"gid://shopify/Product/us-2626","840887","Wheelchair drive™ Silver Sport 2 Dual Axle Full Length Arm Elevating Legrest Black Upholstery 20 Inch Seat Width Adult 350 lbs. Weight Capacity","Wheelchairs","Drive DeVilbiss Healthcare","206.90","318.99","398.99","112.09","35%","80.00","N/A","https://imgcdn.mckesson.com/CumulusWeb/Images/Item_Detail/840887.jpg"
"gid://shopify/Product/us-2627","1125118","Urinary Drain Bag Holder SkiL-Care™ For Wheelchairs, Geri-Chairs, or Bedrails","Wheelchairs","Skil-Care","206.52","317.99","397.99","111.47","35%","80.00","N/A","https://imgcdn.mckesson.com/CumulusWeb/Images/Item_Detail/1125118_back.jpg"
"gid://shopify/Product/us-2628","1059744","Overbed Table with Vanity Drive™ Non-Tilt Top Spring Assisted Lift 28 to 45 Inch Height Range","Wheelchairs","Drive DeVilbiss Healthcare","206.37","317.99","397.99","111.62","35%","80.00","N/A","https://imgcdn.mckesson.com/CumulusWeb/Images/Item_Detail/1059744.jpg"
"gid://shopify/Product/us-2629","1066149","Transport Chair Ultralight 19 Inch Seat Width Desk Length Arm Swing-Away Footrest Aluminum Frame with Red Finish","Wheelchairs","Medline","205.15","315.99","394.99","110.84","35%","79.00","N/A","https://imgcdn.mckesson.com/CumulusWeb/Images/Item_Detail/1066149_right.jpg"
"gid://shopify/Product/us-2630","1120964","4 Wheel Rollator Lumex® Allura LX Apple Red Adjustable Height / Folding Aluminum Frame","Wheelchairs","Graham-Field","202.73","311.99","389.99","109.26","35%","78.00","N/A","https://imgcdn.mckesson.com/CumulusWeb/Images/Item_Detail/1120964_left.jpg"
"gid://shopify/Product/us-2631","1165992","Wedge Seat Cushion Custom Position-Plus+™ 22 W X 16 L X 4 to 2 D Inch Foam / Gel","Wheelchairs","Skil-Care","201.31","309.99","387.99","108.68","35%","78.00","N/A","https://imgcdn.mckesson.com/CumulusWeb/Images/Item_Detail/1165992_pdet.jpg"
"gid://shopify/Product/us-2632","1239014","Transport Chair 19 Inch Seat Width Full Length Arm Swing-Away Footrest Steel Frame","Wheelchairs","Medline","200.40","308.99","386.99","108.59","35%","78.00","N/A","https://imgcdn.mckesson.com/CumulusWeb/Images/Item_Detail/1239014_right.jpg"
"gid://shopify/Product/us-2633","994954","Wheelchair Tracer® EX2 Dual Axle Full Length Arm 20 Inch Seat Width Adult 250 lbs. Weight Capacity","Wheelchairs","Invacare","200.02","307.99","384.99","107.97","35%","77.00","N/A","https://imgcdn.mckesson.com/CumulusWeb/Images/Item_Detail/994954.jpg"
"gid://shopify/Product/us-2634","805040","Lightweight Wheelchair drive™ Cruiser III Dual Axle Desk Length Arm Swing-Away Footrest Black Upholstery 16 Inch Seat Width Adult 300 lbs. Weight Capacity","Wheelchairs","Drive DeVilbiss Healthcare","199.01","306.99","383.99","107.98","35%","77.00","N/A","https://imgcdn.mckesson.com/CumulusWeb/Images/Item_Detail/805040.jpg"
"gid://shopify/Product/us-2635","739308","Lightweight Wheelchair Traveler® L4 High Strength Dual Axle Desk Length Arm Swing-Away Footrest Black Upholstery 18 Inch Seat Width Adult 250 lbs. Weight Capacity","Wheelchairs","Graham-Field","198.99","306.99","383.99","108.00","35%","77.00","N/A","https://imgcdn.mckesson.com/CumulusWeb/Images/Item_Detail/739308_left.jpg"
"gid://shopify/Product/us-2636","835526","Lightweight Wheelchair Traveler® L4 High Strength Dual Axle Desk Length Arm Swing-Away Footrest Black Upholstery 16 Inch Seat Width Adult 250 lbs. Weight Capacity","Wheelchairs","Graham-Field","198.99","306.99","383.99","108.00","35%","77.00","N/A","https://imgcdn.mckesson.com/CumulusWeb/Images/Item_Detail/835526_left.jpg"
"gid://shopify/Product/us-2637","930966","Wheelchair Tracer® EX2 Dual Axle Full Length Arm 18 Inch Seat Width Adult 250 lbs. Weight Capacity","Wheelchairs","Invacare","198.67","305.99","382.99","107.32","35%","77.00","N/A","https://imgcdn.mckesson.com/CumulusWeb/Images/Item_Detail/930966.jpg"
"gid://shopify/Product/us-2638","785247","Wheelchair Ramp drive™ For Scooter / Wheelchair","Wheelchairs","Drive DeVilbiss Healthcare","196.58","302.99","378.99","106.41","35%","76.00","N/A","https://imgcdn.mckesson.com/CumulusWeb/Images/Item_Detail/785247_1.jpg"
"gid://shopify/Product/us-2639","1015852","Wheelchair drive™ Blue Streak Desk Length Arm Swing-Away Footrest Black Upholstery 16 Inch Seat Width Adult 250 lbs. Weight Capacity","Wheelchairs","Drive DeVilbiss Healthcare","196.33","302.99","378.99","106.66","35%","76.00","N/A","https://imgcdn.mckesson.com/CumulusWeb/Images/Item_Detail/1015852_left.jpg"
"gid://shopify/Product/us-2640","784379","Lightweight Wheelchair Traveler® L4 High Strength Dual Axle Full Length Arm Swing-Away Footrest Black Upholstery 18 Inch Seat Width Adult 300 lbs. Weight Capacity","Wheelchairs","Graham-Field","195.97","301.99","377.99","106.02","35%","76.00","N/A","https://imgcdn.mckesson.com/CumulusWeb/Images/Item_Detail/784379.jpg"
"gid://shopify/Product/us-2641","704249","Transport Chair drive™ Fly-Lite 19 Inch Seat Width Desk Length Arm Swing-Away Footrest Aluminum Frame with Blue Finish","Wheelchairs","Drive DeVilbiss Healthcare","195.42","300.99","376.99","105.57","35%","76.00","N/A","https://imgcdn.mckesson.com/CumulusWeb/Images/Item_Detail/704249_left.jpg"
"gid://shopify/Product/us-2642","637045","Transport Chair drive™ Fly-Lite 19 Inch Seat Width Full Length Arm Swing-Away Footrest Aluminum Frame with Black Finish","Wheelchairs","Drive DeVilbiss Healthcare","195.42","300.99","376.99","105.57","35%","76.00","N/A","https://imgcdn.mckesson.com/CumulusWeb/Images/Item_Detail/637045_1.jpg"
"gid://shopify/Product/us-2643","876608","Transport Chair drive™ Fly-Lite 19 Inch Seat Width Fixed Arm Height Swing-Away Footrest Aluminum Frame with Burgundy Finish","Wheelchairs","Drive DeVilbiss Healthcare","195.42","300.99","376.99","105.57","35%","76.00","N/A","https://imgcdn.mckesson.com/CumulusWeb/Images/Item_Detail/876608.jpg"
"gid://shopify/Product/us-2644","880642","Wheelchair drive™ Blue Streak Desk Length Arm Swing-Away Elevating Legrest Black Upholstery 20 Inch Seat Width Adult 250 lbs. Weight Capacity","Wheelchairs","Drive DeVilbiss Healthcare","195.29","300.99","376.99","105.70","35%","76.00","N/A","https://imgcdn.mckesson.com/CumulusWeb/Images/Item_Detail/880642_1.jpg"
"gid://shopify/Product/us-2645","1273426","Wheelchair Essentials™ Desk Length Arm Swing-Away Footrest Adult","Wheelchairs","Invacare","194.89","299.99","374.99","105.10","35%","75.00","N/A","https://imgcdn.mckesson.com/CumulusWeb/Images/Item_Detail/1273426_left.jpg"
"gid://shopify/Product/us-2646","1273427","Wheelchair Essentials™ Desk Length Arm Swing-Away Footrest Adult","Wheelchairs","Invacare","194.89","299.99","374.99","105.10","35%","75.00","N/A","https://imgcdn.mckesson.com/CumulusWeb/Images/Item_Detail/1273427_left.jpg"
"gid://shopify/Product/us-2647","1273425","Wheelchair Essentials™ Desk Length Arm Swing-Away Footrest Adult","Wheelchairs","Invacare","194.89","299.99","374.99","105.10","35%","75.00","N/A","https://imgcdn.mckesson.com/CumulusWeb/Images/Item_Detail/1273425_left.jpg"
"gid://shopify/Product/us-2648","1214037","Wheelchair drive™ Silver Sport 2 Dual Axle Full Length Arm Swing-Away Footrest Black Upholstery 16 Inch Seat Width Adult 250 lbs. Weight Capacity","Wheelchairs","Drive DeVilbiss Healthcare","192.82","296.99","371.99","104.17","35%","75.00","N/A","https://imgcdn.mckesson.com/CumulusWeb/Images/Item_Detail/1214037_left.jpg"
"gid://shopify/Product/us-2649","1261131","Overbed Table Drive™ Non-Tilt Top Spring Assisted Lift 28 to 45 Inch Height Range","Wheelchairs","Drive DeVilbiss Healthcare","192.72","296.99","371.99","104.27","35%","75.00","N/A","https://imgcdn.mckesson.com/CumulusWeb/Images/Item_Detail/1261131_right.jpg"
"gid://shopify/Product/us-2650","1020676","Wheelchair drive™ Silver Sport 2 Dual Axle Desk Length Arm Swing-Away Footrest Black Upholstery 20 Inch Seat Width Adult 350 lbs. Weight Capacity","Wheelchairs","Drive DeVilbiss Healthcare","192.20","295.99","369.99","103.79","35%","74.00","N/A","https://imgcdn.mckesson.com/CumulusWeb/Images/Item_Detail/1020676_left.jpg"
"gid://shopify/Product/us-2651","775228","Level Seat Cushion Skil-Care™ 24 W X 22 L Inch Foam / Gel","Wheelchairs","Skil-Care","189.96","292.99","366.99","103.03","35%","74.00","N/A","https://imgcdn.mckesson.com/CumulusWeb/Images/Item_Detail/775228_pdet.jpg"
"gid://shopify/Product/us-2652","923500","Seat Cushion Skil-Care™ 24 W X 22 L Inch Gel","Wheelchairs","Skil-Care","189.96","292.99","366.99","103.03","35%","74.00","N/A","https://imgcdn.mckesson.com/CumulusWeb/Images/Item_Detail/923500_pdet.jpg"
"gid://shopify/Product/us-2653","201888","Commode Chair Guardian® Drop Arms Steel Frame Removable Backrest 18-1/2 Inch Seat Width 350 lbs. Weight Capacity","Wheelchairs","Medline","189.77","291.99","364.99","102.22","35%","73.00","N/A","https://imgcdn.mckesson.com/CumulusWeb/Images/Item_Detail/201888_front.jpg"
"gid://shopify/Product/us-2654","592611","Super Hemi Kit For Viper Plus GT Wheelchair","Wheelchairs","Drive DeVilbiss Healthcare","189.16","291.99","364.99","102.83","35%","73.00","N/A","https://imgcdn.mckesson.com/CumulusWeb/Images/Item_Detail/592611_pkit.jpg"
"gid://shopify/Product/us-2655","1273422","Wheelchair Essentials™ Desk Length Arm Elevating Legrest Adult","Wheelchairs","Invacare","187.93","289.99","362.99","102.06","35%","73.00","N/A","https://imgcdn.mckesson.com/CumulusWeb/Images/Item_Detail/1273422_left.jpg"
"gid://shopify/Product/us-2656","1273424","Wheelchair Essentials™ Desk Length Arm Elevating Legrest Adult","Wheelchairs","Invacare","187.93","289.99","362.99","102.06","35%","73.00","N/A","https://imgcdn.mckesson.com/CumulusWeb/Images/Item_Detail/1273424_left.jpg"
"gid://shopify/Product/us-2657","1273423","Wheelchair Essentials™ Desk Length Arm Elevating Legrest Adult","Wheelchairs","Invacare","187.93","289.99","362.99","102.06","35%","73.00","N/A","https://imgcdn.mckesson.com/CumulusWeb/Images/Item_Detail/1273423_left.jpg"
"gid://shopify/Product/us-2658","695175","Seat Cushion Skil-Care™ 28 W X 20 L X 3 D Inch Foam / Gel","Wheelchairs","Skil-Care","187.52","288.99","361.99","101.47","35%","73.00","N/A","https://imgcdn.mckesson.com/CumulusWeb/Images/Item_Detail/SKLCRE_695175.jpg"
"gid://shopify/Product/us-2659","1060942","Shower Stool drive™ Without Arms Plastic Frame Without Backrest 14 Inch Seat Width 450 lbs. Weight Capacity","Wheelchairs","Drive DeVilbiss Healthcare","187.16","287.99","359.99","100.83","35%","72.00","N/A","https://imgcdn.mckesson.com/CumulusWeb/Images/Item_Detail/1060942.jpg"
"gid://shopify/Product/us-2660","796545","4 Wheel Rollator Freedom Burgundy Adjustable Height / Lightweight / Folding Aluminum Frame","Wheelchairs","Medline","186.75","287.99","359.99","101.24","35%","72.00","N/A","https://imgcdn.mckesson.com/CumulusWeb/Images/Item_Detail/796545_right.jpg"
"gid://shopify/Product/us-2661","994680","Shower Chair Lumex® Platinum Collection Padded Removable Arms Aluminum Frame Without Backrest 20 Inch Seat Width 350 lbs. Weight Capacity","Wheelchairs","Graham-Field","186.64","287.99","359.99","101.35","35%","72.00","N/A","https://imgcdn.mckesson.com/CumulusWeb/Images/Item_Detail/994680_right.jpg"
"gid://shopify/Product/us-2662","941989","Wheelchair Alarm System Skil-Care™ Econo For Wheelchair","Wheelchairs","Skil-Care","185.70","285.99","357.99","100.29","35%","72.00","N/A","https://imgcdn.mckesson.com/CumulusWeb/Images/Item_Detail/941989_ls.jpg"
"gid://shopify/Product/us-2663","413968","Dual Release Folding Walker with Wheels Adjustable Height Guardian® Premium Easy Care™ Aluminum Frame 300 lbs. Weight Capacity 32-1/2 to 39-1/2 Inch Height","Wheelchairs","Medline","185.59","285.99","357.99","100.40","35%","72.00","N/A","https://imgcdn.mckesson.com/CumulusWeb/Images/Item_Detail/413968.jpg"
"gid://shopify/Product/us-2664","832020","Level Seat Cushion Skil-Care™ 24 W X 18 L X 3-1/2 D Inch Foam / Gel","Wheelchairs","Skil-Care","183.67","282.99","353.99","99.32","35%","71.00","N/A","https://imgcdn.mckesson.com/CumulusWeb/Images/Item_Detail/832020_pdet.jpg"
"gid://shopify/Product/us-2665","822295","Seat Cushion Bari-Gel™ 28 W X 18 L X 3 D Inch Foam / Gel","Wheelchairs","Skil-Care","182.79","281.99","352.99","99.20","35%","71.00","N/A","https://imgcdn.mckesson.com/CumulusWeb/Images/Item_Detail/822295.jpg"
"gid://shopify/Product/us-2666","822297","Seat Cushion Bari-Gel™ 26 W X 20 L X 3 D Inch Foam / Gel","Wheelchairs","Skil-Care","181.10","278.99","348.99","97.89","35%","70.00","N/A","https://imgcdn.mckesson.com/CumulusWeb/Images/Item_Detail/822297.jpg"
"gid://shopify/Product/us-2667","499819","Wheelchair Elevating Legrest Sentra For Sentra Heavy Duty, Extra Wide Wheelchair","Wheelchairs","Drive DeVilbiss Healthcare","180.14","277.99","347.99","97.85","35%","70.00","N/A","https://imgcdn.mckesson.com/CumulusWeb/Images/Item_Detail/499819_front.jpg"
"gid://shopify/Product/us-2668","1120334","Seat Cushion Gel E 18 W X 18 L X 3 H Inch Foam / Gel","Wheelchairs","Drive DeVilbiss Healthcare","179.64","276.99","346.99","97.35","35%","70.00","N/A","https://imgcdn.mckesson.com/CumulusWeb/Images/Item_Detail/1120334.jpg"
"gid://shopify/Product/us-2669","1266319","Overbed Table Drive™ Non-Tilt Top Spring Assisted Lift 28 to 45 Inch Height Range","Wheelchairs","Drive DeVilbiss Healthcare","178.48","274.99","343.99","96.51","35%","69.00","N/A","https://imgcdn.mckesson.com/CumulusWeb/Images/Item_Detail/1266319_front.jpg"
"gid://shopify/Product/us-2670","1162297","Wheelchair Traveler® SE Plus Dual Axle Desk Length Arm Elevating Legrest Black Upholstery 18 Inch Seat Width Adult 300 lbs. Weight Capacity","Wheelchairs","Graham-Field","178.40","274.99","343.99","96.59","35%","69.00","N/A","https://imgcdn.mckesson.com/CumulusWeb/Images/Item_Detail/1162297_right.jpg"
"gid://shopify/Product/us-2671","693600","4 Wheel Rollator / Transport Chair drive™ Duet Blue Adjustable Height / Transport / Folding Aluminum Frame","Wheelchairs","Drive DeVilbiss Healthcare","176.83","272.99","341.99","96.16","35%","69.00","N/A","https://imgcdn.mckesson.com/CumulusWeb/Images/Item_Detail/693600_left.jpg"
"gid://shopify/Product/us-2672","680185","4 Wheel Rollator / Transport Chair drive™ Duet Black Adjustable Height / Transport / Folding Aluminum Frame","Wheelchairs","Drive DeVilbiss Healthcare","176.83","272.99","341.99","96.16","35%","69.00","N/A","https://imgcdn.mckesson.com/CumulusWeb/Images/Item_Detail/680185_left.jpg"
"gid://shopify/Product/us-2673","1171675","Overbed Table Drive™ Non-Tilt Top Spring Assisted Lift 28 to 45 Inch Height Range","Wheelchairs","Drive DeVilbiss Healthcare","175.55","270.99","338.99","95.44","35%","68.00","N/A","https://imgcdn.mckesson.com/CumulusWeb/Images/Item_Detail/1171675_side.jpg"
"gid://shopify/Product/us-2674","1188022","3 Wheel Rollator drive™ Nitro Red Adjustable Height / Lightweight / Folding Aluminum Frame","Wheelchairs","Drive DeVilbiss Healthcare","174.32","268.99","336.99","94.67","35%","68.00","N/A","https://imgcdn.mckesson.com/CumulusWeb/Images/Item_Detail/1188022_left.jpg"
"gid://shopify/Product/us-2675","733320","Commode Chair drive™ Padded Drop Arms Steel Frame Back Bar 13-1/2 Inch Seat Width 300 lbs. Weight Capacity","Wheelchairs","Drive DeVilbiss Healthcare","174.30","268.99","336.99","94.69","35%","68.00","N/A","https://imgcdn.mckesson.com/CumulusWeb/Images/Item_Detail/733320.jpg"
"gid://shopify/Product/us-2676","1273420","Wheelchair Essentials™ Desk Length Arm Swing-Away Footrest Black Upholstery 18 Inch Seat Width Adult 250 lbs. Weight Capacity","Wheelchairs","Invacare","174.01","267.99","334.99","93.98","35%","67.00","N/A","https://imgcdn.mckesson.com/CumulusWeb/Images/Item_Detail/1273420_left.jpg"
"gid://shopify/Product/us-2677","629024","Wheelchair drive™ Silver Sport 1 Dual Axle Swing-Away Footrest Black Upholstery 18 Inch Seat Width Adult 300 lbs. Weight Capacity","Wheelchairs","Drive DeVilbiss Healthcare","169.37","260.99","326.99","91.62","35%","66.00","N/A","https://imgcdn.mckesson.com/CumulusWeb/Images/Item_Detail/629024_left.jpg"
"gid://shopify/Product/us-2678","1273421","Wheelchair Essentials™ Tracer EX1 Desk Length Arm Swing-Away Footrest Black Upholstery 20 Inch Seat Width Adult 250 lbs. Weight Capacity","Wheelchairs","Invacare","168.94","259.99","324.99","91.05","35%","65.00","N/A","https://imgcdn.mckesson.com/CumulusWeb/Images/Item_Detail/1273421_left.jpg"
"gid://shopify/Product/us-2679","971872","Automatic Digital Blood Pressure Monitor Tango® Multiple Sizes Arm Nylon Cuff Desk Model","Blood Pressure Monitors","Welch Allyn","9242.54","12836.99","16046.99","3594.45","28%","3210.00","N/A","https://imgcdn.mckesson.com/CumulusWeb/Images/Item_Detail/971872_group.jpg"
"gid://shopify/Product/us-2680","1117522","Patient Monitor Connex® Monitoring NIPB, Pulse Rate, SpO2, SureTemp AC Power","Blood Pressure Monitors","Welch Allyn","7006.26","9730.99","12163.99","2724.73","28%","2433.00","N/A","https://imgcdn.mckesson.com/CumulusWeb/Images/Item_Detail/ImageNotAvailable_gray_.jpg"
"gid://shopify/Product/us-2681","946261","Patient Monitor Connex® Monitoring / Spot check NIBP, SpO2, Temperature Battery Operated","Blood Pressure Monitors","Welch Allyn","5552.09","7711.99","9639.99","2159.90","28%","1928.00","N/A","https://imgcdn.mckesson.com/CumulusWeb/Images/Item_Detail/946261.jpg"
"gid://shopify/Product/us-2682","971403","Patient Monitor Connex® Monitoring / Spot check NIBP, SpO2, SureTemp Plus Thermometer AC Power","Blood Pressure Monitors","Welch Allyn","5098.59","7081.99","8852.99","1983.40","28%","1771.00","N/A","https://imgcdn.mckesson.com/CumulusWeb/Images/Item_Detail/971403_front.jpg"
"gid://shopify/Product/us-2683","971405","Patient Monitor Connex® Monitoring / Spot check NIBP, SpO2, SureTemp Plus Thermometer AC Power","Blood Pressure Monitors","Welch Allyn","4399.18","6109.99","7637.99","1710.81","28%","1528.00","N/A","https://imgcdn.mckesson.com/CumulusWeb/Images/Item_Detail/971405_front_.jpg"
"gid://shopify/Product/us-2684","959359","Patient Monitor Connex® Monitoring / Spot check NIBP, Pulse Rate, Pulse Oximetry, Temperature Battery Operated","Blood Pressure Monitors","Welch Allyn","4257.27","5912.99","7391.99","1655.72","28%","1479.00","N/A","https://imgcdn.mckesson.com/CumulusWeb/Images/Item_Detail/959359_front.jpg"
"gid://shopify/Product/us-2685","946245","Patient Monitor Connex® Monitoring / Spot check NIBP, SpO2, Temperature Battery Operated","Blood Pressure Monitors","Welch Allyn","4044.41","5617.99","7022.99","1573.58","28%","1405.00","N/A","https://imgcdn.mckesson.com/CumulusWeb/Images/Item_Detail/946245_front.jpg"
"gid://shopify/Product/us-2686","946244","Patient Monitor Connex® Monitoring / Spot check NIBP, SpO2, SureTemp Plus Thermometer AC Power / Battery Operated","Blood Pressure Monitors","Welch Allyn","3872.09","5377.99","6722.99","1505.90","28%","1345.00","N/A","https://imgcdn.mckesson.com/CumulusWeb/Images/Item_Detail/946244_front_.jpg"
"gid://shopify/Product/us-2687","959358","Patient Monitor Connex® Monitoring / Spot check NIBP, SpO2 AC Power","Blood Pressure Monitors","Welch Allyn","3628.82","5040.99","6301.99","1412.17","28%","1261.00","N/A","https://imgcdn.mckesson.com/CumulusWeb/Images/Item_Detail/959358_front.jpg"
"gid://shopify/Product/us-2688","1154730","Patient Monitor Welch Allyn® Spot 4400 Monitoring / Spot check NIBP, Thermometer, SPO2 AC Power","Blood Pressure Monitors","Welch Allyn","3142.27","4364.99","5456.99","1222.72","28%","1092.00","N/A","https://imgcdn.mckesson.com/CumulusWeb/Images/Item_Detail/1154730_pkit.jpg"
"gid://shopify/Product/us-2689","1154729","Patient Monitor Welch Allyn® Spot 4400 Monitoring / Spot check NIBP, Thermometer AC Power","Blood Pressure Monitors","Welch Allyn","2412.46","3350.99","4188.99","938.53","28%","838.00","N/A","https://imgcdn.mckesson.com/CumulusWeb/Images/Item_Detail/1154729_front_.jpg"
"gid://shopify/Product/us-2690","682517","Blood Pressure Tube Set Welch Allyn®","Blood Pressure Monitors","Welch Allyn","683.87","949.99","1187.99","266.12","28%","238.00","N/A","https://imgcdn.mckesson.com/CumulusWeb/Images/Item_Detail/682517.jpg"
"gid://shopify/Product/us-2691","959363","Spot Monitor Mobile Work Surface Stand Welch Allyn Mobile Classic Stand with Basket For use with Welch Allyn Connex Spot Monitors","Blood Pressure Monitors","Welch Allyn","663.86","922.99","1153.99","259.13","28%","231.00","N/A","https://imgcdn.mckesson.com/CumulusWeb/Images/Item_Detail/959363_left.jpg"
"gid://shopify/Product/us-2692","959356","Automatic Digital Blood Pressure Monitor ProBP 2400™ Multiple Sizes Arm Nylon Cuff 23 - 40 cm Desk Model","Blood Pressure Monitors","Welch Allyn","590.68","820.99","1026.99","230.31","28%","206.00","N/A","https://imgcdn.mckesson.com/CumulusWeb/Images/Item_Detail/959356_front.jpg"
"gid://shopify/Product/us-2693","264023","Aneroid Sphygmomanometer Unit Ds66 Trigger Aneroid Gold Series Multiple Sizes Arm Nylon Cuff Various Palm Aneroid","Blood Pressure Monitors","Welch Allyn","481.68","741.99","927.99","260.31","35%","186.00","N/A","https://imgcdn.mckesson.com/CumulusWeb/Images/Item_Detail/264023_pkit.jpg"
"gid://shopify/Product/us-2694","959364","Blood Pressure Unit Wall Mount Assembly Welch Allyn Connex® For use with Wall Channel","Blood Pressure Monitors","Welch Allyn","481.48","740.99","926.99","259.51","35%","186.00","N/A","https://imgcdn.mckesson.com/CumulusWeb/Images/Item_Detail/959364.jpg"
"gid://shopify/Product/us-2695","666250","Blood Pressure Tube Set Flexiport® For use with Blood Pressure Cuff","Blood Pressure Monitors","Welch Allyn","448.97","690.99","863.99","242.02","35%","173.00","N/A","https://imgcdn.mckesson.com/CumulusWeb/Images/Item_Detail/666250.jpg"
"gid://shopify/Product/us-2696","537980","Aneroid Sphygmomanometer Unit Welch Allyn™ Platinum Series DS48 Multiple Sizes Arm Nylon Cuff Palm Aneroid","Blood Pressure Monitors","Welch Allyn","422.96","650.99","813.99","228.03","35%","163.00","N/A","https://imgcdn.mckesson.com/CumulusWeb/Images/Item_Detail/537980_pkit.jpg"
"gid://shopify/Product/us-2697","537978","Aneroid Sphygmomanometer Unit Welch Allyn™ Platinum Series DS48 Adult Cuff Arm Nylon Cuff 23 - 40 cm Palm Aneroid","Blood Pressure Monitors","Welch Allyn","419.98","646.99","808.99","227.01","35%","162.00","N/A","https://imgcdn.mckesson.com/CumulusWeb/Images/Item_Detail/537978_pkit.jpg"
"gid://shopify/Product/us-2698","537974","Aneroid Sphygmomanometer Unit Welch Allyn™ Platinum Series DS48 Adult Cuff Arm Nylon Cuff 23 - 40 cm Pocket Aneroid","Blood Pressure Monitors","Welch Allyn","400.66","616.99","771.99","216.33","35%","155.00","N/A","https://imgcdn.mckesson.com/CumulusWeb/Images/Item_Detail/WA_537974.jpg"
"gid://shopify/Product/us-2699","537977","Blood Pressure Gauge Welch Allyn Tycos® For use with Blood Pressure Unit","Blood Pressure Monitors","Welch Allyn","327.07","503.99","629.99","176.92","35%","126.00","N/A","https://imgcdn.mckesson.com/CumulusWeb/Images/Item_Detail/537977.jpg"
"gid://shopify/Product/us-2700","1166240","Automatic Digital Blood Pressure Monitor ProBP 2000™ Adult Cuff Arm Nylon Cuff Desk Model","Blood Pressure Monitors","Welch Allyn","211.16","324.99","406.99","113.83","35%","82.00","N/A","https://imgcdn.mckesson.com/CumulusWeb/Images/Item_Detail/1166240_front.jpg"
"gid://shopify/Product/us-2701","500274","Aneroid Sphygmomanometer Unit Multikuf™ Multiple Sizes Arm Nylon Cuff 13 - 50 cm Palm Aneroid","Blood Pressure Monitors","American Diagnostic Corp","172.06","264.99","331.99","92.93","35%","67.00","N/A","https://imgcdn.mckesson.com/CumulusWeb/Images/Item_Detail/500274_pkit.jpg"
"gid://shopify/Product/us-2702","461152","Aneroid Sphygmomanometer Unit DuraShock® Adult Cuff Arm Nylon Cuff 23 - 40 cm Pocket Aneroid","Blood Pressure Monitors","Welch Allyn","156.18","240.99","301.99","84.81","35%","61.00","N/A","https://imgcdn.mckesson.com/CumulusWeb/Images/Item_Detail/461152_front.jpg"
"gid://shopify/Product/us-2703","987554","Wall Mount Bracket For 2400 BP Device Probe","Blood Pressure Monitors","Welch Allyn","153.90","236.99","296.99","83.09","35%","60.00","N/A","https://imgcdn.mckesson.com/CumulusWeb/Images/Item_Detail/987554_right.jpg"
"gid://shopify/Product/us-2704","1041130","Home Automatic Digital Blood Pressure Monitor Welch Allyn™ Home™ Wide Range Adult Cuff Arm Nylon Cuff 22 - 42 cm Desk Model","Blood Pressure Monitors","Welch Allyn","137.14","210.99","263.99","73.85","35%","53.00","N/A","https://imgcdn.mckesson.com/CumulusWeb/Images/Item_Detail/1041130_right_.jpg"
"gid://shopify/Product/us-2705","1064714","Single Patient Use Blood Pressure Cuff Adcuff™ 35.5 to 46 cm Arm Cloth Fabric Cuff Large Adult Cuff","Blood Pressure Monitors","American Diagnostic Corp","119.42","183.99","229.99","64.57","35%","46.00","N/A","https://imgcdn.mckesson.com/CumulusWeb/Images/Item_Detail/1064714_front.jpg"
"gid://shopify/Product/us-2706","692046","Aneroid Sphygmomanometer Unit DuraShock® Large Adult Cuff Arm Nylon Cuff 23 - 40 cm Pocket Aneroid","Blood Pressure Monitors","Welch Allyn","117.14","180.99","226.99","63.85","35%","46.00","N/A","https://imgcdn.mckesson.com/CumulusWeb/Images/Item_Detail/WA_692046.jpg"
"gid://shopify/Product/us-2707","690634","Single Patient Use Blood Pressure Cuff FlexiPort® 25 to 34 cm Arm Cloth Fabric Cuff Adult Long Cuff","Blood Pressure Monitors","Welch Allyn","109.63","168.99","211.99","59.36","35%","43.00","N/A","https://imgcdn.mckesson.com/CumulusWeb/Images/Item_Detail/690634_front.jpg"
"gid://shopify/Product/us-2708","46597","Reusable Blood Pressure Cuff and Bulb Trimline® 34 to 52 cm Arm Nylon Cuff Large Adult Cuff","Blood Pressure Monitors","Welch Allyn","107.78","165.99","207.99","58.21","35%","42.00","N/A","https://imgcdn.mckesson.com/CumulusWeb/Images/Item_Detail/46597.jpg"
"gid://shopify/Product/us-2709","436397","Aneroid Sphygmomanometer Unit DuraShock® Large Adult Cuff Arm Vinyl Cuff 34 - 50 cm Pocket Aneroid","Blood Pressure Monitors","Welch Allyn","101.47","156.99","196.99","55.52","35%","40.00","N/A","https://imgcdn.mckesson.com/CumulusWeb/Images/Item_Detail/ImageNotAvailable_gray_.jpg"
"gid://shopify/Product/us-2710","1252554","Single Patient Use Blood Pressure Cuff FlexiPort® 25 to 34 cm Arm Vinyl Cuff Adult Cuff","Blood Pressure Monitors","Welch Allyn","96.28","160.99","201.99","64.71","40%","41.00","N/A","https://imgcdn.mckesson.com/CumulusWeb/Images/Item_Detail/1252554_pdet.jpg"
"gid://shopify/Product/us-2711","1252552","Single Patient Use Blood Pressure Cuff FlexiPort® 20 to 26 cm Arm Soft Fabric Cuff Small Adult Cuff","Blood Pressure Monitors","Welch Allyn","96.28","160.99","201.99","64.71","40%","41.00","N/A","https://imgcdn.mckesson.com/CumulusWeb/Images/Item_Detail/1252552_pdet.jpg"
"gid://shopify/Product/us-2712","661373","Single Patient Use Blood Pressure Cuff FlexiPort® 25 to 34 cm Arm Cloth Fabric Cuff Adult Cuff","Blood Pressure Monitors","Welch Allyn","96.28","160.99","201.99","64.71","40%","41.00","N/A","https://imgcdn.mckesson.com/CumulusWeb/Images/Item_Detail/661373_front.jpg"
"gid://shopify/Product/us-2713","1252553","Single Patient Use Blood Pressure Cuff FlexiPort® 32 to 43 cm Arm Soft Fabric Cuff Large Adult Cuff","Blood Pressure Monitors","Welch Allyn","96.28","160.99","201.99","64.71","40%","41.00","N/A","https://imgcdn.mckesson.com/CumulusWeb/Images/Item_Detail/1252553_pdet.jpg"
"gid://shopify/Product/us-2714","436395","Aneroid Sphygmomanometer Unit DuraShock® Adult Cuff Arm Vinyl Cuff 23 - 40 cm Pocket Aneroid","Blood Pressure Monitors","Welch Allyn","96.27","160.99","201.99","64.72","40%","41.00","N/A","https://imgcdn.mckesson.com/CumulusWeb/Images/Item_Detail/436395_pkit.jpg"
"gid://shopify/Product/us-2715","327200","Reusable Blood Pressure Cuff Adult Cuff","Blood Pressure Monitors","Welch Allyn","86.42","144.99","181.99","58.57","40%","37.00","N/A","https://imgcdn.mckesson.com/CumulusWeb/Images/Item_Detail/327200_front.jpg"
"gid://shopify/Product/us-2716","486110","Aneroid Sphygmomanometer Unit DuraShock® Pediatric Cuff Arm Vinyl Cuff 13 - 19.5 cm Pocket Aneroid","Blood Pressure Monitors","Welch Allyn","84.74","141.99","177.99","57.25","40%","36.00","N/A","https://imgcdn.mckesson.com/CumulusWeb/Images/Item_Detail/WA_486110.jpg"
"gid://shopify/Product/us-2717","653506","Single Patient Use Blood Pressure Cuff FlexiPort® 32 to 43 cm Arm Cloth Fabric Cuff Large Adult Cuff","Blood Pressure Monitors","Welch Allyn","79.74","132.99","166.99","53.25","40%","34.00","N/A","https://imgcdn.mckesson.com/CumulusWeb/Images/Item_Detail/653506_left.jpg"
"gid://shopify/Product/us-2718","882979","Blood Pressure Tube Set Welch Allyn®","Blood Pressure Monitors","Welch Allyn","78.43","130.99","163.99","52.56","40%","33.00","N/A","https://imgcdn.mckesson.com/CumulusWeb/Images/Item_Detail/882979.jpg"
"gid://shopify/Product/us-2719","1081660","Home Automatic Digital Blood Pressure Monitor Home™ Wide Range Adult Cuff Arm Nylon Cuff 22 - 42 cm Desk Model","Blood Pressure Monitors","Welch Allyn","77.62","129.99","162.99","52.37","40%","33.00","N/A","https://imgcdn.mckesson.com/CumulusWeb/Images/Item_Detail/1081660_front.jpg"
"gid://shopify/Product/us-2720","653510","Single Patient Use Blood Pressure Cuff FlexiPort® 25 to 34 cm Arm Cloth Fabric Cuff Adult Long Cuff","Blood Pressure Monitors","Welch Allyn","77.04","128.99","161.99","51.95","40%","33.00","N/A","https://imgcdn.mckesson.com/CumulusWeb/Images/Item_Detail/653510.jpg"
"gid://shopify/Product/us-2721","682710","Single Patient Use Blood Pressure Cuff Tempa-Kuff® 27.5 to 36.5 cm Arm Cloth Fabric Cuff Adult Long Cuff","Blood Pressure Monitors","Welch Allyn","75.68","126.99","158.99","51.31","40%","32.00","N/A","https://imgcdn.mckesson.com/CumulusWeb/Images/Item_Detail/682710.jpg"
"gid://shopify/Product/us-2722","805517","Single Patient Use Blood Pressure Cuff FlexiPort® 15 to 21 cm Arm Cloth Fabric Cuff Child Cuff","Blood Pressure Monitors","Welch Allyn","72.39","120.99","151.99","48.60","40%","31.00","N/A","https://imgcdn.mckesson.com/CumulusWeb/Images/Item_Detail/805517.jpg"
"gid://shopify/Product/us-2723","801884","Single Patient Use Blood Pressure Cuff FlexiPort® 13 to 16 cm Arm Cloth Fabric Cuff Small Child Cuff","Blood Pressure Monitors","Welch Allyn","70.98","118.99","148.99","48.01","40%","30.00","N/A","https://imgcdn.mckesson.com/CumulusWeb/Images/Item_Detail/801884.jpg"
"gid://shopify/Product/us-2724","795231","Single Patient Use Blood Pressure Cuff FlexiPort® 9 to 13 cm Arm Cloth Fabric Cuff Infant Cuff","Blood Pressure Monitors","Welch Allyn","70.98","118.99","148.99","48.01","40%","30.00","N/A","https://imgcdn.mckesson.com/CumulusWeb/Images/Item_Detail/795231_front.jpg"
"gid://shopify/Product/us-2725","653660","Single Patient Use Blood Pressure Cuff FlexiPort® 25 to 34 cm Arm Cloth Fabric Cuff Adult Cuff","Blood Pressure Monitors","Welch Allyn","70.28","117.99","147.99","47.71","40%","30.00","N/A","https://imgcdn.mckesson.com/CumulusWeb/Images/Item_Detail/653660_front.jpg"
"gid://shopify/Product/us-2726","173323","Reusable Blood Pressure Cuff WelchAllyn® 34 to 52 cm Arm Nylon Cuff Large Adult Cuff","Blood Pressure Monitors","Welch Allyn","69.87","116.99","146.99","47.12","40%","30.00","N/A","https://imgcdn.mckesson.com/CumulusWeb/Images/Item_Detail/173323_front.jpg"
"gid://shopify/Product/us-2727","151592","Reusable Blood Pressure Cuff WelchAllyn® 29 to 42 cm Arm Nylon Cuff Adult Cuff","Blood Pressure Monitors","Welch Allyn","69.87","116.99","146.99","47.12","40%","30.00","N/A","https://imgcdn.mckesson.com/CumulusWeb/Images/Item_Detail/151592_front.jpg"
"gid://shopify/Product/us-2728","846837","Single Patient Use Blood Pressure Cuff Trimline® 9 to 14.8 cm Arm Cloth Fabric Cuff Infant Cuff","Blood Pressure Monitors","Welch Allyn","69.49","115.99","144.99","46.50","40%","29.00","N/A","https://imgcdn.mckesson.com/CumulusWeb/Images/Item_Detail/ImageNotAvailable_gray_.jpg"
"gid://shopify/Product/us-2729","653657","Single Patient Use Blood Pressure Cuff FlexiPort® 20 to 26 cm Arm Cloth Fabric Cuff Small Adult Cuff","Blood Pressure Monitors","Welch Allyn","68.93","114.99","143.99","46.06","40%","29.00","N/A","https://imgcdn.mckesson.com/CumulusWeb/Images/Item_Detail/653657_front.jpg"
"gid://shopify/Product/us-2730","44197","Reusable Blood Pressure Cuff WelchAllyn® 34 to 52 cm Leg Nylon Cuff Thigh Cuff","Blood Pressure Monitors","Welch Allyn","64.67","107.99","134.99","43.32","40%","27.00","N/A","https://imgcdn.mckesson.com/CumulusWeb/Images/Item_Detail/44197.jpg"
"gid://shopify/Product/us-2731","871859","Blood Pressure Hose Flexiport®","Blood Pressure Monitors","Welch Allyn","63.86","106.99","133.99","43.13","40%","27.00","N/A","https://imgcdn.mckesson.com/CumulusWeb/Images/Item_Detail/871859_left.jpg"
"gid://shopify/Product/us-2732","973170","Aneroid Sphygmomanometer Unit Bariatric Diagnostix™720 Series Bariatric Cuff Arm Nylon Cuff 44 - 66 cm Pocket Aneroid","Blood Pressure Monitors","American Diagnostic Corp","63.62","106.99","133.99","43.37","41%","27.00","N/A","https://imgcdn.mckesson.com/CumulusWeb/Images/Item_Detail/973170_front.jpg"
"gid://shopify/Product/us-2733","1240565","Reusable Blood Pressure Cuff FlexiPort™ 40 to 55 cm Limb Nylon Cuff Thigh Cuff","Blood Pressure Monitors","Welch Allyn","61.63","102.99","128.99","41.36","40%","26.00","N/A","https://imgcdn.mckesson.com/CumulusWeb/Images/Item_Detail/1240565_front.jpg"
"gid://shopify/Product/us-2734","257009","Aneroid Sphygmomanometer Unit Diagnostix™720 Series Large Adult Cuff Arm Nylon Cuff 34 - 50 cm Pocket Aneroid","Blood Pressure Monitors","American Diagnostic Corp","58.97","98.99","123.99","40.02","40%","25.00","N/A","https://imgcdn.mckesson.com/CumulusWeb/Images/Item_Detail/257009_left.jpg"
"gid://shopify/Product/us-2735","1139516","Single Patient Use Blood Pressure Cuff SnapQuik™ 5.4 to 9.1 cm Arm Vinyl Cuff Neonatal 3 Cuff","Blood Pressure Monitors","Welch Allyn","56.76","94.99","118.99","38.23","40%","24.00","N/A","https://imgcdn.mckesson.com/CumulusWeb/Images/Item_Detail/ImageNotAvailable_gray_.jpg"
"gid://shopify/Product/us-2736","476607","Blood Pressure Unit Carrying Case Welch Allyn® For use with all Blood Pressure Cuffs","Blood Pressure Monitors","Welch Allyn","53.16","88.99","111.99","35.83","40%","23.00","N/A","https://imgcdn.mckesson.com/CumulusWeb/Images/Item_Detail/476607.jpg"
"gid://shopify/Product/us-2737","1217966","Home Automatic Digital Blood Pressure Monitor Advantage Connect® Wide Range Adult Cuff Arm Nylon Cuff 22 - 42 cm Desk Model","Blood Pressure Monitors","American Diagnostic Corp","51.88","86.99","108.99","35.11","40%","22.00","N/A","https://imgcdn.mckesson.com/CumulusWeb/Images/Item_Detail/1217966_right.jpg"
"gid://shopify/Product/us-2738","257005","Aneroid Sphygmomanometer Unit Diagnostix™720 Series Adult Cuff Arm Nylon Cuff 23 - 40 cm Pocket Aneroid","Blood Pressure Monitors","American Diagnostic Corp","51.03","85.99","107.99","34.96","41%","22.00","N/A","https://imgcdn.mckesson.com/CumulusWeb/Images/Item_Detail/257005_left.jpg"
"gid://shopify/Product/us-2739","483381","Coiled Tubing 8 Foot Length For use with Tycos 509 Wall and Mobile Aneroid Sphygmomanometers","Blood Pressure Monitors","Welch Allyn","49.44","82.99","103.99","33.55","40%","21.00","N/A","https://imgcdn.mckesson.com/CumulusWeb/Images/Item_Detail/483381_front.jpg"
"gid://shopify/Product/us-2740","332035","Blood Pressure Inflation Bulb Welch Allyn® For use with Hand Aneroid DS58","Blood Pressure Monitors","Welch Allyn","42.37","70.99","88.99","28.62","40%","18.00","N/A","https://imgcdn.mckesson.com/CumulusWeb/Images/Item_Detail/WA_332035.jpg"
"gid://shopify/Product/us-2741","651788","Reusable Blood Pressure Cuff and Bulb FlexiPort® 32 to 43 cm Arm Nylon Cuff Large Adult Cuff","Blood Pressure Monitors","Welch Allyn","42.01","70.99","88.99","28.98","41%","18.00","N/A","https://imgcdn.mckesson.com/CumulusWeb/Images/Item_Detail/651788_front.jpg"
"gid://shopify/Product/us-2742","108980","Reusable Blood Pressure Cuff and Bulb Omni-Kuff® 32 to 43 cm Arm Nylon Cuff Large Adult Cuff","Blood Pressure Monitors","Welch Allyn","40.95","68.99","86.99","28.04","41%","18.00","N/A","https://imgcdn.mckesson.com/CumulusWeb/Images/Item_Detail/2502_1602_2.jpg"
"gid://shopify/Product/us-2743","465186","Blood Pressure Connector Welch Allyn® For use with Sphygmomanometer cuffs; BCI, Colin, and Datascope Passport XG and Expert monitor cuffs","Blood Pressure Monitors","Welch Allyn","40.88","68.99","86.99","28.11","41%","18.00","N/A","https://imgcdn.mckesson.com/CumulusWeb/Images/Item_Detail/465186_left.jpg"
"gid://shopify/Product/us-2744","653753","Reusable Blood Pressure Cuff FlexiPort® 40 to 55 cm Leg Nylon Cuff Thigh Cuff","Blood Pressure Monitors","Welch Allyn","40.52","67.99","84.99","27.47","40%","17.00","N/A","https://imgcdn.mckesson.com/CumulusWeb/Images/Item_Detail/653753_front.jpg"
"gid://shopify/Product/us-2745","651761","Reusable Blood Pressure Cuff FlexiPort® 40 to 55 cm Leg Nylon Cuff Thigh Cuff","Blood Pressure Monitors","Welch Allyn","40.52","67.99","84.99","27.47","40%","17.00","N/A","https://imgcdn.mckesson.com/CumulusWeb/Images/Item_Detail/651761_front.jpg"
"gid://shopify/Product/us-2746","652546","Reusable Blood Pressure Cuff FlexiPort® 40 to 55 cm Leg Nylon Cuff Thigh Cuff","Blood Pressure Monitors","Welch Allyn","40.52","67.99","84.99","27.47","40%","17.00","N/A","https://imgcdn.mckesson.com/CumulusWeb/Images/Item_Detail/652546_front.jpg"
"gid://shopify/Product/us-2747","455176","Coiled Tubing 4 Foot Length For use with Tycos 509 Wall and Mobile Aneroid Sphygmomanometers","Blood Pressure Monitors","Welch Allyn","40.14","66.99","83.99","26.85","40%","17.00","N/A","https://imgcdn.mckesson.com/CumulusWeb/Images/Item_Detail/455176_right.jpg"
"gid://shopify/Product/us-2748","651762","Reusable Blood Pressure Cuff and Bulb FlexiPort® 25 to 34 cm Arm Nylon Cuff Adult Cuff","Blood Pressure Monitors","Welch Allyn","38.65","64.99","81.99","26.34","41%","17.00","N/A","https://imgcdn.mckesson.com/CumulusWeb/Images/Item_Detail/651762_front.jpg"
"gid://shopify/Product/us-2749","1055467","Home Automatic Digital Blood Pressure Monitor Drive™ Medium Cuff Arm Nylon Cuff 22 - 36 cm Desk Model","Blood Pressure Monitors","Drive DeVilbiss Healthcare","36.77","61.99","77.99","25.22","41%","16.00","N/A","https://imgcdn.mckesson.com/CumulusWeb/Images/Item_Detail/1055467_front.jpg"
"gid://shopify/Product/us-2750","651791","Reusable Blood Pressure Cuff and Bulb FlexiPort® 15 to 21 cm Arm Nylon Cuff Child Cuff","Blood Pressure Monitors","Welch Allyn","36.42","60.99","76.99","24.57","40%","16.00","N/A","https://imgcdn.mckesson.com/CumulusWeb/Images/Item_Detail/651791.jpg"
"gid://shopify/Product/us-2751","648810","Blood Pressure Connector Welch Allyn®","Blood Pressure Monitors","Welch Allyn","34.38","57.99","72.99","23.61","41%","15.00","N/A","https://imgcdn.mckesson.com/CumulusWeb/Images/Item_Detail/648810.jpg"
"gid://shopify/Product/us-2752","497344","Aneroid Sphygmomanometer Unit Prosphyg™760 Series Infant Cuff Arm Nylon Cuff 9 - 14 cm Pocket Aneroid","Blood Pressure Monitors","American Diagnostic Corp","33.79","56.99","71.99","23.20","41%","15.00","N/A","https://imgcdn.mckesson.com/CumulusWeb/Images/Item_Detail/497344_left.jpg"
"gid://shopify/Product/us-2753","1028819","Reusable Aneroid / Stethoscope Set Proscope™ 23 to 33 cm Adult Cuff Dual Head General Exam Stethoscope Pocket Aneroid","Blood Pressure Monitors","American Diagnostic Corp","33.41","55.99","69.99","22.58","40%","14.00","N/A","https://imgcdn.mckesson.com/CumulusWeb/Images/Item_Detail/1028819_front.jpg"
"gid://shopify/Product/us-2754","257022","Aneroid Sphygmomanometer Unit Prosphyg™760 Series Large Adult Cuff Arm Nylon Cuff 34 - 50 cm Pocket Aneroid","Blood Pressure Monitors","American Diagnostic Corp","31.79","52.99","66.99","21.20","40%","14.00","N/A","https://imgcdn.mckesson.com/CumulusWeb/Images/Item_Detail/257022_left.jpg"
"gid://shopify/Product/us-2755","1058324","Home Automatic Digital Blood Pressure Monitor Drive™ Medium Cuff Arm Nylon Cuff 22 - 36 cm Desk Model","Blood Pressure Monitors","Drive DeVilbiss Healthcare","30.85","51.99","64.99","21.14","41%","13.00","N/A","https://imgcdn.mckesson.com/CumulusWeb/Images/Item_Detail/1058324_front.jpg"
"gid://shopify/Product/us-2756","671038","Reusable Blood Pressure Cuff FlexiPort® 32 to 43 cm Arm Nylon Cuff Adult Long Cuff","Blood Pressure Monitors","Welch Allyn","30.29","50.99","63.99","20.70","41%","13.00","N/A","https://imgcdn.mckesson.com/CumulusWeb/Images/Item_Detail/671038_front.jpg"
"gid://shopify/Product/us-2757","651795","Reusable Blood Pressure Cuff FlexiPort® 32 to 43 cm Arm Nylon Cuff Adult Long Cuff","Blood Pressure Monitors","Welch Allyn","30.29","50.99","63.99","20.70","41%","13.00","N/A","https://imgcdn.mckesson.com/CumulusWeb/Images/Item_Detail/651795_front.jpg"
"gid://shopify/Product/us-2758","653437","Reusable Blood Pressure Cuff FlexiPort® 32 to 43 cm Arm Nylon Cuff Adult Long Cuff","Blood Pressure Monitors","Welch Allyn","30.29","50.99","63.99","20.70","41%","13.00","N/A","https://imgcdn.mckesson.com/CumulusWeb/Images/Item_Detail/653437.jpg"
"gid://shopify/Product/us-2759","653816","Blood Pressure Tube Set Bronze Series DS44 For use with FlexiPort Blood Pressure Cuff","Blood Pressure Monitors","Welch Allyn","30.24","50.99","63.99","20.75","41%","13.00","N/A","https://imgcdn.mckesson.com/CumulusWeb/Images/Item_Detail/653816_side.jpg"
"gid://shopify/Product/us-2760","1047816","Home Automatic Digital Blood Pressure Monitor Drive™ Medium Cuff Wrist Cloth Fabric Cuff 13 - 22 cm Mobile","Blood Pressure Monitors","Drive DeVilbiss Healthcare","29.15","52.99","66.99","23.84","45%","14.00","N/A","https://imgcdn.mckesson.com/CumulusWeb/Images/Item_Detail/1047816_front.jpg"
"gid://shopify/Product/us-2761","935051","Reusable Blood Pressure Cuff and Bulb Adcuff™ 19 to 27 cm Arm Nylon Cuff Small Adult Cuff","Blood Pressure Monitors","American Diagnostic Corp","27.72","50.99","63.99","23.27","46%","13.00","N/A","https://imgcdn.mckesson.com/CumulusWeb/Images/Item_Detail/935051_left.jpg"
"gid://shopify/Product/us-2762","653647","Reusable Blood Pressure Cuff FlexiPort® 25 to 34 cm Arm Nylon Cuff Adult Long Cuff","Blood Pressure Monitors","Welch Allyn","27.14","49.99","62.99","22.85","46%","13.00","N/A","https://imgcdn.mckesson.com/CumulusWeb/Images/Item_Detail/653647_front.jpg"
"gid://shopify/Product/us-2763","733598","Reusable Blood Pressure Cuff FlexiPort® 25 to 34 cm Arm Nylon Cuff Adult Long Cuff","Blood Pressure Monitors","Welch Allyn","27.14","49.99","62.99","22.85","46%","13.00","N/A","https://imgcdn.mckesson.com/CumulusWeb/Images/Item_Detail/733598.jpg"
"gid://shopify/Product/us-2764","651756","Reusable Blood Pressure Cuff FlexiPort® 25 to 34 cm Arm Nylon Cuff Adult Long Cuff","Blood Pressure Monitors","Welch Allyn","27.14","49.99","62.99","22.85","46%","13.00","N/A","https://imgcdn.mckesson.com/CumulusWeb/Images/Item_Detail/651756_front.jpg"
"gid://shopify/Product/us-2765","661371","Reusable Blood Pressure Cuff FlexiPort® 25 to 34 cm Arm Nylon Cuff Adult Long Cuff","Blood Pressure Monitors","Welch Allyn","27.14","49.99","62.99","22.85","46%","13.00","N/A","https://imgcdn.mckesson.com/CumulusWeb/Images/Item_Detail/661371.jpg"
"gid://shopify/Product/us-2766","421655","Aneroid Sphygmomanometer Unit Prosphyg™760 Series Adult Cuff Arm Nylon Cuff 23 - 40 cm Pocket Aneroid","Blood Pressure Monitors","American Diagnostic Corp","26.62","48.99","61.99","22.37","46%","13.00","N/A","https://imgcdn.mckesson.com/CumulusWeb/Images/Item_Detail/421655_left.jpg"
"gid://shopify/Product/us-2767","662641","Reusable Blood Pressure Cuff FlexiPort® 32 to 43 cm Arm Nylon Cuff Large Adult Cuff","Blood Pressure Monitors","Welch Allyn","26.40","47.99","59.99","21.59","45%","12.00","N/A","https://imgcdn.mckesson.com/CumulusWeb/Images/Item_Detail/662641_pdet.jpg"
"gid://shopify/Product/us-2768","651787","Reusable Blood Pressure Cuff FlexiPort® 32 to 43 cm Arm Nylon Cuff Large Adult Cuff","Blood Pressure Monitors","Welch Allyn","26.40","47.99","59.99","21.59","45%","12.00","N/A","https://imgcdn.mckesson.com/CumulusWeb/Images/Item_Detail/651787_front.jpg"
"gid://shopify/Product/us-2769","1041133","Reusable Blood Pressure Cuff Home™ 40 to 54 cm Arm Nylon Cuff Extra Large Cuff","Blood Pressure Monitors","Welch Allyn","26.40","47.99","59.99","21.59","45%","12.00","N/A","https://imgcdn.mckesson.com/CumulusWeb/Images/Item_Detail/1041133_right.jpg"
"gid://shopify/Product/us-2770","651753","Reusable Blood Pressure Cuff FlexiPort® 32 to 43 cm Arm Nylon Cuff Large Adult Cuff","Blood Pressure Monitors","Welch Allyn","26.40","47.99","59.99","21.59","45%","12.00","N/A","https://imgcdn.mckesson.com/CumulusWeb/Images/Item_Detail/651753_front.jpg"
"gid://shopify/Product/us-2771","1192930","Reusable Blood Pressure Cuff 40 to 54 cm Arm Nylon Cuff Extra Large Cuff","Blood Pressure Monitors","Welch Allyn","26.40","47.99","59.99","21.59","45%","12.00","N/A","https://imgcdn.mckesson.com/CumulusWeb/Images/Item_Detail/1192930_right_.jpg"
"gid://shopify/Product/us-2772","935036","Reusable Blood Pressure Cuff ADC® 34 to 50 cm Arm Nylon Cuff Large Adult Cuff","Blood Pressure Monitors","American Diagnostic Corp","25.56","46.99","58.99","21.43","46%","12.00","N/A","https://imgcdn.mckesson.com/CumulusWeb/Images/Item_Detail/935036.jpg"
"gid://shopify/Product/us-2773","1039407","Reusable Aneroid / Stethoscope Set Lumiscope® Adult Cuff Dual Head Sprague Stethoscope Pocket Aneroid","Blood Pressure Monitors","Graham-Field","24.70","44.99","56.99","20.29","45%","12.00","N/A","https://imgcdn.mckesson.com/CumulusWeb/Images/Item_Detail/1039407_pkit.jpg"
"gid://shopify/Product/us-2774","481137","Reusable Aneroid / Stethoscope Set Advantage™ 24 to 33.6 cm Adult Cuff Single Head General Exam Stethoscope Pocket Aneroid","Blood Pressure Monitors","American Diagnostic Corp","24.57","44.99","56.99","20.42","45%","12.00","N/A","https://imgcdn.mckesson.com/CumulusWeb/Images/Item_Detail/481137_pkgleft.jpg"
"gid://shopify/Product/us-2775","653516","Blood Pressure Cuff Fitting Welch Allyn®","Blood Pressure Monitors","Welch Allyn","24.53","44.99","56.99","20.46","45%","12.00","N/A","https://imgcdn.mckesson.com/CumulusWeb/Images/Item_Detail/653516_front.jpg"
"gid://shopify/Product/us-2776","653635","Reusable Blood Pressure Cuff FlexiPort® 25 to 34 cm Arm Nylon Cuff Adult Cuff","Blood Pressure Monitors","Welch Allyn","23.23","42.99","53.99","19.76","46%","11.00","N/A","https://imgcdn.mckesson.com/CumulusWeb/Images/Item_Detail/653635_pdet.jpg"
"gid://shopify/Product/us-2777","651524","Reusable Blood Pressure Cuff FlexiPort® 25 to 34 cm Arm Nylon Cuff Adult Cuff","Blood Pressure Monitors","Welch Allyn","23.23","42.99","53.99","19.76","46%","11.00","N/A","https://imgcdn.mckesson.com/CumulusWeb/Images/Item_Detail/651524_front.jpg"
"gid://shopify/Product/us-2778","651752","Reusable Blood Pressure Cuff FlexiPort® 25 to 34 cm Arm Nylon Cuff Adult Cuff","Blood Pressure Monitors","Welch Allyn","23.23","42.99","53.99","19.76","46%","11.00","N/A","https://imgcdn.mckesson.com/CumulusWeb/Images/Item_Detail/651752_front.jpg"
"gid://shopify/Product/us-2779","651796","Reusable Blood Pressure Cuff FlexiPort® 25 to 34 cm Arm Nylon Cuff Adult Cuff","Blood Pressure Monitors","Welch Allyn","23.23","42.99","53.99","19.76","46%","11.00","N/A","https://imgcdn.mckesson.com/CumulusWeb/Images/Item_Detail/651796.jpg"
"gid://shopify/Product/us-2780","1041134","Blood Pressure Unit AC Adapter Welch Allyn® For use with Blood Pressure Monitor","Blood Pressure Monitors","Welch Allyn","22.87","41.99","52.99","19.12","46%","11.00","N/A","https://imgcdn.mckesson.com/CumulusWeb/Images/Item_Detail/1041134.jpg"
"gid://shopify/Product/us-2781","653634","Reusable Blood Pressure Cuff FlexiPort® 20 to 26 cm Arm Nylon Cuff Small Adult Cuff","Blood Pressure Monitors","Welch Allyn","22.49","40.99","51.99","18.50","45%","11.00","N/A","https://imgcdn.mckesson.com/CumulusWeb/Images/Item_Detail/653634_left.jpg"
"gid://shopify/Product/us-2782","651727","Reusable Blood Pressure Cuff FlexiPort® 20 to 26 cm Arm Nylon Cuff Small Adult Cuff","Blood Pressure Monitors","Welch Allyn","22.49","40.99","51.99","18.50","45%","11.00","N/A","https://imgcdn.mckesson.com/CumulusWeb/Images/Item_Detail/651727_front.jpg"
"gid://shopify/Product/us-2783","653436","Reusable Blood Pressure Cuff FlexiPort® 20 to 26 cm Arm Nylon Cuff Small Adult Cuff","Blood Pressure Monitors","Welch Allyn","22.49","40.99","51.99","18.50","45%","11.00","N/A","https://imgcdn.mckesson.com/CumulusWeb/Images/Item_Detail/653436_front.jpg"
"gid://shopify/Product/us-2784","662618","Reusable Blood Pressure Cuff FlexiPort® 20 to 26 cm Arm Nylon Cuff Small Adult Cuff","Blood Pressure Monitors","Welch Allyn","22.49","40.99","51.99","18.50","45%","11.00","N/A","https://imgcdn.mckesson.com/CumulusWeb/Images/Item_Detail/662618.jpg"
"gid://shopify/Product/us-2785","992804","Aneroid Sphygmomanometer Unit Prosphyg™775 Series Adult Cuff Arm Nylon Cuff 23 - 40 cm Pocket Aneroid","Blood Pressure Monitors","American Diagnostic Corp","22.49","40.99","51.99","18.50","45%","11.00","N/A","https://imgcdn.mckesson.com/CumulusWeb/Images/Item_Detail/992804_right.jpg"
"gid://shopify/Product/us-2786","651755","Reusable Blood Pressure Cuff FlexiPort® 20 to 26 cm Arm Nylon Cuff Small Adult Cuff","Blood Pressure Monitors","Welch Allyn","22.49","40.99","51.99","18.50","45%","11.00","N/A","https://imgcdn.mckesson.com/CumulusWeb/Images/Item_Detail/651755_front.jpg"
"gid://shopify/Product/us-2787","647323","Aneroid Sphygmomanometer Unit Prosphyg™775 Series Small Adult Cuff Arm Nylon Cuff 19 - 27 cm Pocket Aneroid","Blood Pressure Monitors","American Diagnostic Corp","22.49","40.99","51.99","18.50","45%","11.00","N/A","https://imgcdn.mckesson.com/CumulusWeb/Images/Item_Detail/647323_right.jpg"
"gid://shopify/Product/us-2788","653633","Reusable Blood Pressure Cuff FlexiPort® 15 to 21 cm Arm Nylon Cuff Child Cuff","Blood Pressure Monitors","Welch Allyn","21.75","39.99","49.99","18.24","46%","10.00","N/A","https://imgcdn.mckesson.com/CumulusWeb/Images/Item_Detail/653633_pkgfront.jpg"
"gid://shopify/Product/us-2789","651754","Reusable Blood Pressure Cuff FlexiPort® 15 to 21 cm Arm Nylon Cuff Child Cuff","Blood Pressure Monitors","Welch Allyn","21.75","39.99","49.99","18.24","46%","10.00","N/A","https://imgcdn.mckesson.com/CumulusWeb/Images/Item_Detail/651754_front.jpg"
"gid://shopify/Product/us-2790","653435","Reusable Blood Pressure Cuff FlexiPort® 15 to 21 cm Arm Nylon Cuff Child Cuff","Blood Pressure Monitors","Welch Allyn","21.75","39.99","49.99","18.24","46%","10.00","N/A","https://imgcdn.mckesson.com/CumulusWeb/Images/Item_Detail/653435.jpg"
"gid://shopify/Product/us-2791","942745","Reusable Blood Pressure Cuff Advantage™ Ultra 32 to 52 cm Arm Nylon Cuff Large Adult Cuff","Blood Pressure Monitors","American Diagnostic Corp","21.18","38.99","48.99","17.81","46%","10.00","N/A","https://imgcdn.mckesson.com/CumulusWeb/Images/Item_Detail/942745_left.jpg"
"gid://shopify/Product/us-2792","653646","Reusable Blood Pressure Cuff FlexiPort® 12 to 16 cm Arm Nylon Cuff Small Child Cuff","Blood Pressure Monitors","Welch Allyn","21.00","38.99","48.99","17.99","46%","10.00","N/A","https://imgcdn.mckesson.com/CumulusWeb/Images/Item_Detail/653646_front.jpg"
"gid://shopify/Product/us-2793","653644","Reusable Blood Pressure Cuff FlexiPort® 9 to 13 cm Arm Nylon Cuff Infant Cuff","Blood Pressure Monitors","Welch Allyn","21.00","38.99","48.99","17.99","46%","10.00","N/A","https://imgcdn.mckesson.com/CumulusWeb/Images/Item_Detail/653644_front.jpg"
"gid://shopify/Product/us-2794","651793","Reusable Blood Pressure Cuff FlexiPort® 12 to 16 cm Arm Nylon Cuff Small Child Cuff","Blood Pressure Monitors","Welch Allyn","21.00","38.99","48.99","17.99","46%","10.00","N/A","https://imgcdn.mckesson.com/CumulusWeb/Images/Item_Detail/651793_front.jpg"
"gid://shopify/Product/us-2795","662033","Reusable Blood Pressure Cuff FlexiPort® 9 to 13 cm Arm Nylon Cuff Infant Cuff","Blood Pressure Monitors","Welch Allyn","21.00","38.99","48.99","17.99","46%","10.00","N/A","https://imgcdn.mckesson.com/CumulusWeb/Images/Item_Detail/662033.jpg"
"gid://shopify/Product/us-2796","653517","Reusable Blood Pressure Cuff FlexiPort® 7 to 10 cm Arm Nylon Cuff Infant Cuff","Blood Pressure Monitors","Welch Allyn","20.26","36.99","46.99","16.73","45%","10.00","N/A","https://imgcdn.mckesson.com/CumulusWeb/Images/Item_Detail/653517_front.jpg"
"gid://shopify/Product/us-2797","1041132","Reusable Blood Pressure Cuff Home™ 22 to 42 cm Arm Nylon Cuff Wide Range Adult Cuff","Blood Pressure Monitors","Welch Allyn","19.60","35.99","44.99","16.39","46%","9.00","N/A","https://imgcdn.mckesson.com/CumulusWeb/Images/Item_Detail/1041132.jpg"
"gid://shopify/Product/us-2798","1239871","Single Patient Use Blood Pressure Cuff Medline Arm Soft Fabric Cuff Small Adult Cuff","Blood Pressure Monitors","Medline","19.48","35.99","44.99","16.51","46%","9.00","N/A","https://imgcdn.mckesson.com/CumulusWeb/Images/Item_Detail/1239871_front.jpg"
"gid://shopify/Product/us-2799","501875","Reusable Aneroid / Stethoscope Set Adult Cuff Single Head General Exam Stethoscope Pocket Aneroid","Blood Pressure Monitors","Graham-Field","18.83","34.99","43.99","16.16","46%","9.00","N/A","https://imgcdn.mckesson.com/CumulusWeb/Images/Item_Detail/501875_front.jpg"
"gid://shopify/Product/us-2800","942744","Reusable Blood Pressure Cuff Advantage™ 17 to 22 cm Arm Nylon Cuff Small Adult Cuff","Blood Pressure Monitors","American Diagnostic Corp","16.77","30.99","38.99","14.22","46%","8.00","N/A","https://imgcdn.mckesson.com/CumulusWeb/Images/Item_Detail/942744_left.jpg"
"gid://shopify/Product/us-2801","465774","Blood Pressure Inflation System Basket ADC® For use with Wall Sphygs 750 W, 952B, 9000W, 9002W","Blood Pressure Monitors","American Diagnostic Corp","15.95","28.99","36.99","13.04","45%","8.00","N/A","https://imgcdn.mckesson.com/CumulusWeb/Images/Item_Detail/465774_left.jpg"
"gid://shopify/Product/us-2802","1089100","Reusable Blood Pressure Cuff Drive™ 30.4 to 44 cm Arm Nylon Cuff Extra Large Cuff","Blood Pressure Monitors","Drive DeVilbiss Healthcare","15.33","27.99","34.99","12.66","45%","7.00","N/A","https://imgcdn.mckesson.com/CumulusWeb/Images/Item_Detail/1089100_left.jpg"
"gid://shopify/Product/us-2803","1165879","Reusable Blood Pressure Cuff 22 to 36 cm Arm Nylon Cuff Medium Cuff","Blood Pressure Monitors","Drive DeVilbiss Healthcare","10.78","19.99","24.99","9.21","46%","5.00","N/A","https://imgcdn.mckesson.com/CumulusWeb/Images/Item_Detail/1165879_right.jpg"
"gid://shopify/Product/us-2804","536431","Blood Pressure Bulb with Deflation Valve Adflow™ For use with All Pocket and Clock Aneroids and Mercury Sphygs","Blood Pressure Monitors","American Diagnostic Corp","10.20","18.99","23.99","8.79","46%","5.00","N/A","https://imgcdn.mckesson.com/CumulusWeb/Images/Item_Detail/536431_right.jpg"
"gid://shopify/Product/us-2805","1002159","Blood Pressure Tube Set Welch Allyn® For use with Connectors to Flexi Port Adapter","Blood Pressure Monitors","Welch Allyn","7.84","14.99","18.99","7.15","48%","4.00","N/A","https://imgcdn.mckesson.com/CumulusWeb/Images/Item_Detail/1002159_pdet.jpg"
"gid://shopify/Product/us-2806","746565","Single Patient Use Blood Pressure Cuff FlexiPort® 25 to 34 cm Arm Cloth Fabric Cuff Adult Cuff","Blood Pressure Monitors","Welch Allyn","4.81","8.99","11.99","4.18","46%","3.00","N/A","https://imgcdn.mckesson.com/CumulusWeb/Images/Item_Detail/746565_left.jpg"
"gid://shopify/Product/us-2807","187577","Cushion Grip One Size Fits Most Blue Mild Resistance","Blood Pressure Monitors","Skil-Care","4.24","7.99","9.99","3.75","47%","2.00","N/A","https://imgcdn.mckesson.com/CumulusWeb/Images/Item_Detail/187577_ls.jpg"
"gid://shopify/Product/us-2808","635135","Single Patient Use Blood Pressure Cuff Tempa-Kuff® 27.5 to 36.5 cm Arm Cloth Fabric Cuff Adult Cuff","Blood Pressure Monitors","Welch Allyn","3.45","6.99","8.99","3.54","51%","2.00","N/A","https://imgcdn.mckesson.com/CumulusWeb/Images/Item_Detail/635135.jpg"
"gid://shopify/Product/us-2809","1137212","Patient Monitor Connex® 6800 Series Monitoring NIBP, Pulse Rate, MAP, SpO2, SureTemp Plus Thermometry AC Power","Blood Pressure Monitors","Welch Allyn","13289.18","18457.99","23072.99","5168.81","28%","4615.00","N/A","https://imgcdn.mckesson.com/CumulusWeb/Images/Item_Detail/ImageNotAvailable_gray_.jpg"
"gid://shopify/Product/us-2810","1123490","Patient Monitor Connex® 6700 Series Monitoring CO2, NIBP, Pulse Rate, SureTemp AC Power / Battery Operated","Blood Pressure Monitors","Welch Allyn","12087.96","16788.99","20986.99","4701.03","28%","4198.00","N/A","https://imgcdn.mckesson.com/CumulusWeb/Images/Item_Detail/1123490.jpg"
"gid://shopify/Product/us-2811","1171103","Vital Signs Monitor Hillrom™ Monitoring, Spot C02, NBP, SureTemp Plus Temperature, SpO2 AC Power / Battery Operated","Blood Pressure Monitors","Welch Allyn","11320.30","15722.99","19653.99","4402.69","28%","3931.00","N/A","https://imgcdn.mckesson.com/CumulusWeb/Images/Item_Detail/ImageNotAvailable_gray_.jpg"
"gid://shopify/Product/us-2812","1148178","Patient Monitor Connex® Monitoring ECG, NIBP, PULSE, SpO2 , SureTemp Battery Operated","Blood Pressure Monitors","Welch Allyn","9482.23","13169.99","16462.99","3687.76","28%","3293.00","N/A","https://imgcdn.mckesson.com/CumulusWeb/Images/Item_Detail/1148178.jpg"
"gid://shopify/Product/us-2813","959080","Automatic Digital Blood Pressure Monitor Tango M2® Large Cuff Arm Nylon Cuff 23 - 40 cm Desk Model","Blood Pressure Monitors","Welch Allyn","9253.61","12852.99","16066.99","3599.38","28%","3214.00","N/A","https://imgcdn.mckesson.com/CumulusWeb/Images/Item_Detail/959080.jpg"
"gid://shopify/Product/us-2814","1102121","Patient Monitor Connex® 6800 Series Monitoring / Spot check NIPB, Pulse Rate, SpO2, SureTemp AC Power / Battery Operated","Blood Pressure Monitors","Welch Allyn","7973.51","11074.99","13843.99","3101.48","28%","2769.00","N/A","https://imgcdn.mckesson.com/CumulusWeb/Images/Item_Detail/1102121.jpg"
"gid://shopify/Product/us-2815","1087883","Patient Monitor Connex® 6800 Series Monitoring NIBP, Purlse Rate, SpO2, SureTemp Pluse Themometry AC Power / Battery Operated","Blood Pressure Monitors","Welch Allyn","7973.51","11074.99","13843.99","3101.48","28%","2769.00","N/A","https://imgcdn.mckesson.com/CumulusWeb/Images/Item_Detail/ImageNotAvailable_gray_.jpg"
"gid://shopify/Product/us-2816","1055690","Patient Monitor Connex® 6700 Series Monitoring NIBP, Pulse Rate, SpO2, SureTemp AC Power","Blood Pressure Monitors","Welch Allyn","7006.26","9730.99","12163.99","2724.73","28%","2433.00","N/A","https://imgcdn.mckesson.com/CumulusWeb/Images/Item_Detail/1055690.jpg"
"gid://shopify/Product/us-2817","1280704","Vital Signs Monitor Welch Allyn® Monitoring BP, SpO2 AC Power / Battery Operated","Blood Pressure Monitors","Welch Allyn","6978.89","9692.99","12116.99","2714.10","28%","2424.00","N/A","https://imgcdn.mckesson.com/CumulusWeb/Images/Item_Detail/1280704_right.jpg"
"gid://shopify/Product/us-2818","1180154","Patient Monitor Connex® Spot Check NIBP, Respiration, SpO2, Thermometer AC Power","Blood Pressure Monitors","Welch Allyn","6348.20","8816.99","11021.99","2468.79","28%","2205.00","N/A","https://imgcdn.mckesson.com/CumulusWeb/Images/Item_Detail/1180154_front.jpg"
"gid://shopify/Product/us-2819","946238","Patient Monitor Connex® Monitoring / Spot check NIBP, Pulse Rate, SpO2 AC Power / Battery Operated","Blood Pressure Monitors","Welch Allyn","6108.85","8484.99","10606.99","2376.14","28%","2122.00","N/A","https://imgcdn.mckesson.com/CumulusWeb/Images/Item_Detail/946238.jpg"
"gid://shopify/Product/us-2820","1073635","Patient Monitor Connex® 6800 Series Monitoring NIBP, Pulse Rate, SpO2 AC Power","Blood Pressure Monitors","Welch Allyn","6108.85","8484.99","10606.99","2376.14","28%","2122.00","N/A","https://imgcdn.mckesson.com/CumulusWeb/Images/Item_Detail/1073635.jpg"
"gid://shopify/Product/us-2821","955137","Patient Monitor Monitoring NIBP, Pulse Rate, SpO2 AC Power","Blood Pressure Monitors","Welch Allyn","6054.79","8409.99","10512.99","2355.20","28%","2103.00","N/A","https://imgcdn.mckesson.com/CumulusWeb/Images/Item_Detail/955137.jpg"
"gid://shopify/Product/us-2822","946346","Patient Monitor Connex® Monitoring NIPB, Pulse Rate, SpO2, SureTemp AC Power / Battery Operated","Blood Pressure Monitors","Welch Allyn","6054.79","8409.99","10512.99","2355.20","28%","2103.00","N/A","https://imgcdn.mckesson.com/CumulusWeb/Images/Item_Detail/946346.jpg"
"gid://shopify/Product/us-2823","946259","Patient Monitor Connex® Monitoring / Spot check NIBP, SpO2, Temperature Battery Operated","Blood Pressure Monitors","Welch Allyn","5789.89","8041.99","10052.99","2252.10","28%","2011.00","N/A","https://imgcdn.mckesson.com/CumulusWeb/Images/Item_Detail/946259.jpg"
"gid://shopify/Product/us-2824","946262","Patient Monitor Connex® Monitoring / Spot check NIBP, SpO2, Temperature Battery Operated","Blood Pressure Monitors","Welch Allyn","5779.55","8027.99","10034.99","2248.44","28%","2007.00","N/A","https://imgcdn.mckesson.com/CumulusWeb/Images/Item_Detail/946262_front.jpg"
"gid://shopify/Product/us-2825","1180131","Patient Monitor Masimo® Spot Check NIBP, Respiration, SpO2, Thermometer AC Power","Blood Pressure Monitors","Welch Allyn","5624.47","7811.99","9764.99","2187.52","28%","1953.00","N/A","https://imgcdn.mckesson.com/CumulusWeb/Images/Item_Detail/ImageNotAvailable_gray_.jpg"
"gid://shopify/Product/us-2826","946258","Patient Monitor Connex® Monitoring / Spot check NIBP, SpO2, SureTemp Plus Thermometer Battery Operated","Blood Pressure Monitors","Welch Allyn","5559.14","7721.99","9652.99","2162.85","28%","1931.00","N/A","https://imgcdn.mckesson.com/CumulusWeb/Images/Item_Detail/946258_1.jpg"
"gid://shopify/Product/us-2827","971402","Patient Monitor Connex® Monitoring / Spot check NIBP, SpO2, Thermometer AC Power","Blood Pressure Monitors","Welch Allyn","5250.64","7292.99","9116.99","2042.35","28%","1824.00","N/A","https://imgcdn.mckesson.com/CumulusWeb/Images/Item_Detail/971402.jpg"
"gid://shopify/Product/us-2828","946253","Patient Monitor Connex® Monitoring / Spot check NIBP, SpO2, Braun ThermoScan PRO 6000 Ear Temperature Battery Operated","Blood Pressure Monitors","Welch Allyn","5221.24","7251.99","9064.99","2030.75","28%","1813.00","N/A","https://imgcdn.mckesson.com/CumulusWeb/Images/Item_Detail/946253.jpg"
"gid://shopify/Product/us-2829","946249","Patient Monitor Connex® Monitoring / Spot check NIBP, SpO2, Temperature Battery Operated","Blood Pressure Monitors","Welch Allyn","5024.80","6978.99","8723.99","1954.19","28%","1745.00","N/A","https://imgcdn.mckesson.com/CumulusWeb/Images/Item_Detail/946249.jpg"
"gid://shopify/Product/us-2830","946257","Patient Monitor Connex® Monitoring / Spot check NIBP, SpO2, Temperature Battery Operated","Blood Pressure Monitors","WELCH ALLYN INC.","5024.80","6978.99","8723.99","1954.19","28%","1745.00","N/A","https://imgcdn.mckesson.com/CumulusWeb/Images/Item_Detail/946257.jpg"
"gid://shopify/Product/us-2831","971404","Patient Monitor Connex® Monitoring / Spot check NIBP, SpO2, Thermometer AC Power","Blood Pressure Monitors","Welch Allyn","4622.18","6419.99","8024.99","1797.81","28%","1605.00","N/A","https://imgcdn.mckesson.com/CumulusWeb/Images/Item_Detail/971404.jpg"
"gid://shopify/Product/us-2832","959360","Patient Monitor Connex® Monitoring / Spot check NIBP, SpO2, Thermometer AC Power","Blood Pressure Monitors","Welch Allyn","4500.55","6250.99","7813.99","1750.44","28%","1563.00","N/A","https://imgcdn.mckesson.com/CumulusWeb/Images/Item_Detail/959360_right.jpg"
"gid://shopify/Product/us-2833","946248","Patient Monitor Connex® Monitoring / Spot check NIBP, SpO2 Battery Operated","Blood Pressure Monitors","Welch Allyn","4425.13","6146.99","7683.99","1721.86","28%","1537.00","N/A","https://imgcdn.mckesson.com/CumulusWeb/Images/Item_Detail/946248.jpg"
"gid://shopify/Product/us-2834","959362","Patient Monitor Connex® Monitoring / Spot check NIBP, Thermometer AC Power / Battery Operated","Blood Pressure Monitors","Welch Allyn","3882.23","5391.99","6739.99","1509.76","28%","1348.00","N/A","https://imgcdn.mckesson.com/CumulusWeb/Images/Item_Detail/959362_front.jpg"
"gid://shopify/Product/us-2835","959361","Patient Monitor Connex® Monitoring / Spot check NIBP, SureTemp Plus Thermometer AC Power","Blood Pressure Monitors","Welch Allyn","3608.55","5011.99","6264.99","1403.44","28%","1253.00","N/A","https://imgcdn.mckesson.com/CumulusWeb/Images/Item_Detail/959361.jpg"
"gid://shopify/Product/us-2836","946247","Patient Monitor Connex® Monitoring / Spot check NIBP, Thermometer Battery Operated","Blood Pressure Monitors","Welch Allyn","3466.64","4814.99","6018.99","1348.35","28%","1204.00","N/A","https://imgcdn.mckesson.com/CumulusWeb/Images/Item_Detail/946247.jpg"
"gid://shopify/Product/us-2837","946243","Patient Monitor Connex® Monitoring / Spot check NIBP, SpO2 Battery Operated","Blood Pressure Monitors","Welch Allyn","3263.91","4533.99","5667.99","1270.08","28%","1134.00","N/A","https://imgcdn.mckesson.com/CumulusWeb/Images/Item_Detail/946243.jpg"
"gid://shopify/Product/us-2838","946246","Patient Monitor Connex® Monitoring / Spot check NIBP, SureTemp Plus Thermometer Battery Operated","Blood Pressure Monitors","Welch Allyn","3233.50","4490.99","5613.99","1257.49","28%","1123.00","N/A","https://imgcdn.mckesson.com/CumulusWeb/Images/Item_Detail/946246_left.jpg"
"gid://shopify/Product/us-2839","1035606","Vital Signs Monitor Adview™ Spot Check NIBP / Temperature AC Power / Battery Operated","Blood Pressure Monitors","American Diagnostic Corp","1761.82","2446.99","3058.99","685.17","28%","612.00","N/A","https://imgcdn.mckesson.com/CumulusWeb/Images/Item_Detail/1035606.jpg"
"gid://shopify/Product/us-2840","1290002","Dressing Chage Kit Centurion","Blood Pressure Monitors","Medline","1423.66","1977.99","2472.99","554.33","28%","495.00","N/A","https://imgcdn.mckesson.com/CumulusWeb/Images/Item_Detail/1290002_pkit.jpg"
"gid://shopify/Product/us-2841","988235","Blood Pressure Test Volume Repair Fixture Welch Allyn®","Blood Pressure Monitors","Welch Allyn","1298.13","1802.99","2253.99","504.86","28%","451.00","N/A","https://imgcdn.mckesson.com/CumulusWeb/Images/Item_Detail/988235.jpg"
"gid://shopify/Product/us-2842","807300","Wall Transformer Green Series™ 777 GS 777 Wall Transformer","Blood Pressure Monitors","Welch Allyn","1019.54","1416.99","1771.99","397.45","28%","355.00","N/A","https://imgcdn.mckesson.com/CumulusWeb/Images/Item_Detail/807300.jpg"
"gid://shopify/Product/us-2843","1038409","Automatic Digital Blood Pressure Monitor ADView® 2 Multiple Sizes Arm Nylon Cuff Mobile","Blood Pressure Monitors","American Diagnostic Corp","877.49","1218.99","1523.99","341.50","28%","305.00","N/A","https://imgcdn.mckesson.com/CumulusWeb/Images/Item_Detail/1038409.jpg"
"gid://shopify/Product/us-2844","694173","Blood Pressure Tube Set Flexiport® For use with Blood Pressure Cuff","Blood Pressure Monitors","Welch Allyn","823.61","1143.99","1429.99","320.38","28%","286.00","N/A","https://imgcdn.mckesson.com/CumulusWeb/Images/Item_Detail/WA_694173.jpg"
"gid://shopify/Product/us-2845","694174","Blood Pressure Tube Set Flexiport® For use with Blood Pressure Cuff","Blood Pressure Monitors","Welch Allyn","718.80","998.99","1248.99","280.19","28%","250.00","N/A","https://imgcdn.mckesson.com/CumulusWeb/Images/Item_Detail/WA_694174.jpg"
"gid://shopify/Product/us-2846","133764","Blood Pressure Bulb with Deflation Valve Welch Allyn® For use with Tycos® 509 Wall and Mobile Aneroid Sphygmomanometers","Blood Pressure Monitors","Welch Allyn","653.39","907.99","1134.99","254.60","28%","227.00","N/A","https://imgcdn.mckesson.com/CumulusWeb/Images/Item_Detail/ImageNotAvailable_gray_.jpg"
"gid://shopify/Product/us-2847","825256","Mobile Stand Kit With Basket For 767-Series Wall/Mobile Sphygmomanometers","Blood Pressure Monitors","Welch Allyn","626.43","870.99","1088.99","244.56","28%","218.00","N/A","https://imgcdn.mckesson.com/CumulusWeb/Images/Item_Detail/ImageNotAvailable_gray_.jpg"
"gid://shopify/Product/us-2848","287384","Aneroid Sphygmomanometer Unit Welch Allyn™ 767 Series Adult Cuff Arm Nylon Cuff 25 - 34 cm Mobile","Blood Pressure Monitors","Welch Allyn","623.66","866.99","1083.99","243.33","28%","217.00","N/A","https://imgcdn.mckesson.com/CumulusWeb/Images/Item_Detail/287384.jpg"
"gid://shopify/Product/us-2849","455112","Aneroid Sphygmomanometer Unit Welch Allyn™ Adult Cuff Arm Nylon Cuff 25 - 34 cm Mobile","Blood Pressure Monitors","Welch Allyn","583.52","810.99","1013.99","227.47","28%","203.00","N/A","https://imgcdn.mckesson.com/CumulusWeb/Images/Item_Detail/WA_455112.jpg"
"gid://shopify/Product/us-2850","1079567","Reusable Blood Pressure Cuff Set FlexiPort® Assorted Size Range Arm Nylon Cuff Multiple Cuff Sizes","Blood Pressure Monitors","Welch Allyn","574.53","797.99","997.99","223.46","28%","200.00","N/A","https://imgcdn.mckesson.com/CumulusWeb/Images/Item_Detail/ImageNotAvailable_gray_.jpg"
"gid://shopify/Product/us-2851","537979","Aneroid Sphygmomanometer Unit Welch Allyn™ Platinum Series DS48 Multiple Sizes Arm Nylon Cuff Palm Aneroid","Blood Pressure Monitors","Welch Allyn","573.11","795.99","994.99","222.88","28%","199.00","N/A","https://imgcdn.mckesson.com/CumulusWeb/Images/Item_Detail/537979.jpg"
"gid://shopify/Product/us-2852","537982","Aneroid Sphygmomanometer Unit Welch Allyn™ Platinum Series DS48 Multiple Sizes Arm Nylon Cuff Palm Aneroid","Blood Pressure Monitors","Welch Allyn","573.11","795.99","994.99","222.88","28%","199.00","N/A","https://imgcdn.mckesson.com/CumulusWeb/Images/Item_Detail/537982.jpg"
"gid://shopify/Product/us-2853","198886","Reusable Blood Pressure Cuff and Bulb WelchAllyn® 34 to 52 cm Arm Nylon Cuff Large Adult Cuff","Blood Pressure Monitors","Welch Allyn","550.07","763.99","954.99","213.92","28%","191.00","N/A","https://imgcdn.mckesson.com/CumulusWeb/Images/Item_Detail/198886.jpg"
"gid://shopify/Product/us-2854","145420","Reusable Blood Pressure Cuff and Bulb WelchAllyn® 29 to 42 cm Arm Nylon Cuff Adult Cuff","Blood Pressure Monitors","Welch Allyn","550.07","763.99","954.99","213.92","28%","191.00","N/A","https://imgcdn.mckesson.com/CumulusWeb/Images/Item_Detail/145420.jpg"
"gid://shopify/Product/us-2855","978475","Blood Pressure Gauge Welch Allyn® For use with Aneroid Sphygmomanometer","Blood Pressure Monitors","Welch Allyn","548.58","761.99","952.99","213.41","28%","191.00","N/A","https://imgcdn.mckesson.com/CumulusWeb/Images/Item_Detail/978475.jpg"
"gid://shopify/Product/us-2856","187753","Blood Pressure Tubing Welch Allyn® For use with Welch Allyn Blood Pressure Devices","Blood Pressure Monitors","Welch Allyn","524.79","728.99","911.99","204.20","28%","183.00","N/A","https://imgcdn.mckesson.com/CumulusWeb/Images/Item_Detail/187753_front.jpg"
"gid://shopify/Product/us-2857","1239883","Single Patient Use Blood Pressure Cuff Medline Arm Soft Fabric Cuff Adult Long Cuff","Blood Pressure Monitors","Medline","499.93","769.99","962.99","270.06","35%","193.00","N/A","https://imgcdn.mckesson.com/CumulusWeb/Images/Item_Detail/1239883_front.jpg"
"gid://shopify/Product/us-2858","537983","Aneroid Sphygmomanometer Unit Welch Allyn™ Platinum Series DS48 Multiple Sizes Arm Nylon Cuff Palm Aneroid","Blood Pressure Monitors","Welch Allyn","490.60","754.99","943.99","264.39","35%","189.00","N/A","https://imgcdn.mckesson.com/CumulusWeb/Images/Item_Detail/WA_537983.jpg"
"gid://shopify/Product/us-2859","1209106","Mobile Stand and Mounting Kit Connex ProBP™ 3400","Blood Pressure Monitors","Welch Allyn","475.46","731.99","914.99","256.53","35%","183.00","N/A","https://imgcdn.mckesson.com/CumulusWeb/Images/Item_Detail/ImageNotAvailable_gray_.jpg"
"gid://shopify/Product/us-2860","532274","Diagnostic Connectors 1/8 Inch Hose Barb, Metal, Female, Screw Type Welch Allyn Atlas, Vital Signs Monitor, Welch Allyn Spot, Critikon Monitor, Blood Pressure Instrument","Blood Pressure Monitors","Welch Allyn","468.30","720.99","901.99","252.69","35%","181.00","N/A","https://imgcdn.mckesson.com/CumulusWeb/Images/Item_Detail/WA_532274.jpg"
"gid://shopify/Product/us-2861","1244816","Single Patient Use Blood Pressure Cuff Medline Arm Vinyl Cuff Adult Cuff","Blood Pressure Monitors","Medline","468.01","720.99","901.99","252.98","35%","181.00","N/A","https://imgcdn.mckesson.com/CumulusWeb/Images/Item_Detail/1244816_front.jpg"
"gid://shopify/Product/us-2862","1051979","Blood Pressure Y-Tubing Welch Allyn® For use with Universal Blood Pressure Units","Blood Pressure Monitors","Welch Allyn","464.58","714.99","893.99","250.41","35%","179.00","N/A","https://imgcdn.mckesson.com/CumulusWeb/Images/Item_Detail/1051979.jpg"
"gid://shopify/Product/us-2863","962311","Aneroid Sphygmomanometer Unit Welch Allyn™ Pediatric Cuff Arm Nylon Cuff 15 - 21 cm Wall Mount","Blood Pressure Monitors","Welch Allyn","453.43","697.99","872.99","244.56","35%","175.00","N/A","https://imgcdn.mckesson.com/CumulusWeb/Images/Item_Detail/962311_left.jpg"
"gid://shopify/Product/us-2864","199661","Aneroid Sphygmomanometer Unit Tycos® Multiple Sizes Arm Nylon Cuff Various Palm Aneroid","Blood Pressure Monitors","Welch Allyn","416.27","640.99","801.99","224.72","35%","161.00","N/A","https://imgcdn.mckesson.com/CumulusWeb/Images/Item_Detail/199661.jpg"
"gid://shopify/Product/us-2865","454593","Aneroid Sphygmomanometer Unit FlexiPort® Multiple Sizes Arm Cloth Fabric Cuff 15 to 43.cm Palm Aneroid","Blood Pressure Monitors","Welch Allyn","414.78","638.99","798.99","224.21","35%","160.00","N/A","https://imgcdn.mckesson.com/CumulusWeb/Images/Item_Detail/454593.jpg"
"gid://shopify/Product/us-2866","741030","Aneroid Sphygmomanometer Unit Ds66 Trigger Aneroid Gold Series Pediatric Cuff Arm Nylon Cuff 15 - 21 cm Palm Aneroid","Blood Pressure Monitors","Welch Allyn","413.29","635.99","794.99","222.70","35%","159.00","N/A","https://imgcdn.mckesson.com/CumulusWeb/Images/Item_Detail/WA_741030.jpg"
"gid://shopify/Product/us-2867","1157052","Automatic Digital Blood Pressure Monitor E-sphyg™ 3 Multiple Sizes Arm Nylon Cuff 19 - 50 cm Desk Model","Blood Pressure Monitors","American Diagnostic Corp","406.01","624.99","781.99","218.98","35%","157.00","N/A","https://imgcdn.mckesson.com/CumulusWeb/Images/Item_Detail/1157052_pkit.jpg"
"gid://shopify/Product/us-2868","709804","Aneroid Sphygmomanometer Unit Tycos® Multiple Sizes Arm Nylon Cuff Palm Aneroid","Blood Pressure Monitors","Welch Allyn","405.86","624.99","781.99","219.13","35%","157.00","N/A","https://imgcdn.mckesson.com/CumulusWeb/Images/Item_Detail/WA_709804.jpg"
"gid://shopify/Product/us-2869","1037815","Reusable Blood Pressure Cuff Tango® M2 32 to 44 cm Arm Nylon Cuff Bariatric Cuff","Blood Pressure Monitors","Welch Allyn","403.37","620.99","776.99","217.62","35%","156.00","N/A","https://imgcdn.mckesson.com/CumulusWeb/Images/Item_Detail/ImageNotAvailable_gray_.jpg"
"gid://shopify/Product/us-2870","537976","Aneroid Sphygmomanometer Unit Welch Allyn™ Platinum Series DS48 Adult Cuff Arm Nylon Cuff 23 - 40 cm Pocket Aneroid","Blood Pressure Monitors","Welch Allyn","400.66","616.99","771.99","216.33","35%","155.00","N/A","https://imgcdn.mckesson.com/CumulusWeb/Images/Item_Detail/WA_537976.jpg"
"gid://shopify/Product/us-2871","1012310","Single Patient Use Blood Pressure Cuff FlexiPort® 25 to 34 cm Arm Polypropylene Cuff Adult Cuff","Blood Pressure Monitors","Welch Allyn","387.29","595.99","744.99","208.70","35%","149.00","N/A","https://imgcdn.mckesson.com/CumulusWeb/Images/Item_Detail/1012310_left.jpg"
"gid://shopify/Product/us-2872","959357","Mobile Stand Welch Allyn®","Blood Pressure Monitors","Welch Allyn","383.90","590.99","738.99","207.09","35%","148.00","N/A","https://imgcdn.mckesson.com/CumulusWeb/Images/Item_Detail/959357.jpg"
"gid://shopify/Product/us-2873","1062139","Wall Panel For Connex® BP Spot Monitor","Blood Pressure Monitors","Welch Allyn","377.07","580.99","726.99","203.92","35%","146.00","N/A","https://imgcdn.mckesson.com/CumulusWeb/Images/Item_Detail/ImageNotAvailable_gray_.jpg"
"gid://shopify/Product/us-2874","1037818","Reusable Blood Pressure Cuff Tango® M2 27 to 40 cm Arm Nylon Cuff Large Adult Cuff","Blood Pressure Monitors","Welch Allyn","365.06","561.99","702.99","196.93","35%","141.00","N/A","https://imgcdn.mckesson.com/CumulusWeb/Images/Item_Detail/ImageNotAvailable_gray_.jpg"
"gid://shopify/Product/us-2875","1037816","Reusable Blood Pressure Cuff Tango® M2 17 to 25 cm Arm Nylon Cuff Small Adult Cuff","Blood Pressure Monitors","Welch Allyn","365.06","561.99","702.99","196.93","35%","141.00","N/A","https://imgcdn.mckesson.com/CumulusWeb/Images/Item_Detail/ImageNotAvailable_gray_.jpg"
"gid://shopify/Product/us-2876","44244","Aneroid Sphygmomanometer Unit Tycos® Adult Cuff Arm Nylon Cuff 25 - 34 cm Palm Aneroid","Blood Pressure Monitors","Welch Allyn","364.98","561.99","702.99","197.01","35%","141.00","N/A","https://imgcdn.mckesson.com/CumulusWeb/Images/Item_Detail/44244.jpg"
"gid://shopify/Product/us-2877","1037817","Reusable Blood Pressure Cuff Tango® M2 23 to 33 cm Arm Nylon Cuff Adult Cuff","Blood Pressure Monitors","Welch Allyn","364.00","559.99","699.99","195.99","35%","140.00","N/A","https://imgcdn.mckesson.com/CumulusWeb/Images/Item_Detail/ImageNotAvailable_gray_.jpg"
"gid://shopify/Product/us-2878","537981","Aneroid Sphygmomanometer Unit Welch Allyn™ Platinum Series DS48 Adult Cuff Arm Plastic Cuff 23 - 40 cm Palm Aneroid","Blood Pressure Monitors","Welch Allyn","363.49","559.99","699.99","196.50","35%","140.00","N/A","https://imgcdn.mckesson.com/CumulusWeb/Images/Item_Detail/537981.jpg"
"gid://shopify/Product/us-2879","1037819","Diagnostic Patient Cable For M2 BP Tango","Blood Pressure Monitors","Welch Allyn","356.19","547.99","684.99","191.80","35%","137.00","N/A","https://imgcdn.mckesson.com/CumulusWeb/Images/Item_Detail/ImageNotAvailable_gray_.jpg"
"gid://shopify/Product/us-2880","807497","Blood Pressure Port Fitting Welch Allyn®","Blood Pressure Monitors","Welch Allyn","353.08","543.99","679.99","190.91","35%","136.00","N/A","https://imgcdn.mckesson.com/CumulusWeb/Images/Item_Detail/807497.jpg"
"gid://shopify/Product/us-2881","455111","Aneroid Sphygmomanometer Unit Welch Allyn™ Adult Cuff Arm Nylon Cuff 25 - 34 cm Wall Mount","Blood Pressure Monitors","Welch Allyn","352.34","542.99","678.99","190.65","35%","136.00","N/A","https://imgcdn.mckesson.com/CumulusWeb/Images/Item_Detail/455111_right.jpg"
"gid://shopify/Product/us-2882","240985","Aneroid Sphygmomanometer Unit Welch Allyn™ Adult Cuff Arm Nylon Cuff 25 - 34 cm Wall Mount","Blood Pressure Monitors","Welch Allyn","352.34","542.99","678.99","190.65","35%","136.00","N/A","https://imgcdn.mckesson.com/CumulusWeb/Images/Item_Detail/240985.jpg"
"gid://shopify/Product/us-2883","44223","Aneroid Sphygmomanometer Unit Tycos® Adult Cuff Arm Nylon Cuff 25 - 34 cm Pocket Aneroid","Blood Pressure Monitors","Welch Allyn","348.62","536.99","671.99","188.37","35%","135.00","N/A","https://imgcdn.mckesson.com/CumulusWeb/Images/Item_Detail/44223.jpg"
"gid://shopify/Product/us-2884","1265225","Single Patient Use Blood Pressure Cuff Medline 13.6 to 21.5 Inch Arm Soft Fabric Cuff Child Cuff","Blood Pressure Monitors","Medline","347.68","534.99","668.99","187.31","35%","134.00","N/A","https://imgcdn.mckesson.com/CumulusWeb/Images/Item_Detail/1265225_front.jpg"
"gid://shopify/Product/us-2885","527921","Aneroid Sphygmomanometer Unit Ds66 Trigger Aneroid Gold Series Multiple Sizes Arm Nylon Cuff 15 - 21 cm and 25 - 34 cm Palm Aneroid","Blood Pressure Monitors","Welch Allyn","324.84","499.99","624.99","175.15","35%","125.00","N/A","https://imgcdn.mckesson.com/CumulusWeb/Images/Item_Detail/527921.jpg"
"gid://shopify/Product/us-2886","884445","Aneroid Sphygmomanometer Unit Welch Allyn™ Multiple Sizes Arm Nylon Cuff Pocket Aneroid","Blood Pressure Monitors","Welch Allyn","318.89","490.99","613.99","172.10","35%","123.00","N/A","https://imgcdn.mckesson.com/CumulusWeb/Images/Item_Detail/884445.jpg"
"gid://shopify/Product/us-2887","775107","Reusable Blood Pressure Cuff Set WelchAllyn® Limb Nylon Cuff Multiple Cuff Sizes","Blood Pressure Monitors","Welch Allyn","318.89","490.99","613.99","172.10","35%","123.00","N/A","https://imgcdn.mckesson.com/CumulusWeb/Images/Item_Detail/ImageNotAvailable_gray_.jpg"
"gid://shopify/Product/us-2888","472732","Aneroid Sphygmomanometer Unit Ds66 Trigger Aneroid Gold Series Large Adult Cuff Arm Nylon Cuff 32 -43 cm Palm Aneroid","Blood Pressure Monitors","Welch Allyn","315.17","484.99","606.99","169.82","35%","122.00","N/A","https://imgcdn.mckesson.com/CumulusWeb/Images/Item_Detail/472732.jpg"
"gid://shopify/Product/us-2889","676958","Aneroid Sphygmomanometer Unit Diagnostix™750 Series Thigh Cuff Thigh Nylon Cuff 40 - 66 cm Mobile","Blood Pressure Monitors","American Diagnostic Corp","311.72","479.99","599.99","168.27","35%","120.00","N/A","https://imgcdn.mckesson.com/CumulusWeb/Images/Item_Detail/676958_left.jpg"
"gid://shopify/Product/us-2890","487930","Aneroid Sphygmomanometer Unit Tycos® Large Adult Cuff Arm Nylon Cuff 32 - 43 cm Pocket Aneroid","Blood Pressure Monitors","Welch Allyn","311.46","479.99","599.99","168.53","35%","120.00","N/A","https://imgcdn.mckesson.com/CumulusWeb/Images/Item_Detail/2584_509014_2.jpg"
"gid://shopify/Product/us-2891","418301","Aneroid Sphygmomanometer Unit Tycos® Adult Cuff Arm Nylon Cuff 25 - 34 cm Pocket Aneroid","Blood Pressure Monitors","Welch Allyn","309.97","476.99","596.99","167.02","35%","120.00","N/A","https://imgcdn.mckesson.com/CumulusWeb/Images/Item_Detail/418301.jpg"
"gid://shopify/Product/us-2892","694171","Blood Pressure Tube Set Flexiport® For use with Blood Pressure Cuff","Blood Pressure Monitors","Welch Allyn","303.28","466.99","583.99","163.71","35%","117.00","N/A","https://imgcdn.mckesson.com/CumulusWeb/Images/Item_Detail/WA_694171.jpg"
"gid://shopify/Product/us-2893","537973","Blood Pressure Gauge Welch Allyn Tycos® For use with Tycos DS48 Integrated Aneroid Sphygmomanometer with DuraShock Gear Free","Blood Pressure Monitors","Welch Allyn","301.79","464.99","581.99","163.20","35%","117.00","N/A","https://imgcdn.mckesson.com/CumulusWeb/Images/Item_Detail/WA_537973.jpg"
"gid://shopify/Product/us-2894","981701","Aneroid Sphygmomanometer Unit Diagnostix™750 Series Large Adult Cuff Arm Nylon Cuff 34 - 50 cm Mobile","Blood Pressure Monitors","American Diagnostic Corp","297.50","457.99","572.99","160.49","35%","115.00","N/A","https://imgcdn.mckesson.com/CumulusWeb/Images/Item_Detail/981701_left.jpg"
"gid://shopify/Product/us-2895","537975","Blood Pressure Gauge Tycos® Series DS48A For use with Blood Pressure Unit","Blood Pressure Monitors","Welch Allyn","283.21","435.99","544.99","152.78","35%","109.00","N/A","https://imgcdn.mckesson.com/CumulusWeb/Images/Item_Detail/WA_537975.jpg"
"gid://shopify/Product/us-2896","264266","Aneroid Sphygmomanometer Unit Ds66 Trigger Aneroid Gold Series Adult Cuff Arm Nylon Cuff 25 - 34 cm Palm Aneroid","Blood Pressure Monitors","Welch Allyn","282.47","434.99","543.99","152.52","35%","109.00","N/A","https://imgcdn.mckesson.com/CumulusWeb/Images/Item_Detail/2584_509827_2.jpg"
"gid://shopify/Product/us-2897","1081961","Spot Monitor Desktop Stand Welch Allyn Connex® Desk Top Stand For use with Welch Allyn Connex Spot Vital Sign Monitor","Blood Pressure Monitors","Welch Allyn","281.22","432.99","541.99","151.77","35%","109.00","N/A","https://imgcdn.mckesson.com/CumulusWeb/Images/Item_Detail/1081961_front.jpg"
"gid://shopify/Product/us-2898","930317","Blood Pressure Gauge Welch Allyn® For use with Aneroid Sphygmomanometer","Blood Pressure Monitors","Welch Allyn","279.16","429.99","537.99","150.83","35%","108.00","N/A","https://imgcdn.mckesson.com/CumulusWeb/Images/Item_Detail/930317.jpg"
"gid://shopify/Product/us-2899","257015","Aneroid Sphygmomanometer Unit Diagnostix™750 Series Adult Cuff Arm Nylon Cuff 23 to 40 cm Mobile","Blood Pressure Monitors","American Diagnostic Corp","274.25","421.99","527.99","147.74","35%","106.00","N/A","https://imgcdn.mckesson.com/CumulusWeb/Images/Item_Detail/257015_left.jpg"
"gid://shopify/Product/us-2900","1171745","Diagnostic Mobil Stand Hillrom® Caster For PROBP 2000 Blood Pressure Unit","Blood Pressure Monitors","Welch Allyn","270.11","415.99","519.99","145.88","35%","104.00","N/A","https://imgcdn.mckesson.com/CumulusWeb/Images/Item_Detail/ImageNotAvailable_gray_.jpg"
"gid://shopify/Product/us-2901","471582","Aneroid Sphygmomanometer Unit Ds66 Trigger Aneroid Gold Series Adult Cuff Arm Nylon Cuff 25 - 34 cm Palm Aneroid","Blood Pressure Monitors","Welch Allyn","261.65","402.99","503.99","141.34","35%","101.00","N/A","https://imgcdn.mckesson.com/CumulusWeb/Images/Item_Detail/471582.jpg"
"gid://shopify/Product/us-2902","512503","Blood Pressure Connector Welch Allyn® For use with Hewlett Packard and Siemens Monitors","Blood Pressure Monitors","Welch Allyn","261.65","402.99","503.99","141.34","35%","101.00","N/A","https://imgcdn.mckesson.com/CumulusWeb/Images/Item_Detail/512503.jpg"
"gid://shopify/Product/us-2903","721932","Aneroid Sphygmomanometer Unit DuraShock® Series DS45 Multiple Sizes Arm Nylon Cuff Pocket Aneroid","Blood Pressure Monitors","Welch Allyn","250.50","385.99","482.99","135.49","35%","97.00","N/A","https://imgcdn.mckesson.com/CumulusWeb/Images/Item_Detail/721932_pkit.jpg"
"gid://shopify/Product/us-2904","264307","Aneroid Sphygmomanometer Unit Ds66 Trigger Aneroid Gold Series Large Adult Cuff Arm Nylon Cuff 32 -43 cm Palm Aneroid","Blood Pressure Monitors","Welch Allyn","241.58","371.99","464.99","130.41","35%","93.00","N/A","https://imgcdn.mckesson.com/CumulusWeb/Images/Item_Detail/264307_pkit.jpg"
"gid://shopify/Product/us-2905","44224","Blood Pressure Gauge Tycos® For use with Aneroid Sphygmomanometer","Blood Pressure Monitors","Welch Allyn","234.89","361.99","452.99","127.10","35%","91.00","N/A","https://imgcdn.mckesson.com/CumulusWeb/Images/Item_Detail/44224.jpg"
"gid://shopify/Product/us-2906","1006916","Single Patient Use Blood Pressure Cuff Tango® 31 to 40 cm Arm Nylon Cuff Large Adult Cuff","Blood Pressure Monitors","Welch Allyn","233.08","358.99","448.99","125.91","35%","90.00","N/A","https://imgcdn.mckesson.com/CumulusWeb/Images/Item_Detail/ImageNotAvailable_gray_.jpg"
"gid://shopify/Product/us-2907","960473","USB Interface Cable For ABPM 7100 Ambulatory Blood Pressure Monitor","Blood Pressure Monitors","Welch Allyn","218.62","336.99","421.99","118.37","35%","85.00","N/A","https://imgcdn.mckesson.com/CumulusWeb/Images/Item_Detail/960473_left.jpg"
"gid://shopify/Product/us-2908","694172","Blood Pressure Tube Set Flexiport® For use with Blood Pressure Cuff","Blood Pressure Monitors","Welch Allyn","217.80","335.99","419.99","118.19","35%","84.00","N/A","https://imgcdn.mckesson.com/CumulusWeb/Images/Item_Detail/WA_694172.jpg"
"gid://shopify/Product/us-2909","824479","Aneroid Sphygmomanometer Unit DuraShock® Adult Cuff Arm Nylon Cuff 23 - 40 cm Pocket Aneroid","Blood Pressure Monitors","Welch Allyn","214.08","329.99","412.99","115.91","35%","83.00","N/A","https://imgcdn.mckesson.com/CumulusWeb/Images/Item_Detail/824479.jpg"
"gid://shopify/Product/us-2910","185773","Limb Restraint Dispos-A-Cuff One Size Fits Most Strap Fastening 1-Strap","Blood Pressure Monitors","Skil-Care","212.08","326.99","408.99","114.91","35%","82.00","N/A","https://imgcdn.mckesson.com/CumulusWeb/Images/Item_Detail/185773_ls.jpg"
"gid://shopify/Product/us-2911","1006914","Single Patient Use Blood Pressure Cuff Tango® 23 to 33 cm Arm Nylon Cuff Adult Cuff","Blood Pressure Monitors","Welch Allyn","211.27","325.99","407.99","114.72","35%","82.00","N/A","https://imgcdn.mckesson.com/CumulusWeb/Images/Item_Detail/ImageNotAvailable_gray_.jpg"
"gid://shopify/Product/us-2912","995801","Blood Pressure Connector Welch Allyn® For use with Blood Pressure Cuff","Blood Pressure Monitors","Welch Allyn","210.03","323.99","404.99","113.96","35%","81.00","N/A","https://imgcdn.mckesson.com/CumulusWeb/Images/Item_Detail/995801.jpg"
"gid://shopify/Product/us-2913","485029","Blood Pressure Connector Screw For use with Welch Allyn Atlas, Vital Signs Monitor, Welch Allyn Spot, Critikon Monitor, Blood Pressure Instrument","Blood Pressure Monitors","Welch Allyn","209.62","322.99","403.99","113.37","35%","81.00","N/A","https://imgcdn.mckesson.com/CumulusWeb/Images/Item_Detail/485029_right.jpg"
"gid://shopify/Product/us-2914","1006915","Single Patient Use Blood Pressure Cuff Tango® 23 to 33 cm Arm Nylon Cuff Adult Long Cuff","Blood Pressure Monitors","Welch Allyn","207.54","319.99","399.99","112.45","35%","80.00","N/A","https://imgcdn.mckesson.com/CumulusWeb/Images/Item_Detail/ImageNotAvailable_gray_.jpg"
"gid://shopify/Product/us-2915","1157053","Mobil Stand ADC® e-sphyg™ 3 For use Wtih NIBP Monitor","Blood Pressure Monitors","American Diagnostic Corp","205.27","315.99","394.99","110.72","35%","79.00","N/A","https://imgcdn.mckesson.com/CumulusWeb/Images/Item_Detail/1157053_front.jpg"
"gid://shopify/Product/us-2916","696116","Reusable Blood Pressure Cuff Set FlexiPort® Arm Nylon Cuff Multiple Cuff Sizes","Blood Pressure Monitors","Welch Allyn","201.44","309.99","387.99","108.55","35%","78.00","N/A","https://imgcdn.mckesson.com/CumulusWeb/Images/Item_Detail/696116.jpg"
"gid://shopify/Product/us-2917","547447","Sphygmomanometer Tubing 13 Inch L, 2 Plastic Male Luer Slip Cuff Connector On One End, Hose Barb For Inflation Bulb On The Other","Blood Pressure Monitors","Welch Allyn","196.98","303.99","379.99","107.01","35%","76.00","N/A","https://imgcdn.mckesson.com/CumulusWeb/Images/Item_Detail/WA_547447.jpg"
"gid://shopify/Product/us-2918","1182384","Mobile Stand For Mobile Aneroid Sphygmomanometer","Blood Pressure Monitors","American Diagnostic Corp","195.77","301.99","377.99","106.22","35%","76.00","N/A","https://imgcdn.mckesson.com/CumulusWeb/Images/Item_Detail/1182384_front.jpg"
"gid://shopify/Product/us-2919","479269","Reusable Blood Pressure Cuff WelchAllyn® 40 to 61 cm Leg Nylon Cuff Thigh Cuff","Blood Pressure Monitors","Welch Allyn","194.01","298.99","373.99","104.98","35%","75.00","N/A","https://imgcdn.mckesson.com/CumulusWeb/Images/Item_Detail/479269.jpg"
"gid://shopify/Product/us-2920","668426","Blood Pressure Y-Tubing Welch Allyn® For use with Blood Pressure Connector","Blood Pressure Monitors","Welch Allyn","192.52","296.99","371.99","104.47","35%","75.00","N/A","https://imgcdn.mckesson.com/CumulusWeb/Images/Item_Detail/WA_668426.jpg"
"gid://shopify/Product/us-2921","746606","Wall Mount With Basket For use with Probp 3400","Blood Pressure Monitors","Welch Allyn","191.79","295.99","369.99","104.20","35%","74.00","N/A","https://imgcdn.mckesson.com/CumulusWeb/Images/Item_Detail/WA_746606.jpg"
"gid://shopify/Product/us-2922","473419","Blood Pressure Y-Tubing Welch Allyn®","Blood Pressure Monitors","Welch Allyn","187.32","288.99","361.99","101.67","35%","73.00","N/A","https://imgcdn.mckesson.com/CumulusWeb/Images/Item_Detail/473419_left.jpg"
"gid://shopify/Product/us-2923","993882","Blood Pressure Unit Replacement Battery Welch Allyn®","Blood Pressure Monitors","Welch Allyn","186.51","286.99","358.99","100.48","35%","72.00","N/A","https://imgcdn.mckesson.com/CumulusWeb/Images/Item_Detail/993882_right.jpg"
"gid://shopify/Product/us-2924","459252","Reusable Blood Pressure Cuff WelchAllyn® 40.7 to 55 cm Leg Nylon Cuff Thigh Cuff","Blood Pressure Monitors","Welch Allyn","185.83","285.99","357.99","100.16","35%","72.00","N/A","https://imgcdn.mckesson.com/CumulusWeb/Images/Item_Detail/459252.jpg"
"gid://shopify/Product/us-2925","980440","Blood Pressure Connector Welch Allyn® For use with 5/32 Inch Tubing, Use with Marquette 2-Tube Systems, Welch Allyn Protocol, Spot Lxi, Connex® VSM and Datex-Ohmeda Monitors","Blood Pressure Monitors","Welch Allyn","182.86","281.99","352.99","99.13","35%","71.00","N/A","https://imgcdn.mckesson.com/CumulusWeb/Images/Item_Detail/980440.jpg"
"gid://shopify/Product/us-2926","906681","Aneroid Sphygmomanometer Unit DuraShock® Pediatric Cuff Arm Nylon Cuff Pocket Aneroid","Blood Pressure Monitors","Welch Allyn","180.27","277.99","347.99","97.72","35%","70.00","N/A","https://imgcdn.mckesson.com/CumulusWeb/Images/Item_Detail/906681_front.jpg"
"gid://shopify/Product/us-2927","477558","Aneroid Sphygmomanometer Unit Medline Adult Cuff Arm Nylon Cuff Mobile","Blood Pressure Monitors","Medline","178.28","274.99","343.99","96.71","35%","69.00","N/A","https://imgcdn.mckesson.com/CumulusWeb/Images/Item_Detail/477558_front.jpg"
"gid://shopify/Product/us-2928","959455","Reusable Blood Pressure Cuff Trimline® 40 to 55 cm Leg Nylon Cuff Thigh Cuff","Blood Pressure Monitors","Welch Allyn","177.59","273.99","342.99","96.40","35%","69.00","N/A","https://imgcdn.mckesson.com/CumulusWeb/Images/Item_Detail/959455.jpg"
"gid://shopify/Product/us-2929","1217939","Blood Glucose Test Strips Medline 50 Strips per Pack For use with Harmony Blood Glucose Monitoring System","Glucometers","Medline","18.19","33.99","42.99","15.80","46%","9.00","N/A","https://imgcdn.mckesson.com/CumulusWeb/Images/Item_Detail/1217939_front.jpg"
"gid://shopify/Product/us-2930","874416","Blood Glucose Test Strips EvenCare® G2® 50 Strips per Pack For EvenCare® G2® Blood Glucose Monitoring System","Glucometers","Medline","17.56","31.99","39.99","14.43","45%","8.00","N/A","https://imgcdn.mckesson.com/CumulusWeb/Images/Item_Detail/874416_ppkgleft.jpg"
"gid://shopify/Product/us-2931","1297373","Blood Glucose Control Solution Evencare® G2™ 4.5 mL Low / High Level","Glucometers","Medline","15.36","27.99","34.99","12.63","45%","7.00","N/A","https://imgcdn.mckesson.com/CumulusWeb/Images/Item_Detail/1297373_ppkgfront.jpg"
"gid://shopify/Product/us-2932","1107141","Pediatric Lancet 2.5 mm Blade Integrated Safety Lock Push Button Activation Heel","Glucometers","Medline","479.57","737.99","922.99","258.42","35%","185.00","N/A","https://imgcdn.mckesson.com/CumulusWeb/Images/Item_Detail/1107141.jpg"
"gid://shopify/Product/us-2933","493716","Safety Lancet Safe-T-Pro® 23 Gauge Retractable Push Button Activation Finger","Glucometers","Roche Diagnostics","334.33","514.99","643.99","180.66","35%","129.00","N/A","https://imgcdn.mckesson.com/CumulusWeb/Images/Item_Detail/493716_ppkgright.jpg"
"gid://shopify/Product/us-2934","1092727","Blood Glucose Control Solution EvenCare® 2.5 mL Level 1 & 2","Glucometers","Medline","78.76","131.99","164.99","53.23","40%","33.00","N/A","https://imgcdn.mckesson.com/CumulusWeb/Images/Item_Detail/1092727.jpg"
"gid://shopify/Product/us-2935","1259309","Blood Glucose Control Solution Harmony™ 5 mL Level 1 & 3","Glucometers","Medline","70.55","117.99","147.99","47.44","40%","30.00","N/A","https://imgcdn.mckesson.com/CumulusWeb/Images/Item_Detail/1259309_ppkgleft.jpg"
"gid://shopify/Product/us-2936","1235728","Urinalysis Reagent Medline Bilirubin, Blood, Glucose, Ketone, Leukocytes, Nitrite, pH, Protein, Specific Gravity, Urobilinogen CLIA Waived For Visual Reading / Analyzers 100 Tests","Glucometers","Medline","60.76","101.99","127.99","41.23","40%","26.00","N/A","https://imgcdn.mckesson.com/CumulusWeb/Images/Item_Detail/1235728_ppkgfront.jpg"
"gid://shopify/Product/us-2937","915474","Urinalysis Reagent Chemstrip® Bilirubin, Blood, Glucose, Ketone, Leukocytes, Nitrite, pH, Protein, Specific Gravity, Urobilinogen For Roche Diagnostics Chemstrip 101 Urine Analyzer / Chemstrip Criterion II Urine Analyzer","Glucometers","Roche Diagnostics","53.65","89.99","112.99","36.34","40%","23.00","N/A","https://imgcdn.mckesson.com/CumulusWeb/Images/Item_Detail/915474_pkgfront.jpg"
"gid://shopify/Product/us-2938","452069","Urinalysis Reagent Chemstrip® Bilirubin, Blood, Glucose, Ketone, Leukocytes, Nitrite, pH, Protein, Specific Gravity, Urobilinogen For Visual Read / Chemstrip 101 / Chemstrip Criterion II / Urisys 1100","Glucometers","Roche Diagnostics","52.09","86.99","108.99","34.90","40%","22.00","N/A","https://imgcdn.mckesson.com/CumulusWeb/Images/Item_Detail/452069_ppkgleft.jpg"
"gid://shopify/Product/us-2939","1054413","Urinalysis Reagent Accustrip® Blood, Glucose, Ketone, Leukocytes, Nitrite, pH, Protein, Specific Gravity For URS Reader or Visual Read 100 Tests","Glucometers","Medline","51.14","85.99","107.99","34.85","41%","22.00","N/A","https://imgcdn.mckesson.com/CumulusWeb/Images/Item_Detail/1054413.jpg"
"gid://shopify/Product/us-2940","784889","Urinalysis Reagent Chemstrip®9 Bilirubin, Blood, Glucose, Ketone, Leukocytes, Nitrite, pH, Protein, Urobilinogen For Urinalysis","Glucometers","Roche Diagnostics","49.78","82.99","103.99","33.21","40%","21.00","N/A","https://imgcdn.mckesson.com/CumulusWeb/Images/Item_Detail/784889_ppkgleft.jpg"
"gid://shopify/Product/us-2941","874663","Urinalysis Reagent Chemstrip® Bilirubin, Blood, Glucose, Ketone, Leukocytes, Nitrite, pH, Protein, Specific Gravity, Urobilinogen For Urinalysis","Glucometers","Roche Diagnostics","49.60","82.99","103.99","33.39","40%","21.00","N/A","https://imgcdn.mckesson.com/CumulusWeb/Images/Item_Detail/874663_front.jpg"
"gid://shopify/Product/us-2942","466723","Urinalysis Reagent Chemstrip® Blood, Glucose, Ketone, Leukocytes, Nitrite, pH, Protein For Urisys 1100","Glucometers","Roche Diagnostics","48.47","80.99","101.99","32.52","40%","21.00","N/A","https://imgcdn.mckesson.com/CumulusWeb/Images/Item_Detail/466723_ppkgfront.jpg"
"gid://shopify/Product/us-2943","1124922","Bucket For Commode","Glucometers","Drive DeVilbiss Healthcare","44.16","73.99","92.99","29.83","40%","19.00","N/A","https://imgcdn.mckesson.com/CumulusWeb/Images/Item_Detail/1124922.jpg"
"gid://shopify/Product/us-2944","985128","Blood Glucose Meter EvenCare® G2 6 Second Results Stores up to 300 Results No Coding Required","Glucometers","Medline","35.33","58.99","73.99","23.66","40%","15.00","N/A","https://imgcdn.mckesson.com/CumulusWeb/Images/Item_Detail/985128.jpg"
"gid://shopify/Product/us-2945","468002","Urinalysis Reagent Chemstrip® Blood, Glucose, Leukocytes, Nitrite, Protein For Urisys 1100","Glucometers","Roche Diagnostics","30.53","50.99","63.99","20.46","40%","13.00","N/A","https://imgcdn.mckesson.com/CumulusWeb/Images/Item_Detail/468002_pkgright.jpg"
"gid://shopify/Product/us-2946","962405","Blood Glucose Test Strips Accu-Chek® Inform II 50 Strips per Pack For ACCU-CHEK® Inform II Meter","Glucometers","Roche Diagnostics","30.28","50.99","63.99","20.71","41%","13.00","N/A","https://imgcdn.mckesson.com/CumulusWeb/Images/Item_Detail/962405_ppkgfront.jpg"
"gid://shopify/Product/us-2947","960299","Blood Glucose Test Strips McKesson TRUE METRIX® 100 Strips per Pack For McKesson TRUE METRIX® Self Monitoring Blood Glucose System","Glucometers","McKesson Brand","18.17","33.99","42.99","15.82","47%","9.00","R3051","https://imgcdn.mckesson.com/CumulusWeb/Images/Item_Detail/960299.jpg"
"gid://shopify/Product/us-2948","960300","Blood Glucose Test Strips McKesson TRUE METRIX® 50 Strips per Pack For McKesson TRUE METRIX® Self Monitoring Blood Glucose System","Glucometers","McKesson Brand","9.08","16.99","21.99","7.91","47%","5.00","R3051","https://imgcdn.mckesson.com/CumulusWeb/Images/Item_Detail/960300_ppkgleft.jpg"
"gid://shopify/Product/us-2949","939649","Blood Glucose Control Solution 2 X 2.5 mL Level 1 & 2","Glucometers","Roche Diagnostics","8.48","15.99","19.99","7.51","47%","4.00","N/A","https://imgcdn.mckesson.com/CumulusWeb/Images/Item_Detail/939649.JPG"
"gid://shopify/Product/us-2950","960303","Blood Glucose Control Solution McKesson TRUE METRIX® 3 mL Level 3","Glucometers","McKesson Brand","4.99","9.99","12.99","5.00","50%","3.00","R5051","https://imgcdn.mckesson.com/CumulusWeb/Images/Item_Detail/960303_ppkgleft.jpg"
"gid://shopify/Product/us-2951","960301","Blood Glucose Control Solution McKesson TRUE METRIX® 3 mL Level 2","Glucometers","McKesson Brand","4.99","9.99","12.99","5.00","50%","3.00","R5051","https://imgcdn.mckesson.com/CumulusWeb/Images/Item_Detail/960301_ppkgleft.jpg"
"gid://shopify/Product/us-2952","960304","Blood Glucose Control Solution McKesson TRUE METRIX® 3 mL Level 1","Glucometers","McKesson Brand","4.94","8.99","11.99","4.05","45%","3.00","R5051","https://imgcdn.mckesson.com/CumulusWeb/Images/Item_Detail/960304_ppkgleft.jpg"
"gid://shopify/Product/us-2953","526621","Blood Glucose Test Strips OneTouch® Ultra® 2 25 Strips per Pack For OneTouch® Ultra® Blood Glucose Meter","Glucometers","LifeScan","1159.68","1610.99","2013.99","451.31","28%","403.00","N/A","https://imgcdn.mckesson.com/CumulusWeb/Images/Item_Detail/526621_pkgfront.jpg"
"gid://shopify/Product/us-2954","1122981","Transmitter Kit Components GUARDIAN™ SENSOR 3 For MiniMed 630G System","Glucometers","Medtronic","986.49","1370.99","1713.99","384.50","28%","343.00","N/A","https://imgcdn.mckesson.com/CumulusWeb/Images/Item_Detail/1122981.jpg"
"gid://shopify/Product/us-2955","866833","Lipid and Glucose Analyzer CardioChek® Plus CLIA Waived","Glucometers","PTS Diagnostics","962.44","1336.99","1671.99","374.55","28%","335.00","N/A","https://imgcdn.mckesson.com/CumulusWeb/Images/Item_Detail/866833.jpg"
"gid://shopify/Product/us-2956","1283375","Blood Glucose Test Strips Trackstar 50 Pack For RPM PRO™ Gluscose Monitor","Glucometers","Veridian Healthcare LLC","560.28","778.99","973.99","218.71","28%","195.00","N/A","https://imgcdn.mckesson.com/CumulusWeb/Images/Item_Detail/1283375_ppkgfront.jpg"
"gid://shopify/Product/us-2957","543142","Blood Glucose Control Solution One Touch® Ultra Level 1 & 2","Glucometers","LifeScan","476.78","733.99","917.99","257.21","35%","184.00","N/A","https://imgcdn.mckesson.com/CumulusWeb/Images/Item_Detail/543142_pkgleft.jpg"
"gid://shopify/Product/us-2958","1117303","Glucose Sensor Dexcom® G6 For use with Blood Glucose Meter","Glucometers","Dexcom Inc","469.88","722.99","903.99","253.11","35%","181.00","N/A","https://imgcdn.mckesson.com/CumulusWeb/Images/Item_Detail/1117303_ppkgleft.jpg"
"gid://shopify/Product/us-2959","668950","Safety Lancet Assure® 25 Gauge Protective Safety Cap Push Button Activation Finger","Glucometers","Arkray USA","319.79","491.99","614.99","172.20","35%","123.00","N/A","https://imgcdn.mckesson.com/CumulusWeb/Images/Item_Detail/668950_ppkgleft.jpg"
"gid://shopify/Product/us-2960","1166840","General Chemistry Reagent i-STAT® Chem8+ Sodium / Potassium / Chloride / Ionized Calcium / Urea Nitrogen / Glucose / Creatinine / Hematocrit / TCO2 CLIA Non-Waived For i-STAT1 System 9 Tests","Glucometers","Abbott Point of Care","294.12","452.99","566.99","158.87","35%","114.00","N/A","https://imgcdn.mckesson.com/CumulusWeb/Images/Item_Detail/1166840_right.jpg"
"gid://shopify/Product/us-2961","867943","Safety Lancet 30 Gauge Retractable Push Button Activation Finger","Glucometers","Links Medical","230.15","354.99","443.99","124.84","35%","89.00","N/A","https://imgcdn.mckesson.com/CumulusWeb/Images/Item_Detail/867943.jpg"
"gid://shopify/Product/us-2962","444733","Pediatric Lancet Tenderfoot® 3.0 mm Blade Retractable Push Button Activation Heel","Glucometers","Werfen USA LLC","211.79","325.99","407.99","114.20","35%","82.00","N/A","https://imgcdn.mckesson.com/CumulusWeb/Images/Item_Detail/444733_right.jpg"
"gid://shopify/Product/us-2963","1121166","Blood Glucose and Ketone Test Strips 50 Strips per Pack For Ketone Precision Meters","Glucometers","Vidan Diagnostics LLC","206.78","318.99","398.99","112.21","35%","80.00","N/A","https://imgcdn.mckesson.com/CumulusWeb/Images/Item_Detail/1121166_pkgfront.jpg"
"gid://shopify/Product/us-2964","850711","Blood Glucose Test Strips OneTouch® Ultra® Blue 100 Strips per Pack For OneTouch® Ultra® Blood Glucose Meter","Glucometers","LifeScan","193.28","297.99","372.99","104.71","35%","75.00","N/A","https://imgcdn.mckesson.com/CumulusWeb/Images/Item_Detail/850711_pkgfront.jpg"
"gid://shopify/Product/us-2965","416634","Blood Glucose Test Strips FreeStyle Lite® 100 Strips per Pack For Freestyle Lite ® Monitor System","Glucometers","Abbott","169.86","261.99","327.99","92.13","35%","66.00","N/A","https://imgcdn.mckesson.com/CumulusWeb/Images/Item_Detail/416634.jpg"
"gid://shopify/Product/us-2966","922867","General Chemistry Reagent Piccolo® MetLac 12 Albumin, Blood Urea, Calcium, Chloride, Creatinine, Glucose, Lactate, Magnesium, Phosphorus, Potassium, Sodium, Total Carbon Dioxide For Piccolo Xpress Chemistry Analyzer","Glucometers","Abbott Point of Care","156.83","241.99","302.99","85.16","35%","61.00","N/A","https://imgcdn.mckesson.com/CumulusWeb/Images/Item_Detail/922867.jpg"
"gid://shopify/Product/us-2967","1225336","Blood Glucose Sensor Dexcom G7 For use with Blood Glucose Meter","Glucometers","Dexcom Inc","156.61","240.99","301.99","84.38","35%","61.00","N/A","https://imgcdn.mckesson.com/CumulusWeb/Images/Item_Detail/1225336_front.jpg"
"gid://shopify/Product/us-2968","909750","Insulin Infusion Set Silhouette®Paradigm® 13 mm 32 Inch Tubing Without Port","Glucometers","Medtronic","142.78","219.99","274.99","77.21","35%","55.00","N/A","https://imgcdn.mckesson.com/CumulusWeb/Images/Item_Detail/909750_pkgright.jpg"
"gid://shopify/Product/us-2969","743091","Insulin Infusion Set MiniMed™ Quick-set™ 29 Gauge 9 mm 23 Inch Tubing Without Port","Glucometers","Medtronic","133.78","205.99","257.99","72.21","35%","52.00","N/A","https://imgcdn.mckesson.com/CumulusWeb/Images/Item_Detail/743091_front.jpg"
"gid://shopify/Product/us-2970","1002980","Insulin Infusion Set Silhouette®Paradigm® 6 mm 32 Inch Tubing Without Port","Glucometers","Medtronic","133.78","205.99","257.99","72.21","35%","52.00","N/A","https://imgcdn.mckesson.com/CumulusWeb/Images/Item_Detail/1002980_pkgright.jpg"
"gid://shopify/Product/us-2971","1283374","Lancet for Lancing Device RPM PRO™ 30 Gauge Nonsafety Non-Safety Twist Off Cap Finger","Glucometers","Veridian Healthcare LLC","122.07","187.99","234.99","65.92","35%","47.00","N/A","https://imgcdn.mckesson.com/CumulusWeb/Images/Item_Detail/1283374_ppkgleft.jpg"
"gid://shopify/Product/us-2972","366414","Pediatric Lancet BD Microtainer® 2.5 mm Blade Retractable Push Button Activation Heel","Glucometers","BD","122.03","187.99","234.99","65.96","35%","47.00","N/A","https://imgcdn.mckesson.com/CumulusWeb/Images/Item_Detail/366414_pkit.jpg"
"gid://shopify/Product/us-2973","1227962","Lipid and Glucose Analyzer AimStrip® Tandem CLIA Waived","Glucometers","Germaine Laboratories Inc","110.54","170.99","213.99","60.45","35%","43.00","N/A","https://imgcdn.mckesson.com/CumulusWeb/Images/Item_Detail/1227962_pkgfront.jpg"
"gid://shopify/Product/us-2974","723763","Pediatric Lancet Tenderfoot® 2.5 mm Blade Retractable Push Button Activation Heel","Glucometers","Werfen USA LLC","109.46","168.99","211.99","59.53","35%","43.00","N/A","https://imgcdn.mckesson.com/CumulusWeb/Images/Item_Detail/723763_ppkgleft.jpg"
"gid://shopify/Product/us-2975","832490","Blood Glucose Test Strips OneTouch® Verio® 100 Strips per Pack For OneTouch® Verio® Meter","Glucometers","LifeScan","104.22","160.99","201.99","56.77","35%","41.00","N/A","https://imgcdn.mckesson.com/CumulusWeb/Images/Item_Detail/832490_ppkgleft.jpg"
"gid://shopify/Product/us-2976","1076324","Blood Glucose Test Strips OneTouch® Verio® 100 Strips per Pack For OneTouch® Verio® Family of Meters","Glucometers","LifeScan","104.22","160.99","201.99","56.77","35%","41.00","N/A","https://imgcdn.mckesson.com/CumulusWeb/Images/Item_Detail/1076324_pkgfront.jpg"
"gid://shopify/Product/us-2977","842600","Blood Glucose Meter Prodigy® 7 Second Results Stores up to 450 Results No Coding Required","Glucometers","Prodigy Diabetes Care","96.91","161.99","202.99","65.08","40%","41.00","N/A","https://imgcdn.mckesson.com/CumulusWeb/Images/Item_Detail/842600_pkgleft.jpg"
"gid://shopify/Product/us-2978","850708","Blood Glucose Test Strips OneTouch® Ultra® Blue 50 Strips per Pack For OneTouch® Ultra® Blood Glucose Meter","Glucometers","LifeScan","96.64","161.99","202.99","65.35","40%","41.00","N/A","https://imgcdn.mckesson.com/CumulusWeb/Images/Item_Detail/850708_ppkgfront.jpg"
"gid://shopify/Product/us-2979","632454","Blood Glucose Test Strips FreeStyle Lite® 50 Strips per Pack For Freestyle Lite ® Monitor System","Glucometers","Abbott","87.92","146.99","183.99","59.07","40%","37.00","N/A","https://imgcdn.mckesson.com/CumulusWeb/Images/Item_Detail/632454_ppkgleft.jpg"
"gid://shopify/Product/us-2980","1151164","Blood Glucose Meter OneTouch Verio Flex® 5 Second Results Stores up to 500 Results No Coding Required","Glucometers","LifeScan","87.22","145.99","182.99","58.77","40%","37.00","N/A","https://imgcdn.mckesson.com/CumulusWeb/Images/Item_Detail/1151164_pkgfront_.jpg"
"gid://shopify/Product/us-2981","1188758","Pediatric Lancet Unistik Tiny Touch 1.75 mm Blade Retractable Push Button Activation Heel","Glucometers","Medical Grade","79.10","131.99","164.99","52.89","40%","33.00","N/A","https://imgcdn.mckesson.com/CumulusWeb/Images/Item_Detail/1188758_right.jpg"
"gid://shopify/Product/us-2982","1009796","Pediatric Lancet Gentleheel® 2.5 mm Blade Retractable Push Button Activation Heel","Glucometers","Cardinal","76.18","126.99","158.99","50.81","40%","32.00","N/A","https://imgcdn.mckesson.com/CumulusWeb/Images/Item_Detail/1009796.jpg"
"gid://shopify/Product/us-2983","809447","Blood Glucose Meter Kit Glucocard® Expression™ 6 Second Results Stores up to 300 Results No Coding Required","Glucometers","Arkray USA","72.68","121.99","152.99","49.31","40%","31.00","N/A","https://imgcdn.mckesson.com/CumulusWeb/Images/Item_Detail/809447_ppkgright.jpg"
"gid://shopify/Product/us-2984","1217980","Pediatric Lancet McKesson Prevent® 2.5 mm Blade Retractable Push Button Activation Heel","Glucometers","McKesson Brand","68.91","114.99","143.99","46.08","40%","29.00","N/A","https://imgcdn.mckesson.com/CumulusWeb/Images/Item_Detail/1217980.jpg"
"gid://shopify/Product/us-2985","1193268","Blood Glucose Test Strips McKesson 100 per Box For use with Blood Glucose Meter","Glucometers","Trividia Health","66.72","111.99","139.99","45.27","40%","28.00","N/A","https://imgcdn.mckesson.com/CumulusWeb/Images/Item_Detail/1193268_pkgfront.jpg"
"gid://shopify/Product/us-2986","647191","Blood Glucose and Ketone Test Strips Precision Xtra® 10 Strips per Pack For Ketone Precision Meters","Glucometers","Abbott","61.28","102.99","128.99","41.71","40%","26.00","N/A","https://imgcdn.mckesson.com/CumulusWeb/Images/Item_Detail/647191_ppkgleft.jpg"
"gid://shopify/Product/us-2987","1103295","Blood Glucose Test Strips On Call® 50 Strips per Pack For On Call Glucose Meters","Glucometers","Acon Laboratories","60.04","100.99","126.99","40.95","41%","26.00","N/A","https://imgcdn.mckesson.com/CumulusWeb/Images/Item_Detail/1103295.jpg"
"gid://shopify/Product/us-2988","463324","Diabetes Management Test Control Set GlucoTrol-AQ Blood Glucose Test Low Level / High Level 2 mL","Glucometers","Hemocue","59.75","99.99","124.99","40.24","40%","25.00","N/A","https://imgcdn.mckesson.com/CumulusWeb/Images/Item_Detail/463324.jpg"
"gid://shopify/Product/us-2989","1076316","Blood Glucose Test Strips OneTouch® Verio® 50 Strips per Pack For OneTouch® Verio® Family of Meters","Glucometers","LifeScan","52.11","86.99","108.99","34.88","40%","22.00","N/A","https://imgcdn.mckesson.com/CumulusWeb/Images/Item_Detail/1076316_ppkgleft.jpg"
"gid://shopify/Product/us-2990","1121161","Blood Glucose Control Solution Lucidplus™ 2 X 4 mL Level 1 & 2","Glucometers","Vidan Diagnostics LLC","47.72","79.99","99.99","32.27","40%","20.00","N/A","https://imgcdn.mckesson.com/CumulusWeb/Images/Item_Detail/1121161.jpg"
"gid://shopify/Product/us-2991","1246661","Safety Lancet OneTouch® 30 Gauge Push Button Activation Finger","Glucometers","LifeScan","41.19","68.99","86.99","27.80","40%","18.00","N/A","https://imgcdn.mckesson.com/CumulusWeb/Images/Item_Detail/1246661_right.jpg"
"gid://shopify/Product/us-2992","1283216","Blood Glucose Meter Kit Trackstar™ 5 Second Results Stores up to 500 Results Requires Coding","Glucometers","Veridian Healthcare LLC","38.75","64.99","81.99","26.24","40%","17.00","N/A","https://imgcdn.mckesson.com/CumulusWeb/Images/Item_Detail/1283216_front.jpg"
"gid://shopify/Product/us-2993","682037","Safety Lancet Capiject® 2.0 mm Blade Retractable Push Button Activation Finger","Glucometers","Terumo Medical","36.63","61.99","77.99","25.36","41%","16.00","N/A","https://imgcdn.mckesson.com/CumulusWeb/Images/Item_Detail/682037_front.jpg"
"gid://shopify/Product/us-2994","682035","Safety Lancet Capiject® 1.5 mm Blade Retractable Push Button Activation Finger","Glucometers","Terumo Medical","36.63","61.99","77.99","25.36","41%","16.00","N/A","https://imgcdn.mckesson.com/CumulusWeb/Images/Item_Detail/682035_front_.jpg"
"gid://shopify/Product/us-2995","682036","Safety Lancet Capiject® 1.5 mm Blade Retractable Push Button Activation Finger","Glucometers","Terumo Medical","36.63","61.99","77.99","25.36","41%","16.00","N/A","https://imgcdn.mckesson.com/CumulusWeb/Images/Item_Detail/682036_front.jpg"
"gid://shopify/Product/us-2996","1110398","Safety Lancet Comfort Zone Technology® 28 Gauge Retractable Push Button Activation Finger","Glucometers","Cardinal","36.06","60.99","76.99","24.93","41%","16.00","N/A","https://imgcdn.mckesson.com/CumulusWeb/Images/Item_Detail/1110398.jpg"
"gid://shopify/Product/us-2997","539419","Safety Lancet Unistik 3 18 Gauge Retractable Push Button Activation Finger","Glucometers","Medical Grade","35.40","58.99","73.99","23.59","40%","15.00","N/A","https://imgcdn.mckesson.com/CumulusWeb/Images/Item_Detail/539419_right.jpg"
"gid://shopify/Product/us-2998","1227972","Diabetes Management / Lipids Control Set AimStrip® Tandem Total Cholesterol Level 1, 2 2 X 3 mL","Glucometers","Germaine Laboratories Inc","34.39","57.99","72.99","23.60","41%","15.00","N/A","https://imgcdn.mckesson.com/CumulusWeb/Images/Item_Detail/1227972_pkit.jpg"
"gid://shopify/Product/us-2999","1199763","Safety Lancet Unistik 2 23 Gauge Retractable Push Button Activation Finger","Glucometers","Medical Grade","33.34","55.99","69.99","22.65","40%","14.00","N/A","https://imgcdn.mckesson.com/CumulusWeb/Images/Item_Detail/1199763_pkgright.jpg"
"gid://shopify/Product/us-3000","683523","Safety Lancet Unistik 2 28 Gauge Retractable Push Button Activation Finger","Glucometers","Medical Grade","33.34","55.99","69.99","22.65","40%","14.00","N/A","https://imgcdn.mckesson.com/CumulusWeb/Images/Item_Detail/683523_right.jpg"
"gid://shopify/Product/us-3001","693967","Blood Glucose Test Strips Wavesense® Presto® 100 Strips per Pack For Wavesense Presto Blood Glucose Monitoring System","Glucometers","Agamatrix","30.89","51.99","64.99","21.10","41%","13.00","N/A","https://imgcdn.mckesson.com/CumulusWeb/Images/Item_Detail/693967_ppkgleft.jpg"
"gid://shopify/Product/us-3002","539418","Safety Lancet Unistik 3 28 Gauge Retractable Push Button Activation Finger","Glucometers","Medical Grade","29.05","52.99","66.99","23.94","45%","14.00","N/A","https://imgcdn.mckesson.com/CumulusWeb/Images/Item_Detail/539418_right.jpg"
"gid://shopify/Product/us-3003","539417","Safety Lancet Unistik 3 21 Gauge Retractable Push Button Activation Finger","Glucometers","Medical Grade","29.05","52.99","66.99","23.94","45%","14.00","N/A","https://imgcdn.mckesson.com/CumulusWeb/Images/Item_Detail/539417_pkgleft.jpg"
"gid://shopify/Product/us-3004","475826","Safety Lancet Unistik 3 23 Gauge Retractable Push Button Activation Finger","Glucometers","Medical Grade","29.05","52.99","66.99","23.94","45%","14.00","N/A","https://imgcdn.mckesson.com/CumulusWeb/Images/Item_Detail/475826_pkgfront.jpg"
"gid://shopify/Product/us-3005","872239","Safety Lancet Unistik 3 30 Gauge Retractable Push Button Activation Finger","Glucometers","Medical Grade","29.05","52.99","66.99","23.94","45%","14.00","N/A","https://imgcdn.mckesson.com/CumulusWeb/Images/Item_Detail/872239_pkgleft.jpg"
"gid://shopify/Product/us-3006","1250937","Blood Glucose Meter GE100 5 Second Results Stores up to 500 Results No Coding Required","Glucometers","Veridian Healthcare LLC","28.86","52.99","66.99","24.13","46%","14.00","N/A","https://imgcdn.mckesson.com/CumulusWeb/Images/Item_Detail/1250937_pkit_.jpg"
"gid://shopify/Product/us-3007","1189595","Blood Glucose Meter OneTouch Ultra® 2 5 Second Results Stores up to 500 Results No Coding Required","Glucometers","LifeScan","28.81","52.99","66.99","24.18","46%","14.00","N/A","https://imgcdn.mckesson.com/CumulusWeb/Images/Item_Detail/1189595_pkgfront.jpg"
"gid://shopify/Product/us-3008","909888","Insertion Device MiniMed® Sil-Serter™ For the MiniMed Silhouette Infusion Set","Glucometers","Medtronic","28.77","52.99","66.99","24.22","46%","14.00","N/A","https://imgcdn.mckesson.com/CumulusWeb/Images/Item_Detail/909888_right.jpg"
"gid://shopify/Product/us-3009","682038","Safety Lancet Capiject® 23 Gauge Retractable Push Button Activation Finger","Glucometers","Terumo Medical","27.55","50.99","63.99","23.44","46%","13.00","N/A","https://imgcdn.mckesson.com/CumulusWeb/Images/Item_Detail/682038_front.jpg"
"gid://shopify/Product/us-3010","682039","Safety Lancet Capiject® 28 Gauge Retractable Push Button Activation Finger","Glucometers","Terumo Medical","27.55","50.99","63.99","23.44","46%","13.00","N/A","https://imgcdn.mckesson.com/CumulusWeb/Images/Item_Detail/682039.jpg"
"gid://shopify/Product/us-3011","1121165","Blood Glucose and Ketone Test Strips Lucidplus™ 50 Strips per Pack For B - Ketone Plus Meter","Glucometers","Vidan Diagnostics LLC","26.31","47.99","59.99","21.68","45%","12.00","N/A","https://imgcdn.mckesson.com/CumulusWeb/Images/Item_Detail/1121165_ppkgfront.jpg"
"gid://shopify/Product/us-3012","1110175","Blood Glucose Meter Assure® 5 Second Results Stores up to 500 Results No Coding Required","Glucometers","Bound Tree Medical","23.37","42.99","53.99","19.62","46%","11.00","N/A","https://imgcdn.mckesson.com/CumulusWeb/Images/Item_Detail/1110175.jpg"
"gid://shopify/Product/us-3013","895295","Safety Lancet Medlance® 21 Gauge Retractable Push Button Activation Finger","Glucometers","Cambridge Sensors USA","23.02","41.99","52.99","18.97","45%","11.00","N/A","https://imgcdn.mckesson.com/CumulusWeb/Images/Item_Detail/895295.jpg"
"gid://shopify/Product/us-3014","874659","Safety Lancet Medlance® 25 Gauge Safety Puncture Control Push Button Activation Finger","Glucometers","Cambridge Sensors USA","23.02","41.99","52.99","18.97","45%","11.00","N/A","https://imgcdn.mckesson.com/CumulusWeb/Images/Item_Detail/874659_ppkgleft.jpg"
"gid://shopify/Product/us-3015","788084","Blood Glucose Test Strips Microdot® Xtra 50 Strips per Pack For Microdot® Meters","Glucometers","Cambridge Sensors USA","22.35","40.99","51.99","18.64","45%","11.00","N/A","https://imgcdn.mckesson.com/CumulusWeb/Images/Item_Detail/788084.jpg"
"gid://shopify/Product/us-3016","718283","Blood Glucose Test Strips Assure® Platinum 100 Strips per Pack For Assure® Platinum Meter","Glucometers","Arkray USA","21.80","39.99","49.99","18.19","45%","10.00","N/A","https://imgcdn.mckesson.com/CumulusWeb/Images/Item_Detail/718283_ppkgleft.jpg"
"gid://shopify/Product/us-3017","868671","Blood Glucose Test Strips Prodigy® 50 Strips per Pack For All Prodigy® Meters","Glucometers","Prodigy Diabetes Care","21.74","39.99","49.99","18.25","46%","10.00","N/A","https://imgcdn.mckesson.com/CumulusWeb/Images/Item_Detail/868671.jpg"
"gid://shopify/Product/us-3018","1273917","Sensor Overpatch Cover Guard Black For FreeStyle Libre 3","Glucometers","Veridian Healthcare LLC","21.22","38.99","48.99","17.77","46%","10.00","N/A","https://imgcdn.mckesson.com/CumulusWeb/Images/Item_Detail/1273917_ppkgfront.jpg"
"gid://shopify/Product/us-3019","1240086","Blood Glucose Test Strips ASSURE® Prism Multi Foiled Wrapped 50 Strips per Pack For Use with ASSURE® Prism Multi Glucose Meter","Glucometers","Arkray USA","21.20","38.99","48.99","17.79","46%","10.00","N/A","https://imgcdn.mckesson.com/CumulusWeb/Images/Item_Detail/1240086_ppkgright.jpg"
"gid://shopify/Product/us-3020","1127606","Safety Lancet Surgilance® 28 Gauge Retractable Push Button Activation Finger","Glucometers","Medipurpose","20.45","37.99","47.99","17.54","46%","10.00","N/A","https://imgcdn.mckesson.com/CumulusWeb/Images/Item_Detail/1127606.jpg"
"gid://shopify/Product/us-3021","495178","Safety Lancet Unistik 3 18 Gauge Retractable Push Button Activation Multiple Sites","Glucometers","Medical Grade","20.37","37.99","47.99","17.62","46%","10.00","N/A","https://imgcdn.mckesson.com/CumulusWeb/Images/Item_Detail/495178_right.jpg"
"gid://shopify/Product/us-3022","889460","Safety Lancet Medlance® 21 Gauge Retractable Push Button Activation Finger","Glucometers","Cambridge Sensors USA","19.99","36.99","46.99","17.00","46%","10.00","N/A","https://imgcdn.mckesson.com/CumulusWeb/Images/Item_Detail/889460.jpg"
"gid://shopify/Product/us-3023","1273916","Sensor Overpatch CoverGuard For FreeStyle Libre 3","Glucometers","Veridian Healthcare LLC","19.97","36.99","46.99","17.02","46%","10.00","N/A","https://imgcdn.mckesson.com/CumulusWeb/Images/Item_Detail/1273916_ppkgfront.jpg"
"gid://shopify/Product/us-3024","1273875","Sensor Overpatch CoverGuard Waterproof For FreeStyle Libre 3 Sensor","Glucometers","Veridian Healthcare LLC","19.97","36.99","46.99","17.02","46%","10.00","N/A","https://imgcdn.mckesson.com/CumulusWeb/Images/Item_Detail/1273875_ppkgfront.jpg"
"gid://shopify/Product/us-3025","1165772","Safety Lancet Unistik Touch 23 Gauge Retractable Pressure Activated Finger","Glucometers","Medical Grade","19.06","34.99","43.99","15.93","46%","9.00","N/A","https://imgcdn.mckesson.com/CumulusWeb/Images/Item_Detail/1165772_right.jpg"
"gid://shopify/Product/us-3026","1195452","Safety Lancet Unistik 2 23 Gauge Retractable Push Button Activation Finger","Glucometers","Medical Grade","19.04","34.99","43.99","15.95","46%","9.00","N/A","https://imgcdn.mckesson.com/CumulusWeb/Images/Item_Detail/1195452_pkgright.jpg"
"gid://shopify/Product/us-3027","1199762","Safety Lancet Unistik 2 21 Gauge Retractable Push Button Activation Finger","Glucometers","Medical Grade","19.04","34.99","43.99","15.95","46%","9.00","N/A","https://imgcdn.mckesson.com/CumulusWeb/Images/Item_Detail/1199762_front.jpg"
"gid://shopify/Product/us-3028","942354","Blood Glucose Test Strips Assure® 100 Strips per Pack For Assure® Prism Multi Blood Glucose Monitoring System","Glucometers","Arkray USA","18.90","34.99","43.99","16.09","46%","9.00","N/A","https://imgcdn.mckesson.com/CumulusWeb/Images/Item_Detail/942354_front.jpg"
"gid://shopify/Product/us-3029","1188759","Safety Lancet Unistik™ 28 Gauge Retractable Pressure Activated Finger","Glucometers","Medical Grade","18.51","33.99","42.99","15.48","46%","9.00","N/A","https://imgcdn.mckesson.com/CumulusWeb/Images/Item_Detail/1188759_pkgright.jpg"
"gid://shopify/Product/us-3030","960297","Blood Glucose Test Strips McKesson TRUE METRIX® PRO 100 Strips per Pack For McKesson TRUE METRIX® PRO Professional Monitoring Blood Glucose Meter","Glucometers","McKesson Brand","18.17","33.99","42.99","15.82","47%","9.00","N/A","https://imgcdn.mckesson.com/CumulusWeb/Images/Item_Detail/960297_ppkgleft.jpg"
"gid://shopify/Product/us-3031","783949","Blood Glucose Meter Kit Glucocard® Vital™ 7 Second Results Stores up to 250 Results No Coding Required","Glucometers","Arkray USA","18.17","33.99","42.99","15.82","47%","9.00","N/A","https://imgcdn.mckesson.com/CumulusWeb/Images/Item_Detail/783949_ppkgright.jpg"
"gid://shopify/Product/us-3032","1220269","Blood Glucose Test Strips Verio 30 Strips per Pack For use with OneTouch Verio Gluscose Meter","Glucometers","LifeScan","18.17","33.99","42.99","15.82","47%","9.00","N/A","https://imgcdn.mckesson.com/CumulusWeb/Images/Item_Detail/1220269_ppkgleft.jpg"
"gid://shopify/Product/us-3033","651919","Blood Glucose Meter Kit FreeStyle® Lite 5 Second Results Stores up to 400 Results No Coding Required","Glucometers","Abbott","18.17","33.99","42.99","15.82","47%","9.00","N/A","https://imgcdn.mckesson.com/CumulusWeb/Images/Item_Detail/9ABTDC_651919.jpg"
"gid://shopify/Product/us-3034","650081","Blood Glucose and Ketone Meter Precision Xtra® 5 Second Results Glucose / 10 Second Results Ketones Stores up to 450 Results No Coding Required","Glucometers","Abbott","18.17","33.99","42.99","15.82","47%","9.00","N/A","https://imgcdn.mckesson.com/CumulusWeb/Images/Item_Detail/9ABTDC_650081.jpg"
"gid://shopify/Product/us-3035","848291","Blood Glucose Meter Glucocard® Vital™ 7 Second Results Stores up to 250 Results No Coding Required","Glucometers","Arkray USA","18.17","33.99","42.99","15.82","47%","9.00","N/A","https://imgcdn.mckesson.com/CumulusWeb/Images/Item_Detail/848291_ppkgleft.jpg"
"gid://shopify/Product/us-3036","1273959","Sensor Overpatch CoverGuard Tan For Omnipod 5 Sensor","Glucometers","Veridian Healthcare LLC","18.12","32.99","41.99","14.87","45%","9.00","N/A","https://imgcdn.mckesson.com/CumulusWeb/Images/Item_Detail/1273959_ppkgfront.jpg"
"gid://shopify/Product/us-3037","1273957","Sensor Overpatch CoverGuard Tan For Omnipod 5 Sensor","Glucometers","Veridian Healthcare LLC","18.12","32.99","41.99","14.87","45%","9.00","N/A","https://imgcdn.mckesson.com/CumulusWeb/Images/Item_Detail/1273957_ppkgfront.jpg"
"gid://shopify/Product/us-3038","539416","Safety Lancet Unistik 3 21 Gauge Retractable Push Button Activation Finger","Glucometers","Medical Grade","17.96","32.99","41.99","15.03","46%","9.00","N/A","https://imgcdn.mckesson.com/CumulusWeb/Images/Item_Detail/539416_pkgfront.jpg"
"gid://shopify/Product/us-3039","485757","Safety Lancet Unistik 3 28 Gauge Retractable Push Button Activation Finger","Glucometers","Medical Grade","17.96","32.99","41.99","15.03","46%","9.00","N/A","https://imgcdn.mckesson.com/CumulusWeb/Images/Item_Detail/485757_pkgleft.jpg"
"gid://shopify/Product/us-3040","475825","Safety Lancet Unistik 3 23 Gauge Retractable Push Button Activation Finger","Glucometers","Medical Grade","17.96","32.99","41.99","15.03","46%","9.00","N/A","https://imgcdn.mckesson.com/CumulusWeb/Images/Item_Detail/475825_pkgleft.jpg"
"gid://shopify/Product/us-3041","693966","Blood Glucose Test Strips Wavesense® Presto® 50 Strips per Pack For Wavesense Presto Blood Glucose Monitoring System","Glucometers","Agamatrix","16.35","29.99","37.99","13.64","45%","8.00","N/A","https://imgcdn.mckesson.com/CumulusWeb/Images/Item_Detail/693966_pkit.jpg"
"gid://shopify/Product/us-3042","1086756","Lancing Device Microlet® Push Button Activation Finger","Glucometers","Bayer","15.57","28.99","36.99","13.42","46%","8.00","N/A","https://imgcdn.mckesson.com/CumulusWeb/Images/Item_Detail/1086756_pkgfront.jpg"
"gid://shopify/Product/us-3043","1273948","Sensor Overpatch CoverGuard Tan For Dexcom G7 Sensor","Glucometers","Veridian Healthcare LLC","15.40","27.99","34.99","12.59","45%","7.00","N/A","https://imgcdn.mckesson.com/CumulusWeb/Images/Item_Detail/1273948_ppkgfront.jpg"
"gid://shopify/Product/us-3044","1273924","Sensor Overpatch CoverGuard Black For Dexcom G7 Sensor","Glucometers","Veridian Healthcare LLC","15.40","27.99","34.99","12.59","45%","7.00","N/A","https://imgcdn.mckesson.com/CumulusWeb/Images/Item_Detail/1273924_ppkgfront.jpg"
"gid://shopify/Product/us-3045","1151251","Lancet for Lancing Device OneTouch® 30 Gauge Non-Safety Twist Off Cap Finger","Glucometers","LifeScan","15.14","27.99","34.99","12.85","46%","7.00","N/A","https://imgcdn.mckesson.com/CumulusWeb/Images/Item_Detail/1151251_ppkgleft.jpg"
"gid://shopify/Product/us-3046","722178","Lancet for Lancing Device OneTouch® 33 Gauge Non-Safety Twist Off Cap Finger","Glucometers","LifeScan","15.14","27.99","34.99","12.85","46%","7.00","N/A","https://imgcdn.mckesson.com/CumulusWeb/Images/Item_Detail/722178.jpg"
"gid://shopify/Product/us-3047","1076101","Blood Glucose Test Strips Glucocard® Shine 50 Strips per Pack For Glucocard Blood Glucose Monitoring Meter","Glucometers","Arkray USA","14.54","26.99","33.99","12.45","46%","7.00","N/A","https://imgcdn.mckesson.com/CumulusWeb/Images/Item_Detail/1076101_ppkgleft.jpg"
"gid://shopify/Product/us-3048","1273920","Sensor Overpatch CoverGuard Tan For Dexcom G7 Sensor","Glucometers","Veridian Healthcare LLC","14.49","26.99","33.99","12.50","46%","7.00","N/A","https://imgcdn.mckesson.com/CumulusWeb/Images/Item_Detail/1273920_ppkgfront.jpg"
"gid://shopify/Product/us-3049","1273919","Sensor Overpatch Cover Guard Black For Dexcom G7","Glucometers","Veridian Healthcare LLC","14.49","26.99","33.99","12.50","46%","7.00","N/A","https://imgcdn.mckesson.com/CumulusWeb/Images/Item_Detail/1273919_ppkgfront.jpg"
"gid://shopify/Product/us-3050","689753","Safety Lancet Assure® 28 Gauge Protective Safety Cap Push Button Activation Finger","Glucometers","Arkray USA","13.32","24.99","31.99","11.67","47%","7.00","N/A","https://imgcdn.mckesson.com/CumulusWeb/Images/Item_Detail/689753_ppkgleft.jpg"
"gid://shopify/Product/us-3051","843655","Blood Glucose Test Strips Microdot® 50 Strips per Pack For Microdot® Meters","Glucometers","Cambridge Sensors USA","13.32","24.99","31.99","11.67","47%","7.00","N/A","https://imgcdn.mckesson.com/CumulusWeb/Images/Item_Detail/843655_front.jpg"
"gid://shopify/Product/us-3052","1125171","Blood Glucose Test Strips Embrace® For Embrace® Blood Glucose System","Glucometers","Omnis Health","13.16","23.99","29.99","10.83","45%","6.00","N/A","https://imgcdn.mckesson.com/CumulusWeb/Images/Item_Detail/1125171_pkgleft.jpg"
"gid://shopify/Product/us-3053","800737","Blood Glucose Test Strips Microdot® 50 Strips per Pack For Microdot® Meters","Glucometers","Cambridge Sensors USA","12.72","23.99","29.99","11.27","47%","6.00","N/A","https://imgcdn.mckesson.com/CumulusWeb/Images/Item_Detail/800737.jpg"
"gid://shopify/Product/us-3054","1183537","Blood Glucose Meter Accu-Chek® 4 Second Results Stores up to 30 Results No Coding Required","Glucometers","Roche Diabetes Care Inc","12.52","22.99","28.99","10.47","46%","6.00","N/A","https://imgcdn.mckesson.com/CumulusWeb/Images/Item_Detail/1183537_ppkgfront.jpg"
"gid://shopify/Product/us-3055","1217981","Safety Lancet McKesson 21 Gauge Retractable Pressure Activated Finger","Glucometers","McKesson Brand","12.43","22.99","28.99","10.56","46%","6.00","N/A","https://imgcdn.mckesson.com/CumulusWeb/Images/Item_Detail/1217981_ppkgfront.jpg"
"gid://shopify/Product/us-3056","1217983","Safety Lancet McKesson 30 Gauge Retractable Pressure Activated Finger","Glucometers","McKesson Brand","12.43","22.99","28.99","10.56","46%","6.00","N/A","https://imgcdn.mckesson.com/CumulusWeb/Images/Item_Detail/1217983_ppkgfront.jpg"
"gid://shopify/Product/us-3057","1217989","Safety Lancet McKesson 1.5 mm Blade Retractable Push Button Activation Finger","Glucometers","McKesson Brand","12.39","22.99","28.99","10.60","46%","6.00","N/A","https://imgcdn.mckesson.com/CumulusWeb/Images/Item_Detail/1217989_ppkgfront.jpg"
"gid://shopify/Product/us-3058","793449","Blood Glucose Test Strips Glucocard® 50 Strips per Pack For Glucocard® Expression™ Blood Glucose Monitor","Glucometers","Arkray USA","12.11","22.99","28.99","10.88","47%","6.00","N/A","https://imgcdn.mckesson.com/CumulusWeb/Images/Item_Detail/793449_ppkgleft.jpg"
"gid://shopify/Product/us-3059","1235888","Safety Lancet HTL Strefa 28 Gauge 1.5 mm Blade Self Destructive Mechanism Multiple Sites","Glucometers","HTL-STREFA","11.51","20.99","26.99","9.48","45%","6.00","N/A","https://imgcdn.mckesson.com/CumulusWeb/Images/Item_Detail/1235888_right.jpg"
"gid://shopify/Product/us-3060","1217991","Safety Lancet McKesson 28 Gauge Retractable Push Button Activation Finger","Glucometers","McKesson Brand","11.14","20.99","26.99","9.85","47%","6.00","N/A","https://imgcdn.mckesson.com/CumulusWeb/Images/Item_Detail/1217991_pkgfront.jpg"
"gid://shopify/Product/us-3061","1217990","Safety Lancet McKesson 23 Gauge Retractable Push Button Activation Finger","Glucometers","McKesson Brand","11.13","20.99","26.99","9.86","47%","6.00","N/A","https://imgcdn.mckesson.com/CumulusWeb/Images/Item_Detail/1217990_pkgfront.jpg"
"gid://shopify/Product/us-3062","718282","Blood Glucose Test Strips Assure® Platinum 50 Strips per Pack For Assure® Platinum Meter","Glucometers","Arkray USA","10.90","19.99","24.99","9.09","45%","5.00","N/A","https://imgcdn.mckesson.com/CumulusWeb/Images/Item_Detail/718282_front.jpg"
"gid://shopify/Product/us-3063","445549","Safety Lancet Surgilance® 18 Gauge Retractable Push Button Activation Finger","Glucometers","Medipurpose","10.90","19.99","24.99","9.09","45%","5.00","N/A","https://imgcdn.mckesson.com/CumulusWeb/Images/Item_Detail/445549_right.jpg"
"gid://shopify/Product/us-3064","1284893","Blood Glucose Test Strips Assure® Titanium 50 Strips For Assure® Titanium Blood Gluclose Monitor","Glucometers","Arkray USA","10.90","19.99","24.99","9.09","45%","5.00","N/A","https://imgcdn.mckesson.com/CumulusWeb/Images/Item_Detail/1284893_front.jpg"
"gid://shopify/Product/us-3065","445545","Safety Lancet Surgilance® 18 Gauge Retractable Push Button Activation Multiple Sites","Glucometers","Medipurpose","10.90","19.99","24.99","9.09","45%","5.00","N/A","https://imgcdn.mckesson.com/CumulusWeb/Images/Item_Detail/445545_right.jpg"
"gid://shopify/Product/us-3066","1226572","Blood Glucose Meter Embrace® Wave 6 Second Results Stores up to 500 Results","Glucometers","Omnis Health","10.87","19.99","24.99","9.12","46%","5.00","N/A","https://imgcdn.mckesson.com/CumulusWeb/Images/Item_Detail/1226572_pkgright.jpg"
"gid://shopify/Product/us-3067","1217982","Safety Lancet McKesson 26 Gauge Retractable Pressure Activated Finger","Glucometers","McKesson Brand","10.65","19.99","24.99","9.34","47%","5.00","N/A","https://imgcdn.mckesson.com/CumulusWeb/Images/Item_Detail/1217982_ppkgfront.jpg"
"gid://shopify/Product/us-3068","827019","Safety Lancet SensiLance™ 28 Gauge Retractable Pressure Activated Finger","Glucometers","Dynarex","10.65","19.99","24.99","9.34","47%","5.00","N/A","https://imgcdn.mckesson.com/CumulusWeb/Images/Item_Detail/827019_ppkgleft.jpg"
"gid://shopify/Product/us-3069","827020","Safety Lancet SensiLance™ 26 Gauge Retractable Pressure Activated Finger","Glucometers","Dynarex","10.65","19.99","24.99","9.34","47%","5.00","N/A","https://imgcdn.mckesson.com/CumulusWeb/Images/Item_Detail/827020_ppkgleft.jpg"
"gid://shopify/Product/us-3070","1217988","Safety Lancet McKesson Prevent® HP 28 Gauge Retractable Push Button Activation Finger","Glucometers","McKesson Brand","10.51","19.99","24.99","9.48","47%","5.00","N/A","https://imgcdn.mckesson.com/CumulusWeb/Images/Item_Detail/1217988_ppkgfront.jpg"
"gid://shopify/Product/us-3071","854636","Blood Glucose Test Strips Quintet AC® 50 Strips per Pack For Quintet AC® Blood Glucose Monitor","Glucometers","McKesson Brand","10.41","18.99","23.99","8.58","45%","5.00","N/A","https://imgcdn.mckesson.com/CumulusWeb/Images/Item_Detail/854636_ppkgleft.jpg"
"gid://shopify/Product/us-3072","511848","Safety Lancet Surgilance® 21 Gauge Retractable Push Button Activation Finger","Glucometers","Medipurpose","10.09","18.99","23.99","8.90","47%","5.00","N/A","https://imgcdn.mckesson.com/CumulusWeb/Images/Item_Detail/511848_pdet.jpg"
"gid://shopify/Product/us-3073","445543","Safety Lancet Surgilance® 21 Gauge Retractable Push Button Activation Finger","Glucometers","Medipurpose","10.09","18.99","23.99","8.90","47%","5.00","N/A","https://imgcdn.mckesson.com/CumulusWeb/Images/Item_Detail/445543_right.jpg"
"gid://shopify/Product/us-3074","445541","Safety Lancet Surgilance® 21 Gauge Retractable Push Button Activation Finger","Glucometers","Medipurpose","10.09","18.99","23.99","8.90","47%","5.00","N/A","https://imgcdn.mckesson.com/CumulusWeb/Images/Item_Detail/445541_right.jpg"
"gid://shopify/Product/us-3075","562646","Safety Lancet Surgilance® 21 Gauge Retractable Push Button Activation Finger","Glucometers","Medipurpose","10.09","18.99","23.99","8.90","47%","5.00","N/A","https://imgcdn.mckesson.com/CumulusWeb/Images/Item_Detail/562646_right.jpg"
"gid://shopify/Product/us-3076","570415","Safety Lancet Unistik 3 23 Gauge Retractable Push Button Activation Finger","Glucometers","Medical Grade","10.02","18.99","23.99","8.97","47%","5.00","N/A","https://imgcdn.mckesson.com/CumulusWeb/Images/Item_Detail/570415_pkgleft.jpg"
"gid://shopify/Product/us-3077","701114","Safety Lancet Unistik 3 28 Gauge Visual Lockout Push Button Activation Finger","Glucometers","Medical Grade","10.02","18.99","23.99","8.97","47%","5.00","N/A","https://imgcdn.mckesson.com/CumulusWeb/Images/Item_Detail/701114_pkgleft.jpg"
"gid://shopify/Product/us-3078","853623","Safety Lancet ReadyLance™ 26 Gauge Retractable Pressure Activated Finger","Glucometers","ASP Global LLC","9.98","18.99","23.99","9.01","47%","5.00","N/A","https://imgcdn.mckesson.com/CumulusWeb/Images/Item_Detail/853623_pkgright.jpg"
"gid://shopify/Product/us-3079","661994","Respiratory Humidifier Kit HC150 480 mL Unfilled Adult / Pediatric","Nebulizers","Fisher & Paykel","469.51","722.99","903.99","253.48","35%","181.00","N/A","https://imgcdn.mckesson.com/CumulusWeb/Images/Item_Detail/661994.jpg"
"gid://shopify/Product/us-3080","214500","Handheld Nebulizer Kit Up-Draft II® Opti-Neb® Small Volume Medication Cup Neonatal Aerosol Mask Delivery","Nebulizers","Medline","262.53","403.99","504.99","141.46","35%","101.00","N/A","https://imgcdn.mckesson.com/CumulusWeb/Images/Item_Detail/214500_front.jpg"
"gid://shopify/Product/us-3081","786550","Compressor Nebulizer System Drive™ Penguin Small Volume Medication Cup Pediatric Aerosol Mask Delivery","Nebulizers","Drive DeVilbiss Healthcare","256.66","394.99","493.99","138.33","35%","99.00","N/A","https://imgcdn.mckesson.com/CumulusWeb/Images/Item_Detail/786550_front.jpg"
"gid://shopify/Product/us-3082","852533","Compressor Nebulizer System Pacifica Elite Small Volume Medication Cup Adult / Pediatric Mouthpiece Delivery","Nebulizers","Drive DeVilbiss Healthcare","150.21","231.99","289.99","81.78","35%","58.00","N/A","https://imgcdn.mckesson.com/CumulusWeb/Images/Item_Detail/852533_left.jpg"
"gid://shopify/Product/us-3083","153528","Compressor Nebulizer System DeVilbiss® Pulmo-Aide® Small Volume Medication Cup Adult / Pediatric Mouthpiece Delivery","Nebulizers","Drive DeVilbiss Healthcare","132.18","203.99","254.99","71.81","35%","51.00","N/A","https://imgcdn.mckesson.com/CumulusWeb/Images/Item_Detail/153528_left.jpg"
"gid://shopify/Product/us-3084","718496","Handheld Nebulizer Kit VixOne™ Small Volume Medication Cup Adult / Pediatric Mouthpiece Delivery","Nebulizers","Drive DeVilbiss Healthcare","130.55","200.99","251.99","70.44","35%","51.00","N/A","https://imgcdn.mckesson.com/CumulusWeb/Images/Item_Detail/718496_left.jpg"
"gid://shopify/Product/us-3085","54926","Handheld Nebulizer Kit Up-Draft® Small Volume Medication Cup Pediatric Aerosol Mask Delivery","Nebulizers","Medline","113.27","174.99","218.99","61.72","35%","44.00","N/A","https://imgcdn.mckesson.com/CumulusWeb/Images/Item_Detail/1708_1710_2.jpg"
"gid://shopify/Product/us-3086","653984","Handheld Nebulizer Kit VixOne™ Small Volume Medication Cup Adult / Pediatric Mouthpiece Delivery","Nebulizers","Medline","105.45","162.99","203.99","57.54","35%","41.00","N/A","https://imgcdn.mckesson.com/CumulusWeb/Images/Item_Detail/653984_pkit.jpg"
"gid://shopify/Product/us-3087","772926","Compressor Nebulizer System Traveler® Small Volume Medication Cup Adult / Pediatric Aerosol Mask Delivery","Nebulizers","Drive DeVilbiss Healthcare","104.85","161.99","202.99","57.14","35%","41.00","N/A","https://imgcdn.mckesson.com/CumulusWeb/Images/Item_Detail/772926.jpg"
"gid://shopify/Product/us-3088","61875","Handheld Nebulizer Kit Up-Draft® Small Volume Medication Cup Adult / Pediatric Aerosol Mask Delivery","Nebulizers","Medline","101.70","156.99","196.99","55.29","35%","40.00","N/A","https://imgcdn.mckesson.com/CumulusWeb/Images/Item_Detail/61875_front.jpg"
"gid://shopify/Product/us-3089","506431","Handheld Nebulizer Kit VixOne™ Small Volume Medication Cup Adult / Pediatric Mouthpiece Delivery","Nebulizers","Medline","101.44","156.99","196.99","55.55","35%","40.00","N/A","https://imgcdn.mckesson.com/CumulusWeb/Images/Item_Detail/506431.jpg"
"gid://shopify/Product/us-3090","147191","Handheld Nebulizer Kit Up-Draft II® Opti-Neb® Small Volume Medication Cup Pediatric Aerosol Mask Delivery","Nebulizers","Medline","97.89","163.99","204.99","66.10","40%","41.00","N/A","https://imgcdn.mckesson.com/CumulusWeb/Images/Item_Detail/147191.jpg"
"gid://shopify/Product/us-3091","174814","Aerosol Drainage Bag","Nebulizers","Medline","78.36","130.99","163.99","52.63","40%","33.00","N/A","https://imgcdn.mckesson.com/CumulusWeb/Images/Item_Detail/174814_front.jpg"
"gid://shopify/Product/us-3092","1190301","Handheld Nebulizer Kit Up-Draft II® Opti-Neb® Large Volume Medication Cup Adult Aerosol Mask Delivery","Nebulizers","Medline","74.45","124.99","156.99","50.54","40%","32.00","N/A","https://imgcdn.mckesson.com/CumulusWeb/Images/Item_Detail/1190301_front.jpg"
"gid://shopify/Product/us-3093","197083","Aquapak® Sterile Water Liquid 440 mL","Nebulizers","Medline","69.73","116.99","146.99","47.26","40%","30.00","N/A","https://imgcdn.mckesson.com/CumulusWeb/Images/Item_Detail/197083_right.jpg"
"gid://shopify/Product/us-3094","268623","Nebulizer Compressor DeVilbiss® PulmoMate® Small Volume Medication Cup Adult / Pediatric Aerosol Mask / Mouthpiece Delivery","Nebulizers","Drive DeVilbiss Healthcare","69.72","116.99","146.99","47.27","40%","30.00","N/A","https://imgcdn.mckesson.com/CumulusWeb/Images/Item_Detail/268623_left.jpg"
"gid://shopify/Product/us-3095","1190303","Handheld Nebulizer Kit Hudson RCI® Micro Mist Small Volume Medication Cup Adult Aerosol Mask Delivery","Nebulizers","Medline","67.85","113.99","142.99","46.14","40%","29.00","N/A","https://imgcdn.mckesson.com/CumulusWeb/Images/Item_Detail/1190303_front.jpg"
"gid://shopify/Product/us-3096","1190302","Valved Tee Adapter Hudson RCI Small-Volume Nebulizers","Nebulizers","Medline","67.03","111.99","139.99","44.96","40%","28.00","N/A","https://imgcdn.mckesson.com/CumulusWeb/Images/Item_Detail/1190302_side.jpg"
"gid://shopify/Product/us-3097","986313","Compressor Nebulizer System Roscoe Medical Small Volume Medication Cup Adult / Pediatric Aerosol Mask Delivery","Nebulizers","Drive DeVilbiss Healthcare","64.74","107.99","134.99","43.25","40%","27.00","N/A","https://imgcdn.mckesson.com/CumulusWeb/Images/Item_Detail/986313_pkit.jpg"
"gid://shopify/Product/us-3098","486456","Tee Adapter In-Line Nebulizer","Nebulizers","Medline","61.81","103.99","129.99","42.18","41%","26.00","N/A","https://imgcdn.mckesson.com/CumulusWeb/Images/Item_Detail/486456_right.jpg"
"gid://shopify/Product/us-3099","131096","Handheld Nebulizer Kit Up-Draft II® Opti-Neb® Small Volume Medication Cup Adult / Pediatric Mouthpiece Delivery","Nebulizers","Medline","61.26","102.99","128.99","41.73","41%","26.00","N/A","https://imgcdn.mckesson.com/CumulusWeb/Images/Item_Detail/131096_left.jpg"
"gid://shopify/Product/us-3100","61876","Aerosol Drainage Bag","Nebulizers","Medline","57.18","95.99","119.99","38.81","40%","24.00","N/A","https://imgcdn.mckesson.com/CumulusWeb/Images/Item_Detail/61876_front.jpg"
"gid://shopify/Product/us-3101","129094","Handheld Nebulizer Kit Up-Draft II® Opti-Neb® Small Volume Medication Cup Adult / Pediatric Mouthpiece Delivery","Nebulizers","Medline","55.88","93.99","117.99","38.11","41%","24.00","N/A","https://imgcdn.mckesson.com/CumulusWeb/Images/Item_Detail/129094_front.jpg"
"gid://shopify/Product/us-3102","235435","Handheld Nebulizer Kit Micro Mist® Small Volume Medication Cup Adult / Pediatric Mouthpiece Delivery","Nebulizers","Medline","52.39","87.99","109.99","35.60","40%","22.00","N/A","https://imgcdn.mckesson.com/CumulusWeb/Images/Item_Detail/235435_pkit.jpg"
"gid://shopify/Product/us-3103","1190300","Handheld Nebulizer Kit Hudson RCI® Small Volume Medication Cup Adult / Pediatric Mouthpiece Delivery","Nebulizers","Medline","49.90","83.99","104.99","34.09","41%","21.00","N/A","https://imgcdn.mckesson.com/CumulusWeb/Images/Item_Detail/1190300_front.jpg"
"gid://shopify/Product/us-3104","473848","Compressor Nebulizer System Pulmo-Aide® Small Volume Medication Cup Adult / Pediatric Mouthpiece Delivery","Nebulizers","Drive DeVilbiss Healthcare","48.92","81.99","102.99","33.07","40%","21.00","N/A","https://imgcdn.mckesson.com/CumulusWeb/Images/Item_Detail/473848_left.jpg"
"gid://shopify/Product/us-3105","234006","Handheld Nebulizer Kit Micro Mist® Small Volume Medication Cup Adult / Pediatric Mouthpiece Delivery","Nebulizers","Medline","46.53","77.99","97.99","31.46","40%","20.00","N/A","https://imgcdn.mckesson.com/CumulusWeb/Images/Item_Detail/234006_front.jpg"
"gid://shopify/Product/us-3106","137046","Aquapak® Sterile Water Liquid 1,070 mL","Nebulizers","Medline","45.27","75.99","94.99","30.72","40%","19.00","N/A","https://imgcdn.mckesson.com/CumulusWeb/Images/Item_Detail/137046_front.jpg"
"gid://shopify/Product/us-3107","930981","Handheld Nebulizer Kit Roscoe Medical Small Volume Medication Cup Adult / Pediatric Mouthpiece Delivery","Nebulizers","Drive DeVilbiss Healthcare","44.21","73.99","92.99","29.78","40%","19.00","N/A","https://imgcdn.mckesson.com/CumulusWeb/Images/Item_Detail/930981_side.JPG"
"gid://shopify/Product/us-3108","832770","Handheld Nebulizer Kit Drive™ Small Volume Medication Cup Adult / Pediatric Mouthpiece Delivery","Nebulizers","Drive DeVilbiss Healthcare","42.91","71.99","89.99","29.08","40%","18.00","N/A","https://imgcdn.mckesson.com/CumulusWeb/Images/Item_Detail/832770_side.jpg"
"gid://shopify/Product/us-3109","1190299","Handheld Nebulizer Kit Hudson RCI® AquaPak® Large Volume Medication Cup Adult / Pediatric Mouthpiece Delivery","Nebulizers","Medline","41.21","68.99","86.99","27.78","40%","18.00","N/A","https://imgcdn.mckesson.com/CumulusWeb/Images/Item_Detail/1190299_front.jpg"
"gid://shopify/Product/us-3110","1124889","Handheld Nebulizer Kit TruNeb Reusable Neb Kit Small Volume Medication Cup Adult / Pediatric Mouthpiece Delivery","Nebulizers","Drive DeVilbiss Healthcare","41.16","68.99","86.99","27.83","40%","18.00","N/A","https://imgcdn.mckesson.com/CumulusWeb/Images/Item_Detail/1124889.jpg"
"gid://shopify/Product/us-3111","52033","Humidifier Aquapak® 340 mL Sterile Water","Nebulizers","Medline","35.64","59.99","74.99","24.35","41%","15.00","N/A","https://imgcdn.mckesson.com/CumulusWeb/Images/Item_Detail/52033_front.jpg"
"gid://shopify/Product/us-3112","761968","Humidifier with Adapter Aquapak® 540 mL Sterile Water Adult / Pediatric","Nebulizers","Medline","34.53","57.99","72.99","23.46","40%","15.00","N/A","https://imgcdn.mckesson.com/CumulusWeb/Images/Item_Detail/761968_pdet.jpg"
"gid://shopify/Product/us-3113","1005647","Compressor Nebulizer System Drive™ Penguin Small Volume Medication Cup Pediatric Aerosol Mask Delivery","Nebulizers","Drive DeVilbiss Healthcare","34.11","56.99","71.99","22.88","40%","15.00","N/A","https://imgcdn.mckesson.com/CumulusWeb/Images/Item_Detail/1005647_front.jpg"
"gid://shopify/Product/us-3114","1055912","Compressor Nebulizer System Drive™ MEDNEB+ Small Volume Medication Cup Adult / Pediatric Mouthpiece Delivery","Nebulizers","Drive DeVilbiss Healthcare","31.80","52.99","66.99","21.19","40%","14.00","N/A","https://imgcdn.mckesson.com/CumulusWeb/Images/Item_Detail/1055912_right.jpg"
"gid://shopify/Product/us-3115","989768","Compressor Nebulizer System Power Neb Ultra Small Volume Medication Cup Adult / Pediatric Mouthpiece Delivery","Nebulizers","Drive DeVilbiss Healthcare","29.96","54.99","68.99","25.03","46%","14.00","N/A","https://imgcdn.mckesson.com/CumulusWeb/Images/Item_Detail/989768_left.jpg"
"gid://shopify/Product/us-3116","60228","Humidifier with Adapter Aquapak® 650 mL Sterile Water Adult / Pediatric","Nebulizers","Medline","28.79","52.99","66.99","24.20","46%","14.00","N/A","https://imgcdn.mckesson.com/CumulusWeb/Images/Item_Detail/60228_front.jpg"
"gid://shopify/Product/us-3117","144182","Aquapak® Sterile Water Liquid 1,070 mL","Nebulizers","Medline","25.51","46.99","58.99","21.48","46%","12.00","N/A","https://imgcdn.mckesson.com/CumulusWeb/Images/Item_Detail/144182_front.jpg"
"gid://shopify/Product/us-3118","153229","Nebulizer Tee Connector Intelligent Oxygen Analyzer 5803 Sensor","Nebulizers","Medline","24.38","44.99","56.99","20.61","46%","12.00","N/A","https://imgcdn.mckesson.com/CumulusWeb/Images/Item_Detail/153229_right.jpg"
"gid://shopify/Product/us-3119","851747","Compressor Nebulizer System Drive™ Small Volume Medication Cup Adult / Pediatric Mouthpiece Delivery","Nebulizers","Drive DeVilbiss Healthcare","24.28","44.99","56.99","20.71","46%","12.00","N/A","https://imgcdn.mckesson.com/CumulusWeb/Images/Item_Detail/851747_left.jpg"
"gid://shopify/Product/us-3120","953639","Compressor Nebulizer Filter SportNeb™ For 3050-2 SportNeb™ 2 Compressor Nebulizer","Nebulizers","Drive DeVilbiss Healthcare","12.88","23.99","29.99","11.11","46%","6.00","N/A","https://imgcdn.mckesson.com/CumulusWeb/Images/Item_Detail/953639_front.jpg"
"gid://shopify/Product/us-3121","880824","Nebulizer Replacement Filter For 18070 and 18080 Character Nebulizers","Nebulizers","Drive DeVilbiss Healthcare","12.70","23.99","29.99","11.29","47%","6.00","N/A","https://imgcdn.mckesson.com/CumulusWeb/Images/Item_Detail/880824_front.jpg"
"gid://shopify/Product/us-3122","836323","LT Compressor Nebulizer System Filter PulmoNeb® For PulmoNeb® LT Compressor Nebulizer System","Nebulizers","Drive DeVilbiss Healthcare","7.82","14.99","18.99","7.17","48%","4.00","N/A","https://imgcdn.mckesson.com/CumulusWeb/Images/Item_Detail/836323.jpg"
"gid://shopify/Product/us-3123","579868","Air Inlet Filter Model No 3655D Nebulizer","Nebulizers","Drive DeVilbiss Healthcare","5.13","9.99","12.99","4.86","49%","3.00","N/A","https://imgcdn.mckesson.com/CumulusWeb/Images/Item_Detail/579868_front.jpg"
"gid://shopify/Product/us-3124","404210","Air Inlet Filter Pulmo-Aide® For Devilbiss 3650, 4650, and 5650 Nebulizer Compressor","Nebulizers","Drive DeVilbiss Healthcare","3.24","5.99","7.99","2.75","46%","2.00","N/A","https://imgcdn.mckesson.com/CumulusWeb/Images/Item_Detail/404210_ppkgleft.jpg"
"gid://shopify/Product/us-3125","1153268","Compressor Filter PulmoNeb® LT For PulmoNeb® LT Compressor Nebulizer System","Nebulizers","Drive DeVilbiss Healthcare","2.89","5.99","7.99","3.10","52%","2.00","N/A","https://imgcdn.mckesson.com/CumulusWeb/Images/Item_Detail/1153268_front.jpg"
"gid://shopify/Product/us-3126","247951","Handheld Nebulizer Kit Up-Draft II® Opti-Neb® Small Volume Medication Cup Adult / Pediatric Aerosol Mask Delivery","Nebulizers","Medline","1.60","2.99","3.99","1.39","46%","1.00","N/A","https://imgcdn.mckesson.com/CumulusWeb/Images/Item_Detail/247951_front.jpg"
"gid://shopify/Product/us-3127","573738","Respiratory Humidifier MR850 Adult / Pediatric","Nebulizers","Fisher & Paykel","1953.58","2713.99","3392.99","760.41","28%","679.00","N/A","https://imgcdn.mckesson.com/CumulusWeb/Images/Item_Detail/573738_front.jpg"
"gid://shopify/Product/us-3128","934525","Heated Humidification System ConchaTherm® Neptune® Adult / Pediatric","Nebulizers","Medline","1927.76","2677.99","3347.99","750.23","28%","670.00","N/A","https://imgcdn.mckesson.com/CumulusWeb/Images/Item_Detail/934525.jpg"
"gid://shopify/Product/us-3129","706829","Heater for Prefilled Nebulizer Aquatherm® III","Nebulizers","Medline","1008.54","1400.99","1751.99","392.45","28%","351.00","N/A","https://imgcdn.mckesson.com/CumulusWeb/Images/Item_Detail/706829_left.jpg"
"gid://shopify/Product/us-3130","929873","Nebulizer / Humidifier Compressor System CHAD® Adult","Nebulizers","Drive DeVilbiss Healthcare","529.57","735.99","919.99","206.42","28%","184.00","N/A","https://imgcdn.mckesson.com/CumulusWeb/Images/Item_Detail/929873.jpg"
"gid://shopify/Product/us-3131","765038","Handheld Nebulizer Kit Neb-U-Mask® Large Volume Medication Cup Adult / Pediatric Aerosol Mask Delivery","Nebulizers","Medline","418.53","643.99","804.99","225.46","35%","161.00","N/A","https://imgcdn.mckesson.com/CumulusWeb/Images/Item_Detail/765038.jpg"
"gid://shopify/Product/us-3132","700436","Respiratory Humidifier HC150 Adult / Pediatric","Nebulizers","Fisher & Paykel","414.27","637.99","797.99","223.72","35%","160.00","N/A","https://imgcdn.mckesson.com/CumulusWeb/Images/Item_Detail/700436.jpg"
"gid://shopify/Product/us-3133","1123347","Humidifier Philips Respironics Adult","Nebulizers","Respironics","339.99","523.99","654.99","184.00","35%","131.00","N/A","https://imgcdn.mckesson.com/CumulusWeb/Images/Item_Detail/1123347.jpg"
"gid://shopify/Product/us-3134","786552","Compressor Nebulizer System Airial™ Panda Small Volume Medication Cup Pediatric Aerosol Mask Delivery","Nebulizers","Drive DeVilbiss Healthcare","282.79","435.99","544.99","153.20","35%","109.00","N/A","https://imgcdn.mckesson.com/CumulusWeb/Images/Item_Detail/786552.jpg"
"gid://shopify/Product/us-3135","833923","Compressor Nebulizer System Drive™ Small Volume Medication Cup Pediatric Aerosol Mask Delivery","Nebulizers","Drive DeVilbiss Healthcare","258.67","397.99","497.99","139.32","35%","100.00","N/A","https://imgcdn.mckesson.com/CumulusWeb/Images/Item_Detail/833923_front.jpg"
"gid://shopify/Product/us-3136","833916","Compressor Nebulizer System Drive™ Penguin Small Volume Medication Cup Pediatric Aerosol Mask Delivery","Nebulizers","Drive DeVilbiss Healthcare","258.34","397.99","497.99","139.65","35%","100.00","N/A","https://imgcdn.mckesson.com/CumulusWeb/Images/Item_Detail/833916_front.jpg"
"gid://shopify/Product/us-3137","786551","Compressor Nebulizer System Drive™ Panda Small Volume Medication Cup Pediatric Aerosol Mask Delivery","Nebulizers","Drive DeVilbiss Healthcare","241.93","372.99","466.99","131.06","35%","94.00","N/A","https://imgcdn.mckesson.com/CumulusWeb/Images/Item_Detail/786551.jpg"
"gid://shopify/Product/us-3138","786553","Compressor Nebulizer System Drive™ Penelope Pink Panda Small Volume Medication Cup Pediatric Aerosol Mask Delivery","Nebulizers","Drive DeVilbiss Healthcare","222.53","342.99","428.99","120.46","35%","86.00","N/A","https://imgcdn.mckesson.com/CumulusWeb/Images/Item_Detail/786553.jpg"
"gid://shopify/Product/us-3139","1147858","Oxygen Mask OxyMask™ Full Face Style Pediatric Adjustable Head Strap","Nebulizers","Medline","222.35","342.99","428.99","120.64","35%","86.00","N/A","https://imgcdn.mckesson.com/CumulusWeb/Images/Item_Detail/1147858_front.jpg"
"gid://shopify/Product/us-3140","1193461","Compressor Nebulizer System MEDNEB+ Small Volume Medication Cup Aerosol Mask Delivery","Nebulizers","Drive DeVilbiss Healthcare","211.35","325.99","407.99","114.64","35%","82.00","N/A","https://imgcdn.mckesson.com/CumulusWeb/Images/Item_Detail/1193461_right.jpg"
"gid://shopify/Product/us-3141","804001","Compressor Nebulizer System Pacifica Elite","Nebulizers","Drive DeVilbiss Healthcare","190.69","293.99","367.99","103.30","35%","74.00","N/A","https://imgcdn.mckesson.com/CumulusWeb/Images/Item_Detail/804001.jpg"
"gid://shopify/Product/us-3142","1130073","Compressor Nebulizer System Drive™ JetNeb Plus Small Volume Medication Cup Adult / Pediatric Mouthpiece Delivery","Nebulizers","Drive DeVilbiss Healthcare","131.02","201.99","252.99","70.97","35%","51.00","N/A","https://imgcdn.mckesson.com/CumulusWeb/Images/Item_Detail/1130073_left.jpg"
"gid://shopify/Product/us-3143","571833","Handheld Nebulizer Kit VixOne™ Small Volume Medication Cup Adult / Pediatric Aerosol Mask Delivery","Nebulizers","Medline","129.77","199.99","249.99","70.22","35%","50.00","N/A","https://imgcdn.mckesson.com/CumulusWeb/Images/Item_Detail/571833.jpg"
"gid://shopify/Product/us-3144","47458","Handheld Nebulizer Kit Up-Draft® Small Volume Medication Cup Adult / Pediatric Aerosol Mask Delivery","Nebulizers","Medline","114.03","175.99","219.99","61.96","35%","44.00","N/A","https://imgcdn.mckesson.com/CumulusWeb/Images/Item_Detail/47458_front.jpg"
"gid://shopify/Product/us-3145","191552","Handheld Nebulizer Kit ISO-Neb® Small Volume Medication Cup Adult / Pediatric Mouthpiece Delivery","Nebulizers","Medline","108.76","167.99","209.99","59.23","35%","42.00","N/A","https://imgcdn.mckesson.com/CumulusWeb/Images/Item_Detail/191552_left.jpg"
"gid://shopify/Product/us-3146","631613","Aerosol Mask Elongated Style Pediatric Adjustable Head Strap","Nebulizers","Drive DeVilbiss Healthcare","106.68","164.99","206.99","58.31","35%","42.00","N/A","https://imgcdn.mckesson.com/CumulusWeb/Images/Item_Detail/631613_front.jpg"
"gid://shopify/Product/us-3147","1255318","Nebulizer Kits Medline For Nebulizer","Nebulizers","Medline","83.05","138.99","173.99","55.94","40%","35.00","N/A","https://imgcdn.mckesson.com/CumulusWeb/Images/Item_Detail/1255318_ppkgfront.jpg"
"gid://shopify/Product/us-3148","134264","Aquapak® Sterile Water Liquid 400 mL","Nebulizers","Medline","76.92","128.99","161.99","52.07","40%","33.00","N/A","https://imgcdn.mckesson.com/CumulusWeb/Images/Item_Detail/134264_left.jpg"
"gid://shopify/Product/us-3149","195192","Humidification Cartridge Systems CONCHAPAK® 1650 mL Unfilled Pediatric","Nebulizers","Medline","74.65","124.99","156.99","50.34","40%","32.00","N/A","https://imgcdn.mckesson.com/CumulusWeb/Images/Item_Detail/195192.jpg"
"gid://shopify/Product/us-3150","56416","Handheld Nebulizer Kit Up-Draft® Small Volume Medication Cup Adult / Pediatric Mouthpiece Delivery","Nebulizers","Medline","66.11","110.99","138.99","44.88","40%","28.00","N/A","https://imgcdn.mckesson.com/CumulusWeb/Images/Item_Detail/56416_front.jpg"
"gid://shopify/Product/us-3151","986312","Handheld Nebulizer Kit Roscoe Medical Small Volume Medication Cup Pediatric Aerosol Mask Delivery","Nebulizers","Drive DeVilbiss Healthcare","64.74","107.99","134.99","43.25","40%","27.00","N/A","https://imgcdn.mckesson.com/CumulusWeb/Images/Item_Detail/986312.jpg"
"gid://shopify/Product/us-3152","809464","NiCd Battery Pack DeVilbiss® For DeVilbiss Traveler® Portable Compressor Nebulizer System","Nebulizers","Drive DeVilbiss Healthcare","63.97","106.99","133.99","43.02","40%","27.00","N/A","https://imgcdn.mckesson.com/CumulusWeb/Images/Item_Detail/809464.jpg"
"gid://shopify/Product/us-3153","478084","Humidification Chamber Unfilled Adult / Pediatric","Nebulizers","Medline","57.05","95.99","119.99","38.94","41%","24.00","N/A","https://imgcdn.mckesson.com/CumulusWeb/Images/Item_Detail/478084_front.jpg"
"gid://shopify/Product/us-3154","746954","Compressor Nebulizer System Traveler® Small Volume Medication Cup Adult / Pediatric Aerosol Mask Delivery","Nebulizers","Drive DeVilbiss Healthcare","56.10","93.99","117.99","37.89","40%","24.00","N/A","https://imgcdn.mckesson.com/CumulusWeb/Images/Item_Detail/746954_right.jpg"
"gid://shopify/Product/us-3155","1160909","Compressor Nebulizer System Drive™ Fish Small Volume Medication Cup Pediatric Mouthpiece Delivery","Nebulizers","Drive DeVilbiss Healthcare","50.86","84.99","106.99","34.13","40%","22.00","N/A","https://imgcdn.mckesson.com/CumulusWeb/Images/Item_Detail/1160909_right.jpg"
"gid://shopify/Product/us-3156","1020748","Compressor Nebulizer System Drive™ Fish Small Volume Medication Cup Pediatric Aerosol Mask Delivery","Nebulizers","Drive DeVilbiss Healthcare","46.73","77.99","97.99","31.26","40%","20.00","N/A","https://imgcdn.mckesson.com/CumulusWeb/Images/Item_Detail/1020748.jpg"
"gid://shopify/Product/us-3157","901951","Compressor Nebulizer System Drive™ Beagle Small Volume Medication Cup Pediatric Aerosol Mask Delivery","Nebulizers","Drive DeVilbiss Healthcare","43.80","72.99","91.99","29.19","40%","19.00","N/A","https://imgcdn.mckesson.com/CumulusWeb/Images/Item_Detail/901951_pkit.jpg"
"gid://shopify/Product/us-3158","283709","Handheld Nebulizer Kit Micro Mist® Small Volume Adult / Pediatric Mouthpiece Delivery","Nebulizers","Medline","40.08","66.99","83.99","26.91","40%","17.00","N/A","https://imgcdn.mckesson.com/CumulusWeb/Images/Item_Detail/283709_side.JPG"
"gid://shopify/Product/us-3159","1273856","Nebulizer Compressor Drive™ Small Volume Medication Cup Pediatric Mouthpiece Delivery","Nebulizers","Drive DeVilbiss Healthcare","39.99","66.99","83.99","27.00","40%","17.00","N/A","https://imgcdn.mckesson.com/CumulusWeb/Images/Item_Detail/1273856_pkit.jpg"
"gid://shopify/Product/us-3160","466195","Front Cover Assembly Nebulizer","Nebulizers","Drive DeVilbiss Healthcare","39.87","66.99","83.99","27.12","40%","17.00","N/A","https://imgcdn.mckesson.com/CumulusWeb/Images/Item_Detail/466195.jpg"
"gid://shopify/Product/us-3161","1011525","Compressor Nebulizer System Neb-U-Tyke Bella Butterfly™ Small Volume Medication Cup Pediatric Aerosol Mask / Mouthpiece Delivery","Nebulizers","Graham-Field","39.81","66.99","83.99","27.18","41%","17.00","N/A","https://imgcdn.mckesson.com/CumulusWeb/Images/Item_Detail/1011525_pkit.jpg"
"gid://shopify/Product/us-3162","189275","Aquapak® Sterile Water Liquid 760 mL","Nebulizers","Medline","38.46","64.99","81.99","26.53","41%","17.00","N/A","https://imgcdn.mckesson.com/CumulusWeb/Images/Item_Detail/189275.jpg"
"gid://shopify/Product/us-3163","37377","Nebulizer Up-Draft® Small Volume Medication Cup Adult / Pediatric Mouthpiece Delivery","Nebulizers","Medline","37.86","63.99","79.99","26.13","41%","16.00","N/A","https://imgcdn.mckesson.com/CumulusWeb/Images/Item_Detail/37377.jpg"
"gid://shopify/Product/us-3164","1174108","Compressor Nebulizer System Drive™ Small Volume Medication Cup Adult / Pediatric Mouthpiece Delivery","Nebulizers","Drive DeVilbiss Healthcare","37.26","62.99","78.99","25.73","41%","16.00","N/A","https://imgcdn.mckesson.com/CumulusWeb/Images/Item_Detail/1174108_right.jpg"
"gid://shopify/Product/us-3165","133144","Handheld Nebulizer Kit Up-Draft II® Opti-Neb® Small Volume Medication Cup Adult / Pediatric Mouthpiece Delivery","Nebulizers","Medline","36.47","60.99","76.99","24.52","40%","16.00","N/A","https://imgcdn.mckesson.com/CumulusWeb/Images/Item_Detail/133144_side.jpg"
"gid://shopify/Product/us-3166","786295","Compressor Nebulizer System Neb-U-Tyke Train™ Small Volume Medication Cup Pediatric Aerosol Mask / Mouthpiece Delivery","Nebulizers","Graham-Field","35.90","59.99","74.99","24.09","40%","15.00","N/A","https://imgcdn.mckesson.com/CumulusWeb/Images/Item_Detail/786295_left.jpg"
"gid://shopify/Product/us-3167","709118","Compressor Nebulizer System Neb-U-Tyke Neb-A-Doodle™ Small Volume Medication Cup Pediatric Aerosol Mask / Mouthpiece Delivery","Nebulizers","Graham-Field","35.54","59.99","74.99","24.45","41%","15.00","N/A","https://imgcdn.mckesson.com/CumulusWeb/Images/Item_Detail/709118_right.jpg"
"gid://shopify/Product/us-3168","1091482","Compressor Nebulizer System Drive™ MEDNEB+ Small Volume Medication Cup Adult / Pediatric Mouthpiece Delivery","Nebulizers","Drive DeVilbiss Healthcare","34.80","57.99","72.99","23.19","40%","15.00","N/A","https://imgcdn.mckesson.com/CumulusWeb/Images/Item_Detail/1091482_pkit.jpg"
"gid://shopify/Product/us-3169","996823","Compressor Nebulizer System PulmoNeb® LT Small Volume Medication Cup Adult / Pediatric Mouthpiece Delivery","Nebulizers","Drive DeVilbiss Healthcare","34.73","57.99","72.99","23.26","40%","15.00","N/A","https://imgcdn.mckesson.com/CumulusWeb/Images/Item_Detail/996823_pkit.jpg"
"gid://shopify/Product/us-3170","133487","Handheld Nebulizer Kit Small Volume Medication Cup Adult / Pediatric Mouthpiece Delivery","Nebulizers","Drive DeVilbiss Healthcare","34.65","57.99","72.99","23.34","40%","15.00","N/A","https://imgcdn.mckesson.com/CumulusWeb/Images/Item_Detail/133487.jpg"
"gid://shopify/Product/us-3171","1058041","Compressor Nebulizer System Drive™ Medquip Small Volume Medication Cup Adult / Pediatric Mouthpiece Delivery","Nebulizers","Drive DeVilbiss Healthcare","34.55","57.99","72.99","23.44","40%","15.00","N/A","https://imgcdn.mckesson.com/CumulusWeb/Images/Item_Detail/1058041_left.jpg"
"gid://shopify/Product/us-3172","786294","Compressor Nebulizer System Neb-U-Tyke Speedster™ Small Volume Medication Cup Pediatric Aerosol Mask / Mouthpiece Delivery","Nebulizers","Graham-Field","34.52","57.99","72.99","23.47","40%","15.00","N/A","https://imgcdn.mckesson.com/CumulusWeb/Images/Item_Detail/786294_right.jpg"
"gid://shopify/Product/us-3173","680359","Compressor Nebulizer System Neb-U-Tyke Speedster™ Small Volume Medication Cup Pediatric Aerosol Mask Delivery","Nebulizers","Graham-Field","34.52","57.99","72.99","23.47","40%","15.00","N/A","https://imgcdn.mckesson.com/CumulusWeb/Images/Item_Detail/680359_right.jpg"
"gid://shopify/Product/us-3174","1160914","Compressor Nebulizer System Drive™ Small Volume Medication Cup Pediatric Aerosol Mask Delivery","Nebulizers","Drive DeVilbiss Healthcare","33.76","56.99","71.99","23.23","41%","15.00","N/A","https://imgcdn.mckesson.com/CumulusWeb/Images/Item_Detail/1160914_left.jpg"
"gid://shopify/Product/us-3175","682161","Compressor Nebulizer System Neb-U-Tyke Penguin™ Small Volume Medication Cup Pediatric Aerosol Mask Delivery","Nebulizers","Graham-Field","31.76","52.99","66.99","21.23","40%","14.00","N/A","https://imgcdn.mckesson.com/CumulusWeb/Images/Item_Detail/682161_pkit.jpg"
"gid://shopify/Product/us-3176","668457","Compressor Nebulizer System Neb-U-Lite® LX2 Small Volume Medication Cup Adult / Pediatric Mouthpiece Delivery","Nebulizers","Graham-Field","31.76","52.99","66.99","21.23","40%","14.00","N/A","https://imgcdn.mckesson.com/CumulusWeb/Images/Item_Detail/668457_right.jpg"
"gid://shopify/Product/us-3177","1088047","Compressor Nebulizer System Roscoe Medical Small Volume Medication Cup Pediatric Aerosol Mask Delivery","Nebulizers","Drive DeVilbiss Healthcare","30.71","51.99","64.99","21.28","41%","13.00","N/A","https://imgcdn.mckesson.com/CumulusWeb/Images/Item_Detail/1088047.jpg"
"gid://shopify/Product/us-3178","1088048","Compressor Nebulizer System Roscoe Medical Small Volume Medication Cup Pediatric Aerosol Mask Delivery","Nebulizers","Drive DeVilbiss Healthcare","30.67","51.99","64.99","21.32","41%","13.00","N/A","https://imgcdn.mckesson.com/CumulusWeb/Images/Item_Detail/1088048.jpg"
"gid://shopify/Product/us-3179","1124890","Compressor Nebulizer System Drive™ Roscoe Frog Small Volume Medication Cup Pediatric Aerosol Mask Delivery","Nebulizers","Drive DeVilbiss Healthcare","30.41","50.99","63.99","20.58","40%","13.00","N/A","https://imgcdn.mckesson.com/CumulusWeb/Images/Item_Detail/1124890.jpg"
"gid://shopify/Product/us-3180","1088046","Compressor Nebulizer System Roscoe Medical Small Volume Medication Cup Pediatric Aerosol Mask Delivery","Nebulizers","Drive DeVilbiss Healthcare","29.79","54.99","68.99","25.20","46%","14.00","N/A","https://imgcdn.mckesson.com/CumulusWeb/Images/Item_Detail/1088046.jpg"
"gid://shopify/Product/us-3181","802026","Compressor Nebulizer System PulmoNeb® Small Volume Medication Cup Adult / Pediatric Mouthpiece Delivery","Nebulizers","Drive DeVilbiss Healthcare","28.70","52.99","66.99","24.29","46%","14.00","N/A","https://imgcdn.mckesson.com/CumulusWeb/Images/Item_Detail/802026_right.jpg"
"gid://shopify/Product/us-3182","334444","Handheld Nebulizer Kit Up-Draft II® Opti-Neb® Small Volume Medication Cup Adult / Pediatric Mouthpiece Delivery","Nebulizers","Medline","28.25","51.99","64.99","23.74","46%","13.00","N/A","https://imgcdn.mckesson.com/CumulusWeb/Images/Item_Detail/334444_front.jpg"
"gid://shopify/Product/us-3183","334151","Gray Hose Tubing Connector Pulmo-Aide® Pulmo-Aide Compressor Nebulizer System","Nebulizers","Drive DeVilbiss Healthcare","25.01","45.99","57.99","20.98","46%","12.00","N/A","https://imgcdn.mckesson.com/CumulusWeb/Images/Item_Detail/334151.jpg"
"gid://shopify/Product/us-3184","291243","Handheld Nebulizer Kit Micro Mist® Small Volume Medication Cup Adult / Pediatric Mouthpiece Delivery","Nebulizers","Medline","24.66","44.99","56.99","20.33","45%","12.00","N/A","https://imgcdn.mckesson.com/CumulusWeb/Images/Item_Detail/291243.jpg"
"gid://shopify/Product/us-3185","188912","Nebulizer Tee Connector Intelligent Oxygen Analyzer 5803 Sensor","Nebulizers","Medline","24.13","43.99","54.99","19.86","45%","11.00","N/A","https://imgcdn.mckesson.com/CumulusWeb/Images/Item_Detail/188912_right.jpg"
"gid://shopify/Product/us-3186","334423","Aquapak® Sodium Chloride 0.45% Solution 1,070 mL","Nebulizers","Medline","23.35","42.99","53.99","19.64","46%","11.00","N/A","https://imgcdn.mckesson.com/CumulusWeb/Images/Item_Detail/334423.jpg"
"gid://shopify/Product/us-3187","62477","Aquapak® Sodium Chloride 0.9% Solution 760 mL","Nebulizers","Medline","21.98","39.99","49.99","18.01","45%","10.00","N/A","https://imgcdn.mckesson.com/CumulusWeb/Images/Item_Detail/62477_front.jpg"
"gid://shopify/Product/us-3188","195193","Humidifier Aquapak® 650 mL Sterile Water","Nebulizers","Medline","19.56","35.99","44.99","16.43","46%","9.00","N/A","https://imgcdn.mckesson.com/CumulusWeb/Images/Item_Detail/195193_left.JPG"
"gid://shopify/Product/us-3189","477386","Tube Connector Nebulizer","Nebulizers","Drive DeVilbiss Healthcare","19.07","34.99","43.99","15.92","45%","9.00","N/A","https://imgcdn.mckesson.com/CumulusWeb/Images/Item_Detail/477386.jpg"
"gid://shopify/Product/us-3190","1031711","Nebulizer Shoulder Carry Bag Drive™ Universal Universal Nebulizers","Nebulizers","Drive DeVilbiss Healthcare","18.16","33.99","42.99","15.83","47%","9.00","N/A","https://imgcdn.mckesson.com/CumulusWeb/Images/Item_Detail/1031711_left.jpg"
"gid://shopify/Product/us-3191","1088058","Nebulizer Carry Bag Dog Nylon","Nebulizers","Drive DeVilbiss Healthcare","8.38","15.99","19.99","7.61","48%","4.00","N/A","https://imgcdn.mckesson.com/CumulusWeb/Images/Item_Detail/1088058.jpg"
"gid://shopify/Product/us-3192","1088057","Nebulizer Carry Bag Dinosaur Nylon","Nebulizers","Drive DeVilbiss Healthcare","8.24","14.99","18.99","6.75","45%","4.00","N/A","https://imgcdn.mckesson.com/CumulusWeb/Images/Item_Detail/1088057.jpg"
"gid://shopify/Product/us-3193","1088056","Nebulizer Carry Bag Bunny Nylon","Nebulizers","Drive DeVilbiss Healthcare","7.26","13.99","17.99","6.73","48%","4.00","N/A","https://imgcdn.mckesson.com/CumulusWeb/Images/Item_Detail/1088056.jpg"
"gid://shopify/Product/us-3194","671870","Aerosol Filter Mini Elite Nebulizer","Nebulizers","Respironics","0.50","0.99","1.99","0.49","49%","1.00","N/A","https://imgcdn.mckesson.com/CumulusWeb/Images/Item_Detail/RESPIR_671870.jpg"
"gid://shopify/Product/us-3195","542371","Handheld Nebulizer Kit MiniHeart® Lo-Flo Large Volume Medication Cup Adult / Pediatric Mouthpiece Delivery","Nebulizers","Sun Med","672.61","934.99","1168.99","262.38","28%","234.00","N/A","https://imgcdn.mckesson.com/CumulusWeb/Images/Item_Detail/542371_side.jpg"
"gid://shopify/Product/us-3196","765283","Handheld Nebulizer Kit NebuTech® HDN® Small Volume Medication Cup Adult / Pediatric Mouthpiece Delivery","Nebulizers","Sun Med","569.34","790.99","988.99","221.65","28%","198.00","N/A","https://imgcdn.mckesson.com/CumulusWeb/Images/Item_Detail/765283.jpg"
"gid://shopify/Product/us-3197","263132","3M™ Fit Test Replacement Part","Nebulizers","3M Company","314.60","483.99","604.99","169.39","35%","121.00","N/A","https://imgcdn.mckesson.com/CumulusWeb/Images/Item_Detail/263132_front.jpg"
"gid://shopify/Product/us-3198","1164364","Handheld Nebulizer Kit Circulaire® II Small Volume Medication Cup Adult Aerosol Mask Delivery","Nebulizers","Sun Med","226.11","347.99","434.99","121.88","35%","87.00","N/A","https://imgcdn.mckesson.com/CumulusWeb/Images/Item_Detail/1164364_left.jpg"
"gid://shopify/Product/us-3199","726748","Handheld Nebulizer Kit NebuTech® HDN® Small Volume Medication Cup Adult / Pediatric Mouthpiece Delivery","Nebulizers","Sun Med","221.15","340.99","426.99","119.84","35%","86.00","N/A","https://imgcdn.mckesson.com/CumulusWeb/Images/Item_Detail/SALTLB_726748.jpg"
"gid://shopify/Product/us-3200","332476","Handheld Nebulizer Kit Respirgard II™ Small Volume Medication Cup Adult / Pediatric Mouthpiece Delivery","Nebulizers","Sun Med","185.91","286.99","358.99","101.08","35%","72.00","N/A","https://imgcdn.mckesson.com/CumulusWeb/Images/Item_Detail/332476.jpg"
"gid://shopify/Product/us-3201","10858","Nebulizer AirLife™ Large Volume Medication Bottle Adult / Pediatric Mouthpiece Delivery","Nebulizers","Sun Med","182.41","280.99","351.99","98.58","35%","71.00","N/A","https://imgcdn.mckesson.com/CumulusWeb/Images/Item_Detail/2635_002002_2.jpg"
"gid://shopify/Product/us-3202","243936","Bubble Humidifier B & F Medical 300 mL Unfilled Adult / Pediatric","Nebulizers","Allied Healthcare","173.83","267.99","334.99","94.16","35%","67.00","N/A","https://imgcdn.mckesson.com/CumulusWeb/Images/Item_Detail/243936_front.jpg"
"gid://shopify/Product/us-3203","1051372","Humidification Chamber AirLife® Unfilled","Nebulizers","Sun Med","159.52","245.99","307.99","86.47","35%","62.00","N/A","https://imgcdn.mckesson.com/CumulusWeb/Images/Item_Detail/1051372.jpg"
"gid://shopify/Product/us-3204","506042","Handheld Nebulizer Kit AirLife™ Misty Max 10™ Small Volume Medication Cup Adult / Pediatric Mouthpiece Delivery","Nebulizers","Sun Med","158.06","243.99","304.99","85.93","35%","61.00","N/A","https://imgcdn.mckesson.com/CumulusWeb/Images/Item_Detail/506042.jpg"
"gid://shopify/Product/us-3205","10801","Nebulizer AirLife™ Large Volume Medication Bottle Adult / Pediatric Mouthpiece Delivery","Nebulizers","Sun Med","153.23","235.99","294.99","82.76","35%","59.00","N/A","https://imgcdn.mckesson.com/CumulusWeb/Images/Item_Detail/2635_002002_2.jpg"
"gid://shopify/Product/us-3206","1214264","Handheld Nebulizer Kit AirLife™ Misty Max 10™ Small Volume Medication Cup Adult Aerosol Mask Delivery","Nebulizers","Sun Med","143.26","220.99","276.99","77.73","35%","56.00","N/A","https://imgcdn.mckesson.com/CumulusWeb/Images/Item_Detail/1214264_front.jpg"
"gid://shopify/Product/us-3207","226932","Aerosol Drainage Bag AirLife®","Nebulizers","Sun Med","142.46","219.99","274.99","77.53","35%","55.00","N/A","https://imgcdn.mckesson.com/CumulusWeb/Images/Item_Detail/226932.jpg"
"gid://shopify/Product/us-3208","1206025","Bubble Humidifier Sunset Healthcare 500mL Adult / Pediatric","Nebulizers","Sunset Healthcare","136.00","209.99","262.99","73.99","35%","53.00","N/A","https://imgcdn.mckesson.com/CumulusWeb/Images/Item_Detail/1206025_front_.jpg"
"gid://shopify/Product/us-3209","693961","Bubble Humidifier B & F Medical 300 mL Unfilled Adult / Pediatric","Nebulizers","Allied Healthcare","133.48","205.99","257.99","72.51","35%","52.00","N/A","https://imgcdn.mckesson.com/CumulusWeb/Images/Item_Detail/693961.jpg"
"gid://shopify/Product/us-3210","226931","Aerosol Drainage Bag AirLife®","Nebulizers","Sun Med","129.24","198.99","248.99","69.75","35%","50.00","N/A","https://imgcdn.mckesson.com/CumulusWeb/Images/Item_Detail/226931_right.jpg"
"gid://shopify/Product/us-3211","477747","Bubble Humidifier Salter Labs® Adult / Pediatric","Nebulizers","Sun Med","124.80","191.99","239.99","67.19","35%","48.00","N/A","https://imgcdn.mckesson.com/CumulusWeb/Images/Item_Detail/477747_front.jpg"
"gid://shopify/Product/us-3212","274588","Handheld Nebulizer Kit Salter Labs® 8900 Series Small Volume Medication Cup Pediatric Aerosol Mask Delivery","Nebulizers","Sun Med","120.59","185.99","232.99","65.40","35%","47.00","N/A","https://imgcdn.mckesson.com/CumulusWeb/Images/Item_Detail/274588_front.jpg"
"gid://shopify/Product/us-3213","1192028","Bubble Humidifier Ventlab™ Adult","Nebulizers","Sun Med","115.71","178.99","223.99","63.28","35%","45.00","N/A","https://imgcdn.mckesson.com/CumulusWeb/Images/Item_Detail/1192028_front.jpg"
"gid://shopify/Product/us-3214","927929","Handheld Nebulizer Kit PediNeb™ Small Volume Medication Cup Pediatric Pacifier Delivery","Nebulizers","Sun Med","108.84","167.99","209.99","59.15","35%","42.00","N/A","https://imgcdn.mckesson.com/CumulusWeb/Images/Item_Detail/927929.jpg"
"gid://shopify/Product/us-3215","312088","Handheld Nebulizer Kit B & F Medical Small Volume Medication Cup Adult / Pediatric Mouthpiece Delivery","Nebulizers","Allied Healthcare","108.78","167.99","209.99","59.21","35%","42.00","N/A","https://imgcdn.mckesson.com/CumulusWeb/Images/Item_Detail/1161_61400_2.jpg"
"gid://shopify/Product/us-3216","1187309","Bubble Humidifier Salter Labs® 350 mL Unfilled Adult / Pediatric","Nebulizers","Sun Med","107.27","165.99","207.99","58.72","35%","42.00","N/A","https://imgcdn.mckesson.com/CumulusWeb/Images/Item_Detail/1187309_front.jpg"
"gid://shopify/Product/us-3217","216982","Handheld Nebulizer Kit B & F Medical Small Volume Medication Cup Adult / Pediatric Mouthpiece Delivery","Nebulizers","Allied Healthcare","105.03","161.99","202.99","56.96","35%","41.00","N/A","https://imgcdn.mckesson.com/CumulusWeb/Images/Item_Detail/1161_61400_2.jpg"
"gid://shopify/Product/us-3218","583916","Bubble Humidifier Salter Labs® 350 mL Unfilled Adult / Pediatric","Nebulizers","Sun Med","104.15","160.99","201.99","56.84","35%","41.00","N/A","https://imgcdn.mckesson.com/CumulusWeb/Images/Item_Detail/583916_pdet.jpg"
"gid://shopify/Product/us-3219","498511","Handheld Nebulizer Kit AirLife™ Misty Max 10™ Small Volume Medication Cup Adult / Pediatric Aerosol Mask Delivery","Nebulizers","Sun Med","101.49","156.99","196.99","55.50","35%","40.00","N/A","https://imgcdn.mckesson.com/CumulusWeb/Images/Item_Detail/498511_front.jpg"
"gid://shopify/Product/us-3220","741870","Nebulizer Cap Carefusion","Nebulizers","Sun Med","100.69","154.99","193.99","54.30","35%","39.00","N/A","https://imgcdn.mckesson.com/CumulusWeb/Images/Item_Detail/741870_ppkgleft.jpg"
"gid://shopify/Product/us-3221","313942","Bubble Humidifier Salter Labs® 350 mL Unfilled Adult / Pediatric","Nebulizers","Sun Med","99.90","166.99","208.99","67.09","40%","42.00","N/A","https://imgcdn.mckesson.com/CumulusWeb/Images/Item_Detail/313942_front.jpg"
"gid://shopify/Product/us-3222","477143","Handheld Nebulizer Kit PediNeb™ Small Volume Medication Cup Pediatric Pacifier Delivery","Nebulizers","Sun Med","98.11","163.99","204.99","65.88","40%","41.00","N/A","https://imgcdn.mckesson.com/CumulusWeb/Images/Item_Detail/477143.JPG"
"gid://shopify/Product/us-3223","448326","Handheld Nebulizer Kit Salter Labs® 8900 Series Small Volume Medication Cup Adult / Pediatric Aerosol Mask Delivery","Nebulizers","Sun Med","97.58","162.99","203.99","65.41","40%","41.00","N/A","https://imgcdn.mckesson.com/CumulusWeb/Images/Item_Detail/448326_front.jpg"
"gid://shopify/Product/us-3224","911718","Dry Humidifier McKesson 400 mL Unfilled","Nebulizers","McKesson Brand","97.16","161.99","202.99","64.83","40%","41.00","N/A","https://imgcdn.mckesson.com/CumulusWeb/Images/Item_Detail/911718_front.jpg"
"gid://shopify/Product/us-3225","689749","Aerosol Mask AirLife® Elongated Style Pediatric Adjustable Head Strap","Nebulizers","Sun Med","94.99","158.99","198.99","64.00","40%","40.00","N/A","https://imgcdn.mckesson.com/CumulusWeb/Images/Item_Detail/CARFUS_689749.jpg"
"gid://shopify/Product/us-3226","757014","AirLife® Sterile Water Liquid 1,000 mL","Nebulizers","Sun Med","94.98","158.99","198.99","64.01","40%","40.00","N/A","https://imgcdn.mckesson.com/CumulusWeb/Images/Item_Detail/757014_front.jpg"
"gid://shopify/Product/us-3227","741599","AirLife® Sterile Water Liquid 500 mL","Nebulizers","Sun Med","89.06","148.99","186.99","59.93","40%","38.00","N/A","https://imgcdn.mckesson.com/CumulusWeb/Images/Item_Detail/741599_front.jpg"
"gid://shopify/Product/us-3228","860477","Handheld Nebulizer Kit Drive™ Small Volume Medication Cup Adult / Pediatric Aerosol Mask Delivery","Nebulizers","Medical Grade","87.45","145.99","182.99","58.54","40%","37.00","N/A","https://imgcdn.mckesson.com/CumulusWeb/Images/Item_Detail/860477_front.jpg"
"gid://shopify/Product/us-3229","1134537","Oxygen Mask OxyMask™ For Vortex Adult One Size Fits Most Adjustable Head Strap","Suction Machines","Medline","230.19","354.99","443.99","124.80","35%","89.00","N/A","https://imgcdn.mckesson.com/CumulusWeb/Images/Item_Detail/1134537_front.jpg"
"gid://shopify/Product/us-3230","1212302","Oxygen Mask LiteTouch Full Face Style Adult Small Without Strap","Suction Machines","Medline","114.99","176.99","221.99","62.00","35%","45.00","N/A","https://imgcdn.mckesson.com/CumulusWeb/Images/Item_Detail/1212302_left.jpg"
"gid://shopify/Product/us-3231","1212303","Oxygen Mask LiteTouch Full Face Style Adult Medium Without Strap","Suction Machines","Medline","111.64","171.99","214.99","60.35","35%","43.00","N/A","https://imgcdn.mckesson.com/CumulusWeb/Images/Item_Detail/1212303_left.jpg"
"gid://shopify/Product/us-3232","37353","Air Entrainment Mask MULTI-VENT® Elongated Style Adult One Size Fits Most Adjustable Head Strap / Nose Clip","Suction Machines","Medline","86.66","144.99","181.99","58.33","40%","37.00","N/A","https://imgcdn.mckesson.com/CumulusWeb/Images/Item_Detail/37353_front.jpg"
"gid://shopify/Product/us-3233","37336","Oxygen Mask Hudson RCI® Standard Style Adult One Size Fits Most Adjustable Head Strap / Nose Clip","Suction Machines","Medline","79.82","133.99","167.99","54.17","40%","34.00","N/A","https://imgcdn.mckesson.com/CumulusWeb/Images/Item_Detail/37336_front.jpg"
"gid://shopify/Product/us-3234","43321","NonRebreather Oxygen Mask Elongated Style Adult One Size Fits Most Adjustable Head Strap / Nose Clip","Suction Machines","Medline","79.78","132.99","166.99","53.21","40%","34.00","N/A","https://imgcdn.mckesson.com/CumulusWeb/Images/Item_Detail/43321_pdet.jpg"
"gid://shopify/Product/us-3235","204610","NonRebreather Oxygen Mask Elongated Style Pediatric Adjustable Head Strap / Nose Clip","Suction Machines","Medline","76.70","127.99","159.99","51.29","40%","32.00","N/A","https://imgcdn.mckesson.com/CumulusWeb/Images/Item_Detail/204610_front.jpg"
"gid://shopify/Product/us-3236","37342","NonRebreather Oxygen Mask Elongated Style Adult One Size Fits Most Adjustable Head Strap / Nose Clip","Suction Machines","Medline","68.66","114.99","143.99","46.33","40%","29.00","N/A","https://imgcdn.mckesson.com/CumulusWeb/Images/Item_Detail/37342_front.jpg"
"gid://shopify/Product/us-3237","37335","Oxygen Mask Hudson RCI® Elongated Style Pediatric Adjustable Head Strap / Nose Clip","Suction Machines","Medline","47.19","78.99","98.99","31.80","40%","20.00","N/A","https://imgcdn.mckesson.com/CumulusWeb/Images/Item_Detail/37335_front.jpg"
"gid://shopify/Product/us-3238","37338","Oxygen Mask Hudson RCI® Elongated Style Pediatric Adjustable Head Strap / Nose Clip","Suction Machines","Medline","45.41","75.99","94.99","30.58","40%","19.00","N/A","https://imgcdn.mckesson.com/CumulusWeb/Images/Item_Detail/37338_front.jpg"
"gid://shopify/Product/us-3239","1190296","Oxygen Mask Elongated Style Adult Adjustable Head Strap","Suction Machines","Medline","44.67","74.99","93.99","30.32","40%","19.00","N/A","https://imgcdn.mckesson.com/CumulusWeb/Images/Item_Detail/1190296_pdet.jpg"
"gid://shopify/Product/us-3240","554356","CPR Face Mask with Case Adsafe™ Mouth to Mask Single Use","Suction Machines","American Diagnostic Corp","9.30","16.99","21.99","7.69","45%","5.00","N/A","https://imgcdn.mckesson.com/CumulusWeb/Images/Item_Detail/554356_pkit.jpg"
"gid://shopify/Product/us-3241","288768","Air Entrainment Mask Select-A-Vent® Elongated Style Adult One Size Fits Most Adjustable Head Strap / Nose Clip","Suction Machines","Medline","194.27","298.99","373.99","104.72","35%","75.00","N/A","https://imgcdn.mckesson.com/CumulusWeb/Images/Item_Detail/1708_1096_2.jpg"
"gid://shopify/Product/us-3242","1151364","Trach Mask OxyMulti-Mask™ Elongated Style Adult One Size Fits Most Adjustable Head Strap","Suction Machines","Medline","169.44","260.99","326.99","91.55","35%","66.00","N/A","https://imgcdn.mckesson.com/CumulusWeb/Images/Item_Detail/1151364.jpg"
"gid://shopify/Product/us-3243","1212304","Oxygen Mask LiteTouch Full Face Style Adult Large Without Strap","Suction Machines","Medline","144.91","222.99","278.99","78.08","35%","56.00","N/A","https://imgcdn.mckesson.com/CumulusWeb/Images/Item_Detail/1212304_left.jpg"
"gid://shopify/Product/us-3244","37331","Oxygen Mask Elongated Style Adult One Size Fits Most Adjustable Head Strap / Nose Clip","Suction Machines","Medline","123.21","189.99","237.99","66.78","35%","48.00","N/A","https://imgcdn.mckesson.com/CumulusWeb/Images/Item_Detail/37331_pdet.jpg"
"gid://shopify/Product/us-3245","334440","Air Entrainment Mask Select-A-Vent® Elongated Style Pediatric Adjustable Head Strap / Nose Clip","Suction Machines","Medline","113.69","174.99","218.99","61.30","35%","44.00","N/A","https://imgcdn.mckesson.com/CumulusWeb/Images/Item_Detail/1708_1096_2.jpg"
"gid://shopify/Product/us-3246","236550","Air Entrainment Mask Select-A-Vent® Elongated Style Adult One Size Fits Most Adjustable Head Strap / Nose Clip","Suction Machines","Medline","111.49","171.99","214.99","60.50","35%","43.00","N/A","https://imgcdn.mckesson.com/CumulusWeb/Images/Item_Detail/1708_1096_2.jpg"
"gid://shopify/Product/us-3247","1212313","Oxygen Mask ProChamber Full Face Style Pediatric Small","Suction Machines","Medline","110.95","170.99","213.99","60.04","35%","43.00","N/A","https://imgcdn.mckesson.com/CumulusWeb/Images/Item_Detail/1212313_family.jpg"
"gid://shopify/Product/us-3248","54156","Oxygen Mask Standard Style Adult Adjustable Head Strap / Nose Clip","Suction Machines","Medline","98.04","163.99","204.99","65.95","40%","41.00","N/A","https://imgcdn.mckesson.com/CumulusWeb/Images/Item_Detail/1708_1009_2.jpg"
"gid://shopify/Product/us-3249","37329","Oxygen Mask Standard Style Pediatric Adjustable Head Strap / Nose Clip","Suction Machines","Medline","95.18","158.99","198.99","63.81","40%","40.00","N/A","https://imgcdn.mckesson.com/CumulusWeb/Images/Item_Detail/37329.jpg"
"gid://shopify/Product/us-3250","976159","Tracheostomy Mask Collar Style Adult One Size Fits Most Adjustable Head Strap","Suction Machines","Drive DeVilbiss Healthcare","90.76","151.99","189.99","61.23","40%","38.00","N/A","https://imgcdn.mckesson.com/CumulusWeb/Images/Item_Detail/976159.jpg"
"gid://shopify/Product/us-3251","37332","Oxygen Mask Elongated Style Pediatric Adjustable Head Strap / Nose Clip","Suction Machines","Medline","75.00","124.99","156.99","49.99","40%","32.00","N/A","https://imgcdn.mckesson.com/CumulusWeb/Images/Item_Detail/37332.jpg"
"gid://shopify/Product/us-3252","63152","Oxygen Mask Hudson RCI® Elongated Style Pediatric Adjustable Head Strap / Nose Clip","Suction Machines","Medline","74.25","123.99","154.99","49.74","40%","31.00","N/A","https://imgcdn.mckesson.com/CumulusWeb/Images/Item_Detail/1708_1035_2.jpg"
"gid://shopify/Product/us-3253","37344","NonRebreather Oxygen Mask Elongated Style Adult One Size Fits Most Adjustable Head Strap / Nose Clip","Suction Machines","Medline","68.95","114.99","143.99","46.04","40%","29.00","N/A","https://imgcdn.mckesson.com/CumulusWeb/Images/Item_Detail/37344_front.jpg"
"gid://shopify/Product/us-3254","330805","3-in-1 Mask Elongated Style Adult One Size Fits Most Adjustable Head Strap / Nose Clip","Suction Machines","Medline","68.88","114.99","143.99","46.11","40%","29.00","N/A","https://imgcdn.mckesson.com/CumulusWeb/Images/Item_Detail/330805_front.jpg"
"gid://shopify/Product/us-3255","1205441","Oxygen Mask Hudson RCI Full Face Style Adjustable Head Strap / Nose Clip","Suction Machines","Medline","65.93","109.99","137.99","44.06","40%","28.00","N/A","https://imgcdn.mckesson.com/CumulusWeb/Images/Item_Detail/1205441_front.jpg"
"gid://shopify/Product/us-3256","301385","Oxygen Mask Hudson RCI® Standard Style Adult One Size Fits Most Adjustable Head Strap / Nose Clip","Suction Machines","Medline","59.42","99.99","124.99","40.57","41%","25.00","N/A","https://imgcdn.mckesson.com/CumulusWeb/Images/Item_Detail/301385_front.jpg"
"gid://shopify/Product/us-3257","37341","Oxygen Mask Hudson RCI® Elongated Style Adult One Size Fits Most Adjustable Head Strap / Nose Clip","Suction Machines","Medline","31.42","52.99","66.99","21.57","41%","14.00","N/A","https://imgcdn.mckesson.com/CumulusWeb/Images/Item_Detail/37341_front.jpg"
"gid://shopify/Product/us-3258","1226948","Suction Tubing Clear 7 Inch Length Silicone NonSterile","Suction Machines","Drive DeVilbiss Healthcare","25.05","45.99","57.99","20.94","46%","12.00","N/A","https://imgcdn.mckesson.com/CumulusWeb/Images/Item_Detail/1226948_side.jpg"
"gid://shopify/Product/us-3259","954798","Resuscitator Valve Adsafe™ For Resuscitators","Suction Machines","American Diagnostic Corp","2.53","4.99","6.99","2.46","49%","2.00","N/A","https://imgcdn.mckesson.com/CumulusWeb/Images/Item_Detail/954798.jpg"
"gid://shopify/Product/us-3260","1233196","Oxygen Mask POM® Elite Elongated Style Adult One Size Fits Most Adjustable Head Strap / Nose Clip","Suction Machines","Stryker","577.99","802.99","1003.99","225.00","28%","201.00","N/A","https://imgcdn.mckesson.com/CumulusWeb/Images/Item_Detail/1233196_front.jpg"
"gid://shopify/Product/us-3261","1183536","Ventilation Mask AirLife® NIV Full Face Style Adult Medium 4-Point Hook and Loop Head Strap","Suction Machines","Sun Med","383.04","589.99","737.99","206.95","35%","148.00","N/A","https://imgcdn.mckesson.com/CumulusWeb/Images/Item_Detail/1183536_front.jpg"
"gid://shopify/Product/us-3262","555742","Resuscitator Spur® II Nasal / Oral Mask","Suction Machines","Ambu","336.67","517.99","647.99","181.32","35%","130.00","N/A","https://imgcdn.mckesson.com/CumulusWeb/Images/Item_Detail/555742.jpg"
"gid://shopify/Product/us-3263","1171141","T-Piece Resuscitator Neo-Tee® Clear Anatomical Mask","Suction Machines","Mercury Medical","329.04","506.99","633.99","177.95","35%","127.00","N/A","https://imgcdn.mckesson.com/CumulusWeb/Images/Item_Detail/1171141_front.jpg"
"gid://shopify/Product/us-3264","802611","Resuscitator Spur® II Nasal / Oral Mask","Suction Machines","Ambu","264.21","406.99","508.99","142.78","35%","102.00","N/A","https://imgcdn.mckesson.com/CumulusWeb/Images/Item_Detail/802611.jpg"
"gid://shopify/Product/us-3265","198931","Anesthesia Mask Vital Signs® Elongated Style Pediatric Size 3 Without Hook Ring","Suction Machines","Sun Med","256.01","393.99","492.99","137.98","35%","99.00","N/A","https://imgcdn.mckesson.com/CumulusWeb/Images/Item_Detail/198931_front.jpg"
"gid://shopify/Product/us-3266","557737","Resuscitator Spur® II Nasal / Oral Mask","Suction Machines","Ambu","251.00","386.99","483.99","135.99","35%","97.00","N/A","https://imgcdn.mckesson.com/CumulusWeb/Images/Item_Detail/557737.jpg"
"gid://shopify/Product/us-3267","557742","Resuscitator Spur® II Nasal / Oral Mask","Suction Machines","Ambu","251.00","386.99","483.99","135.99","35%","97.00","N/A","https://imgcdn.mckesson.com/CumulusWeb/Images/Item_Detail/557742.jpg"
"gid://shopify/Product/us-3268","709501","Resuscitator Spur® II Nasal / Oral Mask","Suction Machines","Ambu","247.24","380.99","476.99","133.75","35%","96.00","N/A","https://imgcdn.mckesson.com/CumulusWeb/Images/Item_Detail/709501.jpg"
"gid://shopify/Product/us-3269","786599","Dual Capnography Mask Flexicare® Dual","Suction Machines","Flexicare","243.78","375.99","469.99","132.21","35%","94.00","N/A","https://imgcdn.mckesson.com/CumulusWeb/Images/Item_Detail/786599.jpg"
"gid://shopify/Product/us-3270","786598","Dual Capnography Mask Flexicare® Dual","Suction Machines","Flexicare","243.78","375.99","469.99","132.21","35%","94.00","N/A","https://imgcdn.mckesson.com/CumulusWeb/Images/Item_Detail/786598.jpg"
"gid://shopify/Product/us-3271","280133","Manual Resuscitator Lifesaver® Face Mask","Suction Machines","Teleflex LLC","233.44","359.99","449.99","126.55","35%","90.00","N/A","https://imgcdn.mckesson.com/CumulusWeb/Images/Item_Detail/280133_side.jpg"
"gid://shopify/Product/us-3272","533885","Resuscitator Spur® II Nasal / Oral Mask","Suction Machines","Ambu","200.65","308.99","386.99","108.34","35%","78.00","N/A","https://imgcdn.mckesson.com/CumulusWeb/Images/Item_Detail/533885_front.jpg"
"gid://shopify/Product/us-3273","1148219","Air Entrainment Mask Salter Labs® Elongated Style Pediatric Adjustable Head Strap","Suction Machines","Sun Med","190.89","293.99","367.99","103.10","35%","74.00","N/A","https://imgcdn.mckesson.com/CumulusWeb/Images/Item_Detail/1148219_front.jpg"
"gid://shopify/Product/us-3274","280132","Manual Resuscitator Lifesaver® Face Mask","Suction Machines","Teleflex LLC","190.04","292.99","366.99","102.95","35%","74.00","N/A","https://imgcdn.mckesson.com/CumulusWeb/Images/Item_Detail/280132_side.jpg"
"gid://shopify/Product/us-3275","697312","Resuscitator Spur® II Nasal / Oral Mask","Suction Machines","Ambu","174.38","268.99","336.99","94.61","35%","68.00","N/A","https://imgcdn.mckesson.com/CumulusWeb/Images/Item_Detail/697312.jpg"
"gid://shopify/Product/us-3276","1235313","Resuscitator Mercury Medical® CPR 2® Cushioned Face Mask","Suction Machines","Mercury Medical","168.46","259.99","324.99","91.53","35%","65.00","N/A","https://imgcdn.mckesson.com/CumulusWeb/Images/Item_Detail/1235313_left.jpg"
"gid://shopify/Product/us-3277","453450","Manual Resuscitator 1st Response™ Face Mask","Suction Machines","ICU Medical FKA Smiths Medical","165.64","254.99","318.99","89.35","35%","64.00","N/A","https://imgcdn.mckesson.com/CumulusWeb/Images/Item_Detail/2356_8500_2.jpg"
"gid://shopify/Product/us-3278","262302","Air Entrainment Mask Percent-O2-Lock® Elongated Style Adult One Size Fits Most Adjustable Head Strap","Suction Machines","Sun Med","155.74","239.99","299.99","84.25","35%","60.00","N/A","https://imgcdn.mckesson.com/CumulusWeb/Images/Item_Detail/262302_pdet.jpg"
"gid://shopify/Product/us-3279","794408","Resuscitator Mercury Medical® CPR 2® Face Mask","Suction Machines","Mercury Medical","150.62","231.99","289.99","81.37","35%","58.00","N/A","https://imgcdn.mckesson.com/CumulusWeb/Images/Item_Detail/794408.jpg"
"gid://shopify/Product/us-3280","555740","Resuscitator Spur® II","Suction Machines","Ambu","144.27","221.99","277.99","77.72","35%","56.00","N/A","https://imgcdn.mckesson.com/CumulusWeb/Images/Item_Detail/555740.JPG"
"gid://shopify/Product/us-3281","951148","NonRebreather Oxygen Mask Salter Labs® Elongated Style Adult One Size Fits Most Adjustable Head Strap","Suction Machines","Sun Med","142.70","219.99","274.99","77.29","35%","55.00","N/A","https://imgcdn.mckesson.com/CumulusWeb/Images/Item_Detail/951148.jpg"
"gid://shopify/Product/us-3282","1018134","NonRebreather Oxygen Mask McKesson Elongated Style Pediatric Adjustable Head Strap / Nose Clip","Suction Machines","McKesson Brand","136.13","209.99","262.99","73.86","35%","53.00","N/A","https://imgcdn.mckesson.com/CumulusWeb/Images/Item_Detail/1018134_front.jpg"
"gid://shopify/Product/us-3283","1205048","NonRebreather Oxygen Mask MedSource Full Face Style Pediatric Small Adjustable Head Strap / Nose Clip","Suction Machines","MedSource International","132.60","203.99","254.99","71.39","35%","51.00","N/A","https://imgcdn.mckesson.com/CumulusWeb/Images/Item_Detail/1205048_right.jpg"
"gid://shopify/Product/us-3284","453449","Manual Resuscitator 1st Response™ Face Mask","Suction Machines","ICU Medical FKA Smiths Medical","132.19","203.99","254.99","71.80","35%","51.00","N/A","https://imgcdn.mckesson.com/CumulusWeb/Images/Item_Detail/2356_8500_2.jpg"
"gid://shopify/Product/us-3285","1235517","Oxygen Mask Salter Labs® Nasal / Oral Style Infant Adjustable Head Strap / Nose Clip","Suction Machines","Sun Med","124.75","191.99","239.99","67.24","35%","48.00","N/A","https://imgcdn.mckesson.com/CumulusWeb/Images/Item_Detail/1235517_front.jpg"
"gid://shopify/Product/us-3286","794407","Resuscitator Mercury Medical® CPR 2® Face Mask","Suction Machines","Mercury Medical","124.53","191.99","239.99","67.46","35%","48.00","N/A","https://imgcdn.mckesson.com/CumulusWeb/Images/Item_Detail/794407_side.jpg"
"gid://shopify/Product/us-3287","533884","Resuscitator Spur® II Nasal / Oral Mask","Suction Machines","Ambu","109.83","168.99","211.99","59.16","35%","43.00","N/A","https://imgcdn.mckesson.com/CumulusWeb/Images/Item_Detail/533884.jpg"
"gid://shopify/Product/us-3288","1221915","Tracheostomy Mask Pediatric Small","Suction Machines","Sunset Healthcare","102.00","156.99","196.99","54.99","35%","40.00","N/A","https://imgcdn.mckesson.com/CumulusWeb/Images/Item_Detail/1221915_left.jpg"
"gid://shopify/Product/us-3289","1018132","Oxygen Face Tent McKesson Face Tent Style Adult One Size Fits Most Adjustable Head Strap","Suction Machines","McKesson Brand","100.09","153.99","192.99","53.90","35%","39.00","N/A","https://imgcdn.mckesson.com/CumulusWeb/Images/Item_Detail/1018132_side.jpg"
"gid://shopify/Product/us-3290","1018130","NonRebreather Oxygen Mask McKesson Elongated Style Adult One Size Fits Most Adjustable Head Strap / Nose Clip","Suction Machines","McKesson Brand","93.21","155.99","194.99","62.78","40%","39.00","N/A","https://imgcdn.mckesson.com/CumulusWeb/Images/Item_Detail/1018130_front.jpg"
"gid://shopify/Product/us-3291","231809","Oxygen Mask B&F Medical Elongated Style Pediatric Adjustable Head Strap / Nose Clip","Suction Machines","Allied Healthcare","88.42","147.99","184.99","59.57","40%","37.00","N/A","https://imgcdn.mckesson.com/CumulusWeb/Images/Item_Detail/1161_64060_2.jpg"
"gid://shopify/Product/us-3292","286229","Oxygen Mask Salter Labs® Elongated Style Adult One Size Fits Most Adjustable Head Strap","Suction Machines","Sun Med","83.62","139.99","174.99","56.37","40%","35.00","N/A","https://imgcdn.mckesson.com/CumulusWeb/Images/Item_Detail/286229_front.jpg"
"gid://shopify/Product/us-3293","1207367","NonRebreather Oxygen Mask Resp-O2™ Standard Style Infant Adjustable Head Strap","Suction Machines","Dynarex","82.82","138.99","173.99","56.17","40%","35.00","N/A","https://imgcdn.mckesson.com/CumulusWeb/Images/Item_Detail/1207367_front.jpg"
"gid://shopify/Product/us-3294","868187","Manual Resuscitator Cyclone® Pocket BVM®","Suction Machines","North American Rescue","80.20","133.99","167.99","53.79","40%","34.00","N/A","https://imgcdn.mckesson.com/CumulusWeb/Images/Item_Detail/868187.jpg"
"gid://shopify/Product/us-3295","441116","Tracheostomy Mask AirLife® Collar Style Adult Large Adjustable Head Strap","Suction Machines","Sun Med","79.50","132.99","166.99","53.49","40%","34.00","N/A","https://imgcdn.mckesson.com/CumulusWeb/Images/Item_Detail/1056_111001225_2.jpg"
"gid://shopify/Product/us-3296","1052548","NonRebreather Oxygen Mask McKesson Elongated Style Adult One Size Fits Most Adjustable Head Strap","Suction Machines","McKesson Brand","67.93","113.99","142.99","46.06","40%","29.00","N/A","https://imgcdn.mckesson.com/CumulusWeb/Images/Item_Detail/1052548_right.jpg"
"gid://shopify/Product/us-3297","1205051","Oxygen Mask MedSource Elongated Style Infant Medium Adjustable Head Strap","Suction Machines","MedSource International","61.88","103.99","129.99","42.11","40%","26.00","N/A","https://imgcdn.mckesson.com/CumulusWeb/Images/Item_Detail/1205051_right.jpg"
"gid://shopify/Product/us-3298","226900","Oxygen Mask AirLife® Elongated Style Adult One Size Fits Most Adjustable Head Strap","Suction Machines","Sun Med","60.64","101.99","127.99","41.35","41%","26.00","N/A","https://imgcdn.mckesson.com/CumulusWeb/Images/Item_Detail/226900_front.jpg"
"gid://shopify/Product/us-3299","1205049","NonRebreather Oxygen Mask MedSource Elongated Style Adult Medium Adjustable Head Strap / Nose Clip","Suction Machines","MedSource International","59.16","98.99","123.99","39.83","40%","25.00","N/A","https://imgcdn.mckesson.com/CumulusWeb/Images/Item_Detail/1205049_right.jpg"
"gid://shopify/Product/us-3300","226849","Oxygen Mask AirLife® Elongated Style Adult One Size Fits Most Adjustable Head Strap","Suction Machines","Sun Med","54.74","91.99","114.99","37.25","40%","23.00","N/A","https://imgcdn.mckesson.com/CumulusWeb/Images/Item_Detail/226849_front.jpg"
"gid://shopify/Product/us-3301","1026638","Tracheostomy Mask Collar Style Adult One Size Fits Most Adjustable Head Strap","Suction Machines","Sunset Healthcare","53.04","88.99","111.99","35.95","40%","23.00","N/A","https://imgcdn.mckesson.com/CumulusWeb/Images/Item_Detail/1026638_left.jpg"
"gid://shopify/Product/us-3302","1126542","Anesthesia Mask Vent Mask™ Elongated Style Adult One Size Fits Most Hook Ring","Suction Machines","Sun Med","52.16","86.99","108.99","34.83","40%","22.00","N/A","https://imgcdn.mckesson.com/CumulusWeb/Images/Item_Detail/1126542_family.jpg"
"gid://shopify/Product/us-3303","1018133","Oxygen Mask McKesson Elongated Style Pediatric Adjustable Head Strap","Suction Machines","McKesson Brand","51.57","85.99","107.99","34.42","40%","22.00","N/A","https://imgcdn.mckesson.com/CumulusWeb/Images/Item_Detail/1018133_left.jpg"
"gid://shopify/Product/us-3304","1018131","Oxygen Face Tent McKesson Face Tent Style Adult One Size Fits Most Adjustable Head Strap","Suction Machines","McKesson Brand","49.87","83.99","104.99","34.12","41%","21.00","N/A","https://imgcdn.mckesson.com/CumulusWeb/Images/Item_Detail/1018131_left.jpg"
"gid://shopify/Product/us-3305","1084559","Oxygen Mask Salter Labs® Elongated Style Adult One Size Fits Most Adjustable Head Strap / Nose Clip","Suction Machines","Sun Med","34.82","58.99","73.99","24.17","41%","15.00","N/A","https://imgcdn.mckesson.com/CumulusWeb/Images/Item_Detail/1084559_front.jpg"
"gid://shopify/Product/us-3306","340538","BVM Resuscitator Mercury Medical® Cushioned Face Mask","Suction Machines","Mercury Medical","28.30","51.99","64.99","23.69","46%","13.00","N/A","https://imgcdn.mckesson.com/CumulusWeb/Images/Item_Detail/340538_front.jpg"
"gid://shopify/Product/us-3307","544776","Resuscitator Spur® II Nasal / Oral Mask","Suction Machines","Ambu","17.45","31.99","39.99","14.54","45%","8.00","N/A","https://imgcdn.mckesson.com/CumulusWeb/Images/Item_Detail/544776_front.jpg"
"gid://shopify/Product/us-3308","544775","Resuscitator Spur® II","Suction Machines","Ambu","15.27","27.99","34.99","12.72","45%","7.00","N/A","https://imgcdn.mckesson.com/CumulusWeb/Images/Item_Detail/544775_front.jpg"
"gid://shopify/Product/us-3309","533718","Resuscitator Spur® II","Suction Machines","Ambu","14.54","26.99","33.99","12.45","46%","7.00","N/A","https://imgcdn.mckesson.com/CumulusWeb/Images/Item_Detail/533718_front.jpg"
"gid://shopify/Product/us-3310","1070989","CPR Face Mask with Case One Way Valve Single Use","Suction Machines","Work N Leisure Products Inc","9.97","18.99","23.99","9.02","47%","5.00","N/A","https://imgcdn.mckesson.com/CumulusWeb/Images/Item_Detail/1070989_pkit.jpg"
"gid://shopify/Product/us-3311","1207426","CPR Face Mask Basic Medical Mouth to Mask Single Use","Suction Machines","MedSource International","4.66","8.99","11.99","4.33","48%","3.00","N/A","https://imgcdn.mckesson.com/CumulusWeb/Images/Item_Detail/1207426_ppkgright.jpg"
"gid://shopify/Product/us-3312","848480","NonRebreather Oxygen Mask Curaplex® Elongated Style Infant Adjustable Head Strap","Suction Machines","Bound Tree Medical","3.39","6.99","8.99","3.60","52%","2.00","N/A","https://imgcdn.mckesson.com/CumulusWeb/Images/Item_Detail/848480.jpg"
"gid://shopify/Product/us-3313","911720","NonRebreather Oxygen Mask McKesson Elongated Style Adult One Size Fits Most Adjustable Head Strap / Nose Clip","Suction Machines","McKesson Brand","2.38","4.99","6.99","2.61","52%","2.00","N/A","https://imgcdn.mckesson.com/CumulusWeb/Images/Item_Detail/911720_front.jpg"
"gid://shopify/Product/us-3314","335762","Ventilator Circuit Without Tubing Without Tubing Single Limb Pediatric Without Breathing Bag Single Patient Use","Suction Machines","Sun Med","2.21","4.99","6.99","2.78","56%","2.00","N/A","https://imgcdn.mckesson.com/CumulusWeb/Images/Item_Detail/335762_right.jpg"
"gid://shopify/Product/us-3315","382055","Oxygen Mask Salter Labs® Elongated Style Pediatric Adjustable Head Strap","Suction Machines","Sun Med","1.66","3.99","4.99","2.33","58%","1.00","N/A","https://imgcdn.mckesson.com/CumulusWeb/Images/Item_Detail/2281_1122_2.jpg"
"gid://shopify/Product/us-3316","911719","Oxygen Mask McKesson Elongated Style Adult One Size Fits Most Adjustable Head Strap","Suction Machines","McKesson Brand","0.98","1.99","2.99","1.01","51%","1.00","N/A","https://imgcdn.mckesson.com/CumulusWeb/Images/Item_Detail/911719_front.jpg"
"gid://shopify/Product/us-3317","1203100","CPR Face Shield With Key Chain First Aid Only® Mouth to Mask 5-3/4 X 4-1/2 X 6-1/2 Inch Single Use","Suction Machines","Acme United","1589.40","2207.99","2759.99","618.59","28%","552.00","J5095","https://imgcdn.mckesson.com/CumulusWeb/Images/Item_Detail/1203100_ppkgleft.jpg"
"gid://shopify/Product/us-3318","1100834","Pet Recovery Oxygen Mask Kit Elongated Style Canine Medium","Suction Machines","ICU Medical FKA Smiths Medical","98.72","164.99","206.99","66.27","40%","42.00","V7148","https://imgcdn.mckesson.com/CumulusWeb/Images/Item_Detail/1100834.jpg"
"gid://shopify/Product/us-3319","1153509","Oxygen Mask with ETCO2 Monitoring OxyMask™ ETCO2 Elongated Style Adult One Size Fits Most Adjustable Head Strap","Suction Machines","Medtronic MITG","735.40","1021.99","1277.99","286.59","28%","256.00","N/A","https://imgcdn.mckesson.com/CumulusWeb/Images/Item_Detail/1153509_left.jpg"
"gid://shopify/Product/us-3320","761188","Oxygen Supply Manifold For Oxygen Respiratory Equipment","Suction Machines","Precision Medical","697.87","969.99","1212.99","272.12","28%","243.00","N/A","https://imgcdn.mckesson.com/CumulusWeb/Images/Item_Detail/761188.jpg"
"gid://shopify/Product/us-3321","1236781","Oxygen Mask CapnoVue® Nasal / Oral Style Adult One Size Fits Most Adjustable Head Strap","Suction Machines","Sun Med","684.32","950.99","1188.99","266.67","28%","238.00","N/A","https://imgcdn.mckesson.com/CumulusWeb/Images/Item_Detail/1236781_front.jpg"
"gid://shopify/Product/us-3322","797427","Hyperinflation Bag","Suction Machines","Mercury Medical","593.11","823.99","1029.99","230.88","28%","206.00","N/A","https://imgcdn.mckesson.com/CumulusWeb/Images/Item_Detail/797427.jpg"
"gid://shopify/Product/us-3323","1171044","Oxygen Mask with ETCO2 Monitoring CapnoVue Elongated Style Adult One Size Fits Most Adjustable Head Strap","Suction Machines","Sun Med","571.58","793.99","992.99","222.41","28%","199.00","N/A","https://imgcdn.mckesson.com/CumulusWeb/Images/Item_Detail/1171044_front.jpg"
"gid://shopify/Product/us-3324","1030018","CPAP Mask Component Single Use CPAP Mask System With Manometer o-two™ Full Face Style Size 4 Cushion Adult","Suction Machines","O-Two Medical Technologies","552.47","767.99","959.99","215.52","28%","192.00","N/A","https://imgcdn.mckesson.com/CumulusWeb/Images/Item_Detail/1030018.jpg"
"gid://shopify/Product/us-3325","1030012","CPAP Mask Kit Low Flow o-two™ Full Face Style Size 5 Cushion Adult","Suction Machines","O-Two Medical Technologies","552.47","767.99","959.99","215.52","28%","192.00","N/A","https://imgcdn.mckesson.com/CumulusWeb/Images/Item_Detail/1030012_ls.jpg"
"gid://shopify/Product/us-3326","567550","Resuscitator Nasal / Oral Mask","Suction Machines","Laerdal Medical","519.38","721.99","902.99","202.61","28%","181.00","N/A","https://imgcdn.mckesson.com/CumulusWeb/Images/Item_Detail/567550.jpg"
"gid://shopify/Product/us-3327","1235631","Oxygen Mask Curaplex® Nasal / Oral Style Adult","Suction Machines","Tri-Anim Health Services","503.05","698.99","873.99","195.94","28%","175.00","N/A","https://imgcdn.mckesson.com/CumulusWeb/Images/Item_Detail/1235631_front.jpg"
"gid://shopify/Product/us-3328","796351","Resuscitator Spur® II Nasal / Oral Mask","Suction Machines","Ambu","481.76","741.99","927.99","260.23","35%","186.00","N/A","https://imgcdn.mckesson.com/CumulusWeb/Images/Item_Detail/796351.jpg"
"gid://shopify/Product/us-3329","540405","Demand Resuscitator Valve","Suction Machines","Mada Medical Products","448.15","689.99","862.99","241.84","35%","173.00","N/A","https://imgcdn.mckesson.com/CumulusWeb/Images/Item_Detail/540405.jpg"
"gid://shopify/Product/us-3330","959665","Resuscitator CPR® Cushioned Face Mask","Suction Machines","Mercury Medical","442.97","681.99","852.99","239.02","35%","171.00","N/A","https://imgcdn.mckesson.com/CumulusWeb/Images/Item_Detail/959665.jpg"
"gid://shopify/Product/us-3331","1092744","Resuscitator Valve with Hose MADA For Oxygen Equipment","Suction Machines","Mada Medical Products","441.97","679.99","849.99","238.02","35%","170.00","N/A","https://imgcdn.mckesson.com/CumulusWeb/Images/Item_Detail/1092744_front.jpg"
"gid://shopify/Product/us-3332","482470","Manual Resuscitator 1st Response™ Face Mask","Suction Machines","ICU Medical FKA Smiths Medical","438.35","674.99","843.99","236.64","35%","169.00","N/A","https://imgcdn.mckesson.com/CumulusWeb/Images/Item_Detail/482470.jpg"
"gid://shopify/Product/us-3333","1066792","Ventilation Mask AirLife® NIV Full Face Style Adult Medium 4-Point Hook and Loop Head Strap","Suction Machines","Sun Med","416.63","640.99","801.99","224.36","35%","161.00","N/A","https://imgcdn.mckesson.com/CumulusWeb/Images/Item_Detail/1066792.jpg"
"gid://shopify/Product/us-3334","821459","Resuscitator Spur® II Nasal / Oral Mask","Suction Machines","Ambu","403.09","620.99","776.99","217.90","35%","156.00","N/A","https://imgcdn.mckesson.com/CumulusWeb/Images/Item_Detail/821459.jpg"
"gid://shopify/Product/us-3335","568437","Resuscitator Spur® II Nasal / Oral Mask","Suction Machines","Ambu","397.22","611.99","764.99","214.77","35%","153.00","N/A","https://imgcdn.mckesson.com/CumulusWeb/Images/Item_Detail/568437.jpg"
"gid://shopify/Product/us-3336","1123000","Resuscitator Ambu® Spur II®","Suction Machines","Ambu","387.92","596.99","746.99","209.07","35%","150.00","N/A","https://imgcdn.mckesson.com/CumulusWeb/Images/Item_Detail/1123000.jpg"
"gid://shopify/Product/us-3337","1101014","Oxygen Mask with ETCO2 Monitoring Comfort Soft Plus® Elongated Style Adult One Size Fits Most Adjustable Head Strap","Suction Machines","Sun Med","387.80","596.99","746.99","209.19","35%","150.00","N/A","https://imgcdn.mckesson.com/CumulusWeb/Images/Item_Detail/1101014_front.jpg"
"gid://shopify/Product/us-3338","553703","Resuscitator Spur® II Face Mask","Suction Machines","Ambu","385.59","593.99","742.99","208.40","35%","149.00","N/A","https://imgcdn.mckesson.com/CumulusWeb/Images/Item_Detail/553703.JPG"
"gid://shopify/Product/us-3339","1075838","Oxygen Mask with ETCO2 Monitoring CapnoVue Elongated Style Adult One Size Fits Most Adjustable Head Strap","Suction Machines","Sun Med","365.45","562.99","703.99","197.54","35%","141.00","N/A","https://imgcdn.mckesson.com/CumulusWeb/Images/Item_Detail/1075838_front.jpg"
"gid://shopify/Product/us-3340","1196332","Ventilation Mask AirLife® Full Face Style Adult Large 4-Point Hook and Loop Head Strap","Suction Machines","Sun Med","364.72","561.99","702.99","197.27","35%","141.00","N/A","https://imgcdn.mckesson.com/CumulusWeb/Images/Item_Detail/1196332_front.jpg"
"gid://shopify/Product/us-3341","703921","Resuscitator Spur® II Nasal / Oral Mask","Suction Machines","Ambu","360.50","554.99","693.99","194.49","35%","139.00","N/A","https://imgcdn.mckesson.com/CumulusWeb/Images/Item_Detail/703921.jpg"
"gid://shopify/Product/us-3342","777542","Oxygen Cylinder Resuscitator Kit","Suction Machines","Mada Medical Products","352.32","542.99","678.99","190.67","35%","136.00","N/A","https://imgcdn.mckesson.com/CumulusWeb/Images/Item_Detail/777542_right.jpg"
"gid://shopify/Product/us-3343","1267191","T-Piece Resuscitator Neo-Tee® Clear Anatomical Mask","Suction Machines","Medical Grade","349.20","537.99","672.99","188.79","35%","135.00","N/A","https://imgcdn.mckesson.com/CumulusWeb/Images/Item_Detail/1267191_front.jpg"
"gid://shopify/Product/us-3344","1041466","T-Piece Resuscitator Neo-Tee® Clear Anatomical Mask","Suction Machines","Mercury Medical","339.70","522.99","653.99","183.29","35%","131.00","N/A","https://imgcdn.mckesson.com/CumulusWeb/Images/Item_Detail/1041466.jpg"
"gid://shopify/Product/us-3345","894202","Oxygen Resuscitator Kit on Cart (Filled) Mada Medical Size E Aluminum","Suction Machines","Mada Medical Products","335.84","516.99","646.99","181.15","35%","130.00","N/A","https://imgcdn.mckesson.com/CumulusWeb/Images/Item_Detail/894202_right.jpg"
"gid://shopify/Product/us-3346","315810","Manual Resuscitator Lifesaver® Face Mask","Suction Machines","Teleflex LLC","332.57","511.99","639.99","179.42","35%","128.00","N/A","https://imgcdn.mckesson.com/CumulusWeb/Images/Item_Detail/315810_1.jpg"
"gid://shopify/Product/us-3347","328409","Manual Resuscitator Lifesaver® Face Mask","Suction Machines","Teleflex LLC","327.64","504.99","631.99","177.35","35%","127.00","N/A","https://imgcdn.mckesson.com/CumulusWeb/Images/Item_Detail/1708_5361_2.jpg"
"gid://shopify/Product/us-3348","640958","Resuscitator CPR® Cushioned Face Mask","Suction Machines","Mercury Medical","312.60","480.99","601.99","168.39","35%","121.00","N/A","https://imgcdn.mckesson.com/CumulusWeb/Images/Item_Detail/640958.jpg"
"gid://shopify/Product/us-3349","1175571","Fingertip Pulse Oximeter Soft-Touch Adult Battery Operated OLED Display","Pulse Oximeters","Medline","81.60","135.99","169.99","54.39","40%","34.00","N/A","https://imgcdn.mckesson.com/CumulusWeb/Images/Item_Detail/1175571_ppkgleft.jpg"
"gid://shopify/Product/us-3350","841868","Fingertip Pulse Oximeter Adimals® 2150 Pediatric Battery Operated OLED Display","Pulse Oximeters","American Diagnostic Corp","56.40","93.99","117.99","37.59","40%","24.00","N/A","https://imgcdn.mckesson.com/CumulusWeb/Images/Item_Detail/841868_left.jpg"
"gid://shopify/Product/us-3351","987412","Fingertip Pulse Oximeter Drive Pediatric Battery Operated LED Display","Pulse Oximeters","Drive DeVilbiss Healthcare","53.67","89.99","112.99","36.32","40%","23.00","N/A","https://imgcdn.mckesson.com/CumulusWeb/Images/Item_Detail/987412_ppkgleft.jpg"
"gid://shopify/Product/us-3352","800908","Fingertip Pulse Oximeter Advantage™ 2200 Adult Battery Operated LED Display","Pulse Oximeters","American Diagnostic Corp","31.02","51.99","64.99","20.97","40%","13.00","N/A","https://imgcdn.mckesson.com/CumulusWeb/Images/Item_Detail/800908_front.jpg"
"gid://shopify/Product/us-3353","775659","Fingertip Pulse Oximeter OxyRead Adult Battery Operated LED Display","Pulse Oximeters","Graham-Field","27.45","49.99","62.99","22.54","45%","13.00","N/A","https://imgcdn.mckesson.com/CumulusWeb/Images/Item_Detail/775659_right.jpg"
"gid://shopify/Product/us-3354","581402","SpO2 Sensor Replacement Wrap","Pulse Oximeters","Welch Allyn","1158.59","1609.99","2012.99","451.40","28%","403.00","N/A","https://imgcdn.mckesson.com/CumulusWeb/Images/Item_Detail/WA_581402.jpg"
"gid://shopify/Product/us-3355","581403","SpO2 Sensor Replacement Wrap","Pulse Oximeters","Welch Allyn","1158.59","1609.99","2012.99","451.40","28%","403.00","N/A","https://imgcdn.mckesson.com/CumulusWeb/Images/Item_Detail/WA_581403.jpg"
"gid://shopify/Product/us-3356","786549","Fingertip Pulse Oximeter View SpO2 Adult Battery Operated LED Display","Pulse Oximeters","Drive DeVilbiss Healthcare","456.58","702.99","878.99","246.41","35%","176.00","N/A","https://imgcdn.mckesson.com/CumulusWeb/Images/Item_Detail/786549_left.jpg"
"gid://shopify/Product/us-3357","822867","Single Patient Use SpO2 Sensor Replacement Wrap Masimo Multi-Site Multiple Users Single Patient Use","Pulse Oximeters","Welch Allyn","414.58","637.99","797.99","223.41","35%","160.00","N/A","https://imgcdn.mckesson.com/CumulusWeb/Images/Item_Detail/822867_group.jpg"
"gid://shopify/Product/us-3358","975688","Fingertip Pulse Oximeter Drive Adult Battery Operated LED Display","Pulse Oximeters","Drive DeVilbiss Healthcare","335.69","516.99","646.99","181.30","35%","130.00","N/A","https://imgcdn.mckesson.com/CumulusWeb/Images/Item_Detail/975688_left.jpg"
"gid://shopify/Product/us-3359","670207","Fingertip Pulse Oximeter DigiO2 Adult Battery Operated LED Display","Pulse Oximeters","Graham-Field","157.82","242.99","303.99","85.17","35%","61.00","N/A","https://imgcdn.mckesson.com/CumulusWeb/Images/Item_Detail/670207_right.jpg"
"gid://shopify/Product/us-3360","496898","Cable Extension Pulse Oximeter Extension Cable, 8 Foot Vital Signs Monitors","Pulse Oximeters","Welch Allyn","134.81","207.99","259.99","73.18","35%","52.00","N/A","https://imgcdn.mckesson.com/CumulusWeb/Images/Item_Detail/496898_PC.jpg"
"gid://shopify/Product/us-3361","501969","Cable Extension Pulse Oximeter Extension Cable, 4 Foot Vital Signs Monitors","Pulse Oximeters","Welch Allyn","131.27","201.99","252.99","70.72","35%","51.00","N/A","https://imgcdn.mckesson.com/CumulusWeb/Images/Item_Detail/501969_front.jpg"
"gid://shopify/Product/us-3362","1117839","SpO2 Sensor ADC® Finger Pediatric Reusable","Pulse Oximeters","American Diagnostic Corp","106.22","163.99","204.99","57.77","35%","41.00","N/A","https://imgcdn.mckesson.com/CumulusWeb/Images/Item_Detail/1117839.jpg"
"gid://shopify/Product/us-3363","1047370","SpO2 Sensor Finger Multiple Users Reusable 8 Foot Cord","Pulse Oximeters","American Diagnostic Corp","105.26","161.99","202.99","56.73","35%","41.00","N/A","https://imgcdn.mckesson.com/CumulusWeb/Images/Item_Detail/1047370.jpg"
"gid://shopify/Product/us-3364","661284","Diagnostic Power Cord Welch Allyn 2.5 M, 125 V, 2.5 A, C Plug For ProPaq LT Pulse Oximeter","Pulse Oximeters","Welch Allyn","63.63","106.99","133.99","43.36","41%","27.00","N/A","https://imgcdn.mckesson.com/CumulusWeb/Images/Item_Detail/661284.jpg"
"gid://shopify/Product/us-3365","853583","Fingertip Pulse Oximeter DigiO2 Adult Battery Operated LED Display","Pulse Oximeters","Graham-Field","61.75","102.99","128.99","41.24","40%","26.00","N/A","https://imgcdn.mckesson.com/CumulusWeb/Images/Item_Detail/853583_left.jpg"
"gid://shopify/Product/us-3366","709827","Fingertip Pulse Oximeter Diagnostix™ 2100 Adult Battery Operated OLED Display","Pulse Oximeters","American Diagnostic Corp","52.33","87.99","109.99","35.66","41%","22.00","N/A","https://imgcdn.mckesson.com/CumulusWeb/Images/Item_Detail/709827_right.jpg"
"gid://shopify/Product/us-3367","903760","Oximeter Laynard Diagnostix™ 2100 For use with Pulse Oximeter","Pulse Oximeters","American Diagnostic Corp","2.93","5.99","7.99","3.06","51%","2.00","N/A","https://imgcdn.mckesson.com/CumulusWeb/Images/Item_Detail/903760_front.jpg"
"gid://shopify/Product/us-3368","1048950","SpO2 Sensor Nellcor® Finger Multiple Users Single Patient Use","Pulse Oximeters","Medtronic MITG","2319.16","3221.99","4027.99","902.83","28%","806.00","N/A","https://imgcdn.mckesson.com/CumulusWeb/Images/Item_Detail/1048950_front.jpg"
"gid://shopify/Product/us-3369","1269302","Handheld Pulse Oximeter Rad-G® Adult / Infant / Pediatric Battery Operated LCD Display","Pulse Oximeters","Masimo Corp","979.85","1360.99","1701.99","381.14","28%","341.00","N/A","https://imgcdn.mckesson.com/CumulusWeb/Images/Item_Detail/1269302_left.jpg"
"gid://shopify/Product/us-3370","854265","Handheld Pulse Co-Oximeter Pronto® Pediatric Battery Operated LCD Display","Pulse Oximeters","Masimo Corp","712.25","989.99","1237.99","277.74","28%","248.00","N/A","https://imgcdn.mckesson.com/CumulusWeb/Images/Item_Detail/854265_front.jpg"
"gid://shopify/Product/us-3371","852984","Handheld Pulse Oximeter 8500 Series Adult Battery Operated LED Display","Pulse Oximeters","Nonin Medical","656.84","912.99","1141.99","256.15","28%","229.00","N/A","https://imgcdn.mckesson.com/CumulusWeb/Images/Item_Detail/852984.jpg"
"gid://shopify/Product/us-3372","525112","SpO2 Sensor SoftCare® Foot Infant Single Patient Use","Pulse Oximeters","Medtronic MITG","651.17","904.99","1131.99","253.82","28%","227.00","N/A","https://imgcdn.mckesson.com/CumulusWeb/Images/Item_Detail/525112_front.jpg"
"gid://shopify/Product/us-3373","941910","Handheld Pulse Oximeter Nellcor™ Adult Battery Operated LCD Display","Pulse Oximeters","Medtronic MITG","533.85","741.99","927.99","208.14","28%","186.00","N/A","https://imgcdn.mckesson.com/CumulusWeb/Images/Item_Detail/941910_ppkgright.jpg"
"gid://shopify/Product/us-3374","941909","Handheld Pulse Oximeter Nellcor™ Adult Battery Operated LCD Display","Pulse Oximeters","Medtronic MITG","506.82","703.99","879.99","197.17","28%","176.00","N/A","https://imgcdn.mckesson.com/CumulusWeb/Images/Item_Detail/941909_right.jpg"
"gid://shopify/Product/us-3375","1079392","SpO2 Sensor RD SET Finger Adult / Infant / Pediatric Single Patient Use No Cord","Pulse Oximeters","Masimo Corp","473.03","727.99","909.99","254.96","35%","182.00","N/A","https://imgcdn.mckesson.com/CumulusWeb/Images/Item_Detail/1079392_front.jpg"
"gid://shopify/Product/us-3376","1168892","Fingertip Pulse Oximeter Dynarex Adult Battery Operated LED Display","Pulse Oximeters","Dynarex","454.11","698.99","873.99","244.88","35%","175.00","N/A","https://imgcdn.mckesson.com/CumulusWeb/Images/Item_Detail/1168892_group.jpg"
"gid://shopify/Product/us-3377","447812","SpO2 Sensor OxiMax™ Foot Multiple Users Single Patient Use","Pulse Oximeters","Medtronic MITG","432.48","665.99","832.99","233.51","35%","167.00","N/A","https://imgcdn.mckesson.com/CumulusWeb/Images/Item_Detail/447812_front.jpg"
"gid://shopify/Product/us-3378","1027180","Handheld Pulse Oximeter McKesson Pediatric Battery Operated","Pulse Oximeters","McKesson Brand","390.93","601.99","752.99","211.06","35%","151.00","N/A","https://imgcdn.mckesson.com/CumulusWeb/Images/Item_Detail/1027180_ppkgleft.jpg"
"gid://shopify/Product/us-3379","1027179","Handheld Pulse Oximeter McKesson Adult Battery Operated","Pulse Oximeters","McKesson Brand","388.77","598.99","748.99","210.22","35%","150.00","N/A","https://imgcdn.mckesson.com/CumulusWeb/Images/Item_Detail/1027179_ppkgright.jpg"
"gid://shopify/Product/us-3380","1185403","SpO2 Sensor RD SET Finger Multiple Users Single Patient Use 3 Foot Cord","Pulse Oximeters","Masimo Corp","371.67","571.99","714.99","200.32","35%","143.00","N/A","https://imgcdn.mckesson.com/CumulusWeb/Images/Item_Detail/1185403_front.jpg"
"gid://shopify/Product/us-3381","839678","SpO2 Sensor PureLight® Finger Pediatric Single Patient Use 3 Foot Cord","Pulse Oximeters","Nonin Medical","367.61","565.99","707.99","198.38","35%","142.00","N/A","https://imgcdn.mckesson.com/CumulusWeb/Images/Item_Detail/839678_right.jpg"
"gid://shopify/Product/us-3382","1062598","SpO2 Sensor Finger Adult Single Patient Use 3 Foot Cord","Pulse Oximeters","Nonin Medical","367.61","565.99","707.99","198.38","35%","142.00","N/A","https://imgcdn.mckesson.com/CumulusWeb/Images/Item_Detail/1062598_pdet.jpg"
"gid://shopify/Product/us-3383","805394","SpO2 Sensor Lncs® Finger Adult Single Patient Use 3 Foot Cord","Pulse Oximeters","Masimo Corp","348.69","536.99","671.99","188.30","35%","135.00","N/A","https://imgcdn.mckesson.com/CumulusWeb/Images/Item_Detail/805394_front.jpg"
"gid://shopify/Product/us-3384","1010521","SpO2 Sensor PureLight® Multi-Site Reusable 3 Foot Cord","Pulse Oximeters","Nonin Medical","245.00","376.99","471.99","131.99","35%","95.00","N/A","https://imgcdn.mckesson.com/CumulusWeb/Images/Item_Detail/1010521.jpg"
"gid://shopify/Product/us-3385","1178090","SpO2 Sensor PureLight® Finger Adult Reusable 6 Foot Cord","Pulse Oximeters","Nonin Medical","224.35","345.99","432.99","121.64","35%","87.00","N/A","https://imgcdn.mckesson.com/CumulusWeb/Images/Item_Detail/1178090_left.jpg"
"gid://shopify/Product/us-3386","795552","Fingertip Pulse Oximeter Onyx® Vantage Adult Battery Operated LED Display","Pulse Oximeters","Nonin Medical","202.73","311.99","389.99","109.26","35%","78.00","N/A","https://imgcdn.mckesson.com/CumulusWeb/Images/Item_Detail/795552.JPG"
"gid://shopify/Product/us-3387","546237","SpO2 Sensor Lncs® Finger Adult Reusable 3 Foot Cord","Pulse Oximeters","Masimo Corp","195.97","301.99","377.99","106.02","35%","76.00","N/A","https://imgcdn.mckesson.com/CumulusWeb/Images/Item_Detail/546237_ppkgleft.jpg"
"gid://shopify/Product/us-3388","1179017","SpO2 Sensor Direct Connect Finger Adult / Infant / Pediatric Reusable 3 Foot Cord","Pulse Oximeters","Masimo Corp","189.21","291.99","364.99","102.78","35%","73.00","N/A","https://imgcdn.mckesson.com/CumulusWeb/Images/Item_Detail/1179017_front.jpg"
"gid://shopify/Product/us-3389","906798","SpO2 Sensor PureLight® Finger Adult Reusable 3 Foot / 1 Meter Cord","Pulse Oximeters","Nonin Medical","158.13","243.99","304.99","85.86","35%","61.00","N/A","https://imgcdn.mckesson.com/CumulusWeb/Images/Item_Detail/906798.jpg"
"gid://shopify/Product/us-3390","1027187","SpO2 Sensor McKesson Finger Pediatric Reusable 3 Foot Cord","Pulse Oximeters","McKesson Brand","147.47","226.99","283.99","79.52","35%","57.00","N/A","https://imgcdn.mckesson.com/CumulusWeb/Images/Item_Detail/1027187_ppkgleft.jpg"
"gid://shopify/Product/us-3391","1027181","SpO2 Sensor McKesson Multi-Site Pediatric Reusable 3 Foot Cord","Pulse Oximeters","McKesson Brand","146.78","225.99","282.99","79.21","35%","57.00","N/A","https://imgcdn.mckesson.com/CumulusWeb/Images/Item_Detail/1027181_ppkgleft.jpg"
"gid://shopify/Product/us-3392","372347","SpO2 Sensor OxiMax™ Multi-Site Adult Reusable","Pulse Oximeters","Medical Grade","144.99","223.99","279.99","79.00","35%","56.00","N/A","https://imgcdn.mckesson.com/CumulusWeb/Images/Item_Detail/372347_ppkgleft.jpg"
"gid://shopify/Product/us-3393","479236","Cable, Pulse Oximeter Nellcor® 10 Feet OxiMax* N-600x* Pulse Oximeter","Pulse Oximeters","Medtronic MITG","140.18","215.99","269.99","75.81","35%","54.00","N/A","https://imgcdn.mckesson.com/CumulusWeb/Images/Item_Detail/479236_front.jpg"
"gid://shopify/Product/us-3394","1027182","SpO2 Sensor McKesson Finger Adult Reusable 3 Foot Cord","Pulse Oximeters","McKesson Brand","138.41","212.99","266.99","74.58","35%","54.00","N/A","https://imgcdn.mckesson.com/CumulusWeb/Images/Item_Detail/1027182_ppkgfront.jpg"
"gid://shopify/Product/us-3395","1153567","SpO2 Sensor Nellcor® Finger Adult Reusable","Pulse Oximeters","Medtronic MITG","101.36","155.99","194.99","54.63","35%","39.00","N/A","https://imgcdn.mckesson.com/CumulusWeb/Images/Item_Detail/1153567_ppkgleft.jpg"
"gid://shopify/Product/us-3396","1153608","SpO2 Sensor Nellcor® Finger Multiple Users Single Patient Use","Pulse Oximeters","Medtronic MITG","92.30","153.99","192.99","61.69","40%","39.00","N/A","https://imgcdn.mckesson.com/CumulusWeb/Images/Item_Detail/1153608_front.jpg"
"gid://shopify/Product/us-3397","1250940","Digital Blood Pressure Monitor with Oximeter SmartHeart Adult Cuff Arm 8.6 to 16.5 Inch Desk Model","Pulse Oximeters","Veridian Healthcare LLC","68.28","113.99","142.99","45.71","40%","29.00","N/A","https://imgcdn.mckesson.com/CumulusWeb/Images/Item_Detail/1250940_pkit_.jpg"
"gid://shopify/Product/us-3398","1250938","Total Body Analyzer with NIBP and Oximeter Step On SmartHeart Digital Display 400 lbs. / 200kg White Battery Operated","Pulse Oximeters","Veridian Healthcare LLC","62.21","103.99","129.99","41.78","40%","26.00","N/A","https://imgcdn.mckesson.com/CumulusWeb/Images/Item_Detail/1250938_pkit_.jpg"
"gid://shopify/Product/us-3399","1281425","Pulse Oximeter RPM Pro™ Adult Battery Operated OLED Display","Pulse Oximeters","Veridian Healthcare LLC","41.84","69.99","87.99","28.15","40%","18.00","N/A","https://imgcdn.mckesson.com/CumulusWeb/Images/Item_Detail/1281425_ppkgfront.jpg"
"gid://shopify/Product/us-3400","1166905","Fingertip Pulse Oximeter Baseline® Pediatric Battery Operated OLED Display","Pulse Oximeters","Fabrication Enterprises","36.73","61.99","77.99","25.26","41%","16.00","N/A","https://imgcdn.mckesson.com/CumulusWeb/Images/Item_Detail/1166905_left.jpg"
"gid://shopify/Product/us-3401","699689","Fingertip Pulse Oximeter McKesson Adult Battery Operated OLED Display","Pulse Oximeters","McKesson Brand","33.41","55.99","69.99","22.58","40%","14.00","N/A","https://imgcdn.mckesson.com/CumulusWeb/Images/Item_Detail/699689_ppkgleft.jpg"
"gid://shopify/Product/us-3402","842271","SpO2 Sensor Replacement Wrap","Pulse Oximeters","Medical Grade","29.00","52.99","66.99","23.99","45%","14.00","N/A","https://imgcdn.mckesson.com/CumulusWeb/Images/Item_Detail/842271_front.jpg"
"gid://shopify/Product/us-3403","418002","Clip, Pulse Oximeter Sensor Ear, Reusable OxiMax™ Ear Clip Dura-Y Sensor","Pulse Oximeters","Medtronic MITG","29.00","52.99","66.99","23.99","45%","14.00","N/A","https://imgcdn.mckesson.com/CumulusWeb/Images/Item_Detail/418002_front.jpg"
"gid://shopify/Product/us-3404","1156279","Fingertip Pulse Oximeter Carex Adult Battery Operated LED Display","Pulse Oximeters","Medical Grade","27.45","49.99","62.99","22.54","45%","13.00","N/A","https://imgcdn.mckesson.com/CumulusWeb/Images/Item_Detail/1156279_right.jpg"
"gid://shopify/Product/us-3405","1218873","Fingertip Pulse Oximeter SmartHeart™ Adult Battery Operated OLED Display","Pulse Oximeters","Veridian Healthcare LLC","27.16","49.99","62.99","22.83","46%","13.00","N/A","https://imgcdn.mckesson.com/CumulusWeb/Images/Item_Detail/1218873_ppkgright.jpg"
"gid://shopify/Product/us-3406","1083014","Fingertip Pulse Oximeter Proactive Medical Products Adult Battery Operated LED Display","Pulse Oximeters","Proactive Medical Products LLC","20.92","38.99","48.99","18.07","46%","10.00","N/A","https://imgcdn.mckesson.com/CumulusWeb/Images/Item_Detail/1083014_front.jpg"
"gid://shopify/Product/us-3407","1134481","Fingertip Pulse Oximeter McKesson Adult / Pediatric Battery Operated LED Display","Pulse Oximeters","McKesson Brand","19.50","35.99","44.99","16.49","46%","9.00","N/A","https://imgcdn.mckesson.com/CumulusWeb/Images/Item_Detail/1134481_ppkgleft.jpg"
"gid://shopify/Product/us-3408","794385","Fingertip Pulse Oximeter Baseline® Adult Battery Operated LED Display","Pulse Oximeters","Fabrication Enterprises","18.75","34.99","43.99","16.24","46%","9.00","N/A","https://imgcdn.mckesson.com/CumulusWeb/Images/Item_Detail/794385.jpg"
"gid://shopify/Product/us-3409","1218872","Fingertip Pulse Oximeter SmartHeart™ Adult Battery Operated LCD Display","Pulse Oximeters","Veridian Healthcare LLC","18.53","33.99","42.99","15.46","45%","9.00","N/A","https://imgcdn.mckesson.com/CumulusWeb/Images/Item_Detail/1218872_ppkgright.jpg"
"gid://shopify/Product/us-3410","972840","Oximeter Retractable Lanyard Nonin™ Yellow / Black","Pulse Oximeters","Nonin Medical","15.31","27.99","34.99","12.68","45%","7.00","N/A","https://imgcdn.mckesson.com/CumulusWeb/Images/Item_Detail/972840.jpg"
"gid://shopify/Product/us-3411","1027183","SpO2 Sensor McKesson Finger Adult Single Patient Use 1-1/2 Foot Cord","Pulse Oximeters","McKesson Brand","15.26","27.99","34.99","12.73","45%","7.00","N/A","https://imgcdn.mckesson.com/CumulusWeb/Images/Item_Detail/1027183_ppkgleft.jpg"
"gid://shopify/Product/us-3412","1027184","SpO2 Sensor McKesson Finger Pediatric Single Patient Use 1-1/2 Foot Cord","Pulse Oximeters","McKesson Brand","13.17","23.99","29.99","10.82","45%","6.00","N/A","https://imgcdn.mckesson.com/CumulusWeb/Images/Item_Detail/1027184_ppkgleft.jpg"
"gid://shopify/Product/us-3413","1027185","SpO2 Sensor McKesson Finger Pediatric Single Patient Use 1-1/2 Foot Cord","Pulse Oximeters","McKesson Brand","11.47","20.99","26.99","9.52","45%","6.00","N/A","https://imgcdn.mckesson.com/CumulusWeb/Images/Item_Detail/1027185_ppkgleft.jpg"
"gid://shopify/Product/us-3414","180699","Single Patient Use SpO2 Sensor Replacement Wrap Tidi Multi-Site Multiple Users Single Patient Use","Pulse Oximeters","Tidi Products","9.65","17.99","22.99","8.34","46%","5.00","N/A","https://imgcdn.mckesson.com/CumulusWeb/Images/Item_Detail/180699_side.jpg"
"gid://shopify/Product/us-3415","1068851","SpO2 Sensor Sensoronics Finger Infant Single Patient Use","Pulse Oximeters","Sensoronics Inc","9.06","16.99","21.99","7.93","47%","5.00","N/A","https://imgcdn.mckesson.com/CumulusWeb/Images/Item_Detail/1068851_front.jpg"
"gid://shopify/Product/us-3416","1068285","SpO2 Sensor Sensoronics Finger Infant Single Patient Use 3 Foot Cord","Pulse Oximeters","Sensoronics Inc","9.06","16.99","21.99","7.93","47%","5.00","N/A","https://imgcdn.mckesson.com/CumulusWeb/Images/Item_Detail/1068285.jpg"
"gid://shopify/Product/us-3417","1068854","SpO2 Sensor Sensoronics Finger Infant Single Patient Use 3 Foot Cord","Pulse Oximeters","Sensoronics Inc","9.06","16.99","21.99","7.93","47%","5.00","N/A","https://imgcdn.mckesson.com/CumulusWeb/Images/Item_Detail/1068854_side.jpg"
"gid://shopify/Product/us-3418","1068849","SpO2 Sensor Sensoronics Finger Infant Single Patient Use 3 Foot Cord","Pulse Oximeters","Sensoronics Inc","9.06","16.99","21.99","7.93","47%","5.00","N/A","https://imgcdn.mckesson.com/CumulusWeb/Images/Item_Detail/1068849.jpg"
"gid://shopify/Product/us-3419","1068284","SpO2 Sensor Sensoronics Finger Pediatric Single Patient Use 1-1/2 Foot Cord","Pulse Oximeters","Sensoronics Inc","9.06","16.99","21.99","7.93","47%","5.00","N/A","https://imgcdn.mckesson.com/CumulusWeb/Images/Item_Detail/1068284.jpg"
"gid://shopify/Product/us-3420","1068848","SpO2 Sensor Sensoronics Finger Infant Single Patient Use 3 Foot Cord","Pulse Oximeters","Sensoronics Inc","9.06","16.99","21.99","7.93","47%","5.00","N/A","https://imgcdn.mckesson.com/CumulusWeb/Images/Item_Detail/1068848.jpg"
"gid://shopify/Product/us-3421","899534","Diagnostic Wrist Strap For use wieth Pulse Oximeter 3150","Pulse Oximeters","Nonin Medical","5.33","9.99","12.99","4.66","47%","3.00","N/A","https://imgcdn.mckesson.com/CumulusWeb/Images/Item_Detail/899534_right.jpg"
"gid://shopify/Product/us-3422","1069796","Handheld Pulse Oximeter Rad-57® Adult Battery Operated LCD Display","Pulse Oximeters","Masimo Corp","7616.44","10578.99","13223.99","2962.55","28%","2645.00","N/A","https://imgcdn.mckesson.com/CumulusWeb/Images/Item_Detail/1069796_right.jpg"
"gid://shopify/Product/us-3423","987986","Pulse Co-Oximeter Nellcor™ Adult / Pediatric AC Power Cord / Battery Operated Digital Display","Pulse Oximeters","Medtronic MITG","7433.34","10324.99","12906.99","2891.65","28%","2582.00","N/A","https://imgcdn.mckesson.com/CumulusWeb/Images/Item_Detail/987986_front.jpg"
"gid://shopify/Product/us-3424","1236195","Patient Monitor GE B125 Monitoring ECG, NIBP, Nellcor Pulse Oximeter SpO2 AC Power","Pulse Oximeters","GE Healthcare","6447.47","8954.99","11193.99","2507.52","28%","2239.00","N/A","https://imgcdn.mckesson.com/CumulusWeb/Images/Item_Detail/1236195_left.jpg"
"gid://shopify/Product/us-3425","1122464","Pulse Co-Oximeter Rad-97® Adult AC Power Cord / Battery Operated LCD Display","Pulse Oximeters","Masimo Corp","6284.55","8728.99","10911.99","2444.44","28%","2183.00","N/A","https://imgcdn.mckesson.com/CumulusWeb/Images/Item_Detail/1122464_right.jpg"
"gid://shopify/Product/us-3426","1073254","Pulse Co-Oximeter Nellcor™ Adult / Pediatric AC Power Cord / Battery Operated Digital Display","Pulse Oximeters","Medtronic MITG","5406.06","7508.99","9386.99","2102.93","28%","1878.00","N/A","https://imgcdn.mckesson.com/CumulusWeb/Images/Item_Detail/1073254_left.jpg"
"gid://shopify/Product/us-3427","1017133","Handheld Pulse Oximeter Rad-57® Adult / Pediatric Battery Operated LCD Display","Pulse Oximeters","Masimo Corp","4885.73","6785.99","8482.99","1900.26","28%","1697.00","N/A","https://imgcdn.mckesson.com/CumulusWeb/Images/Item_Detail/1017133_right.jpg"
"gid://shopify/Product/us-3428","1040842","Handheld Pulse Co-Oximeter Rainbow® Adult Battery Operated LCD Display","Pulse Oximeters","Masimo Corp","4324.85","6006.99","7508.99","1682.14","28%","1502.00","N/A","https://imgcdn.mckesson.com/CumulusWeb/Images/Item_Detail/1040842_right.jpg"
"gid://shopify/Product/us-3429","1110794","Capnograph / Oximeter Rad-97® Adult / Infant / Pediatric AC Power Cord LCD Display","Pulse Oximeters","Masimo Corp","3784.24","5255.99","6569.99","1471.75","28%","1314.00","N/A","https://imgcdn.mckesson.com/CumulusWeb/Images/Item_Detail/1110794_pdet.jpg"
"gid://shopify/Product/us-3430","1095873","Pulse Co-Oximeter with NIBP Rad-97® Adult / Infant / Pediatric AC Power Cord LCD Display","Pulse Oximeters","Masimo Corp","3378.79","4692.99","5866.99","1314.20","28%","1174.00","N/A","https://imgcdn.mckesson.com/CumulusWeb/Images/Item_Detail/1095873_front.jpg"
"gid://shopify/Product/us-3431","1082245","Pulse Co-Oximeter Rad-97® Adult / Infant / Pediatric AC Power Cord LCD Display","Pulse Oximeters","Masimo Corp","3047.67","4232.99","5291.99","1185.32","28%","1059.00","N/A","https://imgcdn.mckesson.com/CumulusWeb/Images/Item_Detail/1082245_front.jpg"
"gid://shopify/Product/us-3432","1110793","Pulse Co-Oximeter with NIBP Rad-97® Adult / Infant / Pediatric AC Power Cord LCD Display","Pulse Oximeters","Masimo Corp","2500.30","3472.99","4341.99","972.69","28%","869.00","N/A","https://imgcdn.mckesson.com/CumulusWeb/Images/Item_Detail/1110793_front.jpg"
"gid://shopify/Product/us-3433","866057","Handheld Pulse Co-Oximeter Radical-7® Adult / Infant / Pediatric AC Power Cord LCD Display","Pulse Oximeters","Masimo Corp","2027.27","2815.99","3519.99","788.72","28%","704.00","N/A","https://imgcdn.mckesson.com/CumulusWeb/Images/Item_Detail/866057_right.jpg"
"gid://shopify/Product/us-3434","868866","Handheld Pulse Co-Oximeter Pronto® Adult / Infant / Pediatric Battery Operated LCD Display","Pulse Oximeters","Masimo Corp","2020.52","2806.99","3508.99","786.47","28%","702.00","N/A","https://imgcdn.mckesson.com/CumulusWeb/Images/Item_Detail/868866_right.jpg"
"gid://shopify/Product/us-3435","677605","MRI Pulse Oximeter 7500 Series Adult / Pediatric Battery Operated LED Display","Pulse Oximeters","Nonin Medical","1772.09","2461.99","3077.99","689.90","28%","616.00","N/A","https://imgcdn.mckesson.com/CumulusWeb/Images/Item_Detail/677605.jpg"
"gid://shopify/Product/us-3436","1147549","Handheld Pulse Co-Oximeter Rad-67® Adult AC Power Cord LCD Display","Pulse Oximeters","Masimo Corp","1755.62","2438.99","3048.99","683.37","28%","610.00","N/A","https://imgcdn.mckesson.com/CumulusWeb/Images/Item_Detail/1147549_front.jpg"
"gid://shopify/Product/us-3437","1151520","Capnograph / Oximeter MDPRO Microcap9 Adult Battery Operated TFT Display","Pulse Oximeters","EdanUSA & MDPro","1588.03","2205.99","2757.99","617.96","28%","552.00","N/A","https://imgcdn.mckesson.com/CumulusWeb/Images/Item_Detail/1151520_front.jpg"
"gid://shopify/Product/us-3438","958075","Handheld Pulse Oximeter Nellcor™ Adult Battery Operated LCD Display","Pulse Oximeters","Medtronic MITG","1419.09","1970.99","2463.99","551.90","28%","493.00","N/A","https://imgcdn.mckesson.com/CumulusWeb/Images/Item_Detail/958075_right.jpg"
"gid://shopify/Product/us-3439","1027186","SpO2 Sensor McKesson Finger Pediatric Reusable 3 Foot Cord","Pulse Oximeters","McKesson Brand","1351.52","1877.99","2347.99","526.47","28%","470.00","N/A","https://imgcdn.mckesson.com/CumulusWeb/Images/Item_Detail/1027186.jpg"
"gid://shopify/Product/us-3440","1170375","Handheld Pulse Co-Oximeter Rad-67® Adult AC Power Cord LCD Display","Pulse Oximeters","Masimo Corp","1350.16","1875.99","2344.99","525.83","28%","469.00","N/A","https://imgcdn.mckesson.com/CumulusWeb/Images/Item_Detail/1170375_front.jpg"
"gid://shopify/Product/us-3441","1208088","Wrist Pulse Oximeter Nonin® Adult Battery Operated","Pulse Oximeters","Fabrication Enterprises","1292.74","1795.99","2244.99","503.25","28%","449.00","N/A","https://imgcdn.mckesson.com/CumulusWeb/Images/Item_Detail/1208088_right.jpg"
"gid://shopify/Product/us-3442","854261","Handheld Pulse Co-Oximeter Pronto® Adult / Pediatric Battery Operated LCD Display","Pulse Oximeters","Masimo Corp","1290.70","1792.99","2241.99","502.29","28%","449.00","N/A","https://imgcdn.mckesson.com/CumulusWeb/Images/Item_Detail/854261_right.jpg"
"gid://shopify/Product/us-3443","831612","Pulse Oximeter Nellcor™ Adult Battery Operated","Pulse Oximeters","Medtronic MITG","1250.15","1736.99","2171.99","486.84","28%","435.00","N/A","https://imgcdn.mckesson.com/CumulusWeb/Images/Item_Detail/831612_left.jpg"
"gid://shopify/Product/us-3444","1211367","Tabletop Pulse Oximeter 7500 Series Adult AC Power Cord / Battery Operated LED Display","Pulse Oximeters","Nonin Medical","1245.89","1730.99","2163.99","485.10","28%","433.00","N/A","https://imgcdn.mckesson.com/CumulusWeb/Images/Item_Detail/1211367_front.jpg"
"gid://shopify/Product/us-3445","1056681","Tabletop Pulse Oximeter 7500 Series Adult AC Power Cord / Battery Operated LED Display","Pulse Oximeters","Nonin Medical","1245.89","1730.99","2163.99","485.10","28%","433.00","N/A","https://imgcdn.mckesson.com/CumulusWeb/Images/Item_Detail/1056681.jpg"
"gid://shopify/Product/us-3446","1149304","Tabletop Pulse Oximeter 7500 Series Infant AC Power Cord / Battery Operated LED Display","Pulse Oximeters","Nonin Medical","1245.89","1730.99","2163.99","485.10","28%","433.00","N/A","https://imgcdn.mckesson.com/CumulusWeb/Images/Item_Detail/1149304.jpg"
"gid://shopify/Product/us-3447","1073740","Tabletop Pulse Oximeter 7500 Series Adult AC Power Cord / Battery Operated LED Display","Pulse Oximeters","Nonin Medical","1245.89","1730.99","2163.99","485.10","28%","433.00","N/A","https://imgcdn.mckesson.com/CumulusWeb/Images/Item_Detail/1073740.jpg"
"gid://shopify/Product/us-3448","747254","Wrist Pulse Oximeter WristOx2® Adult Battery Operated LCD Display","Pulse Oximeters","Medical Grade","1243.11","1726.99","2158.99","483.88","28%","432.00","N/A","https://imgcdn.mckesson.com/CumulusWeb/Images/Item_Detail/747254.jpg"
"gid://shopify/Product/us-1003","INO-IS-501-NA16","Inogen One G5 Portable Oxygen Concentrator - Double 16-Cell Battery (INO-IS-501-NA16)","Portable Concentrators","Inogen","1250.00","2498.99","2687.5","999.60","40%","188.51","","https://dphpia7d6qb4m.cloudfront.net/images/ino-is-501-na16_01_t.png"
"gid://shopify/Product/us-1004","DV-525DS","Drive DeVilbiss 525DS 5 Liter Home Oxygen Concentrator (DV-525DS)","5 Liter Concentrators","Drive DeVilbiss","495.00","988.99","1064.25","395.60","40%","75.26","","https://dphpia7d6qb4m.cloudfront.net/images/dv-525ds_01_t.png"
"gid://shopify/Product/us-1005","SL-2025G-25-25","Salter Labs Green Oxygen Supply Tubing 25-Foot - SL-2025G-25-25","Oxygen Tubing","Salter Labs","41.05","54.99","59.99","22.00","40%","5.00","","https://dphpia7d6qb4m.cloudfront.net/images/2025g-25-25_01_t.png"
"gid://shopify/Product/us-1007","DV-1025DS","Drive DeVilbiss 10 Liter Oxygen Concentrator (DV-1025DS)","Oxygen Concentrators","Drive DeVilbiss","999.00","1393.99","1499","557.60","40%","105.01","","https://dphpia7d6qb4m.cloudfront.net/images/dv-1025ds_01_t.png"
"gid://shopify/Product/us-1008","LS-LM5BA","Rhythm Healthcare 5 Liter Oxygen Concentrator - LS-LM5BA","Oxygen Concentrator","Rhythm Healthcare","405.00","742.99","799","297.20","40%","56.01","","https://dphpia7d6qb4m.cloudfront.net/images/lm5ba_01_t.png"
"gid://shopify/Product/us-1011","SL-1600","Salter Labs SL-1600 Oxygen Cannula","Oxygen Cannula","Salter Labs","45.00","60.99","65","24.40","40%","4.01","","https://dphpia7d6qb4m.cloudfront.net/images/1600_01_t.png"
"gid://shopify/Product/us-1019","DR-18300P","Drive DeVilbiss Oxygen Regulator 0-15 LPM (DR-18300P)","Oxygen Regulators","Drive DeVilbiss","45.00","70.99","79.99","28.40","40%","9.00","","https://dphpia7d6qb4m.cloudfront.net/images/dr-18300p_01_t.jpg"
"gid://shopify/Product/us-1021","SL-2025-25-25","Salter Labs 25-Foot Oxygen Cannula Supply Tubing - SL-2025-25-25","Oxygen Tubing","Salter Labs","41.05","54.99","59.99","22.00","40%","5.00","","https://dphpia7d6qb4m.cloudfront.net/images/2025-25-25_01_t.png"
"gid://shopify/Product/us-1022","LS-P2","Rhythm Healthcare LifeChoice Portable Oxygen Concentrator - LS-P2","Portable Oxygen Concentrator","Rhythm Healthcare","950.00","1761.99","1895","704.80","40%","133.01","","https://dphpia7d6qb4m.cloudfront.net/images/p2_01_t.png"
"gid://shopify/Product/us-1024","INO-IS-501-NA8","Inogen One G5 Portable Oxygen Concentrator - Single Battery","Portable Oxygen Concentrator","Inogen","1150.00","2319.99","2495","928.00","40%","175.01","","https://dphpia7d6qb4m.cloudfront.net/images/ino-is-501-na8_01_t.png"
"gid://shopify/Product/us-1025","SL-7600-0-50","Salter Labs 7600 Bubble Humidifier 50 psi - 50/Case","Oxygen Humidifiers","Salter Labs","78.95","114.99","125","46.00","40%","10.01","","https://dphpia7d6qb4m.cloudfront.net/images/7600-0-50_01_t.png"
"gid://shopify/Product/us-1029","DR-OM-812","Drive DeVilbiss Oxygen Conserving Device OM-812","Oxygen Conserving Devices","Drive DeVilbiss","119.95","173.99","189.99","69.60","40%","16.00","","https://dphpia7d6qb4m.cloudfront.net/images/dr-om-812_01_t.jpg"
"gid://shopify/Product/us-1031","INO-IS-401-NA8","Inogen One G4 8-Cell Portable Oxygen Concentrator System (NA8)","Portable Oxygen Concentrator","Inogen","1475.00","2319.99","2495","928.00","40%","175.01","","https://dphpia7d6qb4m.cloudfront.net/images/ino-is-401-na8_01_t.png"
"gid://shopify/Product/us-1033","SL-1220-0-100","Salter Labs 1220-0-100 Oxygen Tubing Connector","Oxygen Tubing Accessories","Salter Labs","106.80","138.99","149.99","55.60","40%","11.00","","https://dphpia7d6qb4m.cloudfront.net/images/1220-0-100_01_t.png"
"gid://shopify/Product/us-1034","DR-5DECO2DS","Drive DeVilbiss 5 Liter Oxygen Concentrator with OSD","Oxygen Concentrator","Drive DeVilbiss","375.00","556.99","599.99","222.80","40%","43.00","","https://dphpia7d6qb4m.cloudfront.net/images/dr-5deco2ds_01_t.png"
"gid://shopify/Product/us-1035","SL-2050G-50-20","Salter Labs Green Oxygen Tubing, 50 Feet, 20/Case - SL-2050G-50-20","Oxygen Tubing","Salter Labs","70.50","94.99","95","38.00","40%","0.01","","https://dphpia7d6qb4m.cloudfront.net/images/2050g-50-20_01_t.png"
"gid://shopify/Product/us-1037","SL-1600HF","Salter Labs SL-1600HF High Flow Oxygen Cannula","Oxygen Cannulas","Salter Labs","45.00","70.99","79.99","28.40","40%","9.00","","https://dphpia7d6qb4m.cloudfront.net/images/1600hf_01_t.png"
"gid://shopify/Product/us-1038","DR-TUB NK","Drive DeVilbiss Oxygen Tubing Connector (DR-TUB NK)","Oxygen Accessories","Drive DeVilbiss","45.00","66.99","75","26.80","40%","8.01","","https://dphpia7d6qb4m.cloudfront.net/images/parent_images/tub%20nk_01_t.png"
"gid://shopify/Product/us-1039","SL-1005-0-25","Salter Labs SL-1005-0-25 Nasal Oxygen Cannula, 25-Foot","Oxygen Cannula","Salter Labs","35.30","47.99","52.95","19.20","40%","4.96","","https://dphpia7d6qb4m.cloudfront.net/images/1005-0-25_01_t.png"
"gid://shopify/Product/us-1040","SL-7900-0-25","Salter Labs Bubble Humidifier 7900-0-25","Oxygen Therapy Accessories","Salter Labs","92.65","119.99","129.99","48.00","40%","10.00","","https://dphpia7d6qb4m.cloudfront.net/images/7900-0-25_01_t.png"
"gid://shopify/Product/us-1042","DV-125D","Drive DeVilbiss iGo2 Portable Oxygen Concentrator DV-125D","Portable Oxygen Concentrator","Drive DeVilbiss","1050.00","2319.99","2495","928.00","40%","175.01","","https://dphpia7d6qb4m.cloudfront.net/images/dv-125d_01_t.png"
"gid://shopify/Product/us-1046","SL-7001-0-25","Salter Labs 7001-0-25 Nasal Cannula with 25-Foot Tubing","Oxygen Therapy Accessories","Salter Labs","52.05","70.99","79.99","28.40","40%","9.00","","https://dphpia7d6qb4m.cloudfront.net/images/7001-0-25_01_t.png"
"gid://shopify/Product/us-1048","DR-SOFT 204","Drive DeVilbiss Soft-Form Nasal Cannula DR-SOFT 204","Nasally Administered Oxygen Accessories","Drive DeVilbiss","36.60","52.99","59.99","21.20","40%","7.00","","https://dphpia7d6qb4m.cloudfront.net/images/soft%20204_01_t.png"
"gid://shopify/Product/us-1049","ROS-RMI-08MINI","Roscoe Medical Economy CGA-870 Mini Oxygen Regulator","Oxygen Regulators","Roscoe Medical","16.95","25.99","29.99","10.40","40%","4.00","","https://dphpia7d6qb4m.cloudfront.net/images/ros-rmi-08mini_t.jpg"
"gid://shopify/Product/us-1050","DR-OP-150-800","Drive DeVilbiss Oxygen Cylinder Carry Bag (M6 / D Cylinder, 800 Series)","Oxygen Cylinder Bags","Drive DeVilbiss","13.35","20.99","24.99","8.40","40%","4.00","","https://dphpia7d6qb4m.cloudfront.net/images/dr-op-150-800_01_t.jpg"
"gid://shopify/Product/us-1053","DR-STDS6008-1","Drive DeVilbiss Oxygen Cylinder Bag for M6 and C Cylinders","Oxygen Cylinder Accessories","Drive DeVilbiss","25.85","34.99","38.99","14.00","40%","4.00","","https://dphpia7d6qb4m.cloudfront.net/images/dr-stds6008-1_01_t.jpg"
"gid://shopify/Product/us-1055","SL-1225-0-25","Salter Labs 1225 Oxygen Tubing Connectors, 25/Pack","Oxygen Tubing Connectors","Salter Labs","56.00","75.99","75","30.40","40%","-0.99","","https://dphpia7d6qb4m.cloudfront.net/images/1225-0-25_01_t.png"
"gid://shopify/Product/us-1056","LS-P2BY001-2","Rhythm Healthcare LifeStyle Portable Oxygen Concentrator Battery LS-P2BY001-2","Oxygen Concentrator Battery","Rhythm Healthcare","155.00","228.99","249.99","91.60","40%","21.00","","https://dphpia7d6qb4m.cloudfront.net/images/p2by001-2_01_t.png"
"gid://shopify/Product/us-1062","LS-P2-E6","Rhythm Healthcare P2-E6 Portable Oxygen Concentrator","Portable Oxygen Concentrator","Rhythm Healthcare","975.00","1812.99","1950","725.20","40%","137.01","","https://dphpia7d6qb4m.cloudfront.net/images/p2-e6_02_t.png"
"gid://shopify/Product/us-1063","DR-CON 400","Drive DeVilbiss Oxygen Tubing Connector, DR-CON 400","Oxygen Tubing Connector","Drive DeVilbiss","37.15","49.99","52.99","20.00","40%","3.00","","https://dphpia7d6qb4m.cloudfront.net/images/con%20400_01_t.png"
"gid://shopify/Product/us-1064","SL-2050-50-20","Salter Labs 50-Foot Oxygen Tubing - SL-2050-50-20","Oxygen Tubing","Salter Labs","70.50","94.99","94.99","38.00","40%","0.00","","https://dphpia7d6qb4m.cloudfront.net/images/2050-50-20_01_t.png"
"gid://shopify/Product/us-1066","SL-2002G-7-50","Salter Labs Soft-Green Oxygen Tubing 7 Feet - 50/Case","Oxygen Tubing","Salter Labs","23.00","30.99","34.99","12.40","40%","4.00","","https://dphpia7d6qb4m.cloudfront.net/images/2002g-7-50_01_t.png"
"gid://shopify/Product/us-1067","SL-2014-14-50","Salter Labs 14-Foot Oxygen Tubing with Standard Connectors - SL-2014-14-50","Oxygen Tubing","Salter Labs","48.40","64.99","69.99","26.00","40%","5.00","","https://dphpia7d6qb4m.cloudfront.net/images/2014-14-50_01_t.png"
"gid://shopify/Product/us-1068","SL-2002-7-50","Salter Labs 7-Foot Oxygen Tubing - SL-2002-7-50","Oxygen Tubing","Salter Labs","20.60","30.99","34.99","12.40","40%","4.00","","https://dphpia7d6qb4m.cloudfront.net/images/2002-7-50_01_t.png"
"gid://shopify/Product/us-1070","LS-LM5BA9","Rhythm Healthcare LM5BA9 Humidifier Bottle for Oxygen Concentrators","Concentrator Accessories","Rhythm Healthcare","72.00","118.99","129.99","47.60","40%","11.00","","https://dphpia7d6qb4m.cloudfront.net/images/lm5ba9_01_t.png"
"gid://shopify/Product/us-1072","ROS-RMI-15MINI","Roscoe Medical Mini Oxygen Regulator CGA-870","Oxygen Regulators","Roscoe Medical","16.25","25.99","29.99","10.40","40%","4.00","","https://dphpia7d6qb4m.cloudfront.net/images/ros-rmi-15mini_t.jpg"
"gid://shopify/Product/us-1075","O2-800-0001-1V","O2 Concepts Oxlife Independence Portable Oxygen Concentrator","Portable Oxygen Concentrator","O2 Concepts","1950.00","3249.99","3495","1300.00","40%","245.01","","https://dphpia7d6qb4m.cloudfront.net/images/o2-800-0001-1v_t.jpg"
"gid://shopify/Product/us-1083","LS-LM10A","Rhythm Healthcare 10 Liter Concentrators (LS-LM10A)","10 Liter Concentrators","Rhythm Healthcare","999.00","2024.99","2177.82","810.00","40%","152.83","","https://dphpia7d6qb4m.cloudfront.net/images/lm10a_01_t.png"
"gid://shopify/Product/us-1088","DV-525DD-650","Drive DeVilbiss Concentrators - Portables (DV-525DD-650)","Concentrators - Portables","Drive DeVilbiss","57.35","114.99","125.02","46.00","40%","10.03","","https://dphpia7d6qb4m.cloudfront.net/images/dv-525dd-650_01_t.png"
"gid://shopify/Product/us-1091","SL-SO-1790","Salter Labs Oxygen Tubing (SL-SO-1790)","Oxygen Tubing","Salter Labs","31.85","61.99","69.43","24.80","40%","7.44","","https://dphpia7d6qb4m.cloudfront.net/images/so-1790_01_t.png"
"gid://shopify/Product/us-1093","HD-1420","Hudson RCI Oxygen Tubing Connectors (HD-1420)","Oxygen Tubing Connectors","Hudson RCI","15.95","30.99","34.77","12.40","40%","3.78","","https://dphpia7d6qb4m.cloudfront.net/images/hud1420_01_t.png"
"gid://shopify/Product/us-1096","SL-1220-0-25","Salter Labs Oxygen Tubing Connectors (SL-1220-0-25)","Oxygen Tubing Connectors","Salter Labs","30.80","59.99","67.14","24.00","40%","7.15","","https://dphpia7d6qb4m.cloudfront.net/images/1220-0-25_01_t.png"
"gid://shopify/Product/us-1105","DV-303DZ-605","Drive DeVilbiss Oxygen Filters (DV-303DZ-605)","Oxygen Filters","Drive DeVilbiss","13.01","23.99","28.36","9.60","40%","4.37","","https://dphpia7d6qb4m.cloudfront.net/images/dv-303dz-605_01_t.png"
"gid://shopify/Product/us-1106","ROS-CIF-IRO","Roscoe Medical Oxygen Filters (ROS-CIF-IRO)","Oxygen Filters","Roscoe Medical","5.50","9.99","11.99","4.00","40%","2.00","","https://dphpia7d6qb4m.cloudfront.net/images/ros-cif-iro_t.jpg"
"gid://shopify/Product/us-1108","INO-IS-401-NA4","Inogen Portable Concentrators (INO-IS-401-NA4)","Portable Concentrators","Inogen","1341.00","2717.99","2923.38","1087.20","40%","205.39","","https://dphpia7d6qb4m.cloudfront.net/images/ino-is-401-na4_01_t.png"
"gid://shopify/Product/us-1124","DR-CON 900","Drive DeVilbiss Oxygen Inline Water Traps (DR-CON 900)","Oxygen Inline Water Traps","Drive DeVilbiss","50.60","100.99","110.31","40.40","40%","9.32","","https://dphpia7d6qb4m.cloudfront.net/images/con%20900_01_t.png"
"gid://shopify/Product/us-1127","LS-LM5BA-ILF","Rhythm Healthcare Oxygen Filters (LS-LM5BA-ILF)","Oxygen Filters","Rhythm Healthcare","8.30","14.99","18.09","6.00","40%","3.10","","https://dphpia7d6qb4m.cloudfront.net/images/lm5ba-ilf_01_t.png"
"gid://shopify/Product/us-1134","SL-2014G-14-50","Salter Labs Oxygen Tubing (SL-2014G-14-50)","Oxygen Tubing","Salter Labs","45.70","88.99","99.63","35.60","40%","10.64","","https://dphpia7d6qb4m.cloudfront.net/images/2014g-14-50_01_t.png"
"gid://shopify/Product/us-1136","HD-1679","Hudson RCI Oxygen Inline Water Traps (HD-1679)","Oxygen Inline Water Traps","Hudson RCI","16.65","31.99","36.3","12.80","40%","4.31","","https://dphpia7d6qb4m.cloudfront.net/images/hud1679_01_t.png"
"gid://shopify/Product/us-1138","HD-1118","Hudson RCI Oxygen Tubing (HD-1118)","Oxygen Tubing","Hudson RCI","55.70","110.99","121.43","44.40","40%","10.44","","https://dphpia7d6qb4m.cloudfront.net/images/1118_01_t.png"
"gid://shopify/Product/us-1145","DR-P-224","Drive DeVilbiss Disposable Oxygen Conserver (DR-P-224)","Disposable Oxygen Conserver","Drive DeVilbiss","389.80","789.99","849.76","316.00","40%","59.77","","https://dphpia7d6qb4m.cloudfront.net/images/p-224_01_t.png"
"gid://shopify/Product/us-1146","LS-P2DCA-1","Rhythm Healthcare Concentrator Chargers & Power Supplies (LS-P2DCA-1)","Concentrator Chargers & Power Supplies","Rhythm Healthcare","81.25","161.99","177.13","64.80","40%","15.14","","https://dphpia7d6qb4m.cloudfront.net/images/p2dca-1_01_t.png"
"gid://shopify/Product/us-1148","SL-1215-0-50","Salter Labs Oxygen Tubing Connectors (SL-1215-0-50)","Oxygen Tubing Connectors","Salter Labs","28.05","54.99","61.15","22.00","40%","6.16","","https://dphpia7d6qb4m.cloudfront.net/images/1215-0-50_01_t.png"
"gid://shopify/Product/us-1156","DR-CON 700","Drive DeVilbiss Oxygen Tubing Connectors (DR-CON 700)","Oxygen Tubing Connectors","Drive DeVilbiss","6.05","10.99","13.19","4.40","40%","2.20","","https://dphpia7d6qb4m.cloudfront.net/images/con%20700_01_t.png"
"gid://shopify/Product/us-1161","HD-1115","Hudson RCI Oxygen Tubing (HD-1115)","Oxygen Tubing","Hudson RCI","23.15","44.99","50.47","18.00","40%","5.48","","https://dphpia7d6qb4m.cloudfront.net/images/hud1115_01_t.png"
"gid://shopify/Product/us-1162","SL-1227-7-7-10","Salter Labs Oxygen Tubing Connectors (SL-1227-7-7-10)","Oxygen Tubing Connectors","Salter Labs","40.15","77.99","87.53","31.20","40%","9.54","","https://dphpia7d6qb4m.cloudfront.net/images/1227-7-7-10_01_t.png"
"gid://shopify/Product/us-1163","LS-P2ACA-1","Rhythm Healthcare Concentrator Chargers & Power Supplies (LS-P2ACA-1)","Concentrator Chargers & Power Supplies","Rhythm Healthcare","87.25","173.99","190.21","69.60","40%","16.22","","https://dphpia7d6qb4m.cloudfront.net/images/p2aca-1_01_t.png"
"gid://shopify/Product/us-1164","O2-800-0001-2V","O2 Concepts Portable O2 Concentrators (O2-800-0001-2V)","Portable O2 Concentrators","O2 Concepts","2208.00","4475.99","4813.44","1790.40","40%","337.45","","https://dphpia7d6qb4m.cloudfront.net/images/o2-800-0001-2v_t.jpg"
"gid://shopify/Product/us-1168","INO-RP-101","Inogen Oxygen Filters (INO-RP-101)","Oxygen Filters","Inogen","43.00","83.99","93.74","33.60","40%","9.75","","https://www.lakecourt.com/respiratory/images/no-image.png"
"gid://shopify/Product/us-1173","DR-18580","Drive DeVilbiss Oxygen Analyzers (DR-18580)","Oxygen Analyzers","Drive DeVilbiss","280.85","568.99","612.25","227.60","40%","43.26","","https://www.lakecourt.com/respiratory/images/no-image.png"
"gid://shopify/Product/us-1174","REA-IRC10LXO2","React Health 10 Liter Concentrators (REA-IRC10LXO2)","10 Liter Concentrators","React Health","1120.00","2269.99","2441.6","908.00","40%","171.61","","https://dphpia7d6qb4m.cloudfront.net/images/in-irc10lxo2_t.jpg"
"gid://shopify/Product/us-1175","SL-9996-1-25","Salter Labs Oxygen Tubing (SL-9996-1-25)","Oxygen Tubing","Salter Labs","10.75","19.99","23.44","8.00","40%","3.45","","https://dphpia7d6qb4m.cloudfront.net/images/9996-1-25_01_t.png"
"gid://shopify/Product/us-1176","DV-555DS","Drive Medical 5 Liter Concentrators (DV-555DS)","5 Liter Concentrators","Drive Medical","495.00","1002.99","1079.1","401.20","40%","76.11","","https://dphpia7d6qb4m.cloudfront.net/images/555ds_01_t.png"
"gid://shopify/Product/us-1179","LS-TOC3","Rhythm Healthcare Pull Behind Concentrators (LS-TOC3)","Pull Behind Concentrators","Rhythm Healthcare","1400.00","2837.99","3052","1135.20","40%","214.01","","https://dphpia7d6qb4m.cloudfront.net/images/toc3_01_t.png"
"gid://shopify/Product/us-1183","RE-1038831","Philips Respironics Oxygen Filters (RE-1038831)","Oxygen Filters","Philips Respironics","21.81","41.99","47.55","16.80","40%","5.56","","https://dphpia7d6qb4m.cloudfront.net/images/re-1038831_t.jpg"
"gid://shopify/Product/us-1184","SL-2004-4-50","Salter Labs Oxygen Tubing (SL-2004-4-50)","Oxygen Tubing","Salter Labs","18.05","34.99","39.35","14.00","40%","4.36","","https://dphpia7d6qb4m.cloudfront.net/images/2004-4-50_01_t.png"
"gid://shopify/Product/us-1187","LS-LM5BA-ITF","Rhythm Healthcare Oxygen Filters (LS-LM5BA-ITF)","Oxygen Filters","Rhythm Healthcare","1.60","2.99","3.49","1.20","40%","0.50","","https://dphpia7d6qb4m.cloudfront.net/images/lm5ba-itf_01_t.png"
"gid://shopify/Product/us-1189","SL-PRO2ELITE-1","Salter Labs Oxygen Analyzers (SL-PRO2ELITE-1)","Oxygen Analyzers","Salter Labs","583.15","1181.99","1271.27","472.80","40%","89.28","","https://dphpia7d6qb4m.cloudfront.net/images/pro2elite-1_01_t.png"
"gid://shopify/Product/us-1190","LS-LM5BA-BF","Rhythm Healthcare Oxygen Filters (LS-LM5BA-BF)","Oxygen Filters","Rhythm Healthcare","2.25","3.99","4.91","1.60","40%","0.92","","https://dphpia7d6qb4m.cloudfront.net/images/lm5ba-bf_01_t.png"
"gid://shopify/Product/us-1191","HD-1119","Hudson RCI Oxygen Tubing (HD-1119)","Oxygen Tubing","Hudson RCI","36.95","71.99","80.55","28.80","40%","8.56","","https://dphpia7d6qb4m.cloudfront.net/images/hud1119_01_t.png"
"gid://shopify/Product/us-1204","DR-CON 550","Drive DeVilbiss Oxygen Tubing Connectors (DR-CON 550)","Oxygen Tubing Connectors","Drive DeVilbiss","9.99","18.99","21.78","7.60","40%","2.79","","https://dphpia7d6qb4m.cloudfront.net/images/con%20550_01_t.png"
"gid://shopify/Product/us-1208","LS-P2PBC090","Rhythm Healthcare Concentrator Chargers & Power Supplies (LS-P2PBC090)","Concentrator Chargers & Power Supplies","Rhythm Healthcare","166.75","333.99","363.52","133.60","40%","29.53","","https://dphpia7d6qb4m.cloudfront.net/images/p2pbc090_01_t.png"
"gid://shopify/Product/us-1210","DR-SIMO2DS","Drive Medical Portable O2 Concentrators (DR-SIMO2DS)","Portable O2 Concentrators","Drive Medical","950.00","1925.99","2071","770.40","40%","145.01","","https://dphpia7d6qb4m.cloudfront.net/images/simo2ds_01_t.png"
"gid://shopify/Product/us-1217","ROS-CF-1037","Roscoe Medical Oxygen Filters (ROS-CF-1037)","Oxygen Filters","Roscoe Medical","12.80","23.99","27.9","9.60","40%","3.91","","https://dphpia7d6qb4m.cloudfront.net/images/ros-cf-1037_t.jpg"
"gid://shopify/Product/us-1218","LS-P2FC-1","Rhythm Healthcare Oxygen Filters (LS-P2FC-1)","Oxygen Filters","Rhythm Healthcare","6.00","10.99","13.08","4.40","40%","2.09","","https://dphpia7d6qb4m.cloudfront.net/images/p2fc-1_01_t.png"
"gid://shopify/Product/us-1230","LS-P2PFCR-2","Rhythm Healthcare Concentrator Parts (LS-P2PFCR-2)","Concentrator Parts","Rhythm Healthcare","7.15","12.99","15.59","5.20","40%","2.60","","https://dphpia7d6qb4m.cloudfront.net/images/p2pfcr-2_01_t.png"
"gid://shopify/Product/us-1232","AS-AS099-101","AirSep Corporation 10 Liter Concentrators (AS-AS099-101)","10 Liter Concentrators","AirSep Corporation","1422.90","2883.99","3101.92","1153.60","40%","217.93","","https://dphpia7d6qb4m.cloudfront.net/images/as-as099-101_t.jpg"
"gid://shopify/Product/us-1238","INO-GS-100","Inogen 5 Liter Concentrators (INO-GS-100)","5 Liter Concentrators","Inogen","1625.00","3293.99","3542.5","1317.60","40%","248.51","","https://dphpia7d6qb4m.cloudfront.net/images/ino-gs-100_01_t.png"
"gid://shopify/Product/us-1239","INO-RP-405","Inogen Oxygen Filters (INO-RP-405)","Oxygen Filters","Inogen","12.00","22.99","26.16","9.20","40%","3.17","","https://dphpia7d6qb4m.cloudfront.net/images/ino-rp-405_t.jpg"
"gid://shopify/Product/us-1246","ROS-TUB-ROS25","Roscoe Medical Oxygen Tubing (ROS-TUB-ROS25)","Oxygen Tubing","Roscoe Medical","27.00","51.99","58.86","20.80","40%","6.87","","https://dphpia7d6qb4m.cloudfront.net/images/tub-ros25_01_t.png"
"gid://shopify/Product/us-1266","LS-P2E6PFCR","Rhythm Healthcare Concentrator Parts (LS-P2E6PFCR)","Concentrator Parts","Rhythm Healthcare","7.15","12.99","15.59","5.20","40%","2.60","","https://dphpia7d6qb4m.cloudfront.net/images/p2e6pfcr_01_t.png"
"gid://shopify/Product/us-1275","SQ-6900-SEQ-EW","Sequal Portable O2 Concentrators (SQ-6900-SEQ-EW)","Portable O2 Concentrators","Sequal","2182.50","4423.99","4757.85","1769.60","40%","333.86","","https://dphpia7d6qb4m.cloudfront.net/images/sq-6900-seq-ew_t.jpg"
"gid://shopify/Product/us-1276","M-NON026370","Medline Patient Oxygen Kits (M-NON026370)","Patient Oxygen Kits","Medline","93.10","185.99","202.96","74.40","40%","16.97","","https://dphpia7d6qb4m.cloudfront.net/images/m-non026370_01_t.png"
"gid://shopify/Product/us-1280","LS-P2-S4","Rhythm Healthcare Portable O2 Concentrators (LS-P2-S4)","Portable O2 Concentrators","Rhythm Healthcare","1062.50","2153.99","2316.25","861.60","40%","162.26","","https://dphpia7d6qb4m.cloudfront.net/images/p2-s4_01_t.png"
"gid://shopify/Product/us-1284","SQ-6900LN-EW","Sequal Portable O2 Concentrators (SQ-6900LN-EW)","Portable O2 Concentrators","Sequal","2344.75","4752.99","5111.56","1901.20","40%","358.57","","https://www.lakecourt.com/respiratory/images/no-image.png"
"gid://shopify/Product/us-1291","AS-AS2","AirSep Corporation Concentrators - Portables (AS-AS2)","Concentrators - Portables","AirSep Corporation","45.00","87.99","98.1","35.20","40%","10.11","","https://dphpia7d6qb4m.cloudfront.net/images/as-as2_t.jpg"
"gid://shopify/Product/us-1294","HD-1424","Hudson RCI Oxygen Tubing Connectors (HD-1424)","Oxygen Tubing Connectors","Hudson RCI","32.00","61.99","69.76","24.80","40%","7.77","","https://dphpia7d6qb4m.cloudfront.net/images/1424_01_t.png"
"gid://shopify/Product/us-1296","LS-P2-E7","Rhythm Healthcare Portable O2 Concentrators (LS-P2-E7)","Portable O2 Concentrators","Rhythm Healthcare","1250.00","2533.99","2725","1013.60","40%","191.01","","https://dphpia7d6qb4m.cloudfront.net/images/p2-e7_01_t.png"
"gid://shopify/Product/us-1301","DV-PV5LD-651","Drive DeVilbiss Oxygen Filters (DV-PV5LD-651)","Oxygen Filters","Drive DeVilbiss","11.30","20.99","24.63","8.40","40%","3.64","","https://www.lakecourt.com/respiratory/images/no-image.png"
"gid://shopify/Product/us-1302","DR-O-224","Drive DeVilbiss Disposable Oxygen Conserver (DR-O-224)","Disposable Oxygen Conserver","Drive DeVilbiss","119.99","239.99","261.58","96.00","40%","21.59","","https://dphpia7d6qb4m.cloudfront.net/images/o-224_01_t.png"
"gid://shopify/Product/us-1311","ROS-CIF-EVRFLO","Roscoe Medical Oxygen Filters (ROS-CIF-EVRFLO)","Oxygen Filters","Roscoe Medical","5.90","10.99","12.86","4.40","40%","1.87","","https://dphpia7d6qb4m.cloudfront.net/images/ros-cif-evrflo_t.jpg"
"gid://shopify/Product/us-1315","DV-125D-XB","Drive DeVilbiss Portable O2 Concentrators (DV-125D-XB)","Portable O2 Concentrators","Drive DeVilbiss","1583.65","3209.99","3452.36","1284.00","40%","242.37","","https://dphpia7d6qb4m.cloudfront.net/images/dv-125d-xb_01_t.png"
"gid://shopify/Product/us-1316","INO-RP-301","Inogen Oxygen Filters (INO-RP-301)","Oxygen Filters","Inogen","18.50","35.99","40.33","14.40","40%","4.34","","https://dphpia7d6qb4m.cloudfront.net/images/ino-rp-301_t.jpg"
"gid://shopify/Product/us-1317","M-HCS4525","Medline Oxygen Tubing (M-HCS4525)","Oxygen Tubing","Medline","19.99","38.99","43.58","15.60","40%","4.59","","https://dphpia7d6qb4m.cloudfront.net/images/hcs4525_01_t.png"
"gid://shopify/Product/us-1321","ROS-TUB-ROS7","Roscoe Medical Oxygen Tubing (ROS-TUB-ROS7)","Oxygen Tubing","Roscoe Medical","19.35","36.99","42.18","14.80","40%","5.19","","https://dphpia7d6qb4m.cloudfront.net/images/tub-ros7_01_t.png"
"gid://shopify/Product/us-1340","HD-1981","Hudson RCI Oxygen Tubing (HD-1981)","Oxygen Tubing","Hudson RCI","37.50","72.99","81.75","29.20","40%","8.76","","https://dphpia7d6qb4m.cloudfront.net/images/hud1981_01_t.png"
"gid://shopify/Product/us-1348","HD-1984","Hudson RCI Oxygen Tubing (HD-1984)","Oxygen Tubing","Hudson RCI","139.00","277.99","303.02","111.20","40%","25.03","","https://dphpia7d6qb4m.cloudfront.net/images/hud1984_01_t.png"
"gid://shopify/Product/us-1354","REA-1131249","Invacare Oxygen Filters (REA-1131249)","Oxygen Filters","Invacare","13.15","24.99","28.67","10.00","40%","3.68","","https://dphpia7d6qb4m.cloudfront.net/images/in-1131249_t.jpg"
"gid://shopify/Product/us-1364","LS-PAK2-S","Rhythm Healthcare Concentrator Chargers & Power Supplies (LS-PAK2-S)","Concentrator Chargers & Power Supplies","Rhythm Healthcare","145.00","289.99","316.1","116.00","40%","26.11","","https://dphpia7d6qb4m.cloudfront.net/images/pak2-s_01_t.png"
"gid://shopify/Product/us-1369","REA-P0750X030","Invacare Oxygen Filters (REA-P0750X030)","Oxygen Filters","Invacare","8.80","15.99","19.18","6.40","40%","3.19","","https://dphpia7d6qb4m.cloudfront.net/images/in-p0750x030_t.jpg"
"gid://shopify/Product/us-1390","ROS-TUB-ROS50G","Roscoe Medical Oxygen Tubing (ROS-TUB-ROS50G)","Oxygen Tubing","Roscoe Medical","38.50","74.99","83.93","30.00","40%","8.94","","https://dphpia7d6qb4m.cloudfront.net/images/tub-ros50g_01_t.png"
"gid://shopify/Product/us-1393","LS-PAK3","Rhythm Healthcare Concentrator Chargers & Power Supplies (LS-PAK3)","Concentrator Chargers & Power Supplies","Rhythm Healthcare","335.00","678.99","730.3","271.60","40%","51.31","","https://dphpia7d6qb4m.cloudfront.net/images/pak3_01_t.png"
"gid://shopify/Product/us-1399","LS-TOCAC","Rhythm Healthcare Concentrator Chargers & Power Supplies (LS-TOCAC)","Concentrator Chargers & Power Supplies","Rhythm Healthcare","140.75","281.99","306.84","112.80","40%","24.85","","https://dphpia7d6qb4m.cloudfront.net/images/tocac_01_t.png"
"gid://shopify/Product/us-1404","LS-TOCIF-1","Rhythm Healthcare Oxygen Filters (LS-TOCIF-1)","Oxygen Filters","Rhythm Healthcare","4.60","7.99","10.03","3.20","40%","2.04","","https://dphpia7d6qb4m.cloudfront.net/images/tocif-1_01_t.png"
"gid://shopify/Product/us-1406","LS-P2E7PFCR","Rhythm Healthcare Concentrator Parts (LS-P2E7PFCR)","Concentrator Parts","Rhythm Healthcare","7.15","12.99","15.59","5.20","40%","2.60","","https://dphpia7d6qb4m.cloudfront.net/images/p2e7pfcr_01_t.png"
"gid://shopify/Product/us-1407","LS-TOCIF-2","Rhythm Healthcare Oxygen Filters (LS-TOCIF-2)","Oxygen Filters","Rhythm Healthcare","4.60","7.99","10.03","3.20","40%","2.04","","https://dphpia7d6qb4m.cloudfront.net/images/tocif-2_01_t.png"
