Handle,Title,Body (HTML),Vendor,Product Category,Type,Tags,Published,Option1 Name,Option1 Value,Variant SKU,Variant Grams,Variant Inventory Tracker,Variant Inventory Qty,Variant Inventory Policy,Variant Fulfillment Service,Variant Price,Variant Compare At Price,Variant Requires Shipping,Variant Taxable,Variant Barcode,Image Src,Image Position,Image Alt Text,Cost per item,Status
"drive-devilbiss-replacement-filter-for-compressor-nebulizers","Drive DeVilbiss Replacement Filter for Compressor Nebulizers","<p>Ensure optimal performance of your compressor nebulizer system with genuine Drive DeVilbiss replacement filters. Designed for reliable filtration and easy installation, these replacement parts help maintain clean airflow during respiratory treatments.</p>","Drive DeVilbiss","Health & Beauty > Health Care > Respiratory Care > Nebulizers","Nebulizer Accessories","Drive DeVilbiss, Nebulizers - Standard, Nebulizer Accessories, Respiratory Care, DR-18081",TRUE,Title,Default Title,"DR-18081",1500,shopify,25,deny,manual,25.99,29.99,TRUE,TRUE,,"https://dphpia7d6qb4m.cloudfront.net/images/dr-18081_01_t.jpg",1,"Drive DeVilbiss Replacement Filter for Compressor Nebulizers",18.00,active
"drive-devilbiss-7325p-portable-suction-machine","Drive DeVilbiss 7325P Portable Suction Machine","<p>The Drive DeVilbiss 7325P Portable Suction Machine delivers reliable and powerful performance in a compact, lightweight design ideal for home or travel use. Designed for easy operation and simple maintenance, it ensures effective airway clearance with adjustable vacuum levels and a durable construction.</p>","Drive DeVilbiss","Health & Beauty > Health Care > Medical Devices > First Aid > Suction Machines","Portable Suction Machine","Drive DeVilbiss, Portable Suction Machine, Medical Equipment, Respiratory Care, DV-7325P-D",TRUE,Title,Default Title,"DV-7325P-D",1500,shopify,25,deny,manual,320.99,349.99,TRUE,TRUE,,"https://dphpia7d6qb4m.cloudfront.net/images/7325p-d_01_t.png",1,"Drive DeVilbiss 7325P Portable Suction Machine",242.00,active
"ino-is-501-na16","Inogen One G5 Portable Oxygen Concentrator - Double 16-Cell Battery (INO-IS-501-NA16)","<p>The Inogen One G5 is Inogen's most balanced portable oxygen concentrator, delivering pulse-dose oxygen across 6 flow settings in a compact, 4.7 lb unit (5.7 lbs with the double battery). This configuration ships with the double 16-cell battery for up to 13 hours of use between charges, plus AC and DC power supplies, a carry bag, and a 3-year standard warranty. It meets FAA requirements for air travel, making it a practical single solution for oxygen therapy at home, at work, or on the road.</p>","Inogen","Portable Concentrators","Portable Concentrators","Inogen, wholesale-import, verified-pricing",TRUE,Title,Default Title,"INO-IS-501-NA16",1500,shopify,25,deny,manual,2498.99,2687.50,TRUE,TRUE,,"https://dphpia7d6qb4m.cloudfront.net/images/ino-is-501-na16_01_t.png",1,"Inogen One G5 Portable Oxygen Concentrator - Double 16-Cell Battery (INO-IS-501-NA16)",1250.00,active
"dv-525ds","Drive DeVilbiss 525DS 5 Liter Home Oxygen Concentrator (DV-525DS)","<p>The Drive DeVilbiss 525DS is a 5 Liter continuous-flow home oxygen concentrator delivering 0.5–5 LPM at 93% (±3%) oxygen purity. DeVilbiss's patented Turn-Down Technology reduces power consumption and wear on internal components, while the built-in OSD (Oxygen Sensing Device) monitors oxygen levels for patient safety. A two-piece cabinet design keeps operation quiet (48 dBA) and simple to maintain, with accessible patient controls, a recessed humidifier nook, and top/side handles for easy transport. Backed by a 3-year warranty.</p>","Drive DeVilbiss","5 Liter Concentrators","5 Liter Concentrators","Drive DeVilbiss, wholesale-import, verified-pricing",TRUE,Title,Default Title,"DV-525DS",1500,shopify,25,deny,manual,988.99,1064.25,TRUE,TRUE,,"https://dphpia7d6qb4m.cloudfront.net/images/dv-525ds_01_t.png",1,"Drive DeVilbiss 525DS 5 Liter Home Oxygen Concentrator (DV-525DS)",495.00,active
"salter-labs-green-oxygen-supply-tubing-25-foot-sl-2025g-25-25","Salter Labs Green Oxygen Supply Tubing 25-Foot - SL-2025G-25-25","<p>Experience reliable and kink-resistant oxygen delivery with the Salter Labs 25-foot green supply tubing. Designed with a unique channel lumen interior, it ensures continuous airflow even under accidental compression.</p>","Salter Labs","Health > Medical Equipment > Respiratory Equipment","Oxygen Tubing","Salter Labs, Oxygen Tubing, Respiratory Care, Medical Supplies, 25-Foot Tubing",TRUE,Title,Default Title,"SL-2025G-25-25",1500,shopify,25,deny,manual,54.99,59.99,TRUE,TRUE,,"https://dphpia7d6qb4m.cloudfront.net/images/2025g-25-25_01_t.png",1,"Salter Labs Green Oxygen Supply Tubing 25-Foot - SL-2025G-25-25",41.05,active
"drive-devilbiss-steel-drop-arm-commode-silver","Drive DeVilbiss Steel Drop-Arm Commode, Silver","<p>The Drive DeVilbiss Steel Drop-Arm Commode features an innovative push-button mechanism that allows the arms to drop safely below the seat level for unobstructed lateral transfers. Built with a durable powder-coated steel frame and comfortable padded armrests, it provides reliable stability and support for daily personal care needs.</p>","Drive DeVilbiss","Health & Beauty > Health Care > Medical Equipment > Medical Monitors & Call Devices","Commode","Drive DeVilbiss, Drop-Arm Commode, Medical Equipment, Patient Care, Carts and Racks, Mobility Aids",TRUE,Title,Default Title,"DR-13002SV-6",1500,shopify,25,deny,manual,136.99,149.99,TRUE,TRUE,,"https://dphpia7d6qb4m.cloudfront.net/images/dr-13002sv-6_01_t.jpg",1,"Drive DeVilbiss Steel Drop-Arm Commode, Silver",86.20,active
"drive-devilbiss-10-liter-oxygen-concentrator-dv-1025ds","Drive DeVilbiss 10 Liter Oxygen Concentrator (DV-1025DS)","<p>The Drive DeVilbiss 10 Liter Oxygen Concentrator delivers reliable, high-flow oxygen therapy in a compact, durable design built for daily use. Engineered for quiet operation and enhanced energy efficiency, this advanced unit provides seamless respiratory support with simplified maintenance.</p>","Drive DeVilbiss","Health & Beauty > Health Care > Respiratory Care > Oxygen Concentrators","Oxygen Concentrators","Drive DeVilbiss, 10 Liter Concentrators, Respiratory Care, Oxygen Therapy, Medical Equipment",TRUE,Title,Default Title,"DV-1025DS",1500,shopify,25,deny,manual,1393.99,1499.00,TRUE,TRUE,,"https://dphpia7d6qb4m.cloudfront.net/images/dv-1025ds_01_t.png",1,"Drive DeVilbiss 10 Liter Oxygen Concentrator (DV-1025DS)",999.00,active
"rhythm-healthcare-5-liter-oxygen-concentrator-ls-lm5ba","Rhythm Healthcare 5 Liter Oxygen Concentrator - LS-LM5BA","<p>The Rhythm Healthcare 5 Liter Oxygen Concentrator delivers reliable, continuous oxygen therapy with a user-friendly and quiet operation. Designed for home use, this dependable medical device features simple controls and an integrated alarm system for safe, efficient performance.</p>","Rhythm Healthcare","Health & Beauty > Health Care > Respiratory Care > Oxygen Concentrators","Oxygen Concentrator","Rhythm Healthcare, 5 Liter Concentrators, Respiratory Care, Oxygen Concentrator, LS-LM5BA, Medical Equipment",TRUE,Title,Default Title,"LS-LM5BA",1500,shopify,25,deny,manual,742.99,799.00,TRUE,TRUE,,"https://dphpia7d6qb4m.cloudfront.net/images/lm5ba_01_t.png",1,"Rhythm Healthcare 5 Liter Oxygen Concentrator - LS-LM5BA",405.00,active
"drive-devilbiss-silver-sport-1-wheelchair-18-x-16-seat","Drive DeVilbiss Silver Sport 1 Wheelchair - 18"" x 16"" Seat with Swing-Away Footrests","<p>Experience reliable mobility and durable everyday support with the Drive DeVilbiss Silver Sport 1 Wheelchair. Featuring a powder-coated silver vein finish and comfortable nylon upholstery, this wheelchair combines long-lasting durability with user-friendly convenience.</p>","Drive DeVilbiss","Health & Beauty > Health Care > Mobility Aids > Wheelchairs","Wheelchairs","Drive DeVilbiss, mobility, wheelchair, medical equipment, silver sport",TRUE,Title,Default Title,"DR-13001SV-2",1500,shopify,25,deny,manual,118.99,129.99,TRUE,TRUE,,"https://dphpia7d6qb4m.cloudfront.net/images/dr-13001sv-2_t.jpg",1,"Drive DeVilbiss Silver Sport 1 Wheelchair - 18"" x 16"" Seat with Swing-Away Footrests",57.00,active
"abm-respiratory-care-bicough-clinical-airway-clearance-system","ABM Respiratory Care BiCough Clinical Airway Clearance System","<p>The ABM Respiratory Care BiCough Clinical Airway Clearance System is an advanced medical device designed to effectively mobilize and clear secretions from the lungs. Engineered for reliable performance, this system supports patient respiratory care with precision control and ease of use.</p>","ABM Respiratory Care","Health > Medical Devices > Respiratory Therapy","Airway Clearance System","ABM Respiratory Care, BiCough, Airway Clearance, Respiratory Equipment, Medical Device",TRUE,Title,Default Title,"ABM-BC20113",1500,shopify,25,deny,manual,3579.99,3850.00,TRUE,TRUE,,"https://dphpia7d6qb4m.cloudfront.net/images/abm-bc20113_01_t.png",1,"ABM Respiratory Care BiCough Clinical Airway Clearance System",2775.00,active
"salter-labs-sl-1600-oxygen-cannula","Salter Labs SL-1600 Oxygen Cannula","<p>The Salter Labs SL-1600 is a reliable, high-quality oxygen cannula designed for patient comfort and efficient oxygen delivery. Featuring lightweight, soft materials, it ensures a secure and comfortable fit for continuous everyday use.</p>","Salter Labs","Health & Beauty > Health Care > Respiratory Care","Oxygen Cannula","salter-labs, sl-1600, oxygen-cannula, respiratory-care, medical-supplies",TRUE,Title,Default Title,"SL-1600",1500,shopify,25,deny,manual,60.99,65.00,TRUE,TRUE,,"https://dphpia7d6qb4m.cloudfront.net/images/1600_01_t.png",1,"Salter Labs SL-1600 Oxygen Cannula",45.00,active
"drive-devilbiss-mq-mq3000-pulse-oximeter","Drive DeVilbiss MQ-MQ3000 Pulse Oximeter","<p>Monitor your blood oxygen levels and pulse rate quickly and accurately with the Drive DeVilbiss MQ-MQ3000 Pulse Oximeter. Designed for reliable daily health tracking, this compact device features a clear digital display for effortless readings at home or on the go.</p>","Drive DeVilbiss","Health & Beauty > Health Care > Medical Devices > Pulse Oximeters","Pulse Oximeters","Drive DeVilbiss, pulse oximeter, health monitor, medical device, wellness, verified-retail",TRUE,Title,Default Title,"MQ-MQ3000",1500,shopify,25,deny,manual,25.99,29.99,TRUE,TRUE,,"https://dphpia7d6qb4m.cloudfront.net/images/mq-mq3000_01_t.png",1,"Drive DeVilbiss MQ-MQ3000 Pulse Oximeter",14.80,active
"drive-devilbiss-medquip-compressor-nebulizer-system-mq-mq5700","Drive DeVilbiss Medquip Compressor Nebulizer System MQ-MQ5700","<p>The Drive DeVilbiss Medquip Compressor Nebulizer System delivers reliable aerosol therapy with efficient, quiet performance for home respiratory care. Designed for ease of use, this compact unit ensures consistent medication delivery to help manage respiratory conditions effectively.</p>","Drive DeVilbiss (Medquip)","Health & Beauty > Health Care > Respiratory Care > Nebulizers","Nebulizers","Drive DeVilbiss, Medquip, Nebulizer, Respiratory Care, MQ-MQ5700, Medical Equipment",TRUE,Title,Default Title,"MQ-MQ5700",1500,shopify,25,deny,manual,43.99,49.99,TRUE,TRUE,,"https://dphpia7d6qb4m.cloudfront.net/images/mq-mq5700_t.jpg",1,"Drive DeVilbiss Medquip Compressor Nebulizer System MQ-MQ5700",27.05,active
"drive-devilbiss-7305d-suction-canister-lid-and-float","Drive DeVilbiss 7305D Suction Canister Lid and Float","<p>This genuine replacement canister lid and float assembly is designed specifically for the Drive DeVilbiss 7305D suction machine series. Built to ensure a secure, airtight seal and reliable overflow protection during respiratory therapy.</p>","Drive DeVilbiss","Health & Beauty > Health Care > Medical Equipment > Medical Suction Devices","Suction Parts & Accessories","Drive DeVilbiss, DV-7305D-633, Suction Parts, Medical Accessories, Respiratory Care",TRUE,Title,Default Title,"DV-7305D-633",1500,shopify,25,deny,manual,23.99,24.99,TRUE,TRUE,,"https://dphpia7d6qb4m.cloudfront.net/images/7305d-633_01_t.png",1,"Drive DeVilbiss 7305D Suction Canister Lid and Float",16.80,active
"salter-labs-soft-nasal-oxygen-cannula-sl-16soft","Salter Labs Soft Nasal Oxygen Cannula - SL-16SOFT","<p>Experience superior comfort with the Salter Labs Soft Nasal Oxygen Cannula, designed with lightweight, highly flexible materials to reduce friction and irritation during long-term therapy. This reliable medical-grade cannula ensures optimal oxygen delivery while maintaining a gentle fit for daily wear.</p>","Salter Labs","Health & Beauty > Health Care > Respiratory Care Aids","Nasal Cannula","Salter Labs, SL-16SOFT, oxygen therapy, nasal cannula, respiratory care, medical supplies",TRUE,Title,Default Title,"SL-16SOFT",1500,shopify,25,deny,manual,60.99,59.99,TRUE,TRUE,,"https://dphpia7d6qb4m.cloudfront.net/images/16soft_01_t.png",1,"Salter Labs Soft Nasal Oxygen Cannula - SL-16SOFT",45.00,active
"salter-labs-1606b-0-50-standard-nasal-cannula-50-foot-tubing","Salter Labs 1606B-0-50 Standard Nasal Cannula with 50-Foot Tubing","<p>Designed for comfort and reliability, the Salter Labs standard nasal cannula features a curved, soft-lip design that helps minimize irritation during long-term oxygen therapy. Complete with 50 feet of crush-resistant clear tubing, it ensures continuous, uninterrupted airflow and freedom of movement.</p>","Salter Labs","Health > Medical Devices > Respiratory Therapy Equipment","Nasal Cannulas","Salter Labs, Cannulas, Oxygen Therapy, Respiratory, 50-Foot Tubing, Medical Supply",TRUE,Title,Default Title,"SL-1606B-0-50",1500,shopify,25,deny,manual,33.99,34.99,TRUE,TRUE,,"https://www.directhomemedical.com/images/l/salter-1606b-50-oxygen-cannula-tubing.jpg",1,"Salter Labs 1606B-0-50 Standard Nasal Cannula with 50-Foot Tubing",24.90,active
"drive-devilbiss-compair-compressor-nebulizer-system-dr-18080","Drive DeVilbiss CompAir Compressor Nebulizer System DR-18080","<p>The Drive DeVilbiss CompAir Compressor Nebulizer System delivers efficient aerosol medication therapy with reliable, clinical-grade performance. Designed for home use, this compact and durable unit ensures consistent particle size for effective respiratory treatments.</p>","Drive DeVilbiss","Health & Beauty > Health Care > Respiratory Care > Nebulizers","Nebulizer Systems","Drive DeVilbiss, Nebulizers, Respiratory Care, DR-18080, Medical Equipment, CompAir",TRUE,Title,Default Title,"DR-18080",1500,shopify,25,deny,manual,139.99,149.99,TRUE,TRUE,,"https://dphpia7d6qb4m.cloudfront.net/images/dr-18080_01_t.jpg",1,"Drive DeVilbiss CompAir Compressor Nebulizer System DR-18080",108.00,active
"drive-devilbiss-replacement-filter-for-nebulizers","Drive DeVilbiss Replacement Filter for Nebulizers","<p>Ensure optimal performance and clean airflow for your nebulizer system with this genuine Drive DeVilbiss replacement filter. Designed for easy installation, this durable accessory helps maintain your respiratory equipment in top condition.</p>","Drive DeVilbiss","Health & Beauty > Health Care > Respiratory Care > Nebulizers","Nebulizer Parts & Accessories","Drive DeVilbiss, Nebulizer, Medical Accessories, Respiratory Care, Replacement Filter, DR-18254",TRUE,Title,Default Title,"DR-18254",1500,shopify,25,deny,manual,9.99,11.99,TRUE,TRUE,,"https://dphpia7d6qb4m.cloudfront.net/images/dr-18254_01_t.jpg",1,"Drive DeVilbiss Replacement Filter for Nebulizers",5.80,active
"drive-devilbiss-oxygen-regulator-0-15-lpm-dr-18300p","Drive DeVilbiss Oxygen Regulator 0-15 LPM (DR-18300P)","<p>The Drive DeVilbiss Oxygen Regulator delivers precise and reliable flow rates ranging from 0 to 15 LPM for clinical and home care environments. Built with durable brass and aluminum construction, it ensures long-lasting performance and secure cylinder connections.</p>","Drive DeVilbiss","Health & Beauty > Health Care > Medical Equipment > Medical Monitors & Call Devices","Oxygen Regulators","Drive DeVilbiss, Regulators, Medical Equipment, Oxygen Therapy, DR-18300P",TRUE,Title,Default Title,"DR-18300P",1500,shopify,25,deny,manual,70.99,79.99,TRUE,TRUE,,"https://dphpia7d6qb4m.cloudfront.net/images/dr-18300p_01_t.jpg",1,"Drive DeVilbiss Oxygen Regulator 0-15 LPM (DR-18300P)",45.00,active
"drive-devilbiss-dr-neb-kit-500-nebulizer-accessory-kit","Drive DeVilbiss DR-NEB KIT 500 Nebulizer Accessory Kit","<p>The Drive DeVilbiss DR-NEB KIT 500 Nebulizer Accessory Kit is designed to ensure optimal delivery of aerosolized medication for respiratory therapy. This comprehensive replacement kit provides reliable, medical-grade components built for consistent performance and everyday patient use.</p>","Drive DeVilbiss","Health & Beauty > Health Care > Respiratory Care > Nebulizers","Nebulizer Parts & Accessories","Drive DeVilbiss, DR-NEB KIT 500, nebulizer kit, respiratory therapy, medical supplies, nebulizer accessories",TRUE,Title,Default Title,"DR-NEB KIT 500",1500,shopify,25,deny,manual,82.99,79.99,TRUE,TRUE,,"https://dphpia7d6qb4m.cloudfront.net/images/dr-neb%20kit%20500_01_t.jpg",1,"Drive DeVilbiss DR-NEB KIT 500 Nebulizer Accessory Kit",61.50,active
"salter-labs-25-foot-oxygen-cannula-supply-tubing-sl-2025-25-25","Salter Labs 25-Foot Oxygen Cannula Supply Tubing - SL-2025-25-25","<p>Experience reliable and continuous oxygen therapy with the Salter Labs 25-Foot Oxygen Supply Tubing, designed to provide ample reach and freedom of movement. Crafted from durable, kink-resistant medical-grade materials, this clear tubing ensures uninterrupted airflow for dependable daily use.</p>","Salter Labs","Health & Beauty > Health Care > Respiratory Care","Oxygen Tubing","Salter Labs, Oxygen Tubing, Respiratory Care, Medical Supplies, Home Healthcare, SL-2025-25-25",TRUE,Title,Default Title,"SL-2025-25-25",1500,shopify,25,deny,manual,54.99,59.99,TRUE,TRUE,,"https://dphpia7d6qb4m.cloudfront.net/images/2025-25-25_01_t.png",1,"Salter Labs 25-Foot Oxygen Cannula Supply Tubing - SL-2025-25-25",41.05,active
"rhythm-healthcare-lifechoice-portable-oxygen-concentrator-ls-p2","Rhythm Healthcare LifeChoice Portable Oxygen Concentrator - LS-P2","<p>The Rhythm Healthcare LifeChoice Portable Oxygen Concentrator (LS-P2) delivers reliable, medical-grade oxygen therapy in a lightweight, travel-friendly design. Engineered for active lifestyles, it offers exceptional battery life and pulse-dose delivery to ensure freedom and peace of mind on the go.</p>","Rhythm Healthcare","Health & Beauty > Health Care > Respiratory Care > Oxygen Concentrators","Portable Oxygen Concentrator","Rhythm Healthcare, LifeChoice, LS-P2, Portable Oxygen Concentrator, Respiratory Care, Medical Device",TRUE,Title,Default Title,"LS-P2",1500,shopify,25,deny,manual,1761.99,1895.00,TRUE,TRUE,,"https://dphpia7d6qb4m.cloudfront.net/images/p2_01_t.png",1,"Rhythm Healthcare LifeChoice Portable Oxygen Concentrator - LS-P2",950.00,active
"drive-devilbiss-pediatric-mask-with-tubing-for-nebulizers","Drive DeVilbiss Pediatric Mask with Tubing for Nebulizers","<p>This Drive DeVilbiss pediatric mask with tubing is designed for comfortable and effective aerosol delivery during nebulizer treatments. Crafted from soft, medical-grade materials, it ensures a secure and gentle fit for young patients.</p>","Drive DeVilbiss","Health & Beauty > Health Care > Respiratory Care > Nebulizers","Nebulizer Accessories","Drive DeVilbiss, Nebulizers - Standard, Nebulizer Accessories, Pediatric Mask, Respiratory Care",TRUE,Title,Default Title,"DV-3655LTR",1500,shopify,25,deny,manual,43.99,49.99,TRUE,TRUE,,"https://dphpia7d6qb4m.cloudfront.net/images/dv-3655ltr_01_t.png",1,"Drive DeVilbiss Pediatric Mask with Tubing for Nebulizers",27.50,active
"inogen-one-g5-portable-oxygen-concentrator-single-battery","Inogen One G5 Portable Oxygen Concentrator - Single Battery","<p>Experience true independence with the Inogen One G5 Portable Oxygen Concentrator, delivering medical-grade oxygen delivery in a lightweight and compact design. Engineered for active lifestyles, this reliable device offers customizable flow settings and exceptional battery life for seamless daily use.</p>","Inogen","Health & Beauty > Health Care > Medical Devices > Oxygen Concentrators","Portable Oxygen Concentrator","Inogen, Inogen One G5, Portable Concentrator, Oxygen Therapy, Medical Equipment, Respiratory Care",TRUE,Title,Default Title,"INO-IS-501-NA8",1500,shopify,25,deny,manual,2319.99,2495.00,TRUE,TRUE,,"https://dphpia7d6qb4m.cloudfront.net/images/ino-is-501-na8_01_t.png",1,"Inogen One G5 Portable Oxygen Concentrator - Single Battery",1150.00,active
"salter-labs-7600-bubble-humidifier-50-psi-50-case","Salter Labs 7600 Bubble Humidifier 50 psi - 50/Case","<p>The Salter Labs 7600 Bubble Humidifier is designed to provide reliable moisture therapy for oxygen delivery systems operating at up to 50 psi. This case of 50 disposable units ensures continuous, safe humidification with built-in safety pressure relief valves and clear, easy-to-read water level indicators.</p>","Salter Labs","Health & Beauty > Health Care > Respiratory Care","Oxygen Humidifiers","Salter Labs, bubble humidifier, oxygen therapy, respiratory care, medical equipment, 7600-0-50",TRUE,Title,Default Title,"SL-7600-0-50",1500,shopify,25,deny,manual,114.99,125.00,TRUE,TRUE,,"https://dphpia7d6qb4m.cloudfront.net/images/7600-0-50_01_t.png",1,"Salter Labs 7600 Bubble Humidifier 50 psi - 50/Case",78.95,active
"drive-devilbiss-6-foot-cpap-tubing-with-90-degree-swivel","Drive DeVilbiss 6-Foot CPAP Tubing with 90-Degree Swivel","<p>Enhance your sleep therapy setup with the Drive DeVilbiss 6-foot CPAP tubing, featuring an integrated 90-degree swivel connection for increased flexibility and reduced hose drag. Designed for durability and universal compatibility, this lightweight replacement hose ensures a secure, reliable airflow throughout the night.</p>","Drive DeVilbiss","Health & Beauty > Health Care > Respiratory Care > CPAP Accessories","CPAP Tubing","Drive DeVilbiss, CPAP Accessories, CPAP Tubing, Sleep Apnea, Respiratory Care",TRUE,Title,Default Title,"DR-CPAPTUB6-90",1500,shopify,25,deny,manual,10.99,12.99,TRUE,TRUE,,"https://dphpia7d6qb4m.cloudfront.net/images/dr-cpaptub6-90_01_t.jpg",1,"Drive DeVilbiss 6-Foot CPAP Tubing with 90-Degree Swivel",1.30,active
"drive-devilbiss-50-psi-compressor-dr-18450","Drive DeVilbiss 50 PSI Compressor (DR-18450)","<p>The Drive DeVilbiss 50 PSI Compressor (DR-18450) is engineered for reliable, high-performance respiratory therapy and clinical applications. Featuring a robust design built for continuous operation, this medical-grade compressor ensures consistent pressure delivery.</p>","Drive DeVilbiss","Health & Beauty > Health Care > Medical Devices > Respiratory Care","Compressor Nebulizer","Drive DeVilbiss, DR-18450, 50 PSI Compressor, Respiratory Care, Medical Equipment",TRUE,Title,Default Title,"DR-18450",1500,shopify,25,deny,manual,494.99,525.00,TRUE,TRUE,,"https://dphpia7d6qb4m.cloudfront.net/images/dr-18450_01_t.png",1,"Drive DeVilbiss 50 PSI Compressor (DR-18450)",395.75,active
"drive-devilbiss-stationary-suction-machine-18600","Drive DeVilbiss Stationary Suction Machine 18600","<p>The Drive DeVilbiss Stationary Suction Machine provides reliable and powerful performance for home healthcare needs. Designed for easy operation and maintenance, this durable unit ensures effective airway clearance with consistent suction control.</p>","Drive DeVilbiss","Health & Beauty > Health Care > Medical Devices","Suction Machine","Drive DeVilbiss, Medical Device, Respiratory Care, Stationary Suction Machine, DR-18600",TRUE,Title,Default Title,"DR-18600",1500,shopify,25,deny,manual,228.99,249.99,TRUE,TRUE,,"https://dphpia7d6qb4m.cloudfront.net/images/18600_01_l.png",1,"Drive DeVilbiss Stationary Suction Machine 18600",157.50,active
"drive-devilbiss-oxygen-conserving-device-om-812","Drive DeVilbiss Oxygen Conserving Device OM-812","<p>The Drive DeVilbiss Oxygen Conserving Device OM-812 delivers efficient oxygen delivery for optimal respiratory support and extended cylinder life. Designed for reliability and ease of use, this device features advanced conservation technology to maximize mobility and independence.</p>","Drive DeVilbiss","Health & Beauty > Health Care > Respiratory Care","Oxygen Conserving Devices","Drive DeVilbiss, Conserving Devices, Respiratory, Oxygen Therapy, Medical Equipment",TRUE,Title,Default Title,"DR-OM-812",1500,shopify,25,deny,manual,173.99,189.99,TRUE,TRUE,,"https://dphpia7d6qb4m.cloudfront.net/images/dr-om-812_01_t.jpg",1,"Drive DeVilbiss Oxygen Conserving Device OM-812",119.95,active
"tactile-medical-ibc-8300-afflovest-replacement-battery","Tactile Medical IBC-8300 Afflovest Replacement Battery","<p>Ensure uninterrupted therapy with the genuine Tactile Medical IBC-8300 replacement battery designed specifically for the Afflovest system. This high-capacity power source delivers reliable, portable performance to support your daily respiratory treatment needs.</p>","Tactile Medical","Health & Beauty > Health Care > Medical Devices > Respiratory Care","Medical Equipment Accessories","Tactile Medical, IBC-8300, Afflovest, medical battery, respiratory therapy, replacement part",TRUE,Title,Default Title,"IBC-8300",1500,shopify,25,deny,manual,88.99,99.99,TRUE,TRUE,,"https://dphpia7d6qb4m.cloudfront.net/images/ibc-8300_parent_t.png",1,"Tactile Medical IBC-8300 Afflovest Replacement Battery",45.00,active
"inogen-one-g4-8-cell-portable-oxygen-concentrator-system-na8","Inogen One G4 8-Cell Portable Oxygen Concentrator System (NA8)","<p>Experience true freedom and mobility with the Inogen One G4 8-Cell Portable Oxygen Concentrator, designed for reliable, clinical-grade oxygen delivery on the go. This lightweight and compact device ensures seamless daily travel with a discreet profile and extended battery life.</p>","Inogen","Health & Beauty > Health Care > Medical Devices > Oxygen Concentrators","Portable Oxygen Concentrator","Inogen, Portable Concentrators, Oxygen Therapy, Inogen One G4, Medical Equipment, Respiratory Care, NA8",TRUE,Title,Default Title,"INO-IS-401-NA8",1500,shopify,25,deny,manual,2319.99,2495.00,TRUE,TRUE,,"https://dphpia7d6qb4m.cloudfront.net/images/ino-is-401-na8_01_t.png",1,"Inogen One G4 8-Cell Portable Oxygen Concentrator System (NA8)",1475.00,active
"nova-ortho-med-fingertip-pulse-oximeter-nv-po-301","Nova Ortho-Med Fingertip Pulse Oximeter (NV-PO-301)","<p>Monitor your blood oxygen saturation levels and pulse rate quickly and accurately with the Nova Ortho-Med Fingertip Pulse Oximeter. Designed for ease of use, this compact device features a clear digital display for effortless reading during home health monitoring.</p>","Nova Ortho-Med","Health > Medical Devices > Diagnostics > Pulse Oximeters","Pulse Oximeter","Nova Ortho-Med, Pulse Oximeter, Medical Device, Health Monitoring, NV-PO-301",TRUE,Title,Default Title,"NV-PO-301",1500,shopify,25,deny,manual,30.99,34.99,TRUE,TRUE,,"https://dphpia7d6qb4m.cloudfront.net/images/nv-po-301_t.jpg",1,"Nova Ortho-Med Fingertip Pulse Oximeter (NV-PO-301)",17.50,active
"salter-labs-1220-0-100-oxygen-tubing-connector","Salter Labs 1220-0-100 Oxygen Tubing Connector","<p>The Salter Labs 1220-0-100 Oxygen Tubing Connector is designed for reliable and secure connection of respiratory therapy lines. Manufactured to high medical-grade standards, it ensures optimal airflow and patient safety.</p>","Salter Labs","Health & Beauty > Health Care > Respiratory Care","Oxygen Tubing Accessories","Salter Labs, SL-1220-0-100, oxygen tubing connector, respiratory accessories, medical supplies",TRUE,Title,Default Title,"SL-1220-0-100",1500,shopify,25,deny,manual,138.99,149.99,TRUE,TRUE,,"https://dphpia7d6qb4m.cloudfront.net/images/1220-0-100_01_t.png",1,"Salter Labs 1220-0-100 Oxygen Tubing Connector",106.80,active
"drive-devilbiss-5-liter-oxygen-concentrator-with-osd","Drive DeVilbiss 5 Liter Oxygen Concentrator with OSD","<p>The Drive DeVilbiss 5 Liter Oxygen Concentrator provides reliable, continuous oxygen therapy with integrated Oxygen Sensing Device (OSD) technology for enhanced safety and accuracy. Designed for ease of use, this durable unit operates quietly and features a streamlined profile suitable for home care environments.</p>","Drive DeVilbiss","Health > Medical Equipment > Respiratory Equipment > Oxygen Concentrators","Oxygen Concentrator","Drive DeVilbiss, 5 Liter Concentrators, Respiratory Care, Oxygen Therapy, Medical Equipment",TRUE,Title,Default Title,"DR-5DECO2DS",1500,shopify,25,deny,manual,556.99,599.99,TRUE,TRUE,,"https://dphpia7d6qb4m.cloudfront.net/images/dr-5deco2ds_01_t.png",1,"Drive DeVilbiss 5 Liter Oxygen Concentrator with OSD",375.00,active
"salter-labs-green-oxygen-tubing-50-feet-20-case-sl-2050g-50-20","Salter Labs Green Oxygen Tubing, 50 Feet, 20/Case - SL-2050G-50-20","<p>Experience reliable oxygen delivery with the Salter Labs Green Oxygen Tubing, designed with a crush-resistant lumen to ensure uninterrupted gas flow. Each 50-foot length features a distinct green tint for high visibility, reducing tripping hazards while integrating smoothly into home or clinical oxygen therapy setups.</p>","Salter Labs","Health & Beauty > Health Care > Respiratory Care Equipment","Oxygen Tubing","Salter Labs, Oxygen Tubing, Respiratory Care, Medical Supplies, SL-2050G-50-20",TRUE,Title,Default Title,"SL-2050G-50-20",1500,shopify,25,deny,manual,94.99,95.00,TRUE,TRUE,,"https://dphpia7d6qb4m.cloudfront.net/images/2050g-50-20_01_t.png",1,"Salter Labs Green Oxygen Tubing, 50 Feet, 20/Case - SL-2050G-50-20",70.50,active
"inogen-one-g3-8-cell-lithium-ion-battery-ino-ba-306","Inogen One G3 8-Cell Lithium-Ion Battery (INO-BA-306)","<p>Keep your oxygen concentrator powered on the go with the reliable Inogen One G3 8-Cell Lithium-Ion Battery. Designed for seamless integration and long-lasting performance, this genuine replacement battery ensures you maintain mobility and independence throughout your day.</p>","Inogen","Health > Medical Equipment > Respiratory Equipment","Batteries & Power Supplies","Inogen, Inogen One G3, Oxygen Concentrator, Medical Equipment, Replacement Battery, Chargers & Power Supplies",TRUE,Title,Default Title,"INO-BA-306",1500,shopify,25,deny,manual,117.99,129.00,TRUE,TRUE,,"https://dphpia7d6qb4m.cloudfront.net/images/ino-ba-306_t.jpg",1,"Inogen One G3 8-Cell Lithium-Ion Battery (INO-BA-306)",55.00,active
"salter-labs-sl-1600hf-high-flow-oxygen-cannula","Salter Labs SL-1600HF High Flow Oxygen Cannula","<p>The Salter Labs SL-1600HF High Flow Oxygen Cannula is designed for optimal patient comfort and reliable oxygen delivery during high-flow therapy. Constructed from lightweight, medical-grade materials, it features an ergonomic design that minimizes facial pressure while maintaining secure placement.</p>","Salter Labs","Health & Beauty > Health Care > Respiratory Care","Oxygen Cannulas","Salter Labs, Cannulas, High Flow, Respiratory Care, SL-1600HF, Medical Equipment",TRUE,Title,Default Title,"SL-1600HF",1500,shopify,25,deny,manual,70.99,79.99,TRUE,TRUE,,"https://dphpia7d6qb4m.cloudfront.net/images/1600hf_01_t.png",1,"Salter Labs SL-1600HF High Flow Oxygen Cannula",45.00,active
"drive-devilbiss-oxygen-tubing-connector-dr-tub-nk","Drive DeVilbiss Oxygen Tubing Connector (DR-TUB NK)","<p>Ensure a secure and reliable connection for your oxygen therapy setup with the Drive DeVilbiss Oxygen Tubing Connector. Designed for seamless compatibility, this durable accessory provides efficient airflow and dependable performance for daily home care needs.</p>","Drive DeVilbiss","Health & Beauty > Health Care > Respiratory Care > Oxygen Therapy","Oxygen Accessories","Drive DeVilbiss, Oxygen Tubing, Respiratory Care, Medical Accessories, DR-TUB NK",TRUE,Title,Default Title,"DR-TUB NK",1500,shopify,25,deny,manual,66.99,75.00,TRUE,TRUE,,"https://dphpia7d6qb4m.cloudfront.net/images/parent_images/tub%20nk_01_t.png",1,"Drive DeVilbiss Oxygen Tubing Connector (DR-TUB NK)",45.00,active
"salter-labs-sl-1005-0-25-nasal-oxygen-cannula-25-foot","Salter Labs SL-1005-0-25 Nasal Oxygen Cannula, 25-Foot","<p>Designed for comfort and reliability, this Salter Labs 25-foot nasal oxygen cannula delivers continuous flow while allowing freedom of movement. Crafted from soft, lightweight medical-grade material, it minimizes facial irritation during extended wear.</p>","Salter Labs","Health & Beauty > Health Care > Respiratory Care","Oxygen Cannula","Salter Labs, Respiratory Disposables, Nasal Cannula, Oxygen Therapy, Medical Equipment",TRUE,Title,Default Title,"SL-1005-0-25",1500,shopify,25,deny,manual,47.99,52.95,TRUE,TRUE,,"https://dphpia7d6qb4m.cloudfront.net/images/1005-0-25_01_t.png",1,"Salter Labs SL-1005-0-25 Nasal Oxygen Cannula, 25-Foot",35.30,active
"salter-labs-bubble-humidifier-7900-0-25","Salter Labs Bubble Humidifier 7900-0-25","<p>The Salter Labs Bubble Humidifier is designed to provide reliable moisture delivery for oxygen therapy patients. This durable unit features an audible pressure relief alarm and an easy-to-read water level indicator for enhanced safety and convenience.</p>","Salter Labs","Health & Beauty > Health Care > Respiratory Care","Oxygen Therapy Accessories","Salter Labs, Bubble Humidifier, Respiratory Care, Oxygen Therapy, Medical Equipment, SL-7900-0-25",TRUE,Title,Default Title,"SL-7900-0-25",1500,shopify,25,deny,manual,119.99,129.99,TRUE,TRUE,,"https://dphpia7d6qb4m.cloudfront.net/images/7900-0-25_01_t.png",1,"Salter Labs Bubble Humidifier 7900-0-25",92.65,active
"salter-labs-so-676-oxygen-tubing-connector","Salter Labs SO-676 Oxygen Tubing Connector","<p>The Salter Labs SO-676 is a reliable respiratory care accessory designed for secure and efficient oxygen tubing connections. Engineered for durability and patient comfort, it ensures a dependable seal for continuous therapy setups.</p>","Salter Labs","Health & Beauty > Health Care > Respiratory Care","Respiratory Accessories","Salter Labs, respiratory care, oxygen therapy, medical supplies, SL-SO-676",TRUE,Title,Default Title,"SL-SO-676",1500,shopify,25,deny,manual,34.99,38.50,TRUE,TRUE,,"https://dphpia7d6qb4m.cloudfront.net/images/so-676_01_t.png",1,"Salter Labs SO-676 Oxygen Tubing Connector",25.65,active
"drive-devilbiss-igo2-portable-oxygen-concentrator-dv-125d","Drive DeVilbiss iGo2 Portable Oxygen Concentrator DV-125D","<p>The Drive DeVilbiss iGo2 Portable Oxygen Concentrator offers reliable, pulse-dose oxygen therapy designed to keep up with an active lifestyle. Featuring SmartDose Technology, it automatically adjusts oxygen production to match your breathing rate for optimal comfort and performance.</p>","Drive DeVilbiss","Health & Beauty > Health Care > Respiratory Care > Oxygen Concentrators","Portable Oxygen Concentrator","Drive DeVilbiss, Portable O2 Concentrator, DV-125D, Oxygen Therapy, Medical Equipment",TRUE,Title,Default Title,"DV-125D",1500,shopify,25,deny,manual,2319.99,2495.00,TRUE,TRUE,,"https://dphpia7d6qb4m.cloudfront.net/images/dv-125d_01_t.png",1,"Drive DeVilbiss iGo2 Portable Oxygen Concentrator DV-125D",1050.00,active
"abm-respiratory-care-replacement-battery-abm-bc21089","ABM Respiratory Care Replacement Battery for BiCough / Cough Assist Device (ABM-BC21089)","<p>Ensure reliable, uninterrupted respiratory therapy with this genuine replacement battery designed specifically for ABM Respiratory Care devices. Engineered to meet strict medical performance and safety standards, it provides dependable portable power when you need it most.</p>","ABM Respiratory Care","Health > Medical Equipment > Medical Monitors & Call Devices","Respiratory Accessories","ABM Respiratory Care, BiCough, medical equipment, replacement battery, respiratory parts",TRUE,Title,Default Title,"ABM-BC21089",1500,shopify,25,deny,manual,25.99,29.99,TRUE,TRUE,,"https://dphpia7d6qb4m.cloudfront.net/images/abm-bc21089_01_t.png",1,"ABM Respiratory Care Replacement Battery for BiCough / Cough Assist Device (ABM-BC21089)",16.00,active
"drive-devilbiss-soft-form-nasal-cannula-dr-soft-207","Drive DeVilbiss Soft-Form Nasal Cannula DR-SOFT 207","<p>Designed for maximum patient comfort, the Drive DeVilbiss Soft-Form Nasal Cannula features an ultra-soft material that reduces friction and irritation around the ears and face. This reliable oxygen delivery accessory ensures a secure fit while maintaining continuous airflow for home care environments.</p>","Drive DeVilbiss","Health > Medical Equipment > Respiratory Equipment","Nasal Cannulas","Drive DeVilbiss, Cannulas, Respiratory Care, Oxygen Therapy, Medical Equipment",TRUE,Title,Default Title,"DR-SOFT 207",1500,shopify,25,deny,manual,52.99,59.99,TRUE,TRUE,,"https://dphpia7d6qb4m.cloudfront.net/images/soft%20207_01_t.png",1,"Drive DeVilbiss Soft-Form Nasal Cannula DR-SOFT 207",34.50,active
"drive-devilbiss-suction-canister-tubing-12-inch","Drive DeVilbiss Suction Canister Tubing, 12 Inch","<p>This high-quality suction accessory from Drive DeVilbiss is designed for reliable performance in medical and home care settings. Built to exacting standards, it ensures secure connections and efficient operation for your suction equipment needs.</p>","Drive DeVilbiss","Health & Beauty > Health Care > Medical Devices > Medical Equipment & Accessories","Suction Parts & Accessories","Drive DeVilbiss, Suction Parts & Accessories, Medical Equipment, Respiratory Care, DR-22330-12",TRUE,Title,Default Title,"DR-22330-12",1500,shopify,25,deny,manual,146.99,149.99,TRUE,TRUE,,"https://dphpia7d6qb4m.cloudfront.net/images/22330-12_01_t.png",1,"Drive DeVilbiss Suction Canister Tubing, 12 Inch",113.05,active
"salter-labs-7001-0-25-nasal-cannula-with-25-foot-tubing","Salter Labs 7001-0-25 Nasal Cannula with 25-Foot Tubing","<p>The Salter Labs 7001-0-25 Nasal Cannula provides comfortable and reliable oxygen delivery with an integrated 25-foot oxygen supply tubing. Designed with lightweight, soft materials, it ensures secure placement while minimizing facial irritation during extended wear.</p>","Salter Labs","Health & Beauty > Health Care > Respiratory Care Equipment","Oxygen Therapy Accessories","Salter Labs, Nasal Cannula, Respiratory Care, Oxygen Therapy, 7001-0-25",TRUE,Title,Default Title,"SL-7001-0-25",1500,shopify,25,deny,manual,70.99,79.99,TRUE,TRUE,,"https://dphpia7d6qb4m.cloudfront.net/images/7001-0-25_01_t.png",1,"Salter Labs 7001-0-25 Nasal Cannula with 25-Foot Tubing",52.05,active
"drive-devilbiss-7325p-portable-suction-machine-with-devilbiss-exacta","Drive DeVilbiss 7325P Portable Suction Machine with DeVilbiss Exacta","<p>The Drive DeVilbiss 7325P Portable Suction Machine is a reliable and lightweight medical-grade device designed for effective fluid management. Engineered for convenience, it features a durable housing and an intuitive control panel for straightforward operation in homecare or clinical settings.</p>","Drive DeVilbiss","Health & Beauty > Health Care > Medical Equipment > Medical Monitors & Call Devices","Suction Machine","Drive DeVilbiss, Portable Suction Machines, DV-7325P-D-EXF, Medical Equipment, Respiratory Care",TRUE,Title,Default Title,"DV-7325P-D-EXF",1500,shopify,25,deny,manual,320.99,349.99,TRUE,TRUE,,"https://dphpia7d6qb4m.cloudfront.net/images/7325p-d-exf_01_t.png",1,"Drive DeVilbiss 7325P Portable Suction Machine with DeVilbiss Exacta",242.00,active
"drive-devilbiss-soft-form-nasal-cannula-dr-soft-204","Drive DeVilbiss Soft-Form Nasal Cannula DR-SOFT 204","<p>Experience superior comfort with the Drive DeVilbiss Soft-Form Nasal Cannula, designed for gentle and reliable oxygen delivery. Crafted from lightweight, soft materials, it helps reduce facial irritation during extended everyday use.</p>","Drive DeVilbiss","Health > Medical Devices > Respiratory Therapy Equipment","Nasally Administered Oxygen Accessories","Drive DeVilbiss, Cannulas, Respiratory, Oxygen Therapy, Medical Equipment",TRUE,Title,Default Title,"DR-SOFT 204",1500,shopify,25,deny,manual,52.99,59.99,TRUE,TRUE,,"https://dphpia7d6qb4m.cloudfront.net/images/soft%20204_01_t.png",1,"Drive DeVilbiss Soft-Form Nasal Cannula DR-SOFT 204",36.60,active
"roscoe-medical-economy-cga-870-mini-oxygen-regulator","Roscoe Medical Economy CGA-870 Mini Oxygen Regulator","<p>The Roscoe Medical Economy CGA-870 Mini Oxygen Regulator delivers reliable flow control in a lightweight, compact design ideal for portable oxygen therapy. Built with durable aluminum and brass construction, it ensures precise delivery for medical and homecare applications.</p>","Roscoe Medical","Health > Medical Equipment > Respiratory Equipment > Oxygen Therapy","Oxygen Regulators","Roscoe Medical, Regulators, Oxygen Therapy, Medical Equipment, Respiratory, ROS-RMI-08MINI",TRUE,Title,Default Title,"ROS-RMI-08MINI",1500,shopify,25,deny,manual,25.99,29.99,TRUE,TRUE,,"https://dphpia7d6qb4m.cloudfront.net/images/ros-rmi-08mini_t.jpg",1,"Roscoe Medical Economy CGA-870 Mini Oxygen Regulator",16.95,active
"drive-devilbiss-oxygen-cylinder-carry-bag-m6-d-cylinder-800-series","Drive DeVilbiss Oxygen Cylinder Carry Bag (M6 / D Cylinder, 800 Series)","<p>The Drive DeVilbiss Oxygen Cylinder Carry Bag is designed to safely and discreetly transport M6 and D size oxygen tanks with ease. Featuring durable construction and adjustable straps, it provides reliable daily mobility and convenience for oxygen therapy users.</p>","Drive DeVilbiss","Health & Beauty > Health Care > Medical Equipment > Mobility Accessories","Oxygen Cylinder Bags","Drive DeVilbiss, Oxygen Cylinder Bag, M6 Cylinder, D Cylinder, Medical Equipment, Respiratory Accessories",TRUE,Title,Default Title,"DR-OP-150-800",1500,shopify,25,deny,manual,20.99,24.99,TRUE,TRUE,,"https://dphpia7d6qb4m.cloudfront.net/images/dr-op-150-800_01_t.jpg",1,"Drive DeVilbiss Oxygen Cylinder Carry Bag (M6 / D Cylinder, 800 Series)",13.35,active
"proactive-medical-products-pro-20110-finger-pulse-oximeter","Proactive Medical Products PRO-20110 Finger Pulse Oximeter","<p>The Proactive Medical Products PRO-20110 Finger Pulse Oximeter provides fast and accurate blood oxygen saturation and pulse rate measurements. Designed for reliable daily monitoring, it features a clear digital display and an easy-to-use compact design.</p>","Proactive Medical Products","Health & Beauty > Health Care > Medical Devices > Diagnostic Monitoring > Pulse Oximeters","Pulse Oximeter","Proactive Medical Products, PRO-20110, pulse oximeter, health monitoring, medical device",TRUE,Title,Default Title,"PRO-20110",1500,shopify,25,deny,manual,34.99,39.99,TRUE,TRUE,,"https://dphpia7d6qb4m.cloudfront.net/images/pro-20110_01_t.png",1,"Proactive Medical Products PRO-20110 Finger Pulse Oximeter",22.05,active
"salter-labs-nebulizer-kit-7-foot-tubing-box-of-50-sl-8900-7-50","Salter Labs Nebulizer Kit with 7-Foot Tubing, Box of 50 (SL-8900-7-50)","<p>Experience efficient aerosol drug delivery with the Salter Labs Nebulizer Kit, designed for reliable performance and patient comfort. Each kit in this bulk box of 50 includes a standard nebulizer and 7 feet of clear tubing for ease of use during respiratory treatments.</p>","Salter Labs","Health > Medical Devices > Respiratory Therapy Equipment","Nebulizer Accessories","Salter Labs, Nebulizer Kits, Respiratory Care, Medical Supplies, SL-8900-7-50",TRUE,Title,Default Title,"SL-8900-7-50",1500,shopify,25,deny,manual,53.99,59.99,TRUE,TRUE,,"https://dphpia7d6qb4m.cloudfront.net/images/8900-7-50_01_t.png",1,"Salter Labs Nebulizer Kit with 7-Foot Tubing, Box of 50 (SL-8900-7-50)",39.90,active
"drive-devilbiss-oxygen-cylinder-bag-m6-c","Drive DeVilbiss Oxygen Cylinder Bag for M6 and C Cylinders","<p>Designed for secure and convenient transport, the Drive DeVilbiss Oxygen Cylinder Bag safely accommodates M6 and C oxygen cylinders. Crafted from durable, easy-to-clean materials, it features adjustable straps for comfortable carry and reliable everyday mobility.</p>","Drive DeVilbiss","Health & Beauty > Health Care > Medical Equipment > Medical Mobility Aids","Oxygen Cylinder Accessories","Drive DeVilbiss, Oxygen Cylinder Bag, Medical Equipment, Mobility, Respiratory Care, DR-STDS6008-1",TRUE,Title,Default Title,"DR-STDS6008-1",1500,shopify,25,deny,manual,34.99,38.99,TRUE,TRUE,,"https://dphpia7d6qb4m.cloudfront.net/images/dr-stds6008-1_01_t.jpg",1,"Drive DeVilbiss Oxygen Cylinder Bag for M6 and C Cylinders",25.85,active
"hudson-rci-hd-1882p-teleflex-comfort-fit-tracheostomy-collar","Hudson RCI HD-1882P Teleflex Comfort Fit Tracheostomy Collar","<p>The Hudson RCI HD-1882P tracheostomy collar is engineered to deliver reliable oxygen therapy with enhanced patient comfort. Designed by Teleflex, this respiratory disposable features flexible tubing and an ergonomic contour for secure, irritation-free placement.</p>","Hudson RCI","Health & Beauty > Health Care > Respiratory Care","Respiratory Disposables","hudson-rci, tracheostomy-collar, respiratory-disposables, teleflex, medical-supplies",TRUE,Title,Default Title,"HD-1882P",1500,shopify,25,deny,manual,60.99,64.99,TRUE,TRUE,,"https://dphpia7d6qb4m.cloudfront.net/images/hd-1882p_t.jpg",1,"Hudson RCI HD-1882P Teleflex Comfort Fit Tracheostomy Collar",45.00,active
"salter-labs-1225-oxygen-tubing-connectors-25-pack","Salter Labs 1225 Oxygen Tubing Connectors, 25/Pack","<p>Designed for secure and reliable oxygen delivery, these standard connectors ensure a seamless link between tubing setups. Crafted for durability and ease of use, they provide healthcare providers and patients with a dependable respiratory connection.</p>","Salter Labs","Health & Beauty > Health Care > Respiratory Care","Oxygen Tubing Connectors","Salter Labs, Oxygen Tubing Connectors, Respiratory Care, Medical Supplies, SL-1225-0-25",TRUE,Title,Default Title,"SL-1225-0-25",1500,shopify,25,deny,manual,75.99,75.00,TRUE,TRUE,,"https://dphpia7d6qb4m.cloudfront.net/images/1225-0-25_01_t.png",1,"Salter Labs 1225 Oxygen Tubing Connectors, 25/Pack",56.00,active
"rhythm-healthcare-lifestyle-portable-oxygen-concentrator-battery-ls-p2by001-2","Rhythm Healthcare LifeStyle Portable Oxygen Concentrator Battery LS-P2BY001-2","<p>Ensure uninterrupted mobility and reliability with the genuine Rhythm Healthcare LifeStyle Portable Oxygen Concentrator Battery. Designed specifically for the LifeStyle POC, this rechargeable lithium-ion battery provides dependable power for extended trips and daily errands.</p>","Rhythm Healthcare","Health & Beauty > Health Care > Medical Devices > Oxygen Concentrators","Oxygen Concentrator Battery","Rhythm Healthcare, LifeStyle, POC Batteries, Medical Accessories, Oxygen Concentrator, LS-P2BY001-2, Portable Power",TRUE,Title,Default Title,"LS-P2BY001-2",1500,shopify,25,deny,manual,228.99,249.99,TRUE,TRUE,,"https://dphpia7d6qb4m.cloudfront.net/images/p2by001-2_01_t.png",1,"Rhythm Healthcare LifeStyle Portable Oxygen Concentrator Battery LS-P2BY001-2",155.00,active
"drive-devilbiss-oxygen-cylinder-bag-m4-m6","Drive DeVilbiss Oxygen Cylinder Bag for M4 and M6 Cylinders","<p>The Drive DeVilbiss Oxygen Cylinder Bag is designed to safely and discreetly transport M4 and M6 oxygen cylinders while on the go. Featuring durable, heavy-duty fabric and comfortable carrying straps, it provides reliable everyday support for active users.</p>","Drive DeVilbiss","Health & Beauty > Health Care > Medical Supplies > Oxygen Equipment","Cylinder Bags","Drive DeVilbiss, Cylinder Bags, Oxygen Accessories, Medical Supplies, Mobility, DR-18102",TRUE,Title,Default Title,"DR-18102",1500,shopify,25,deny,manual,20.99,24.99,TRUE,TRUE,,"https://dphpia7d6qb4m.cloudfront.net/images/dr-18102_01_t.jpg",1,"Drive DeVilbiss Oxygen Cylinder Bag for M4 and M6 Cylinders",11.25,active
"drive-devilbiss-oxygen-cylinder-stand","Drive DeVilbiss Oxygen Cylinder Stand","<p>The Drive DeVilbiss Oxygen Cylinder Stand provides a secure and stable base for standard medical oxygen tanks. Constructed from durable materials, this holder helps prevent accidental tipping in home or clinical care settings.</p>","Drive DeVilbiss","Health & Beauty > Health Care > Medical Equipment > Medical Monitors & Call Devices","Cylinder Holders","Drive DeVilbiss, DR-STDS803, cylinder holders, oxygen tank stand, respiratory accessories, medical equipment",TRUE,Title,Default Title,"DR-STDS803",1500,shopify,25,deny,manual,52.99,59.99,TRUE,TRUE,,"https://www.lakecourt.com/respiratory/images/no-image.png",1,"Drive DeVilbiss Oxygen Cylinder Stand",35.00,active
"drive-devilbiss-dr-18114-everyday-healthcare-cart-and-storage-rack","Drive DeVilbiss DR-18114 Everyday Healthcare Cart and Storage Rack","<p>The Drive DeVilbiss DR-18114 is a durable utility cart and storage rack designed for reliable daily use in clinical and home care environments. Built from robust materials with a smooth, easy-to-clean finish, it offers dependable mobility and organized storage for essential medical supplies.</p>","Drive DeVilbiss","Health & Beauty > Health Care > Medical Equipment & Accessories","Medical Carts","Drive DeVilbiss, DR-18114, Carts and Racks, Medical Storage, Mobility, Utility Cart",TRUE,Title,Default Title,"DR-18114",1500,shopify,25,deny,manual,48.99,54.99,TRUE,TRUE,,"https://dphpia7d6qb4m.cloudfront.net/images/dr-18114_01_t.jpg",1,"Drive DeVilbiss DR-18114 Everyday Healthcare Cart and Storage Rack",31.45,active
"drive-devilbiss-rollator-shopping-cart-and-rack","Drive DeVilbiss Rollator Shopping Cart and Rack","<p>Enhance your daily mobility and convenience with this durable shopping cart and rack accessory designed by Drive DeVilbiss. Crafted with reliable materials, it provides secure storage and transport for everyday items while maintaining a sleek, functional profile.</p>","Drive DeVilbiss","Health & Beauty > Health Care > Mobility Aids","Mobility Accessories","Drive DeVilbiss, Carts and Racks, Mobility Aids, Medical Equipment, DR-18149KD",TRUE,Title,Default Title,"DR-18149KD",1500,shopify,25,deny,manual,70.99,79.99,TRUE,TRUE,,"https://dphpia7d6qb4m.cloudfront.net/images/dr-18149kd_01_t.jpg",1,"Drive DeVilbiss Rollator Shopping Cart and Rack",50.85,active
"abm-respiratory-care-bipap-cpap-circuit-tubing-abm-bc21088","ABM Respiratory Care BiPAP/CPAP Circuit Tubing (ABM-BC21088)","<p>Experience reliable and consistent airflow performance with this premium respiratory replacement circuit tubing from ABM Respiratory Care. Designed for seamless compatibility and durability, it ensures optimal delivery during your daily respiratory therapy.</p>","ABM Respiratory Care","Health & Beauty > Health Care > Respiratory Care","Respiratory Accessories","ABM Respiratory Care, Respiratory Parts, CPAP Tubing, BiPAP Circuit, Medical Accessories",TRUE,Title,Default Title,"ABM-BC21088",1500,shopify,25,deny,manual,25.99,29.99,TRUE,TRUE,,"https://dphpia7d6qb4m.cloudfront.net/images/abm-bc21088_01_t.png",1,"ABM Respiratory Care BiPAP/CPAP Circuit Tubing (ABM-BC21088)",16.00,active
"rhythm-healthcare-p2-e6-portable-oxygen-concentrator","Rhythm Healthcare P2-E6 Portable Oxygen Concentrator","<p>The Rhythm Healthcare P2-E6 is a lightweight and reliable portable oxygen concentrator designed to support an active lifestyle with continuous freedom. It delivers efficient pulse-dose oxygen delivery in a compact, durable frame that is easy to travel with and use daily.</p>","Rhythm Healthcare","Health > Medical Equipment > Respiratory Equipment","Portable Oxygen Concentrator","Rhythm Healthcare, P2-E6, Portable O2 Concentrator, Medical Equipment, Respiratory, Oxygen Therapy",TRUE,Title,Default Title,"LS-P2-E6",1500,shopify,25,deny,manual,1812.99,1950.00,TRUE,TRUE,,"https://dphpia7d6qb4m.cloudfront.net/images/p2-e6_02_t.png",1,"Rhythm Healthcare P2-E6 Portable Oxygen Concentrator",975.00,active
"drive-devilbiss-oxygen-tubing-connector-dr-con-400","Drive DeVilbiss Oxygen Tubing Connector, DR-CON 400","<p>The Drive DeVilbiss Oxygen Tubing Connector (DR-CON 400) is designed to securely and reliably connect oxygen tubing components for respiratory therapy. Manufactured to high medical standards, this durable connector ensures a continuous and dependable airflow for patient care.</p>","Drive DeVilbiss","Health & Beauty > Health Care > Respiratory Care Equipment","Oxygen Tubing Connector","Drive DeVilbiss, DR-CON 400, oxygen accessories, respiratory care, tubing connector",TRUE,Title,Default Title,"DR-CON 400",1500,shopify,25,deny,manual,49.99,52.99,TRUE,TRUE,,"https://dphpia7d6qb4m.cloudfront.net/images/con%20400_01_t.png",1,"Drive DeVilbiss Oxygen Tubing Connector, DR-CON 400",37.15,active
"salter-labs-50-foot-oxygen-tubing-sl-2050-50-20","Salter Labs 50-Foot Oxygen Tubing - SL-2050-50-20","<p>Experience reliable and continuous oxygen flow with the Salter Labs 50-Foot Oxygen Tubing, designed for maximum durability and patient comfort. This crush-resistant tubing ensures uninterrupted therapy while providing ample reach for daily home or clinical use.</p>","Salter Labs","Health > Medical Equipment > Respiratory Equipment","Oxygen Tubing","Salter Labs, Oxygen Tubing, Respiratory Care, Medical Supplies, SL-2050-50-20",TRUE,Title,Default Title,"SL-2050-50-20",1500,shopify,25,deny,manual,94.99,94.99,TRUE,TRUE,,"https://dphpia7d6qb4m.cloudfront.net/images/2050-50-20_01_t.png",1,"Salter Labs 50-Foot Oxygen Tubing - SL-2050-50-20",70.50,active
"tactile-medical-ibc-6000-afflovest-controller-replacement","Tactile Medical IBC-6000 Afflovest Controller Replacement","<p>Experience reliable performance with the genuine Tactile Medical IBC-6000 replacement component designed for Afflovest HFCWO therapy systems. Built to exact manufacturer standards, this essential accessory ensures seamless integration and dependable daily operation.</p>","Tactile Medical","Health > Medical Equipment > Medical Monitors & Call Devices","Therapy Equipment Parts","Tactile Medical, IBC-6000, Afflovest, HFCWO Therapy, Medical Equipment",TRUE,Title,Default Title,"IBC-6000",1500,shopify,25,deny,manual,79.99,89.99,TRUE,TRUE,,"https://dphpia7d6qb4m.cloudfront.net/images/parent_images/6000_01_t.png",1,"Tactile Medical IBC-6000 Afflovest Controller Replacement",45.00,active
"salter-labs-soft-green-oxygen-tubing-7-feet-50-case","Salter Labs Soft-Green Oxygen Tubing 7 Feet - 50/Case","<p>Experience reliable oxygen delivery with Salter Labs 7-foot standard oxygen tubing, designed with a unique soft-green finish for high visibility and easy routing. This crush-resistant tubing ensures uninterrupted flow and patient comfort during continuous oxygen therapy.</p>","Salter Labs","Health & Beauty > Health Care > Respiratory Care > Oxygen Equipment","Oxygen Tubing","Salter Labs, Oxygen Tubing, Respiratory Care, Medical Supplies, SL-2002G-7-50",TRUE,Title,Default Title,"SL-2002G-7-50",1500,shopify,25,deny,manual,30.99,34.99,TRUE,TRUE,,"https://dphpia7d6qb4m.cloudfront.net/images/2002g-7-50_01_t.png",1,"Salter Labs Soft-Green Oxygen Tubing 7 Feet - 50/Case",23.00,active
"salter-labs-14-foot-oxygen-tubing-sl-2014-14-50","Salter Labs 14-Foot Oxygen Tubing with Standard Connectors - SL-2014-14-50","<p>Experience reliable and uninterrupted oxygen delivery with this premium 14-foot oxygen tubing from Salter Labs. Designed with standard connectors, it provides dependable kink-resistant performance and seamless compatibility with standard oxygen therapy equipment.</p>","Salter Labs","Health & Beauty > Health Care > Respiratory Care","Oxygen Tubing","Salter Labs, oxygen tubing, respiratory care, medical supplies, SL-2014-14-50",TRUE,Title,Default Title,"SL-2014-14-50",1500,shopify,25,deny,manual,64.99,69.99,TRUE,TRUE,,"https://dphpia7d6qb4m.cloudfront.net/images/2014-14-50_01_t.png",1,"Salter Labs 14-Foot Oxygen Tubing with Standard Connectors - SL-2014-14-50",48.40,active
"salter-labs-7-foot-oxygen-tubing-sl-2002-7-50","Salter Labs 7-Foot Oxygen Tubing - SL-2002-7-50","<p>Experience reliable oxygen delivery with the Salter Labs 7-Foot Oxygen Tubing, designed for optimal flow and patient comfort. Constructed from durable, flexible medical-grade materials, this standard-length tubing resists kinking to ensure uninterrupted therapy.</p>","Salter Labs","Health & Beauty > Health Care > Respiratory Care","Oxygen Tubing","Salter Labs, oxygen tubing, respiratory care, medical supplies, SL-2002-7-50",TRUE,Title,Default Title,"SL-2002-7-50",1500,shopify,25,deny,manual,30.99,34.99,TRUE,TRUE,,"https://dphpia7d6qb4m.cloudfront.net/images/2002-7-50_01_t.png",1,"Salter Labs 7-Foot Oxygen Tubing - SL-2002-7-50",20.60,active
"drive-devilbiss-pediatric-compress-nebulizer-system-mq6003r","Drive DeVilbiss Pediatric Compress Nebulizer System (MQ6003R)","<p>The Drive DeVilbiss Pediatric Compressor Nebulizer System is designed to make respiratory treatments engaging and comfortable for children. This reliable medical-grade device delivers efficient aerosol medication therapy with a child-friendly design to help ease anxiety during use.</p>","Drive DeVilbiss","Health > Medical Devices > Respiratory Care > Nebulizers","Nebulizer","Drive DeVilbiss, Nebulizers - Pediatric, respiratory care, medical device, pediatric nebulizer, DR-MQ6003R",TRUE,Title,Default Title,"DR-MQ6003R",1500,shopify,25,deny,manual,43.99,49.99,TRUE,TRUE,,"https://dphpia7d6qb4m.cloudfront.net/images/dr-mq6003r_01_t.jpg",1,"Drive DeVilbiss Pediatric Compress Nebulizer System (MQ6003R)",25.30,active
"rhythm-healthcare-lm5ba9-humidifier-bottle-for-oxygen-concentrators","Rhythm Healthcare LM5BA9 Humidifier Bottle for Oxygen Concentrators","<p>The Rhythm Healthcare LM5BA9 Humidifier Bottle is designed to provide reliable moisture delivery for oxygen concentrator users. Crafted from durable, medical-grade materials, it ensures safe and efficient humidification during oxygen therapy.</p>","Rhythm Healthcare","Health > Medical Equipment > Respiratory Therapy Equipment","Concentrator Accessories","Rhythm Healthcare, LM5BA9, Concentrator Accessories, Oxygen Therapy, Humidifier Bottle, Medical Equipment",TRUE,Title,Default Title,"LS-LM5BA9",1500,shopify,25,deny,manual,118.99,129.99,TRUE,TRUE,,"https://dphpia7d6qb4m.cloudfront.net/images/lm5ba9_01_t.png",1,"Rhythm Healthcare LM5BA9 Humidifier Bottle for Oxygen Concentrators",72.00,active
"inogen-one-g4-8-cell-standard-lithium-ion-battery","Inogen One G4 8-Cell Standard Lithium-Ion Battery","<p>The Inogen One G4 8-Cell Lithium-Ion Battery provides reliable, long-lasting power for your portable oxygen concentrator while on the go. Designed for seamless integration and effortless recharging, this lightweight battery ensures uninterrupted mobility and peace of mind.</p>","Inogen","Health > Medical Equipment > Respiratory Equipment","POC Batteries","Inogen, Inogen One G4, POC Batteries, Oxygen Concentrator Accessories, Medical Equipment",TRUE,Title,Default Title,"INO-BA-408",1500,shopify,25,deny,manual,389.99,399.00,TRUE,TRUE,,"https://dphpia7d6qb4m.cloudfront.net/images/ino-ba-408_t.jpg",1,"Inogen One G4 8-Cell Standard Lithium-Ion Battery",300.00,active
"roscoe-medical-mini-oxygen-regulator-cga-870","Roscoe Medical Mini Oxygen Regulator CGA-870","<p>The Roscoe Medical Mini Oxygen Regulator delivers reliable and precise oxygen flow in an ultra-compact design. Built for durability and ease of use, it is an essential medical accessory for portable oxygen systems.</p>","Roscoe Medical","Health & Beauty > Health Care > Respiratory Care","Oxygen Regulators","Roscoe Medical, oxygen regulator, respiratory care, medical equipment, mini regulator",TRUE,Title,Default Title,"ROS-RMI-15MINI",1500,shopify,25,deny,manual,25.99,29.99,TRUE,TRUE,,"https://dphpia7d6qb4m.cloudfront.net/images/ros-rmi-15mini_t.jpg",1,"Roscoe Medical Mini Oxygen Regulator CGA-870",16.25,active
"tactile-medical-ibc-8100-afflovest-replacement-battery","Tactile Medical IBC-8100 AffloVest Replacement Battery","<p>Ensure uninterrupted high-frequency chest wall oscillation (HFCWO) therapy with the genuine Tactile Medical IBC-8100 replacement battery designed specifically for the AffloVest system. This reliable power source provides dependable, long-lasting performance for daily clinical and at-home respiratory treatments.</p>","Tactile Medical","Health > Medical Devices > Respiratory Therapy Equipment","Medical Equipment Accessories","Tactile Medical, AffloVest, HFCWO Therapy, IBC-8100, Replacement Battery, Respiratory Equipment",TRUE,Title,Default Title,"IBC-8100",1500,shopify,25,deny,manual,88.99,99.99,TRUE,TRUE,,"https://dphpia7d6qb4m.cloudfront.net/images/ibc-8100_t.jpg",1,"Tactile Medical IBC-8100 AffloVest Replacement Battery",45.00,active
"abm-respiratory-care-bicard-circuit-bc21090","ABM Respiratory Care BiCard Circuit BC21090","<p>The ABM Respiratory Care BiCard Circuit BC21090 is engineered to deliver reliable performance for respiratory therapy needs. Designed with high-quality medical-grade materials, this component ensures a secure and effective connection for patient care.</p>","ABM Respiratory Care","Health > Medical Equipment > Respiratory Equipment","Respiratory Accessories","ABM Respiratory Care, BC21090, respiratory parts, medical accessories, BiCard circuit",TRUE,Title,Default Title,"ABM-BC21090",1500,shopify,25,deny,manual,25.99,29.99,TRUE,TRUE,,"https://dphpia7d6qb4m.cloudfront.net/images/abm-bc21090_01_t.png",1,"ABM Respiratory Care BiCard Circuit BC21090",16.00,active
"o2-concepts-oxlife-independence-portable-oxygen-concentrator","O2 Concepts Oxlife Independence Portable Oxygen Concentrator","<p>The O2 Concepts Oxlife Independence is a reliable 2-in-1 portable oxygen concentrator designed to provide continuous flow and pulse dose delivery for active lifestyle needs. Featuring patented EnergySmart technology and rugged construction, this device ensures long-lasting mobility and peace of mind wherever you go.</p>","O2 Concepts","Health > Medical Devices > Respiratory Care > Oxygen Concentrators","Portable Oxygen Concentrator","O2 Concepts, Oxlife Independence, Portable Oxygen Concentrator, Medical Device, Respiratory Care, Oxygen Therapy",TRUE,Title,Default Title,"O2-800-0001-1V",1500,shopify,25,deny,manual,3249.99,3495.00,TRUE,TRUE,,"https://dphpia7d6qb4m.cloudfront.net/images/o2-800-0001-1v_t.jpg",1,"O2 Concepts Oxlife Independence Portable Oxygen Concentrator",1950.00,active
"abm-respiratory-care-abm-bc21273-abm-bc21273","ABM Respiratory Care Respiratory Parts (ABM-BC21273)","<p>Genuine ABM Respiratory Care replacement part for respiratory equipment (SKU ABM-BC21273). Please confirm compatibility with your specific device model before ordering.</p>","ABM Respiratory Care","Respiratroy Parts","Respiratory Parts","abm respiratory care, medical, wholesale-normalized, shopify-ready",TRUE,Title,Default Title,"ABM-BC21273",1500,shopify,25,deny,manual,30.99,34.88,TRUE,TRUE,,"https://dphpia7d6qb4m.cloudfront.net/images/abm-bc21273_01_t.png",1,"ABM Respiratory Care Respiratory Parts (ABM-BC21273)",16.00,active
"drive-devilbiss-compact-nebulizer-system-dv-3655lt","Drive DeVilbiss Compact Nebulizer System DV-3655LT","<p>The Drive DeVilbiss Compact Nebulizer System DV-3655LT delivers reliable aerosol therapy with a lightweight and user-friendly design. Engineered for efficient medication delivery, this quiet device is ideal for both home and clinical use.</p>","Drive DeVilbiss","Health & Beauty > Health Care > Respiratory Care > Nebulizers","Nebulizers","Drive DeVilbiss, DV-3655LT, Nebulizers - Standard, respiratory care, medical equipment, verified-retail",TRUE,Title,Default Title,"DV-3655LT",1500,shopify,25,deny,manual,43.99,49.99,TRUE,TRUE,,"https://dphpia7d6qb4m.cloudfront.net/images/dv-3655lt_01_t.png",1,"Drive DeVilbiss Compact Nebulizer System DV-3655LT",25.30,active
"abm-respiratory-care-abm-bc22496-abm-bc22496","ABM Respiratory Care Respiratory Parts (ABM-BC22496)","<p>Genuine ABM Respiratory Care replacement part for respiratory equipment (SKU ABM-BC22496). Please confirm compatibility with your specific device model before ordering.</p>","ABM Respiratory Care","Respiratroy Parts","Respiratory Parts","abm respiratory care, medical, wholesale-normalized, shopify-ready",TRUE,Title,Default Title,"ABM-BC22496",1500,shopify,25,deny,manual,16.99,19.62,TRUE,TRUE,,"https://dphpia7d6qb4m.cloudfront.net/images/abm-bc22496_01_t.png",1,"ABM Respiratory Care Respiratory Parts (ABM-BC22496)",9.00,active
"hudson-rci-hd-1680-hd-1680","Hudson RCI Aerosol Tubing (HD-1680)","<p>Hudson RCI aerosol tubing (SKU HD-1680) that connects a nebulizer to its mouthpiece or mask for aerosol medication delivery.</p>","Hudson RCI","Aerosol Tubing","Aerosol Tubing","hudson rci, appliance, wholesale-normalized, shopify-ready",TRUE,Title,Default Title,"HD-1680",1500,shopify,25,deny,manual,38.99,44.15,TRUE,TRUE,,"https://dphpia7d6qb4m.cloudfront.net/images/hud1680_01_t.png",1,"Hudson RCI Aerosol Tubing (HD-1680)",20.25,active
"beaumont-products-be-635871639-12pk-be-635871639-12pk","Beaumont Products CPAP Masks and Accessories (BE-635871639-12PK)","<p>Beaumont Products CPAP mask/accessory (SKU BE-635871639-12PK) designed to help maintain a comfortable, reliable seal during CPAP or BiPAP therapy. Please confirm compatibility with your specific machine and mask size before ordering.</p>","Beaumont Products","CPAP Masks and Accessories","CPAP Masks and Accessories","beaumont products, medical, wholesale-normalized, shopify-ready",TRUE,Title,Default Title,"BE-635871639-12PK",1500,shopify,25,deny,manual,185.99,202.74,TRUE,TRUE,,"https://dphpia7d6qb4m.cloudfront.net/images/be-635871639-12pk_t.jpg",1,"Beaumont Products CPAP Masks and Accessories (BE-635871639-12PK)",93.00,active
"inogen-ino-rp-406-ino-rp-406","Inogen Sieve Beds (INO-RP-406)","<p>The removable metal columns provide a quick and easy way to service your Inogen One G4 without having to send in the product for repair. Sold and used as a pair, the columns contain the sieve beds that convert normal air with lower levels of oxygen concentration to supply a high concentration of oxygen. These sieve beds wear down after prolonged use.</p>","Inogen","Sieve Beds","Sieve Beds","inogen, medical, wholesale-normalized, shopify-ready",TRUE,Title,Default Title,"INO-RP-406",1500,shopify,25,deny,manual,196.99,214.73,TRUE,TRUE,,"https://dphpia7d6qb4m.cloudfront.net/images/ino-rp-406_t.jpg",1,"Inogen Sieve Beds (INO-RP-406)",98.50,active
"salter-labs-sl-1600tlc-sl-1600tlc","Salter Labs Cannulas (SL-1600TLC)","<p>Salter Labs nasal cannula (SKU SL-1600TLC) for delivering supplemental oxygen comfortably during everyday use, with soft, lightweight tubing designed for extended wear and compatible with standard oxygen concentrators and cylinders.</p>","Salter Labs","Cannulas","Cannulas","salter labs, appliance, wholesale-normalized, shopify-ready",TRUE,Title,Default Title,"SL-1600TLC",1500,shopify,25,deny,manual,87.99,98.10,TRUE,TRUE,,"https://dphpia7d6qb4m.cloudfront.net/images/1600tlc_01_t.png",1,"Salter Labs Cannulas (SL-1600TLC)",45.00,active
"rhythm-healthcare-ls-lm10a-ls-lm10a","Rhythm Healthcare 10 Liter Concentrators (LS-LM10A)","<p>The Rhythm LM10A 10L Stationary Oxygen Concentrator provides reliable continuous-flow oxygen therapy up to 10 liters per minute, making it ideal for home and clinical use. Engineered for durability and quiet performance, this stationary concentrator supports everyday oxygen needs with easy controls and consistent delivery.</p>","Rhythm Healthcare","10 Liter Concentrators","10 Liter Concentrators","rhythm healthcare, medical, wholesale-normalized, shopify-ready",TRUE,Title,Default Title,"LS-LM10A",1500,shopify,25,deny,manual,2024.99,2177.82,TRUE,TRUE,,"https://dphpia7d6qb4m.cloudfront.net/images/lm10a_01_t.png",1,"Rhythm Healthcare 10 Liter Concentrators (LS-LM10A)",999.00,active
"react-health-rea-ioh200-rea-ioh200","React Health HomeFill (REA-IOH200)","<p>The React HomeFill Oxygen System provides an unlimited, refillable ambulatory oxygen supply for patients to provide greater mobility and increased independence than traditional oxygen modalities.</p>","React Health","HomeFill","HomeFill","react health, appliance, wholesale-normalized, shopify-ready",TRUE,Title,Default Title,"REA-IOH200",1500,shopify,25,deny,manual,2307.99,2481.93,TRUE,TRUE,,"https://dphpia7d6qb4m.cloudfront.net/images/in-ioh200_01_t.png",1,"React Health HomeFill (REA-IOH200)",1138.50,active
"inogen-ino-rp-321-ino-rp-321","Inogen Sieve Beds (INO-RP-321)","<p>These replacement columns are ONLY compatible with Inogen One G3 systems with a FLOW SETTING range between 1-5. If your flow setting can be adjusted to Setting 5, this option is for you.</p>","Inogen","Sieve Beds","Sieve Beds","inogen, medical, wholesale-normalized, shopify-ready",TRUE,Title,Default Title,"INO-RP-321",1500,shopify,25,deny,manual,196.99,214.73,TRUE,TRUE,,"https://dphpia7d6qb4m.cloudfront.net/images/ino-rp-321_t.jpg",1,"Inogen Sieve Beds (INO-RP-321)",98.50,active
"drive-devilbiss-dr-18111p-dr-18111p","Drive DeVilbiss Carts and Racks (DR-18111P)","<p>Chrome Oxygen Cylinder Rack</p>","Drive DeVilbiss","Carts and Racks","Carts and Racks","drive devilbiss, appliance, wholesale-normalized, shopify-ready",TRUE,Title,Default Title,"DR-18111P",1500,shopify,25,deny,manual,87.99,98.10,TRUE,TRUE,,"https://dphpia7d6qb4m.cloudfront.net/images/dr-18111p_01_t.jpg",1,"Drive DeVilbiss Carts and Racks (DR-18111P)",45.00,active
"drive-devilbiss-dr-neb-kit-600-dr-neb-kit-600","Drive DeVilbiss Nebulizers - Parts, Filters, Etc. (DR-NEB KIT 600)","<p>Includes medication cup, t-adapter, mouthpiece and reservoir tube</p>","Drive DeVilbiss","Nebulizers - Parts, Filters, Etc.","Nebulizers - Parts, Filters, Etc.","drive devilbiss, medical, wholesale-normalized, shopify-ready",TRUE,Title,Default Title,"DR-NEB KIT 600",1500,shopify,25,deny,manual,140.99,154.34,TRUE,TRUE,,"https://www.lakecourt.com/respiratory/images/no-image.png",1,"Drive DeVilbiss Nebulizers - Parts, Filters, Etc. (DR-NEB KIT 600)",70.80,active
"drive-devilbiss-dv-525dd-650-dv-525dd-650","Drive DeVilbiss Concentrators - Portables (DV-525DD-650)","<p>DeVilbiss 525DS & 1025 homefill rack.</p>","Drive DeVilbiss","Concentrators - Portables","Concentrators - Portables","drive devilbiss, medical, wholesale-normalized, shopify-ready",TRUE,Title,Default Title,"DV-525DD-650",1500,shopify,25,deny,manual,114.99,125.02,TRUE,TRUE,,"https://dphpia7d6qb4m.cloudfront.net/images/dv-525dd-650_01_t.png",1,"Drive DeVilbiss Concentrators - Portables (DV-525DD-650)",57.35,active
"drive-devilbiss-medquip-mq-mq8000-mq-mq8000","Drive DeVilbiss (Medquip) Nebulizers - Parts, Filters, Etc. (MQ-MQ8000)","<p>Drive DeVilbiss (Medquip) replacement filter (SKU MQ-MQ8000) for compatible respiratory equipment, designed to keep airflow clean and support consistent device performance.</p>","Drive DeVilbiss (Medquip)","Nebulizers - Parts, Filters, Etc.","Nebulizers - Parts, Filters, Etc.","drive devilbiss (medquip), medical, wholesale-normalized, shopify-ready",TRUE,Title,Default Title,"MQ-MQ8000",1500,shopify,25,deny,manual,17.99,20.82,TRUE,TRUE,,"https://dphpia7d6qb4m.cloudfront.net/images/mq-mq8000_t.jpg",1,"Drive DeVilbiss (Medquip) Nebulizers - Parts, Filters, Etc. (MQ-MQ8000)",9.55,active
"drive-devilbiss-dr-mask-001p-dr-mask-001p","Drive DeVilbiss Respiratory Masks (DR-MASK 001P)","<p>Pediatric aerosol mask with elastic band and metal nose clip.</p>","Drive DeVilbiss","Respiratory Masks","Respiratory Masks","drive devilbiss, medical, wholesale-normalized, shopify-ready",TRUE,Title,Default Title,"DR-MASK 001P",1500,shopify,25,deny,manual,65.99,73.90,TRUE,TRUE,,"https://dphpia7d6qb4m.cloudfront.net/images/mask%20001p_01_t.png",1,"Drive DeVilbiss Respiratory Masks (DR-MASK 001P)",33.90,active
"salter-labs-sl-so-1790-sl-so-1790","Salter Labs Oxygen Tubing (SL-SO-1790)","<p>The Connector Tubing for Bubble Humidifiers features a crush-resistant 3-channel O2 supply line. It allows for greater comfort and convenience for the patient.</p>","Salter Labs","Oxygen Tubing","Oxygen Tubing","salter labs, medical, wholesale-normalized, shopify-ready",TRUE,Title,Default Title,"SL-SO-1790",1500,shopify,25,deny,manual,61.99,69.43,TRUE,TRUE,,"https://dphpia7d6qb4m.cloudfront.net/images/so-1790_01_t.png",1,"Salter Labs Oxygen Tubing (SL-SO-1790)",31.85,active
"drive-devilbiss-dr-xm-1-dr-xm-1","Drive DeVilbiss Nipple Nut Connectors (Christmas Trees) (DR-XM-1)","<p>Drive DeVilbiss nipple nut connector fitting (SKU DR-XM-1), commonly called a ""Christmas tree"" fitting, used to join oxygen tubing to a flowmeter, humidifier bottle, or regulator outlet.</p>","Drive DeVilbiss","Nipple Nut Connectors (Christmas Trees)","Nipple Nut Connectors (Christmas Trees)","drive devilbiss, appliance, wholesale-normalized, shopify-ready",TRUE,Title,Default Title,"DR-XM-1",1500,shopify,25,deny,manual,18.99,22.56,TRUE,TRUE,,"https://dphpia7d6qb4m.cloudfront.net/images/xm-1_01_t.png",1,"Drive DeVilbiss Nipple Nut Connectors (Christmas Trees) (DR-XM-1)",10.35,active
"hudson-rci-hd-1420-hd-1420","Hudson RCI Oxygen Tubing Connectors (HD-1420)","<p>Hudson RCI oxygen tubing connector (SKU HD-1420) used to join sections of oxygen tubing or connect tubing to a flowmeter, humidifier bottle, or regulator outlet.</p>","Hudson RCI","Oxygen Tubing Connectors","Oxygen Tubing Connectors","hudson rci, medical, wholesale-normalized, shopify-ready",TRUE,Title,Default Title,"HD-1420",1500,shopify,25,deny,manual,30.99,34.77,TRUE,TRUE,,"https://dphpia7d6qb4m.cloudfront.net/images/hud1420_01_t.png",1,"Hudson RCI Oxygen Tubing Connectors (HD-1420)",15.95,active
"contour-cp-14-985r-cp-14-985r","Contour CPAP Masks and Accessories (CP-14-985R)","<p>Contour CPAP mask/accessory (SKU CP-14-985R) designed to help maintain a comfortable, reliable seal during CPAP or BiPAP therapy. Please confirm compatibility with your specific machine and mask size before ordering.</p>","Contour","CPAP Masks and Accessories","CPAP Masks and Accessories","contour, medical, wholesale-normalized, shopify-ready",TRUE,Title,Default Title,"CP-14-985R",1500,shopify,25,deny,manual,144.99,158.05,TRUE,TRUE,,"https://dphpia7d6qb4m.cloudfront.net/images/cp-14-985r_04_t.png",1,"Contour CPAP Masks and Accessories (CP-14-985R)",72.50,active
"roscoe-medical-ros-et-cw-ros-et-cw","Roscoe Medical Cylinder Wrenches (ROS-ET-CW)","<p>This is a replacement cylinder wrench for oxygen cylinders with wrench valves. Made of durable plastic, it's easy to engage medical post valves.</p>","Roscoe Medical","Cylinder Wrenches","Cylinder Wrenches","roscoe medical, medical, wholesale-normalized, shopify-ready",TRUE,Title,Default Title,"ROS-ET-CW",1500,shopify,25,deny,manual,28.99,32.70,TRUE,TRUE,,"https://dphpia7d6qb4m.cloudfront.net/images/et-cw_01_t.png",1,"Roscoe Medical Cylinder Wrenches (ROS-ET-CW)",15.00,active
"salter-labs-sl-1220-0-25-sl-1220-0-25","Salter Labs Oxygen Tubing Connectors (SL-1220-0-25)","<p>Salter Labs oxygen tubing connector (SKU SL-1220-0-25) used to join sections of oxygen tubing or connect tubing to a flowmeter, humidifier bottle, or regulator outlet.</p>","Salter Labs","Oxygen Tubing Connectors","Oxygen Tubing Connectors","salter labs, medical, wholesale-normalized, shopify-ready",TRUE,Title,Default Title,"SL-1220-0-25",1500,shopify,25,deny,manual,59.99,67.14,TRUE,TRUE,,"https://dphpia7d6qb4m.cloudfront.net/images/1220-0-25_01_t.png",1,"Salter Labs Oxygen Tubing Connectors (SL-1220-0-25)",30.80,active
"roscoe-medical-ros-2544-2-ros-2544-2","Roscoe Medical Respiratory Disposables (ROS-2544-2)","<p>The Regulator Yoke Washer with Rubber Ring is for use with oxygen regulators. It is fit between the regulator and the oxygen tank to create a seal with the oxygen tank.</p>","Roscoe Medical","Respiratory Disposables","Respiratory Disposables","roscoe medical, medical, wholesale-normalized, shopify-ready",TRUE,Title,Default Title,"ROS-2544-2",1500,shopify,25,deny,manual,27.99,31.61,TRUE,TRUE,,"https://dphpia7d6qb4m.cloudfront.net/images/2544-2_01_t.png",1,"Roscoe Medical Respiratory Disposables (ROS-2544-2)",14.50,active
"salter-labs-sl-1205-0-50-sl-1205-0-50","Salter Labs Nipple Nut Connectors (Christmas Trees) (SL-1205-0-50)","<p>Wing nut is integral to the assembly and allows threading the assembly on to standard oxygen threaded outlets of regulators or flow meters.</p>","Salter Labs","Nipple Nut Connectors (Christmas Trees)","Nipple Nut Connectors (Christmas Trees)","salter labs, appliance, wholesale-normalized, shopify-ready",TRUE,Title,Default Title,"SL-1205-0-50",1500,shopify,25,deny,manual,44.99,51.01,TRUE,TRUE,,"https://dphpia7d6qb4m.cloudfront.net/images/1205-0-50_01_t.png",1,"Salter Labs Nipple Nut Connectors (Christmas Trees) (SL-1205-0-50)",23.40,active
"salter-labs-sl-1602-7-50-sl-1602-7-50","Salter Labs Cannulas (SL-1602-7-50)","<p>Salter Labs nasal cannula (SKU SL-1602-7-50) for delivering supplemental oxygen comfortably during everyday use, with soft, lightweight tubing designed for extended wear and compatible with standard oxygen concentrators and cylinders.</p>","Salter Labs","Cannulas","Cannulas","salter labs, appliance, wholesale-normalized, shopify-ready",TRUE,Title,Default Title,"SL-1602-7-50",1500,shopify,25,deny,manual,147.99,160.99,TRUE,TRUE,,"https://dphpia7d6qb4m.cloudfront.net/images/1602-7-50_01_t.png",1,"Salter Labs Cannulas (SL-1602-7-50)",73.85,active
"drive-devilbiss-medquip-mq-mq8000mp-mq-mq8000mp","Drive DeVilbiss (Medquip) Respiratory Disposables (MQ-MQ8000MP)","<p>Momentarily holds aerosol medication in chamber until patient is ready to inhale. Accommodates most CFC and HFA meter dose inhalers. Helps to eliminate waste of medication. Minimizes need for hand-breath coordination. Maximizes drug delivery. Easy-to-use and clean. Anti-static properties and Latex Free.</p>","Drive DeVilbiss (Medquip)","Respiratory Disposables","Respiratory Disposables","drive devilbiss (medquip), medical, wholesale-normalized, shopify-ready",TRUE,Title,Default Title,"MQ-MQ8000MP",1500,shopify,25,deny,manual,87.99,98.10,TRUE,TRUE,,"https://dphpia7d6qb4m.cloudfront.net/images/mq-mq8000m_t.jpg",1,"Drive DeVilbiss (Medquip) Respiratory Disposables (MQ-MQ8000MP)",45.00,active
"roscoe-medical-ros-easy-flex6p-ros-easy-flex6p","Roscoe Medical CPAP Masks and Accessories (ROS-EASY-FLEX6P)","<p>Roscoe Medical CPAP mask/accessory (SKU ROS-EASY-FLEX6P) designed to help maintain a comfortable, reliable seal during CPAP or BiPAP therapy. Please confirm compatibility with your specific machine and mask size before ordering.</p>","Roscoe Medical","CPAP Masks and Accessories","CPAP Masks and Accessories","roscoe medical, medical, wholesale-normalized, shopify-ready",TRUE,Title,Default Title,"ROS-EASY-FLEX6P",1500,shopify,25,deny,manual,87.99,98.10,TRUE,TRUE,,"https://dphpia7d6qb4m.cloudfront.net/images/ros-easy-flex6_t.jpg",1,"Roscoe Medical CPAP Masks and Accessories (ROS-EASY-FLEX6P)",45.00,active
"salter-labs-sl-1016-0-50-sl-1016-0-50","Salter Labs Respiratory Disposables (SL-1016-0-50)","<p>E-Z Wrap Ear Wraps for Cannulas and Masks include a closed cell foam that protects ears. Effectively repels moisture to help prevent skin breakdown.</p>","Salter Labs","Respiratory Disposables","Respiratory Disposables","salter labs, medical, wholesale-normalized, shopify-ready",TRUE,Title,Default Title,"SL-1016-0-50",1500,shopify,25,deny,manual,84.99,95.27,TRUE,TRUE,,"https://dphpia7d6qb4m.cloudfront.net/images/1016-0-50_01_t.png",1,"Salter Labs Respiratory Disposables (SL-1016-0-50)",43.70,active
"drive-devilbiss-dr-ek-1-dr-ek-1","Drive DeVilbiss Cylinder Wrenches (DR-EK-1)","<p>Plastic Cylinder Wrench for use on Post Valve Cylinders.</p>","Drive DeVilbiss","Cylinder Wrenches","Cylinder Wrenches","drive devilbiss, appliance, wholesale-normalized, shopify-ready",TRUE,Title,Default Title,"DR-EK-1",1500,shopify,25,deny,manual,43.99,49.16,TRUE,TRUE,,"https://dphpia7d6qb4m.cloudfront.net/images/ek-1_01_t.png",1,"Drive DeVilbiss Cylinder Wrenches (DR-EK-1)",22.55,active
"roscoe-medical-ros-neb-dog-ros-neb-dog","Roscoe Medical Nebulizers - Pediatric (ROS-NEB-DOG)","<p>Roscoe Medical pediatric nebulizer (SKU ROS-NEB-DOG) designed to make aerosol treatments easier for children, often with a kid-friendly design to help ease anxiety during treatment.</p>","Roscoe Medical","Nebulizers - Pediatric","Nebulizers - Pediatric","roscoe medical, medical, wholesale-normalized, shopify-ready",TRUE,Title,Default Title,"ROS-NEB-DOG",1500,shopify,25,deny,manual,49.99,55.59,TRUE,TRUE,,"https://dphpia7d6qb4m.cloudfront.net/images/ros-neb-dog_t.jpg",1,"Roscoe Medical Nebulizers - Pediatric (ROS-NEB-DOG)",25.50,active
"drive-devilbiss-dv-303dz-605-dv-303dz-605","Drive DeVilbiss Oxygen Filters (DV-303DZ-605)","<p>Cabinet air filter for DV-525DS concentrator. Sold in a package of 6 filters.</p>","Drive DeVilbiss","Oxygen Filters","Oxygen Filters","drive devilbiss, medical, wholesale-normalized, shopify-ready",TRUE,Title,Default Title,"DV-303DZ-605",1500,shopify,25,deny,manual,23.99,28.36,TRUE,TRUE,,"https://dphpia7d6qb4m.cloudfront.net/images/dv-303dz-605_01_t.png",1,"Drive DeVilbiss Oxygen Filters (DV-303DZ-605)",13.01,active
"roscoe-medical-ros-cif-iro-ros-cif-iro","Roscoe Medical Oxygen Filters (ROS-CIF-IRO)","<p>Designed comparably to the OEM filter and delivers the same or better purity.</p>","Roscoe Medical","Oxygen Filters","Oxygen Filters","roscoe medical, medical, wholesale-normalized, shopify-ready",TRUE,Title,Default Title,"ROS-CIF-IRO",1500,shopify,25,deny,manual,9.99,11.99,TRUE,TRUE,,"https://dphpia7d6qb4m.cloudfront.net/images/ros-cif-iro_t.jpg",1,"Roscoe Medical Oxygen Filters (ROS-CIF-IRO)",5.50,active
"proactive-medical-pro-pmnebrdk-ot-pro-pmnebrdk-ot","Proactive Medical Pediatric Nebulizers (PRO-PMNEBRDK-OT)","<p>Proactive Protekt® Nebulizer is a lightweight nebulizer perfect for those who need to maintain proper lung function. Its small compact design makes it highly portable for use while away from home. The Protekt® Nebulizer by Proactive Medical provides fast, efficient, and reliable drug delivery to patients at home or on the go. People with respiratory difficulties, such as Asthma, Chronic Obstructive Pulmonary Disease (COPD), or Cystic Fibrosis, receive doctor prescriptions for medications that minimize or manage the symptoms of their disease. These medications are often in liquid form, requiring nebulization to deliver to the lungs. This machine turns liquid medicine into fine mist so that it can be more easily inhaled into the lungs.</p>","Proactive Medical","Pediatric Nebulizers","Pediatric Nebulizers","proactive medical, medical, wholesale-normalized, shopify-ready",TRUE,Title,Default Title,"PRO-PMNEBRDK-OT",1500,shopify,25,deny,manual,18.99,21.78,TRUE,TRUE,,"https://dphpia7d6qb4m.cloudfront.net/images/pmnebrdk-ot_01_t.png",1,"Proactive Medical Pediatric Nebulizers (PRO-PMNEBRDK-OT)",9.99,active
"inogen-ino-is-401-na4-ino-is-401-na4","Inogen Portable Concentrators (INO-IS-401-NA4)","<p>Flow forward with oxygen therapy that moves with you. The Inogen® Rove 4™ delivers power and performance in a compact Portable Oxygen Concentrator (POC). Designed for reliability, the Inogen® Rove 4™ offers best in class expected service life of up to 8 years.*</p>","Inogen","Portable Concentrators","Portable Concentrators","inogen, medical, wholesale-normalized, shopify-ready",TRUE,Title,Default Title,"INO-IS-401-NA4",1500,shopify,25,deny,manual,2717.99,2923.38,TRUE,TRUE,,"https://dphpia7d6qb4m.cloudfront.net/images/ino-is-401-na4_01_t.png",1,"Inogen Portable Concentrators (INO-IS-401-NA4)",1341.00,active
"drive-devilbiss-dv-6910p-dr-dv-6910p-dr","Drive DeVilbiss Nebulizers - Portable and Ultrasonic (DV-6910P-DR)","<p>DeVilbiss Traveler Portable Compresser Nebulizer System with battery</p>","Drive DeVilbiss","Nebulizers - Portable and Ultrasonic","Nebulizers - Portable and Ultrasonic","drive devilbiss, medical, wholesale-normalized, shopify-ready",TRUE,Title,Default Title,"DV-6910P-DR",1500,shopify,25,deny,manual,187.99,204.81,TRUE,TRUE,,"https://dphpia7d6qb4m.cloudfront.net/images/dv-6910p-dr_01_t.png",1,"Drive DeVilbiss Nebulizers - Portable and Ultrasonic (DV-6910P-DR)",93.95,active
"compass-health-brands-ros-0556-ros-0556","Compass Health Brands Cannulas (ROS-0556)","<p>The Westmed Comfort Soft Plus Cannula is designed to maximize patient comfort and relieve pressure on and behind the ears. It is highly elastic and truly soft to best prevent facial pressure ulcers.</p>","Compass Health Brands","Cannulas","Cannulas","compass health brands, appliance, wholesale-normalized, shopify-ready",TRUE,Title,Default Title,"ROS-0556",1500,shopify,25,deny,manual,91.99,100.28,TRUE,TRUE,,"https://dphpia7d6qb4m.cloudfront.net/images/0556_01_t.png",1,"Compass Health Brands Cannulas (ROS-0556)",46.00,active
"abm-respiratory-care-abm-bc21274-abm-bc21274","ABM Respiratory Care Filters (ABM-BC21274)","<p>ABM Respiratory Care replacement filter (SKU ABM-BC21274) for compatible respiratory equipment, designed to keep airflow clean and support consistent device performance.</p>","ABM Respiratory Care","Filters","Filters","abm respiratory care, medical, wholesale-normalized, shopify-ready",TRUE,Title,Default Title,"ABM-BC21274",1500,shopify,25,deny,manual,7.99,9.81,TRUE,TRUE,,"https://dphpia7d6qb4m.cloudfront.net/images/abm-bc21274_01_t.png",1,"ABM Respiratory Care Filters (ABM-BC21274)",4.50,active
"drive-devilbiss-ev-610-48bp-ev-610-48bp","Drive DeVilbiss Suction Parts & Accessories (EV-610-48BP)","<p>Genuine Drive DeVilbiss replacement part for portable and stationary suction machines (SKU EV-610-48BP), designed to keep your suction unit working reliably. Please confirm compatibility with your specific suction machine model before ordering.</p>","Drive DeVilbiss","Suction Parts & Accessories","Suction Parts & Accessories","drive devilbiss, appliance, wholesale-normalized, shopify-ready",TRUE,Title,Default Title,"EV-610-48BP",1500,shopify,25,deny,manual,239.99,261.16,TRUE,TRUE,,"https://dphpia7d6qb4m.cloudfront.net/images/610-48bp_01_t.png",1,"Drive DeVilbiss Suction Parts & Accessories (EV-610-48BP)",119.80,active
"drive-devilbiss-dr-mq6002r-dr-mq6002r","Drive DeVilbiss Nebulizers - Pediatric (DR-MQ6002R)","<p>Drive DeVilbiss pediatric nebulizer (SKU DR-MQ6002R) designed to make aerosol treatments easier for children, often with a kid-friendly design to help ease anxiety during treatment.</p>","Drive DeVilbiss","Nebulizers - Pediatric","Nebulizers - Pediatric","drive devilbiss, medical, wholesale-normalized, shopify-ready",TRUE,Title,Default Title,"DR-MQ6002R",1500,shopify,25,deny,manual,48.99,55.15,TRUE,TRUE,,"https://dphpia7d6qb4m.cloudfront.net/images/dr-mq6002r_01_t.jpg",1,"Drive DeVilbiss Nebulizers - Pediatric (DR-MQ6002R)",25.30,active
"movair-ibc-ibc-lmt31390us-1110-ibc-lmt31390us-1110","Movair (IBC) Ventilators & Accessories (IBC-LMT31390US-1110)","<p>Genuine Movair (IBC) ventilator accessory (SKU IBC-LMT31390US-1110), designed to keep your ventilator system running safely and reliably. As with all ventilator components, please confirm compatibility with your specific ventilator model before ordering.</p>","Movair (IBC)","Ventilators & Accessories","Ventilators & Accessories","movair (ibc), appliance, wholesale-normalized, shopify-ready",TRUE,Title,Default Title,"IBC-LMT31390US-1110",1500,shopify,25,deny,manual,11149.99,11990.00,TRUE,TRUE,,"https://dphpia7d6qb4m.cloudfront.net/images/luisa_resized_02_2022/ibc-lmt31390us-1110_01_t.png",1,"Movair (IBC) Ventilators & Accessories (IBC-LMT31390US-1110)",5500.00,active
"drive-devilbiss-dv-7305d-635-dv-7305d-635","Drive DeVilbiss Suction - Accessories (DV-7305D-635)","<p>Genuine Drive DeVilbiss Suction - Accessories (SKU DV-7305D-635), a replacement part or accessory for compatible Drive DeVilbiss equipment. Please contact us to confirm fitment for your specific model before ordering.</p>","Drive DeVilbiss","Suction - Accessories","Suction - Accessories","drive devilbiss, appliance, wholesale-normalized, shopify-ready",TRUE,Title,Default Title,"DV-7305D-635",1500,shopify,25,deny,manual,70.99,78.92,TRUE,TRUE,,"https://dphpia7d6qb4m.cloudfront.net/images/7305d-635_01_t.png",1,"Drive DeVilbiss Suction - Accessories (DV-7305D-635)",36.20,active
"abm-respiratory-care-abm-bk367-abm-bk367","ABM Respiratory Care Airway Clearance Systems (ABM-BK367)","<p>Genuine ABM Respiratory Care Airway Clearance Systems (SKU ABM-BK367), a replacement part or accessory for compatible ABM Respiratory Care equipment. Please contact us to confirm fitment for your specific model before ordering.</p>","ABM Respiratory Care","Airway Clearance Systems","Airway Clearance Systems","abm respiratory care, medical, wholesale-normalized, shopify-ready",TRUE,Title,Default Title,"ABM-BK367",1500,shopify,25,deny,manual,13126.99,14115.50,TRUE,TRUE,,"https://dphpia7d6qb4m.cloudfront.net/images/bk367_01_t.jpg",1,"ABM Respiratory Care Airway Clearance Systems (ABM-BK367)",6475.00,active
"react-health-rea-ircpf16-rea-ircpf16","React Health Flowmeters (REA-IRCPF16)","<p>Easily adapts Invacare oxygen concentrators for low-flow, pediatric applications.</p>","React Health","Flowmeters","Flowmeters","react health, appliance, wholesale-normalized, shopify-ready",TRUE,Title,Default Title,"REA-IRCPF16",1500,shopify,25,deny,manual,465.99,501.40,TRUE,TRUE,,"https://dphpia7d6qb4m.cloudfront.net/images/in-ircpf16_t.jpg",1,"React Health Flowmeters (REA-IRCPF16)",230.00,active
"salter-labs-sl-1601-sl-1601","Salter Labs Cannulas (SL-1601)","<p>Salter Labs nasal cannula (SKU SL-1601) for delivering supplemental oxygen comfortably during everyday use, with soft, lightweight tubing designed for extended wear and compatible with standard oxygen concentrators and cylinders.</p>","Salter Labs","Cannulas","Cannulas","salter labs, appliance, wholesale-normalized, shopify-ready",TRUE,Title,Default Title,"SL-1601",1500,shopify,25,deny,manual,87.99,98.10,TRUE,TRUE,,"https://dphpia7d6qb4m.cloudfront.net/images/1601_01_t.png",1,"Salter Labs Cannulas (SL-1601)",45.00,active
"inogen-ino-ba-400-ino-ba-400","Inogen POC Batteries (INO-BA-400)","<p>The Inogen One G4 Single Battery powers your Inogen One G4 concentrator when you’re away from a power source to give you complete freedom and mobility.</p>","Inogen","POC Batteries","POC Batteries","inogen, medical, wholesale-normalized, shopify-ready",TRUE,Title,Default Title,"INO-BA-400",1500,shopify,25,deny,manual,360.99,392.40,TRUE,TRUE,,"https://dphpia7d6qb4m.cloudfront.net/images/ino-ba-400_t.jpg",1,"Inogen POC Batteries (INO-BA-400)",180.00,active
"roscoe-medical-ros-neb-bunny-ros-neb-bunny","Roscoe Medical Nebulizers - Pediatric (ROS-NEB-BUNNY)","<p>Roscoe Bunny Pediatric Nebulizer System with Disposable Neb Kit</p>","Roscoe Medical","Nebulizers - Pediatric","Nebulizers - Pediatric","roscoe medical, medical, wholesale-normalized, shopify-ready",TRUE,Title,Default Title,"ROS-NEB-BUNNY",1500,shopify,25,deny,manual,48.99,54.50,TRUE,TRUE,,"https://dphpia7d6qb4m.cloudfront.net/images/ros-neb-bunny_t.jpg",1,"Roscoe Medical Nebulizers - Pediatric (ROS-NEB-BUNNY)",25.00,active
"roscoe-medical-ros-neb-dino-ros-neb-dino","Roscoe Medical Nebulizers - Pediatric (ROS-NEB-DINO)","<p>Roscoe Dinosaur Pediatric Nebulizer System with Disposable Neb Kit</p>","Roscoe Medical","Nebulizers - Pediatric","Nebulizers - Pediatric","roscoe medical, medical, wholesale-normalized, shopify-ready",TRUE,Title,Default Title,"ROS-NEB-DINO",1500,shopify,25,deny,manual,48.99,54.50,TRUE,TRUE,,"https://dphpia7d6qb4m.cloudfront.net/images/ros-neb-dino_t.jpg",1,"Roscoe Medical Nebulizers - Pediatric (ROS-NEB-DINO)",25.00,active
"drive-devilbiss-dr-ch4808-l-bluep-dr-ch4808-l-bluep","Drive DeVilbiss Regulators (DR-CH4808-L-BLUEP)","<p>Drive DeVilbiss oxygen regulator (SKU DR-CH4808-L-BLUEP) that controls and displays oxygen flow from a compressed gas cylinder for safe, accurate delivery.</p>","Drive DeVilbiss","Regulators","Regulators","drive devilbiss, appliance, wholesale-normalized, shopify-ready",TRUE,Title,Default Title,"DR-CH4808-L-BLUEP",1500,shopify,25,deny,manual,87.99,98.10,TRUE,TRUE,,"https://dphpia7d6qb4m.cloudfront.net/images/dr-ch4808-l-blue_01_t.jpg",1,"Drive DeVilbiss Regulators (DR-CH4808-L-BLUEP)",45.00,active
"drive-devilbiss-dv-1025d-605-dv-1025d-605","Drive DeVilbiss Intake Filters (DV-1025D-605)","<p>OEM replacement intake bacteria filter for DeVilbiss 10L Stationary Concentrator (#1025DS).</p>","Drive DeVilbiss","Intake Filters","Intake Filters","drive devilbiss, appliance, wholesale-normalized, shopify-ready",TRUE,Title,Default Title,"DV-1025D-605",1500,shopify,25,deny,manual,23.99,28.34,TRUE,TRUE,,"https://dphpia7d6qb4m.cloudfront.net/images/dv-1025d-605_01_t.png",1,"Drive DeVilbiss Intake Filters (DV-1025D-605)",13.00,active
"drive-devilbiss-dr-con-900-dr-con-900","Drive DeVilbiss Oxygen Inline Water Traps (DR-CON 900)","<p>Drive DeVilbiss inline water trap (SKU DR-CON 900) that collects condensation from oxygen tubing, helping keep the line clear during humidified oxygen therapy.</p>","Drive DeVilbiss","Oxygen Inline Water Traps","Oxygen Inline Water Traps","drive devilbiss, medical, wholesale-normalized, shopify-ready",TRUE,Title,Default Title,"DR-CON 900",1500,shopify,25,deny,manual,100.99,110.31,TRUE,TRUE,,"https://dphpia7d6qb4m.cloudfront.net/images/con%20900_01_t.png",1,"Drive DeVilbiss Oxygen Inline Water Traps (DR-CON 900)",50.60,active
"salter-labs-sl-1616-sl-1616","Salter Labs Cannulas (SL-1616)","<p>Salter Labs nasal cannula (SKU SL-1616) for delivering supplemental oxygen comfortably during everyday use, with soft, lightweight tubing designed for extended wear and compatible with standard oxygen concentrators and cylinders.</p>","Salter Labs","Cannulas","Cannulas","salter labs, appliance, wholesale-normalized, shopify-ready",TRUE,Title,Default Title,"SL-1616",1500,shopify,25,deny,manual,87.99,98.10,TRUE,TRUE,,"https://dphpia7d6qb4m.cloudfront.net/images/1616_01_t.png",1,"Salter Labs Cannulas (SL-1616)",45.00,active
"proactive-medical-pro-pmnebrdk-pro-pmnebrdk","Proactive Medical Standard/Adult Nebulizers (PRO-PMNEBRDK)","<p>Proactive Protekt® Nebulizer is a lightweight nebulizer perfect for those who need to maintain proper lung function. Its small compact design makes it highly portable for use while away from home. The Protekt® Nebulizer by Proactive Medical provides fast, efficient, and reliable drug delivery to patients at home or on the go. People with respiratory difficulties, such as Asthma, Chronic Obstructive Pulmonary Disease (COPD), or Cystic Fibrosis, receive doctor prescriptions for medications that minimize or manage the symptoms of their disease. These medications are often in liquid form, requiring nebulization to deliver to the lungs. This machine turns liquid medicine into fine mist so that it can be more easily inhaled into the lungs.</p>","Proactive Medical","Standard/Adult Nebulizers","Standard/Adult Nebulizers","proactive medical, medical, wholesale-normalized, shopify-ready",TRUE,Title,Default Title,"PRO-PMNEBRDK",1500,shopify,25,deny,manual,199.99,217.78,TRUE,TRUE,,"https://dphpia7d6qb4m.cloudfront.net/images/pro-pmnebrdk_01_t.png",1,"Proactive Medical Standard/Adult Nebulizers (PRO-PMNEBRDK)",99.90,active
"rhythm-healthcare-ls-lm5ba-ilf-ls-lm5ba-ilf","Rhythm Healthcare Oxygen Filters (LS-LM5BA-ILF)","<p>Rhythm Healthcare replacement oxygen filter (SKU LS-LM5BA-ILF) that helps keep incoming air clean and protects your concentrator's internal components. Regular filter changes are one of the simplest ways to extend the life of an oxygen concentrator and maintain output quality.</p>","Rhythm Healthcare","Oxygen Filters","Oxygen Filters","rhythm healthcare, medical, wholesale-normalized, shopify-ready",TRUE,Title,Default Title,"LS-LM5BA-ILF",1500,shopify,25,deny,manual,14.99,18.09,TRUE,TRUE,,"https://dphpia7d6qb4m.cloudfront.net/images/lm5ba-ilf_01_t.png",1,"Rhythm Healthcare Oxygen Filters (LS-LM5BA-ILF)",8.30,active
"drive-devilbiss-dv-535d-dv-535d","Drive DeVilbiss HomeFill (DV-535D)","<p>Genuine Drive DeVilbiss HomeFill (SKU DV-535D), a replacement part or accessory for compatible Drive DeVilbiss equipment. Please contact us to confirm fitment for your specific model before ordering.</p>","Drive DeVilbiss","HomeFill","HomeFill","drive devilbiss, appliance, wholesale-normalized, shopify-ready",TRUE,Title,Default Title,"DV-535D",1500,shopify,25,deny,manual,4229.99,4548.46,TRUE,TRUE,,"https://dphpia7d6qb4m.cloudfront.net/images/dv-535d_01_t.png",1,"Drive DeVilbiss HomeFill (DV-535D)",2086.45,active
"medline-hd-rhp340u-hd-rhp340u","Medline Bubble Humidifiers (HD-RHP340U)","<p>Medline bubble humidifier (SKU HD-RHP340U) that adds moisture to oxygen flow, helping reduce nasal dryness and irritation during oxygen therapy.</p>","Medline","Bubble Humidifiers","Bubble Humidifiers","medline, appliance, wholesale-normalized, shopify-ready",TRUE,Title,Default Title,"HD-RHP340U",1500,shopify,25,deny,manual,93.99,102.57,TRUE,TRUE,,"https://dphpia7d6qb4m.cloudfront.net/images/rhp340u_01_t.png",1,"Medline Bubble Humidifiers (HD-RHP340U)",47.05,active
"drive-devilbiss-dr-seal100-dr-seal100","Drive DeVilbiss Respiratory Disposables (DR-SEAL100)","<p>Drive seal washers for regulators and conservers.</p>","Drive DeVilbiss","Respiratory Disposables","Respiratory Disposables","drive devilbiss, medical, wholesale-normalized, shopify-ready",TRUE,Title,Default Title,"DR-SEAL100",1500,shopify,25,deny,manual,22.99,26.38,TRUE,TRUE,,"https://dphpia7d6qb4m.cloudfront.net/images/seal100_01_t.png",1,"Drive DeVilbiss Respiratory Disposables (DR-SEAL100)",12.10,active
"drive-devilbiss-dr-mask-001a-dr-mask-001a","Drive DeVilbiss Respiratory Masks (DR-MASK 001A)","<p>Adult aerosol mask with elastic straps and metal nose clip.</p>","Drive DeVilbiss","Respiratory Masks","Respiratory Masks","drive devilbiss, medical, wholesale-normalized, shopify-ready",TRUE,Title,Default Title,"DR-MASK 001A",1500,shopify,25,deny,manual,70.99,79.46,TRUE,TRUE,,"https://dphpia7d6qb4m.cloudfront.net/images/mask%20001a_01_t.png",1,"Drive DeVilbiss Respiratory Masks (DR-MASK 001A)",36.45,active
"abm-respiratory-care-abm-bc21083-abm-bc21083","ABM Respiratory Care Respiratory Accessories (ABM-BC21083)","<p>ABM Respiratory Care respiratory accessory (SKU ABM-BC21083) that supports everyday use of compatible respiratory therapy equipment.</p>","ABM Respiratory Care","Respiratory Accessories","Respiratory Accessories","abm respiratory care, medical, wholesale-normalized, shopify-ready",TRUE,Title,Default Title,"ABM-BC21083",1500,shopify,25,deny,manual,69.99,78.48,TRUE,TRUE,,"https://dphpia7d6qb4m.cloudfront.net/images/abm-bc21083_01_t.png",1,"ABM Respiratory Care Respiratory Accessories (ABM-BC21083)",36.00,active
"precision-medical-inc-pm-pm15-p-pm-pm15-p","Precision Medical Inc. 50 PSI Compressors (PM-PM15-P)","<p>Genuine Precision Medical Inc. 50 PSI Compressors (SKU PM-PM15-P), a replacement part or accessory for compatible Precision Medical Inc. equipment. Please contact us to confirm fitment for your specific model before ordering.</p>","Precision Medical Inc.","50 PSI Compressors","50 PSI Compressors","precision medical inc., medical, wholesale-normalized, shopify-ready",TRUE,Title,Default Title,"PM-PM15-P",1500,shopify,25,deny,manual,1284.99,1382.12,TRUE,TRUE,,"https://dphpia7d6qb4m.cloudfront.net/images/pm-15-p_t.jpg",1,"Precision Medical Inc. 50 PSI Compressors (PM-PM15-P)",634.00,active
"salter-labs-sl-2014g-14-50-sl-2014g-14-50","Salter Labs Oxygen Tubing (SL-2014G-14-50)","<p>Salter Labs oxygen supply tubing (SKU SL-2014G-14-50), kink-resistant tubing that connects an oxygen source to a cannula or mask for reliable delivery, for use with concentrators, cylinders, or liquid oxygen systems.</p>","Salter Labs","Oxygen Tubing","Oxygen Tubing","salter labs, medical, wholesale-normalized, shopify-ready",TRUE,Title,Default Title,"SL-2014G-14-50",1500,shopify,25,deny,manual,88.99,99.63,TRUE,TRUE,,"https://dphpia7d6qb4m.cloudfront.net/images/2014g-14-50_01_t.png",1,"Salter Labs Oxygen Tubing (SL-2014G-14-50)",45.70,active
"drive-devilbiss-dv-7325d-d-dv-7325d-d","Drive DeVilbiss Stationary Suction Machines (DV-7325D-D)","<p>Drive DeVilbiss stationary suction machine (SKU DV-7325D-D) for reliable airway clearance in home or clinical settings, with adjustable vacuum levels for patient comfort and safety.</p>","Drive DeVilbiss","Stationary Suction Machines","Stationary Suction Machines","drive devilbiss, appliance, wholesale-normalized, shopify-ready",TRUE,Title,Default Title,"DV-7325D-D",1500,shopify,25,deny,manual,425.99,463.25,TRUE,TRUE,,"https://dphpia7d6qb4m.cloudfront.net/images/7325d-d_01_t.png",1,"Drive DeVilbiss Stationary Suction Machines (DV-7325D-D)",212.50,active
"hudson-rci-hd-1679-hd-1679","Hudson RCI Oxygen Inline Water Traps (HD-1679)","<p>Hudson RCI inline water trap (SKU HD-1679) that collects condensation from oxygen tubing, helping keep the line clear during humidified oxygen therapy.</p>","Hudson RCI","Oxygen Inline Water Traps","Oxygen Inline Water Traps","hudson rci, medical, wholesale-normalized, shopify-ready",TRUE,Title,Default Title,"HD-1679",1500,shopify,25,deny,manual,31.99,36.30,TRUE,TRUE,,"https://dphpia7d6qb4m.cloudfront.net/images/hud1679_01_t.png",1,"Hudson RCI Oxygen Inline Water Traps (HD-1679)",16.65,active
"drive-devilbiss-dr-18090-fs-dr-18090-fs","Drive DeVilbiss Nebulizers - Pediatric (DR-18090-FS)","<p>Fish nebulizer with disposable neb Kit</p>","Drive DeVilbiss","Nebulizers - Pediatric","Nebulizers - Pediatric","drive devilbiss, medical, wholesale-normalized, shopify-ready",TRUE,Title,Default Title,"DR-18090-FS",1500,shopify,25,deny,manual,79.99,89.38,TRUE,TRUE,,"https://dphpia7d6qb4m.cloudfront.net/images/dr-18090-fs_01_t.jpg",1,"Drive DeVilbiss Nebulizers - Pediatric (DR-18090-FS)",41.00,active
"hudson-rci-hd-1118-hd-1118","Hudson RCI Oxygen Tubing (HD-1118)","<p>Hudson RCI oxygen supply tubing (SKU HD-1118), kink-resistant tubing that connects an oxygen source to a cannula or mask for reliable delivery, for use with concentrators, cylinders, or liquid oxygen systems.</p>","Hudson RCI","Oxygen Tubing","Oxygen Tubing","hudson rci, medical, wholesale-normalized, shopify-ready",TRUE,Title,Default Title,"HD-1118",1500,shopify,25,deny,manual,110.99,121.43,TRUE,TRUE,,"https://dphpia7d6qb4m.cloudfront.net/images/1118_01_t.png",1,"Hudson RCI Oxygen Tubing (HD-1118)",55.70,active
"salter-labs-sl-7100-0-50-sl-7100-0-50","Salter Labs Bubble Humidifiers (SL-7100-0-50)","<p>Salter Labs bubble humidifier (SKU SL-7100-0-50) that adds moisture to oxygen flow, helping reduce nasal dryness and irritation during oxygen therapy.</p>","Salter Labs","Bubble Humidifiers","Bubble Humidifiers","salter labs, appliance, wholesale-normalized, shopify-ready",TRUE,Title,Default Title,"SL-7100-0-50",1500,shopify,25,deny,manual,155.99,169.93,TRUE,TRUE,,"https://dphpia7d6qb4m.cloudfront.net/images/7100-0-50_01_t.png",1,"Salter Labs Bubble Humidifiers (SL-7100-0-50)",77.95,active
"salter-labs-sl-8100-0-50-sl-8100-0-50","Salter Labs Respiratory Masks (SL-8100-0-50)","<p>Adult aerosol mask with elastic head strap. Does not include aerosol tubing.</p>","Salter Labs","Respiratory Masks","Respiratory Masks","salter labs, medical, wholesale-normalized, shopify-ready",TRUE,Title,Default Title,"SL-8100-0-50",1500,shopify,25,deny,manual,91.99,100.61,TRUE,TRUE,,"https://dphpia7d6qb4m.cloudfront.net/images/8100-0-50_01_t.png",1,"Salter Labs Respiratory Masks (SL-8100-0-50)",46.15,active
"drive-devilbiss-dr-18300gnp-dr-18300gnp","Drive DeVilbiss Regulators (DR-18300GNP)","<p>Drive DeVilbiss oxygen regulator (SKU DR-18300GNP) that controls and displays oxygen flow from a compressed gas cylinder for safe, accurate delivery.</p>","Drive DeVilbiss","Regulators","Regulators","drive devilbiss, appliance, wholesale-normalized, shopify-ready",TRUE,Title,Default Title,"DR-18300GNP",1500,shopify,25,deny,manual,87.99,98.10,TRUE,TRUE,,"https://dphpia7d6qb4m.cloudfront.net/images/dr-18300p_01_t.jpg",1,"Drive DeVilbiss Regulators (DR-18300GNP)",45.00,active
"hudson-rci-hd-2555-hd-2555","Hudson RCI Nipple Nut Connectors (Christmas Trees) (HD-2555)","<p>Hudson RCI nipple nut connector fitting (SKU HD-2555), commonly called a ""Christmas tree"" fitting, used to join oxygen tubing to a flowmeter, humidifier bottle, or regulator outlet.</p>","Hudson RCI","Nipple Nut Connectors (Christmas Trees)","Nipple Nut Connectors (Christmas Trees)","hudson rci, appliance, wholesale-normalized, shopify-ready",TRUE,Title,Default Title,"HD-2555",1500,shopify,25,deny,manual,50.99,57.66,TRUE,TRUE,,"https://dphpia7d6qb4m.cloudfront.net/images/hud2555_01_t.png",1,"Hudson RCI Nipple Nut Connectors (Christmas Trees) (HD-2555)",26.45,active
"proactive-medical-pro-pmnebrdk-pp-pro-pmnebrdk-pp","Proactive Medical Pediatric Nebulizers (PRO-PMNEBRDK-PP)","<p>Proactive Protekt® Nebulizer is a lightweight nebulizer perfect for those who need to maintain proper lung function. Its small compact design makes it highly portable for use while away from home. The Protekt® Nebulizer by Proactive Medical provides fast, efficient, and reliable drug delivery to patients at home or on the go. People with respiratory difficulties, such as Asthma, Chronic Obstructive Pulmonary Disease (COPD), or Cystic Fibrosis, receive doctor prescriptions for medications that minimize or manage the symptoms of their disease. These medications are often in liquid form, requiring nebulization to deliver to the lungs. This machine turns liquid medicine into fine mist so that it can be more easily inhaled into the lungs.</p>","Proactive Medical","Pediatric Nebulizers","Pediatric Nebulizers","proactive medical, medical, wholesale-normalized, shopify-ready",TRUE,Title,Default Title,"PRO-PMNEBRDK-PP",1500,shopify,25,deny,manual,38.99,43.58,TRUE,TRUE,,"https://dphpia7d6qb4m.cloudfront.net/images/pmnebrdk-pp_01_t.png",1,"Proactive Medical Pediatric Nebulizers (PRO-PMNEBRDK-PP)",19.99,active
"drive-devilbiss-dr-18090-be-dr-18090-be","Drive DeVilbiss Nebulizers - Pediatric (DR-18090-BE)","<p>Beagle nebulizer with disposable neb kit</p>","Drive DeVilbiss","Nebulizers - Pediatric","Nebulizers - Pediatric","drive devilbiss, medical, wholesale-normalized, shopify-ready",TRUE,Title,Default Title,"DR-18090-BE",1500,shopify,25,deny,manual,79.99,89.38,TRUE,TRUE,,"https://www.lakecourt.com/respiratory/images/no-image.png",1,"Drive DeVilbiss Nebulizers - Pediatric (DR-18090-BE)",41.00,active
"drive-devilbiss-dr-p-224-dr-p-224","Drive DeVilbiss Disposable Oxygen Conserver (DR-P-224)","<p>Drive DeVilbiss disposable oxygen conserving device (SKU DR-P-224) that regulates pulse-dose oxygen delivery from a cylinder, helping extend cylinder life between refills or replacements.</p>","Drive DeVilbiss","Disposable Oxygen Conserver","Disposable Oxygen Conserver","drive devilbiss, medical, wholesale-normalized, shopify-ready",TRUE,Title,Default Title,"DR-P-224",1500,shopify,25,deny,manual,789.99,849.76,TRUE,TRUE,,"https://dphpia7d6qb4m.cloudfront.net/images/p-224_01_t.png",1,"Drive DeVilbiss Disposable Oxygen Conserver (DR-P-224)",389.80,active
"rhythm-healthcare-ls-p2dca-1-ls-p2dca-1","Rhythm Healthcare Concentrator Chargers & Power Supplies (LS-P2DCA-1)","<p>Genuine Rhythm Healthcare charger / power supply (SKU LS-P2DCA-1) for compatible portable oxygen concentrators, providing reliable AC or DC power for charging at home, in the car, or on the go.</p>","Rhythm Healthcare","Concentrator Chargers & Power Supplies","Concentrator Chargers & Power Supplies","rhythm healthcare, medical, wholesale-normalized, shopify-ready",TRUE,Title,Default Title,"LS-P2DCA-1",1500,shopify,25,deny,manual,161.99,177.13,TRUE,TRUE,,"https://dphpia7d6qb4m.cloudfront.net/images/p2dca-1_01_t.png",1,"Rhythm Healthcare Concentrator Chargers & Power Supplies (LS-P2DCA-1)",81.25,active
"abm-respiratory-care-abm-bc21087-abm-bc21087","ABM Respiratory Care Respiratory Parts (ABM-BC21087)","<p>Genuine ABM Respiratory Care replacement part for respiratory equipment (SKU ABM-BC21087). Please confirm compatibility with your specific device model before ordering.</p>","ABM Respiratory Care","Respiratroy Parts","Respiratory Parts","abm respiratory care, medical, wholesale-normalized, shopify-ready",TRUE,Title,Default Title,"ABM-BC21087",1500,shopify,25,deny,manual,30.99,34.88,TRUE,TRUE,,"https://dphpia7d6qb4m.cloudfront.net/images/abm-bc21087_01_t.png",1,"ABM Respiratory Care Respiratory Parts (ABM-BC21087)",16.00,active
"salter-labs-sl-1215-0-50-sl-1215-0-50","Salter Labs Oxygen Tubing Connectors (SL-1215-0-50)","<p>Easy to use, cost effective, non-swivel connectors for O2 tubing extensions. Durable, long lasting, and clear to visually check for connector patency.</p>","Salter Labs","Oxygen Tubing Connectors","Oxygen Tubing Connectors","salter labs, medical, wholesale-normalized, shopify-ready",TRUE,Title,Default Title,"SL-1215-0-50",1500,shopify,25,deny,manual,54.99,61.15,TRUE,TRUE,,"https://dphpia7d6qb4m.cloudfront.net/images/1215-0-50_01_t.png",1,"Salter Labs Oxygen Tubing Connectors (SL-1215-0-50)",28.05,active
"inogen-ino-ca-410-ino-ca-410","Inogen Carry Bags & Backpacks (INO-CA-410)","<p>Inogen carry bag (SKU INO-CA-410) designed to transport a portable oxygen concentrator or medical device safely and comfortably, with room for accessories like extra batteries and cannulas.</p>","Inogen","Carry Bags & Backpacks","Carry Bags & Backpacks","inogen, medical, wholesale-normalized, shopify-ready",TRUE,Title,Default Title,"INO-CA-410",1500,shopify,25,deny,manual,72.99,81.42,TRUE,TRUE,,"https://dphpia7d6qb4m.cloudfront.net/images/ino-ca-410_t.jpg",1,"Inogen Carry Bags & Backpacks (INO-CA-410)",37.35,active
"roscoe-medical-ros-rmi-15h-ros-rmi-15h","Roscoe Medical Regulators (ROS-RMI-15H)","<p>Can be used on M, M60 and H tanks with CGA-540 valve, DISS 1240 fitting</p>","Roscoe Medical","Regulators","Regulators","roscoe medical, medical, wholesale-normalized, shopify-ready",TRUE,Title,Default Title,"ROS-RMI-15H",1500,shopify,25,deny,manual,37.99,43.05,TRUE,TRUE,,"https://dphpia7d6qb4m.cloudfront.net/images/ros-rmi-15h_t.jpg",1,"Roscoe Medical Regulators (ROS-RMI-15H)",19.75,active
"drive-devilbiss-dv-7325d-635-dv-7325d-635","Drive DeVilbiss Suction Parts & Accessories (DV-7325D-635)","<p>This durable carrying case is designed specifically for compatibility with the Drive DeVilbiss #7325 series suction units. Ideal for portable use, the case allows the suction device to operate while securely enclosed. It features a clear zippered window, providing visibility of the suction gauge and access to the controls, so you can easily monitor and adjust suction levels without removing the unit. A convenient shoulder strap and tubing access make this bag perfect for mobile healthcare or emergency use.</p>","Drive DeVilbiss","Suction Parts & Accessories","Suction Parts & Accessories","drive devilbiss, appliance, wholesale-normalized, shopify-ready",TRUE,Title,Default Title,"DV-7325D-635",1500,shopify,25,deny,manual,44.99,50.69,TRUE,TRUE,,"https://dphpia7d6qb4m.cloudfront.net/images/7325d-635_01_t.png",1,"Drive DeVilbiss Suction Parts & Accessories (DV-7325D-635)",23.25,active
"hudson-rci-hd-1821-hd-1821","Hudson RCI Cannulas (HD-1821)","<p>Hudson RCI nasal cannula (SKU HD-1821) for delivering supplemental oxygen comfortably during everyday use, with soft, lightweight tubing designed for extended wear and compatible with standard oxygen concentrators and cylinders.</p>","Hudson RCI","Cannulas","Cannulas","hudson rci, appliance, wholesale-normalized, shopify-ready",TRUE,Title,Default Title,"HD-1821",1500,shopify,25,deny,manual,61.99,69.54,TRUE,TRUE,,"https://dphpia7d6qb4m.cloudfront.net/images/1821_01_t.png",1,"Hudson RCI Cannulas (HD-1821)",31.90,active
"roscoe-medical-ros-smk-sgn-ros-smk-sgn","Roscoe Medical No Smoking Signs (ROS-SMK-SGN)","<p>This No Smoking Sign helps keep facilities safe and prevent injuries. It's easy to read and visible, with large red ink printed on white cover stock.</p>","Roscoe Medical","No Smoking Signs","No Smoking Signs","roscoe medical, medical, wholesale-normalized, shopify-ready",TRUE,Title,Default Title,"ROS-SMK-SGN",1500,shopify,25,deny,manual,54.99,61.69,TRUE,TRUE,,"https://dphpia7d6qb4m.cloudfront.net/images/smk-sgn_01_t.png",1,"Roscoe Medical No Smoking Signs (ROS-SMK-SGN)",28.30,active
"drive-devilbiss-dr-mask-003a-dr-mask-003a","Drive DeVilbiss Respiratory Masks (DR-MASK 003A)","<p>Adult oxygen mask with 7"" tubing.</p>","Drive DeVilbiss","Respiratory Masks","Respiratory Masks","drive devilbiss, medical, wholesale-normalized, shopify-ready",TRUE,Title,Default Title,"DR-MASK 003A",1500,shopify,25,deny,manual,121.99,133.20,TRUE,TRUE,,"https://dphpia7d6qb4m.cloudfront.net/images/mask%20003a_01_t.png",1,"Drive DeVilbiss Respiratory Masks (DR-MASK 003A)",61.10,active
"inogen-ino-ba-401-ino-ba-401","Inogen Chargers & Power Supplies (INO-BA-401)","<p>Inogen One G4 AC power supply is specifically designed for use with the Inogen One G4 Oxygen Concentrator. The AC power supply provides the precise current and voltage required to safely power the Inogen One G4 and is designed to operate from specified AC power sources. When used with AC power sources, the power supply automatically adapts to input voltages from 100V to 240V (50-60HZ) permitting use with most power sources throughout the world.</p>","Inogen","Chargers & Power Supplies","Chargers & Power Supplies","inogen, medical, wholesale-normalized, shopify-ready",TRUE,Title,Default Title,"INO-BA-401",1500,shopify,25,deny,manual,156.99,171.13,TRUE,TRUE,,"https://dphpia7d6qb4m.cloudfront.net/images/ino-ba-401_t.jpg",1,"Inogen Chargers & Power Supplies (INO-BA-401)",78.50,active
"drive-devilbiss-dr-con-700-dr-con-700","Drive DeVilbiss Oxygen Tubing Connectors (DR-CON 700)","<p>Y tubing extension connector</p>","Drive DeVilbiss","Oxygen Tubing Connectors","Oxygen Tubing Connectors","drive devilbiss, medical, wholesale-normalized, shopify-ready",TRUE,Title,Default Title,"DR-CON 700",1500,shopify,25,deny,manual,10.99,13.19,TRUE,TRUE,,"https://dphpia7d6qb4m.cloudfront.net/images/con%20700_01_t.png",1,"Drive DeVilbiss Oxygen Tubing Connectors (DR-CON 700)",6.05,active
"inogen-ino-ba-403-ino-ba-403","Inogen Chargers & Power Supplies (INO-BA-403)","<p>The Inogen One G4 Single Battery powers your Inogen One G4 concentrator when you’re away from a power source to give you complete freedom and mobility.</p>","Inogen","Chargers & Power Supplies","Chargers & Power Supplies","inogen, medical, wholesale-normalized, shopify-ready",TRUE,Title,Default Title,"INO-BA-403",1500,shopify,25,deny,manual,501.99,540.64,TRUE,TRUE,,"https://dphpia7d6qb4m.cloudfront.net/images/ino-ba-403_t.jpg",1,"Inogen Chargers & Power Supplies (INO-BA-403)",248.00,active
"drive-devilbiss-dv-125d-613-dv-125d-613","Drive DeVilbiss POC Batteries (DV-125D-613)","<p>iGO2 Battery Pack for iGO2 Portable Oxygen Concentrator (POC)</p>","Drive DeVilbiss","POC Batteries","POC Batteries","drive devilbiss, appliance, wholesale-normalized, shopify-ready",TRUE,Title,Default Title,"DV-125D-613",1500,shopify,25,deny,manual,283.99,308.80,TRUE,TRUE,,"https://dphpia7d6qb4m.cloudfront.net/images/dv-125d-613_01_t.png",1,"Drive DeVilbiss POC Batteries (DV-125D-613)",141.65,active
"rhythm-healthcare-ls-p2sbsd-ls-p2sbsd","Rhythm Healthcare Sieve Beds (Columns) (LS-P2SBSD)","<p>Genuine Rhythm Healthcare Sieve Beds (Columns) (SKU LS-P2SBSD), a replacement part or accessory for compatible Rhythm Healthcare equipment. Please contact us to confirm fitment for your specific model before ordering.</p>","Rhythm Healthcare","Sieve Beds (Columns)","Sieve Beds (Columns)","rhythm healthcare, appliance, wholesale-normalized, shopify-ready",TRUE,Title,Default Title,"LS-P2SBSD",1500,shopify,25,deny,manual,153.99,167.86,TRUE,TRUE,,"https://dphpia7d6qb4m.cloudfront.net/images/p2sbsd_01_t.png",1,"Rhythm Healthcare Sieve Beds (Columns) (LS-P2SBSD)",77.00,active
"o2-concepts-o2-800-1003-o2-800-1003","O2 Concepts Cylinder Bags (O2-800-1003)","<p>O2 Concepts Accessory Carry Bag is used to carry O2 Concepts Oxlife Independence Portable Oxygen Concentrator.</p>","O2 Concepts","Cylinder Bags","Cylinder Bags","o2 concepts, appliance, wholesale-normalized, shopify-ready",TRUE,Title,Default Title,"O2-800-1003",1500,shopify,25,deny,manual,61.99,69.76,TRUE,TRUE,,"https://dphpia7d6qb4m.cloudfront.net/images/o2-800-1003_t.jpg",1,"O2 Concepts Cylinder Bags (O2-800-1003)",32.00,active
"hudson-rci-hd-1115-hd-1115","Hudson RCI Oxygen Tubing (HD-1115)","<p>Hudson RCI oxygen supply tubing (SKU HD-1115), kink-resistant tubing that connects an oxygen source to a cannula or mask for reliable delivery, for use with concentrators, cylinders, or liquid oxygen systems.</p>","Hudson RCI","Oxygen Tubing","Oxygen Tubing","hudson rci, medical, wholesale-normalized, shopify-ready",TRUE,Title,Default Title,"HD-1115",1500,shopify,25,deny,manual,44.99,50.47,TRUE,TRUE,,"https://dphpia7d6qb4m.cloudfront.net/images/hud1115_01_t.png",1,"Hudson RCI Oxygen Tubing (HD-1115)",23.15,active
"salter-labs-sl-1227-7-7-10-sl-1227-7-7-10","Salter Labs Oxygen Tubing Connectors (SL-1227-7-7-10)","<p>Green tubing bonded to the Y used to connect two O2 sources together for higher flows when sources are close together.</p>","Salter Labs","Oxygen Tubing Connectors","Oxygen Tubing Connectors","salter labs, medical, wholesale-normalized, shopify-ready",TRUE,Title,Default Title,"SL-1227-7-7-10",1500,shopify,25,deny,manual,77.99,87.53,TRUE,TRUE,,"https://dphpia7d6qb4m.cloudfront.net/images/1227-7-7-10_01_t.png",1,"Salter Labs Oxygen Tubing Connectors (SL-1227-7-7-10)",40.15,active
"rhythm-healthcare-ls-p2aca-1-ls-p2aca-1","Rhythm Healthcare Concentrator Chargers & Power Supplies (LS-P2ACA-1)","<p>Replacement AC adapter for the Rhythm P2 Portable Oxygen Concentrators (#P2, #P2-E6, #P2-E7).</p>","Rhythm Healthcare","Concentrator Chargers & Power Supplies","Concentrator Chargers & Power Supplies","rhythm healthcare, medical, wholesale-normalized, shopify-ready",TRUE,Title,Default Title,"LS-P2ACA-1",1500,shopify,25,deny,manual,173.99,190.21,TRUE,TRUE,,"https://dphpia7d6qb4m.cloudfront.net/images/p2aca-1_01_t.png",1,"Rhythm Healthcare Concentrator Chargers & Power Supplies (LS-P2ACA-1)",87.25,active
"o2-concepts-o2-800-0001-2v-o2-800-0001-2v","O2 Concepts Portable O2 Concentrators (O2-800-0001-2V)","<p>● Meets the majority of long-term oxygen therapy patient requirements</p>","O2 Concepts","Portable O2 Concentrators","Portable O2 Concentrators","o2 concepts, medical, wholesale-normalized, shopify-ready",TRUE,Title,Default Title,"O2-800-0001-2V",1500,shopify,25,deny,manual,4475.99,4813.44,TRUE,TRUE,,"https://dphpia7d6qb4m.cloudfront.net/images/o2-800-0001-2v_t.jpg",1,"O2 Concepts Portable O2 Concentrators (O2-800-0001-2V)",2208.00,active
"inogen-ino-ca-450-ino-ca-450","Inogen Carry Bags & Backpacks (INO-CA-450)","<p>Ultra-lightweight, full size backpack combines modern materials and styling with the Inogen quality and protection that our customers expect. There is a place for everything – water bottle, spare batteries, personal items, jacket or sweater, even excess cannula tubing. A thermoformed shell provides stability and protection for the concentrator, while padded, adjustable straps and padded back provide superb comfort and fit for the oxygen user on the go.</p>","Inogen","Carry Bags & Backpacks","Carry Bags & Backpacks","inogen, medical, wholesale-normalized, shopify-ready",TRUE,Title,Default Title,"INO-CA-450",1500,shopify,25,deny,manual,179.99,196.20,TRUE,TRUE,,"https://dphpia7d6qb4m.cloudfront.net/images/ino-ca-450_t.jpg",1,"Inogen Carry Bags & Backpacks (INO-CA-450)",90.00,active
"drive-devilbiss-dr-100f-dr-100f","Drive DeVilbiss CPAP Masks and Accessories (DR-100F)","<p>Maximizes compliance by using a soft silicone cushion with frame stabilizer that redistributes pressure evenly over a large surface area. Conforms comfortably to the user's face without the need for forehead pad, allowing the user the ability to read, watch TV and feel less confined during PAP therapy</p>","Drive DeVilbiss","CPAP Masks and Accessories","CPAP Masks and Accessories","drive devilbiss, medical, wholesale-normalized, shopify-ready",TRUE,Title,Default Title,"DR-100F",1500,shopify,25,deny,manual,87.99,98.10,TRUE,TRUE,,"https://dphpia7d6qb4m.cloudfront.net/images/dr-100f_01_t.jpg",1,"Drive DeVilbiss CPAP Masks and Accessories (DR-100F)",45.00,active
"drive-devilbiss-dr-18600-kitn-dr-18600-kitn","Drive DeVilbiss Suction Parts & Accessories (DR-18600-KITN)","<p>Universal suction tubing and filter kit.</p>","Drive DeVilbiss","Suction Parts & Accessories","Suction Parts & Accessories","drive devilbiss, appliance, wholesale-normalized, shopify-ready",TRUE,Title,Default Title,"DR-18600-KITN",1500,shopify,25,deny,manual,14.99,17.99,TRUE,TRUE,,"https://dphpia7d6qb4m.cloudfront.net/images/18600-kitn_01_t.png",1,"Drive DeVilbiss Suction Parts & Accessories (DR-18600-KITN)",8.25,active
"inogen-ino-rp-101-ino-rp-101","Inogen Oxygen Filters (INO-RP-101)","<p>Inogen replacement oxygen filter (SKU INO-RP-101) that helps keep incoming air clean and protects your concentrator's internal components. Regular filter changes are one of the simplest ways to extend the life of an oxygen concentrator and maintain output quality.</p>","Inogen","Oxygen Filters","Oxygen Filters","inogen, medical, wholesale-normalized, shopify-ready",TRUE,Title,Default Title,"INO-RP-101",1500,shopify,25,deny,manual,83.99,93.74,TRUE,TRUE,,"https://www.lakecourt.com/respiratory/images/no-image.png",1,"Inogen Oxygen Filters (INO-RP-101)",43.00,active
"salter-labs-sl-8927-7-50-sl-8927-7-50","Salter Labs Nebulizer Kits (SL-8927-7-50)","<p>Salter Labs nebulizer / nebulizer part (SKU SL-8927-7-50) that supports delivery of aerosolized medication for respiratory treatment at home.</p>","Salter Labs","Nebulizer Kits","Nebulizer Kits","salter labs, medical, wholesale-normalized, shopify-ready",TRUE,Title,Default Title,"SL-8927-7-50",1500,shopify,25,deny,manual,159.99,173.96,TRUE,TRUE,,"https://dphpia7d6qb4m.cloudfront.net/images/8927-7-50_01_t.png",1,"Salter Labs Nebulizer Kits (SL-8927-7-50)",79.80,active
"drive-devilbiss-zdv-7304d-619-zdv-7304d-619","Drive DeVilbiss Suction Parts & Accessories (ZDV-7304D-619)","<p>OEM DC power cord for use in the car. Compatible with Drive suction machines.</p>","Drive DeVilbiss","Suction Parts & Accessories","Suction Parts & Accessories","drive devilbiss, appliance, wholesale-normalized, shopify-ready",TRUE,Title,Default Title,"ZDV-7304D-619",1500,shopify,25,deny,manual,26.99,31.07,TRUE,TRUE,,"https://dphpia7d6qb4m.cloudfront.net/images/7304d-619_01_t.png",1,"Drive DeVilbiss Suction Parts & Accessories (ZDV-7304D-619)",14.25,active
"drive-devilbiss-medquip-mq-mq5600-mq-mq5600","Drive DeVilbiss (Medquip) Nebulizers - Standard (MQ-MQ5600)","<p>Drive DeVilbiss (Medquip) nebulizer / nebulizer part (SKU MQ-MQ5600) that supports delivery of aerosolized medication for respiratory treatment at home.</p>","Drive DeVilbiss (Medquip)","Nebulizers - Standard","Nebulizers - Standard","drive devilbiss (medquip), medical, wholesale-normalized, shopify-ready",TRUE,Title,Default Title,"MQ-MQ5600",1500,shopify,25,deny,manual,18.99,21.78,TRUE,TRUE,,"https://dphpia7d6qb4m.cloudfront.net/images/mq-mq5600_t.jpg",1,"Drive DeVilbiss (Medquip) Nebulizers - Standard (MQ-MQ5600)",9.99,active
"inogen-ino-ba-301-ino-ba-301","Inogen Chargers & Power Supplies (INO-BA-301)","<p>Genuine Inogen charger / power supply (SKU INO-BA-301) for compatible devices, providing reliable power for charging and operation. Please confirm compatibility with your specific model before ordering.</p>","Inogen","Chargers & Power Supplies","Chargers & Power Supplies","inogen, medical, wholesale-normalized, shopify-ready",TRUE,Title,Default Title,"INO-BA-301",1500,shopify,25,deny,manual,253.99,276.86,TRUE,TRUE,,"https://dphpia7d6qb4m.cloudfront.net/images/ino-ba-301_01_t.png",1,"Inogen Chargers & Power Supplies (INO-BA-301)",127.00,active
"drive-devilbiss-dr-18580-dr-18580","Drive DeVilbiss Oxygen Analyzers (DR-18580)","<p>Check and go oxygen analyzer</p>","Drive DeVilbiss","Oxygen Analyzers","Oxygen Analyzers","drive devilbiss, medical, wholesale-normalized, shopify-ready",TRUE,Title,Default Title,"DR-18580",1500,shopify,25,deny,manual,568.99,612.25,TRUE,TRUE,,"https://www.lakecourt.com/respiratory/images/no-image.png",1,"Drive DeVilbiss Oxygen Analyzers (DR-18580)",280.85,active
"react-health-rea-irc10lxo2-rea-irc10lxo2","React Health 10 Liter Concentrators (REA-IRC10LXO2)","<p>The Platinum 10 delivers the reliability, performance and value advantage you have come to expect from the Platinum line of concentrators and provides an attractive alternative to liquid systems.</p>","React Health","10 Liter Concentrators","10 Liter Concentrators","react health, medical, wholesale-normalized, shopify-ready",TRUE,Title,Default Title,"REA-IRC10LXO2",1500,shopify,25,deny,manual,2269.99,2441.60,TRUE,TRUE,,"https://dphpia7d6qb4m.cloudfront.net/images/in-irc10lxo2_t.jpg",1,"React Health 10 Liter Concentrators (REA-IRC10LXO2)",1120.00,active
"salter-labs-sl-9996-1-25-sl-9996-1-25","Salter Labs Oxygen Tubing (SL-9996-1-25)","<p>The Connector Tubing for Bubble Humidifiers features a crush-resistant 3-channel O2 supply line. It allows for greater comfort and convenience for the patient.</p>","Salter Labs","Oxygen Tubing","Oxygen Tubing","salter labs, medical, wholesale-normalized, shopify-ready",TRUE,Title,Default Title,"SL-9996-1-25",1500,shopify,25,deny,manual,19.99,23.44,TRUE,TRUE,,"https://dphpia7d6qb4m.cloudfront.net/images/9996-1-25_01_t.png",1,"Salter Labs Oxygen Tubing (SL-9996-1-25)",10.75,active
"drive-medical-dv-555ds-dv-555ds","Drive Medical 5 Liter Concentrators (DV-555DS)","<p>Drive Medical 5 Liter Oxygen Concentrator (SKU DV-555DS) delivering continuous-flow supplemental oxygen for home use, with the output and durability suited to daily long-term oxygen therapy.</p>","Drive Medical","5 Liter Concentrators","5 Liter Concentrators","drive medical, medical, wholesale-normalized, shopify-ready",TRUE,Title,Default Title,"DV-555DS",1500,shopify,25,deny,manual,1002.99,1079.10,TRUE,TRUE,,"https://dphpia7d6qb4m.cloudfront.net/images/555ds_01_t.png",1,"Drive Medical 5 Liter Concentrators (DV-555DS)",495.00,active
"precision-medical-inc-pm-198705-pm-198705","Precision Medical Inc. Conserving Devices (PM-198705)","<p>Genuine Precision Medical Inc. Conserving Devices (SKU PM-198705), a replacement part or accessory for compatible Precision Medical Inc. equipment. Please contact us to confirm fitment for your specific model before ordering.</p>","Precision Medical Inc.","Conserving Devices","Conserving Devices","precision medical inc., medical, wholesale-normalized, shopify-ready",TRUE,Title,Default Title,"PM-198705",1500,shopify,25,deny,manual,397.99,432.84,TRUE,TRUE,,"https://dphpia7d6qb4m.cloudfront.net/images/pm-198705_t.jpg",1,"Precision Medical Inc. Conserving Devices (PM-198705)",198.55,active
"abm-respiratory-care-abm-bk287-abm-bk287","ABM Respiratory Care Respiratory Parts (ABM-BK287)","<p>Genuine ABM Respiratory Care replacement part for respiratory equipment (SKU ABM-BK287). Please confirm compatibility with your specific device model before ordering.</p>","ABM Respiratory Care","Respiratory Parts","Respiratory Parts","abm respiratory care, medical, wholesale-normalized, shopify-ready",TRUE,Title,Default Title,"ABM-BK287",1500,shopify,25,deny,manual,299.99,327.00,TRUE,TRUE,,"https://dphpia7d6qb4m.cloudfront.net/images/abm-bk287_01_t.png",1,"ABM Respiratory Care Respiratory Parts (ABM-BK287)",150.00,active
"rhythm-healthcare-ls-toc3-ls-toc3","Rhythm Healthcare Pull Behind Concentrators (LS-TOC3)","<p>Genuine Rhythm Healthcare Pull Behind Concentrators (SKU LS-TOC3), a replacement part or accessory for compatible Rhythm Healthcare equipment. Please contact us to confirm fitment for your specific model before ordering.</p>","Rhythm Healthcare","Pull Behind Concentrators","Pull Behind Concentrators","rhythm healthcare, medical, wholesale-normalized, shopify-ready",TRUE,Title,Default Title,"LS-TOC3",1500,shopify,25,deny,manual,2837.99,3052.00,TRUE,TRUE,,"https://dphpia7d6qb4m.cloudfront.net/images/toc3_01_t.png",1,"Rhythm Healthcare Pull Behind Concentrators (LS-TOC3)",1400.00,active
"proactive-medical-pro-pmnebrdk-bf-pro-pmnebrdk-bf","Proactive Medical Pediatric Nebulizers (PRO-PMNEBRDK-BF)","<p>Proactive Protekt® Nebulizer is a lightweight nebulizer perfect for those who need to maintain proper lung function. Its small compact design makes it highly portable for use while away from home. The Protekt® Nebulizer by Proactive Medical provides fast, efficient, and reliable drug delivery to patients at home or on the go. People with respiratory difficulties, such as Asthma, Chronic Obstructive Pulmonary Disease (COPD), or Cystic Fibrosis, receive doctor prescriptions for medications that minimize or manage the symptoms of their disease. These medications are often in liquid form, requiring nebulization to deliver to the lungs. This machine turns liquid medicine into fine mist so that it can be more easily inhaled into the lungs.</p>","Proactive Medical","Pediatric Nebulizers","Pediatric Nebulizers","proactive medical, medical, wholesale-normalized, shopify-ready",TRUE,Title,Default Title,"PRO-PMNEBRDK-BF",1500,shopify,25,deny,manual,41.99,47.31,TRUE,TRUE,,"https://dphpia7d6qb4m.cloudfront.net/images/pmnebrdk-bf_01_t.png",1,"Proactive Medical Pediatric Nebulizers (PRO-PMNEBRDK-BF)",21.70,active
"drive-devilbiss-dv-7305p-614-dv-7305p-614","Drive DeVilbiss Batteries (DV-7305P-614)","<p>OEM replacement battery for #7305 series suction units.</p>","Drive DeVilbiss","Batteries","Batteries","drive devilbiss, appliance, wholesale-normalized, shopify-ready",TRUE,Title,Default Title,"DV-7305P-614",1500,shopify,25,deny,manual,162.99,178.00,TRUE,TRUE,,"https://dphpia7d6qb4m.cloudfront.net/images/7305p-614_01_t.png",1,"Drive DeVilbiss Batteries (DV-7305P-614)",81.65,active
"drive-devilbiss-dv-7305d-606-dv-7305d-606","Drive DeVilbiss Suct (DV-7305D-606)","<p>Carrying case for Drive Portable Suction Machine (#7305 Series).</p>","Drive DeVilbiss","Suct","Suct","drive devilbiss, appliance, wholesale-normalized, shopify-ready",TRUE,Title,Default Title,"DV-7305D-606",1500,shopify,25,deny,manual,47.99,54.28,TRUE,TRUE,,"https://dphpia7d6qb4m.cloudfront.net/images/7305d-606_01_t.png",1,"Drive DeVilbiss Suct (DV-7305D-606)",24.90,active
"philips-respironics-re-1038831-re-1038831","Philips Respironics Oxygen Filters (RE-1038831)","<p>Respironics Everflo Filters are devised to be used with all EverFlo and EverFlo Q Oxygen Concentrators. They extend the lifespan of the unit. Everflo oxygen concentrator filters are FAA approved.</p>","Philips Respironics","Oxygen Filters","Oxygen Filters","philips respironics, medical, wholesale-normalized, shopify-ready",TRUE,Title,Default Title,"RE-1038831",1500,shopify,25,deny,manual,41.99,47.55,TRUE,TRUE,,"https://dphpia7d6qb4m.cloudfront.net/images/re-1038831_t.jpg",1,"Philips Respironics Oxygen Filters (RE-1038831)",21.81,active
"salter-labs-sl-2004-4-50-sl-2004-4-50","Salter Labs Oxygen Tubing (SL-2004-4-50)","<p>The 3-Channel Oxygen Supply Tubing maintains an uninterrupted flow of oxygen. It is available in a variety of sizes.</p>","Salter Labs","Oxygen Tubing","Oxygen Tubing","salter labs, medical, wholesale-normalized, shopify-ready",TRUE,Title,Default Title,"SL-2004-4-50",1500,shopify,25,deny,manual,34.99,39.35,TRUE,TRUE,,"https://dphpia7d6qb4m.cloudfront.net/images/2004-4-50_01_t.png",1,"Salter Labs Oxygen Tubing (SL-2004-4-50)",18.05,active
"medquip-mq-mq3200-mq-mq3200","Medquip Oximizer (MQ-MQ3200)","<p>Genuine Medquip Oximizer (SKU MQ-MQ3200), a replacement part or accessory for compatible Medquip equipment. Please contact us to confirm fitment for your specific model before ordering.</p>","Medquip","Oximizer","Oximizer","medquip, appliance, wholesale-normalized, shopify-ready",TRUE,Title,Default Title,"MQ-MQ3200",1500,shopify,25,deny,manual,39.99,45.21,TRUE,TRUE,,"https://dphpia7d6qb4m.cloudfront.net/images/mq-mq3200_01_t.png",1,"Medquip Oximizer (MQ-MQ3200)",20.74,active
"drive-devilbiss-dv-7305d-632-dv-7305d-632","Drive DeVilbiss Suction Parts & Accessories (DV-7305D-632)","<p>Drive disposable unassembled suction jar with 800cc capacity.</p>","Drive DeVilbiss","Suction Parts & Accessories","Suction Parts & Accessories","drive devilbiss, appliance, wholesale-normalized, shopify-ready",TRUE,Title,Default Title,"DV-7305D-632",1500,shopify,25,deny,manual,655.99,705.78,TRUE,TRUE,,"https://dphpia7d6qb4m.cloudfront.net/images/7305d-632_01_t.png",1,"Drive DeVilbiss Suction Parts & Accessories (DV-7305D-632)",323.75,active
"rhythm-healthcare-ls-lm5ba-itf-ls-lm5ba-itf","Rhythm Healthcare Oxygen Filters (LS-LM5BA-ITF)","<p>Rhythm Healthcare replacement oxygen filter (SKU LS-LM5BA-ITF) that helps keep incoming air clean and protects your concentrator's internal components. Regular filter changes are one of the simplest ways to extend the life of an oxygen concentrator and maintain output quality.</p>","Rhythm Healthcare","Oxygen Filters","Oxygen Filters","rhythm healthcare, medical, wholesale-normalized, shopify-ready",TRUE,Title,Default Title,"LS-LM5BA-ITF",1500,shopify,25,deny,manual,2.99,3.49,TRUE,TRUE,,"https://dphpia7d6qb4m.cloudfront.net/images/lm5ba-itf_01_t.png",1,"Rhythm Healthcare Oxygen Filters (LS-LM5BA-ITF)",1.60,active
"inogen-ino-ca-400-ino-ca-400","Inogen Carry Bags & Backpacks (INO-CA-400)","<p>Inogen carry bag (SKU INO-CA-400) designed to transport a portable oxygen concentrator or medical device safely and comfortably, with room for accessories like extra batteries and cannulas.</p>","Inogen","Carry Bags & Backpacks","Carry Bags & Backpacks","inogen, medical, wholesale-normalized, shopify-ready",TRUE,Title,Default Title,"INO-CA-400",1500,shopify,25,deny,manual,33.99,37.82,TRUE,TRUE,,"https://dphpia7d6qb4m.cloudfront.net/images/ino-ca-400_t.jpg",1,"Inogen Carry Bags & Backpacks (INO-CA-400)",17.35,active
"salter-labs-sl-pro2elite-1-sl-pro2elite-1","Salter Labs Oxygen Analyzers (SL-PRO2ELITE-1)","<p>The Pro2 Elite Multifunction Concentrator Indicator provides accurate readings of oxygen concentration, output pressure, and flow from oxygen concentrators. It easily connects using standard tubing and displays all results clearly on an LCD screen, making oxygen quality checks fast and reliable.</p>","Salter Labs","Oxygen Analyzers","Oxygen Analyzers","salter labs, medical, wholesale-normalized, shopify-ready",TRUE,Title,Default Title,"SL-PRO2ELITE-1",1500,shopify,25,deny,manual,1181.99,1271.27,TRUE,TRUE,,"https://dphpia7d6qb4m.cloudfront.net/images/pro2elite-1_01_t.png",1,"Salter Labs Oxygen Analyzers (SL-PRO2ELITE-1)",583.15,active
"rhythm-healthcare-ls-lm5ba-bf-ls-lm5ba-bf","Rhythm Healthcare Oxygen Filters (LS-LM5BA-BF)","<p>Rhythm Healthcare replacement oxygen filter (SKU LS-LM5BA-BF) that helps keep incoming air clean and protects your concentrator's internal components. Regular filter changes are one of the simplest ways to extend the life of an oxygen concentrator and maintain output quality.</p>","Rhythm Healthcare","Oxygen Filters","Oxygen Filters","rhythm healthcare, medical, wholesale-normalized, shopify-ready",TRUE,Title,Default Title,"LS-LM5BA-BF",1500,shopify,25,deny,manual,3.99,4.91,TRUE,TRUE,,"https://dphpia7d6qb4m.cloudfront.net/images/lm5ba-bf_01_t.png",1,"Rhythm Healthcare Oxygen Filters (LS-LM5BA-BF)",2.25,active
"hudson-rci-hd-1119-hd-1119","Hudson RCI Oxygen Tubing (HD-1119)","<p>Hudson RCI oxygen supply tubing (SKU HD-1119), kink-resistant tubing that connects an oxygen source to a cannula or mask for reliable delivery, for use with concentrators, cylinders, or liquid oxygen systems.</p>","Hudson RCI","Oxygen Tubing","Oxygen Tubing","hudson rci, medical, wholesale-normalized, shopify-ready",TRUE,Title,Default Title,"HD-1119",1500,shopify,25,deny,manual,71.99,80.55,TRUE,TRUE,,"https://dphpia7d6qb4m.cloudfront.net/images/hud1119_01_t.png",1,"Hudson RCI Oxygen Tubing (HD-1119)",36.95,active
"hudson-rci-hd-1642-hd-1642","Hudson RCI Respiratory Disposables (HD-1642)","<p>Hudson RCI respiratory disposable (SKU HD-1642), a single-use item designed for hygienic, one-time use during respiratory therapy or treatment.</p>","Hudson RCI","Respiratory Disposables","Respiratory Disposables","hudson rci, medical, wholesale-normalized, shopify-ready",TRUE,Title,Default Title,"HD-1642",1500,shopify,25,deny,manual,68.99,76.74,TRUE,TRUE,,"https://dphpia7d6qb4m.cloudfront.net/images/hud1642_01_t.png",1,"Hudson RCI Respiratory Disposables (HD-1642)",35.20,active
"roscoe-medical-ros-e-cartpc-ros-e-cartpc","Roscoe Medical Cylinders and Accessories (ROS-E-CARTPC)","<p>Constructed of durable, high-strength steel and can accommodate either ""D"" or ""E"" size cylinders. Handle is height adjustable to accommodate most individuals. Large, easy-roll wheels allow for safe maneuvering. Includes gurney/mask hook, nonslip hand grip and one piece thumb screw.</p>","Roscoe Medical","Cylinders and Accessories","Cylinders and Accessories","roscoe medical, medical, wholesale-normalized, shopify-ready",TRUE,Title,Default Title,"ROS-E-CARTPC",1500,shopify,25,deny,manual,92.99,101.37,TRUE,TRUE,,"https://dphpia7d6qb4m.cloudfront.net/images/ros-e-cartpc_t.jpg",1,"Roscoe Medical Cylinders and Accessories (ROS-E-CARTPC)",46.50,active
"drive-devilbiss-ev-22330-ev-22330","Drive DeVilbiss Suction Part (EV-22330)","<p>Genuine Drive DeVilbiss replacement part for portable and stationary suction machines (SKU EV-22330), designed to keep your suction unit working reliably. Please confirm compatibility with your specific suction machine model before ordering.</p>","Drive DeVilbiss","Suction Part","Suction Part","drive devilbiss, appliance, wholesale-normalized, shopify-ready",TRUE,Title,Default Title,"EV-22330",1500,shopify,25,deny,manual,28.99,32.92,TRUE,TRUE,,"https://dphpia7d6qb4m.cloudfront.net/images/22330_01_t.png",1,"Drive DeVilbiss Suction Part (EV-22330)",15.10,active
"precision-medical-inc-pm-pm60-pm-pm60","Precision Medical Inc. Stationary Suction Machines (PM-PM60)","<p>Precision Medical’s EasyVac Aspirator provides reliable and safe suction of fluids, using up to 635 mmHg of vacuum. EasyVac provides additional safety to keep the suction canister from overflowing. The lightweight device is easy to transport and store, if necessary. The resetting thermal limit switch will protect the unit from overheating. The vacuum gauge is positioned horizontally for easy viewing from above. The gauge has a protective bracket to prevent unintended adjustments and knocks. Soft, pliable suction cup feet offer additional stability for the EasyVac Aspirator in any patient setting.</p>","Precision Medical Inc.","Stationary Suction Machines","Stationary Suction Machines","precision medical inc., medical, wholesale-normalized, shopify-ready",TRUE,Title,Default Title,"PM-PM60",1500,shopify,25,deny,manual,617.99,664.90,TRUE,TRUE,,"https://dphpia7d6qb4m.cloudfront.net/images/pm60_01_t.png",1,"Precision Medical Inc. Stationary Suction Machines (PM-PM60)",305.00,active
"drive-devilbiss-zdv-7310p-603-zdv-7310p-603","Drive DeVilbiss Suction Parts & Accessories (ZDV-7310P-603)","<p>For use with Drive Vacu-Aide® Compact Suction Units (#7310PR-D).</p>","Drive DeVilbiss","Suction Parts & Accessories","Suction Parts & Accessories","drive devilbiss, appliance, wholesale-normalized, shopify-ready",TRUE,Title,Default Title,"ZDV-7310P-603",1500,shopify,25,deny,manual,47.99,53.63,TRUE,TRUE,,"https://dphpia7d6qb4m.cloudfront.net/images/7310p-603_01_t.png",1,"Drive DeVilbiss Suction Parts & Accessories (ZDV-7310P-603)",24.60,active
"devilbiss-zdv-7305d-614-zdv-7305d-614","Devilbiss Suction Parts & Accessories (ZDV-7305D-614)","<p>OEM filter, elbow and tubing kit for the Drive #7305 series suction machines.</p>","Devilbiss","Suction Parts & Accessories","Suction Parts & Accessories","devilbiss, appliance, wholesale-normalized, shopify-ready",TRUE,Title,Default Title,"ZDV-7305D-614",1500,shopify,25,deny,manual,20.99,23.87,TRUE,TRUE,,"https://dphpia7d6qb4m.cloudfront.net/images/7305d-614_01_t.png",1,"Devilbiss Suction Parts & Accessories (ZDV-7305D-614)",10.95,active
"drive-devilbiss-dv-7310p-604-dv-7310p-604","Drive DeVilbiss Suction Parts & Accessories (DV-7310P-604)","<p>Genuine Drive DeVilbiss replacement part for portable and stationary suction machines (SKU DV-7310P-604), designed to keep your suction unit working reliably. Please confirm compatibility with your specific suction machine model before ordering.</p>","Drive DeVilbiss","Suction Parts & Accessories","Suction Parts & Accessories","drive devilbiss, appliance, wholesale-normalized, shopify-ready",TRUE,Title,Default Title,"DV-7310P-604",1500,shopify,25,deny,manual,135.99,148.79,TRUE,TRUE,,"https://dphpia7d6qb4m.cloudfront.net/images/7310p-604_01_t.png",1,"Drive DeVilbiss Suction Parts & Accessories (DV-7310P-604)",68.25,active
"hudson-rci-hd-1075-hd-1075","Hudson RCI Respiratory Masks (HD-1075)","<p>Hudson RCI respiratory mask (SKU HD-1075) designed for a secure, comfortable seal during nebulizer or oxygen therapy, with soft cushioning to help reduce skin irritation during regular use.</p>","Hudson RCI","Respiratory Masks","Respiratory Masks","hudson rci, medical, wholesale-normalized, shopify-ready",TRUE,Title,Default Title,"HD-1075",1500,shopify,25,deny,manual,155.99,170.04,TRUE,TRUE,,"https://dphpia7d6qb4m.cloudfront.net/images/1075_01_t.png",1,"Hudson RCI Respiratory Masks (HD-1075)",78.00,active
"roscoe-medical-ros-cf-1034-ros-cf-1034","Roscoe Medical Respiratory Accessories (ROS-CF-1034)","<p>Value advantage cabinet filter, For Invacare platinum concentrators (20 Per pkg)</p>","Roscoe Medical","Respiratory Accessories","Respiratory Accessories","roscoe medical, medical, wholesale-normalized, shopify-ready",TRUE,Title,Default Title,"ROS-CF-1034",1500,shopify,25,deny,manual,20.99,23.87,TRUE,TRUE,,"https://dphpia7d6qb4m.cloudfront.net/images/ros-cf-1034_t.jpg",1,"Roscoe Medical Respiratory Accessories (ROS-CF-1034)",10.95,active
"drive-devilbiss-dv-7314p-613-dv-7314p-613","Drive DeVilbiss Suction Parts & Accessories (DV-7314P-613)","<p>OEM AC to DC adapter for DeVilbiss Vacu-Aide Suction Units (#7314 Series).</p>","Drive DeVilbiss","Suction Parts & Accessories","Suction Parts & Accessories","drive devilbiss, appliance, wholesale-normalized, shopify-ready",TRUE,Title,Default Title,"DV-7314P-613",1500,shopify,25,deny,manual,110.99,120.99,TRUE,TRUE,,"https://dphpia7d6qb4m.cloudfront.net/images/7314p-613_01_t.png",1,"Drive DeVilbiss Suction Parts & Accessories (DV-7314P-613)",55.50,active
"drive-devilbiss-dv-610-12b-dv-610-12b","Drive DeVilbiss Suction Canisters (DV-610-12B)","<p>Genuine Drive DeVilbiss Suction Canisters (SKU DV-610-12B), a replacement part or accessory for compatible Drive DeVilbiss equipment. Please contact us to confirm fitment for your specific model before ordering.</p>","Drive DeVilbiss","Suction Canisters","Suction Canisters","drive devilbiss, appliance, wholesale-normalized, shopify-ready",TRUE,Title,Default Title,"DV-610-12B",1500,shopify,25,deny,manual,38.99,43.58,TRUE,TRUE,,"https://dphpia7d6qb4m.cloudfront.net/images/610-12b_01_t.png",1,"Drive DeVilbiss Suction Canisters (DV-610-12B)",19.99,active
"drive-devilbiss-dr-18260-dr-18260","Drive DeVilbiss Nebulizers - Parts, Filters, Etc. (DR-18260)","<p>Drive Medel JetNeb Plus Reusable Nebulizer utilizes a dual valve system improving clinical efficacy and treatment efficiency. It uses an inspiratory valve that delivers more medication while the patient breathes in, and an expiratory valve that wastes less when the patient breathes out.</p>","Drive DeVilbiss","Nebulizers - Parts, Filters, Etc.","Nebulizers - Parts, Filters, Etc.","drive devilbiss, medical, wholesale-normalized, shopify-ready",TRUE,Title,Default Title,"DR-18260",1500,shopify,25,deny,manual,223.99,243.51,TRUE,TRUE,,"https://dphpia7d6qb4m.cloudfront.net/images/dr-18260_t.jpg",1,"Drive DeVilbiss Nebulizers - Parts, Filters, Etc. (DR-18260)",111.70,active
"drive-devilbiss-dr-con-550-dr-con-550","Drive DeVilbiss Oxygen Tubing Connectors (DR-CON 550)","<p>Ridged tubing extension connector.</p>","Drive DeVilbiss","Oxygen Tubing Connectors","Oxygen Tubing Connectors","drive devilbiss, medical, wholesale-normalized, shopify-ready",TRUE,Title,Default Title,"DR-CON 550",1500,shopify,25,deny,manual,18.99,21.78,TRUE,TRUE,,"https://dphpia7d6qb4m.cloudfront.net/images/con%20550_01_t.png",1,"Drive DeVilbiss Oxygen Tubing Connectors (DR-CON 550)",9.99,active
"precision-medical-inc-pm-198712-pm-198712","Precision Medical Inc. Conserving Devices (PM-198712)","<p>The EasyPulse5+6 has 6 continuous flow settings, to compliment the 1 thru 5 pulse settings.</p>","Precision Medical Inc.","Conserving Devices","Conserving Devices","precision medical inc., medical, wholesale-normalized, shopify-ready",TRUE,Title,Default Title,"PM-198712",1500,shopify,25,deny,manual,397.99,432.84,TRUE,TRUE,,"https://dphpia7d6qb4m.cloudfront.net/images/pm-198712_t.jpg",1,"Precision Medical Inc. Conserving Devices (PM-198712)",198.55,active
"drive-devilbiss-dr-om-975-dr-om-975","Drive DeVilbiss Conservers (DR-OM-975)","<p>Unlock the next level of oxygen therapy with our latest innovation, the SmartDose® Evolution™ Oxygen Conserver OM-975. Engineered to blend the cutting-edge technology of our SmartDose® Conserver with the cost-effective efficiency of our CHAD Evolution™, the OM-975 redefines what's possible in portable oxygen delivery.</p>","Drive DeVilbiss","Conservers","Conservers","drive devilbiss, appliance, wholesale-normalized, shopify-ready",TRUE,Title,Default Title,"DR-OM-975",1500,shopify,25,deny,manual,453.99,493.55,TRUE,TRUE,,"https://dphpia7d6qb4m.cloudfront.net/images/om-975_01_t.png",1,"Drive DeVilbiss Conservers (DR-OM-975)",226.40,active
"drive-devilbiss-dv-5650d-dv-5650d","Drive DeVilbiss Nebulizers - Standard (DV-5650D)","<p>Pulmo-Aide Compressor Nebulizer System</p>","Drive DeVilbiss","Nebulizers - Standard","Nebulizers - Standard","drive devilbiss, medical, wholesale-normalized, shopify-ready",TRUE,Title,Default Title,"DV-5650D",1500,shopify,25,deny,manual,232.99,253.64,TRUE,TRUE,,"https://dphpia7d6qb4m.cloudfront.net/images/dv-5650d_01_t.png",1,"Drive DeVilbiss Nebulizers - Standard (DV-5650D)",116.35,active
"rhythm-healthcare-ls-p2pbc090-ls-p2pbc090","Rhythm Healthcare Concentrator Chargers & Power Supplies (LS-P2PBC090)","<p>Genuine Rhythm Healthcare charger / power supply (SKU LS-P2PBC090) for compatible portable oxygen concentrators, providing reliable AC or DC power for charging at home, in the car, or on the go.</p>","Rhythm Healthcare","Concentrator Chargers & Power Supplies","Concentrator Chargers & Power Supplies","rhythm healthcare, medical, wholesale-normalized, shopify-ready",TRUE,Title,Default Title,"LS-P2PBC090",1500,shopify,25,deny,manual,333.99,363.52,TRUE,TRUE,,"https://dphpia7d6qb4m.cloudfront.net/images/p2pbc090_01_t.png",1,"Rhythm Healthcare Concentrator Chargers & Power Supplies (LS-P2PBC090)",166.75,active
"salter-labs-sl-8115-0-50-sl-8115-0-50","Salter Labs Respiratory Masks (SL-8115-0-50)","<p>Salter Labs respiratory mask (SKU SL-8115-0-50) designed for a secure, comfortable seal during nebulizer or oxygen therapy, with soft cushioning to help reduce skin irritation during regular use.</p>","Salter Labs","Respiratory Masks","Respiratory Masks","salter labs, medical, wholesale-normalized, shopify-ready",TRUE,Title,Default Title,"SL-8115-0-50",1500,shopify,25,deny,manual,120.99,131.67,TRUE,TRUE,,"https://dphpia7d6qb4m.cloudfront.net/images/8115-0-50_01_t.png",1,"Salter Labs Respiratory Masks (SL-8115-0-50)",60.40,active
"drive-medical-dr-simo2ds-dr-simo2ds","Drive Medical Portable O2 Concentrators (DR-SIMO2DS)","<p>Drive Medical portable oxygen concentrator (SKU DR-SIMO2DS) designed to deliver supplemental oxygen therapy on the go, for use at home, while traveling, or during daily activities.</p>","Drive Medical","Portable O2 Concentrators","Portable O2 Concentrators","drive medical, medical, wholesale-normalized, shopify-ready",TRUE,Title,Default Title,"DR-SIMO2DS",1500,shopify,25,deny,manual,1925.99,2071.00,TRUE,TRUE,,"https://dphpia7d6qb4m.cloudfront.net/images/simo2ds_01_t.png",1,"Drive Medical Portable O2 Concentrators (DR-SIMO2DS)",950.00,active
"drive-devilbiss-dr-ctox-mn02-dr-ctox-mn02","Drive DeVilbiss Conserving Devices (DR-CTOX-MN02)","<p>SmartDose® Mini Auto-Adjusting Oxygen Conserver</p>","Drive DeVilbiss","Conserving Devices","Conserving Devices","drive devilbiss, appliance, wholesale-normalized, shopify-ready",TRUE,Title,Default Title,"DR-CTOX-MN02",1500,shopify,25,deny,manual,525.99,565.82,TRUE,TRUE,,"https://dphpia7d6qb4m.cloudfront.net/images/dr-ctox-mn02_01_t.jpg",1,"Drive DeVilbiss Conserving Devices (DR-CTOX-MN02)",259.55,active
"drive-devilbiss-dv-7314d-606-dv-7314d-606","Drive DeVilbiss Suction Parts & Accessories (DV-7314D-606)","<p>OEM carry bag for Drive Vacu-Aide (#7314 Series).</p>","Drive DeVilbiss","Suction Parts & Accessories","Suction Parts & Accessories","drive devilbiss, appliance, wholesale-normalized, shopify-ready",TRUE,Title,Default Title,"DV-7314D-606",1500,shopify,25,deny,manual,63.99,71.63,TRUE,TRUE,,"https://dphpia7d6qb4m.cloudfront.net/images/7314d-606_01_t.png",1,"Drive DeVilbiss Suction Parts & Accessories (DV-7314D-606)",32.86,active
"abm-respiratory-care-abm-bc20116-abm-bc20116","ABM Respiratory Care Respiratory Parts (ABM-BC20116)","<p>Genuine ABM Respiratory Care replacement part for respiratory equipment (SKU ABM-BC20116). Please confirm compatibility with your specific device model before ordering.</p>","ABM Respiratory Care","Respiratroy Parts","Respiratory Parts","abm respiratory care, medical, wholesale-normalized, shopify-ready",TRUE,Title,Default Title,"ABM-BC20116",1500,shopify,25,deny,manual,33.99,38.15,TRUE,TRUE,,"https://dphpia7d6qb4m.cloudfront.net/images/abm-bc20116_01_t.png",1,"ABM Respiratory Care Respiratory Parts (ABM-BC20116)",17.50,active
"hudson-rci-hd-1103-hd-1103","Hudson RCI Cannulas (HD-1103)","<p>Hudson RCI nasal cannula (SKU HD-1103) for delivering supplemental oxygen comfortably during everyday use, with soft, lightweight tubing designed for extended wear and compatible with standard oxygen concentrators and cylinders.</p>","Hudson RCI","Cannulas","Cannulas","hudson rci, appliance, wholesale-normalized, shopify-ready",TRUE,Title,Default Title,"HD-1103",1500,shopify,25,deny,manual,38.99,43.58,TRUE,TRUE,,"https://dphpia7d6qb4m.cloudfront.net/images/hud1103_01_t.png",1,"Hudson RCI Cannulas (HD-1103)",19.99,active
"hudson-rci-hd-1083-hd-1083","Hudson RCI Respiratory Masks (HD-1083)","<p>Hudson RCI respiratory mask (SKU HD-1083) designed for a secure, comfortable seal during nebulizer or oxygen therapy, with soft cushioning to help reduce skin irritation during regular use.</p>","Hudson RCI","Respiratory Masks","Respiratory Masks","hudson rci, medical, wholesale-normalized, shopify-ready",TRUE,Title,Default Title,"HD-1083",1500,shopify,25,deny,manual,143.99,156.96,TRUE,TRUE,,"https://dphpia7d6qb4m.cloudfront.net/images/1083_01_t.png",1,"Hudson RCI Respiratory Masks (HD-1083)",72.00,active
"roscoe-medical-ros-adlt-mask-ros-adlt-mask","Roscoe Medical Respiratory Masks (ROS-ADLT-MASK)","<p>This is the replacement adult mask for Roscoe nebulizer systems. It is only the adult mask and does not include tubing or nebulizer unit.</p>","Roscoe Medical","Respiratory Masks","Respiratory Masks","roscoe medical, medical, wholesale-normalized, shopify-ready",TRUE,Title,Default Title,"ROS-ADLT-MASK",1500,shopify,25,deny,manual,77.99,86.76,TRUE,TRUE,,"https://dphpia7d6qb4m.cloudfront.net/images/adlt-mask_01_t.png",1,"Roscoe Medical Respiratory Masks (ROS-ADLT-MASK)",39.80,active
"roscoe-medical-ros-cf-1037-ros-cf-1037","Roscoe Medical Oxygen Filters (ROS-CF-1037)","<p>Cabinet filter, Invacare PerfectO2</p>","Roscoe Medical","Oxygen Filters","Oxygen Filters","roscoe medical, medical, wholesale-normalized, shopify-ready",TRUE,Title,Default Title,"ROS-CF-1037",1500,shopify,25,deny,manual,23.99,27.90,TRUE,TRUE,,"https://dphpia7d6qb4m.cloudfront.net/images/ros-cf-1037_t.jpg",1,"Roscoe Medical Oxygen Filters (ROS-CF-1037)",12.80,active
"rhythm-healthcare-ls-p2fc-1-ls-p2fc-1","Rhythm Healthcare Oxygen Filters (LS-P2FC-1)","<p>Rhythm Healthcare replacement oxygen filter (SKU LS-P2FC-1) that helps keep incoming air clean and protects your concentrator's internal components. Regular filter changes are one of the simplest ways to extend the life of an oxygen concentrator and maintain output quality.</p>","Rhythm Healthcare","Oxygen Filters","Oxygen Filters","rhythm healthcare, medical, wholesale-normalized, shopify-ready",TRUE,Title,Default Title,"LS-P2FC-1",1500,shopify,25,deny,manual,10.99,13.08,TRUE,TRUE,,"https://dphpia7d6qb4m.cloudfront.net/images/p2fc-1_01_t.png",1,"Rhythm Healthcare Oxygen Filters (LS-P2FC-1)",6.00,active
"drive-devilbiss-medquip-mq-mq6002-mq-mq6002","Drive DeVilbiss (Medquip) Nebulizers - Pediatric (MQ-MQ6002)","<p>The Airialâ„¢ Pediatric Nebulizer is a quiet, easy-to-use unit with a child friendly design. This durable Piston driven compressor comes complete with child friendly patient administration set. This Pediatric Nebulizer is safe to use and has a Lifetime Warranty.</p>","Drive DeVilbiss (Medquip)","Nebulizers - Pediatric","Nebulizers - Pediatric","drive devilbiss (medquip), medical, wholesale-normalized, shopify-ready",TRUE,Title,Default Title,"MQ-MQ6002",1500,shopify,25,deny,manual,65.99,74.12,TRUE,TRUE,,"https://dphpia7d6qb4m.cloudfront.net/images/mq-mq6002_t.jpg",1,"Drive DeVilbiss (Medquip) Nebulizers - Pediatric (MQ-MQ6002)",34.00,active
"movair-ibc-ibc-lmt31540-ibc-lmt31540","Movair (IBC) Ventilators & Accessories (IBC-LMT31540)","<p>Genuine Movair (IBC) ventilator accessory (SKU IBC-LMT31540), designed to keep your ventilator system running safely and reliably. As with all ventilator components, please confirm compatibility with your specific ventilator model before ordering.</p>","Movair (IBC)","Ventilators & Accessories","Ventilators & Accessories","movair (ibc), appliance, wholesale-normalized, shopify-ready",TRUE,Title,Default Title,"IBC-LMT31540",1500,shopify,25,deny,manual,626.99,674.71,TRUE,TRUE,,"https://dphpia7d6qb4m.cloudfront.net/images/luisa_resized_02_2022/ibc-lmt31540_01_t.png",1,"Movair (IBC) Ventilators & Accessories (IBC-LMT31540)",309.50,active
"roscoe-medical-ros-rmi-04st-ros-rmi-04st","Roscoe Medical Regulators (ROS-RMI-04ST)","<p>Roscoe Pediatric Reg, 0-4 LPM, CGA-870</p>","Roscoe Medical","Regulators","Regulators","roscoe medical, medical, wholesale-normalized, shopify-ready",TRUE,Title,Default Title,"ROS-RMI-04ST",1500,shopify,25,deny,manual,18.99,21.78,TRUE,TRUE,,"https://dphpia7d6qb4m.cloudfront.net/images/ros-rmi-04st_t.jpg",1,"Roscoe Medical Regulators (ROS-RMI-04ST)",9.99,active
"precision-medical-inc-pm-502391-10-pm-502391-10","Precision Medical Inc. Filters (PM-502391-10)","<p>The small air inlet foam filter removes irritating dust, pollen, and tobacco smoke from your device’s airflow. It keeps the irritants under control that could possibly trigger allergic reactions.</p>","Precision Medical Inc.","Filters","Filters","precision medical inc., medical, wholesale-normalized, shopify-ready",TRUE,Title,Default Title,"PM-502391-10",1500,shopify,25,deny,manual,7.99,9.70,TRUE,TRUE,,"https://dphpia7d6qb4m.cloudfront.net/images/502391-10_01_t.png",1,"Precision Medical Inc. Filters (PM-502391-10)",4.45,active
"dynarex-dy-31002-dy-31002","Dynarex Tracheostomy Supplies (DY-31002)","<p>Dynarex Resp-O2 Closed Suction Trach Catheters are disposable respiratory devices designed to safely remove secretions from the respiratory tract of ventilator-dependent patients. The device allows ventilation to continue during suctioning, helps prevent cross-contamination, and protects caregivers from airborne pathogens.</p>","Dynarex","Tracheostomy Supplies","Tracheostomy Supplies","dynarex, appliance, wholesale-normalized, shopify-ready",TRUE,Title,Default Title,"DY-31002",1500,shopify,25,deny,manual,307.99,335.72,TRUE,TRUE,,"https://dphpia7d6qb4m.cloudfront.net/images/31002_01_t.png",1,"Dynarex Tracheostomy Supplies (DY-31002)",154.00,active
"virtuox-healthcare-logistics-vx-1550-vx-1550","Virtuox/Healthcare Logistics Pulse Oximeters (VX-1550)","<p>Genuine Virtuox/Healthcare Logistics Pulse Oximeters (SKU VX-1550), a replacement part or accessory for compatible Virtuox/Healthcare Logistics equipment. Please contact us to confirm fitment for your specific model before ordering.</p>","Virtuox/Healthcare Logistics","Pulse Oximeters","Pulse Oximeters","virtuox/healthcare logistics, appliance, wholesale-normalized, shopify-ready",TRUE,Title,Default Title,"VX-1550",1500,shopify,25,deny,manual,974.99,1049.13,TRUE,TRUE,,"https://dphpia7d6qb4m.cloudfront.net/images/vx-1550_t.jpg",1,"Virtuox/Healthcare Logistics Pulse Oximeters (VX-1550)",481.25,active
"sequal-hel-h850eu-hel-h850eu","Sequal Liquid Units (HEL-H850EU)","<p>Genuine Sequal Liquid Units (SKU HEL-H850EU), a replacement part or accessory for compatible Sequal equipment. Please contact us to confirm fitment for your specific model before ordering.</p>","Sequal","Liquid Units","Liquid Units","sequal, appliance, wholesale-normalized, shopify-ready",TRUE,Title,Default Title,"HEL-H850EU",1500,shopify,25,deny,manual,2909.99,3129.94,TRUE,TRUE,,"https://www.lakecourt.com/respiratory/images/no-image.png",1,"Sequal Liquid Units (HEL-H850EU)",1435.75,active
"movair-ibc-ibc-wm29928-ibc-wm29928","Movair (IBC) Ventilators & Accessories (IBC-WM29928)","<p>Genuine Movair (IBC) ventilator accessory (SKU IBC-WM29928), designed to keep your ventilator system running safely and reliably. As with all ventilator components, please confirm compatibility with your specific ventilator model before ordering.</p>","Movair (IBC)","Ventilators & Accessories","Ventilators & Accessories","movair (ibc), appliance, wholesale-normalized, shopify-ready",TRUE,Title,Default Title,"IBC-WM29928",1500,shopify,25,deny,manual,22.99,27.25,TRUE,TRUE,,"https://dphpia7d6qb4m.cloudfront.net/images/luisa_resized_02_2022/ibc-wm29928_01_t.png",1,"Movair (IBC) Ventilators & Accessories (IBC-WM29928)",12.50,active
"hudson-rci-hd-1084-hd-1084","Hudson RCI Respiratory Masks (HD-1084)","<p>Hudson RCI respiratory mask (SKU HD-1084) designed for a secure, comfortable seal during nebulizer or oxygen therapy, with soft cushioning to help reduce skin irritation during regular use.</p>","Hudson RCI","Respiratory Masks","Respiratory Masks","hudson rci, medical, wholesale-normalized, shopify-ready",TRUE,Title,Default Title,"HD-1084",1500,shopify,25,deny,manual,135.99,148.79,TRUE,TRUE,,"https://dphpia7d6qb4m.cloudfront.net/images/hud1084_01_t.png",1,"Hudson RCI Respiratory Masks (HD-1084)",68.25,active
"inogen-ino-ca-401-ino-ca-401","Inogen Carry Bags & Backpacks (INO-CA-401)","<p>Inogen carry bag (SKU INO-CA-401) designed to transport a portable oxygen concentrator or medical device safely and comfortably, with room for accessories like extra batteries and cannulas.</p>","Inogen","Carry Bags & Backpacks","Carry Bags & Backpacks","inogen, medical, wholesale-normalized, shopify-ready",TRUE,Title,Default Title,"INO-CA-401",1500,shopify,25,deny,manual,23.99,28.12,TRUE,TRUE,,"https://dphpia7d6qb4m.cloudfront.net/images/ino-ca-401_t.jpg",1,"Inogen Carry Bags & Backpacks (INO-CA-401)",12.90,active
"beaumont-products-be-276372066-12pk-be-276372066-12pk","Beaumont Products CPAP Masks and Accessories (BE-276372066-12PK)","<p>Beaumont Products CPAP mask/accessory (SKU BE-276372066-12PK) designed to help maintain a comfortable, reliable seal during CPAP or BiPAP therapy. Please confirm compatibility with your specific machine and mask size before ordering.</p>","Beaumont Products","CPAP Masks and Accessories","CPAP Masks and Accessories","beaumont products, medical, wholesale-normalized, shopify-ready",TRUE,Title,Default Title,"BE-276372066-12PK",1500,shopify,25,deny,manual,163.99,178.76,TRUE,TRUE,,"https://dphpia7d6qb4m.cloudfront.net/images/be-276372066-12pk_t.jpg",1,"Beaumont Products CPAP Masks and Accessories (BE-276372066-12PK)",82.00,active
"rhythm-healthcare-ls-p2pfcr-2-ls-p2pfcr-2","Rhythm Healthcare Concentrator Parts (LS-P2PFCR-2)","<p>Genuine Rhythm Healthcare replacement part for oxygen concentrators (SKU LS-P2PFCR-2), designed to restore original performance when a component wears out. Please confirm this part matches your concentrator's exact model before ordering.</p>","Rhythm Healthcare","Concentrator Parts","Concentrator Parts","rhythm healthcare, medical, wholesale-normalized, shopify-ready",TRUE,Title,Default Title,"LS-P2PFCR-2",1500,shopify,25,deny,manual,12.99,15.59,TRUE,TRUE,,"https://dphpia7d6qb4m.cloudfront.net/images/p2pfcr-2_01_t.png",1,"Rhythm Healthcare Concentrator Parts (LS-P2PFCR-2)",7.15,active
"hudson-rci-hd-1827-hd-1827","Hudson RCI Cannulas (HD-1827)","<p>Hudson RCI nasal cannula (SKU HD-1827) for delivering supplemental oxygen comfortably during everyday use, with soft, lightweight tubing designed for extended wear and compatible with standard oxygen concentrators and cylinders.</p>","Hudson RCI","Cannulas","Cannulas","hudson rci, appliance, wholesale-normalized, shopify-ready",TRUE,Title,Default Title,"HD-1827",1500,shopify,25,deny,manual,61.99,69.76,TRUE,TRUE,,"https://dphpia7d6qb4m.cloudfront.net/images/1827_01_t.png",1,"Hudson RCI Cannulas (HD-1827)",32.00,active
"airsep-corporation-as-as099-101-as-as099-101","AirSep Corporation 10 Liter Concentrators (AS-AS099-101)","<p>Intensity 10 Liter Concentrator, W/ Sensor, Single Flowmeter</p>","AirSep Corporation","10 Liter Concentrators","10 Liter Concentrators","airsep corporation, medical, wholesale-normalized, shopify-ready",TRUE,Title,Default Title,"AS-AS099-101",1500,shopify,25,deny,manual,2883.99,3101.92,TRUE,TRUE,,"https://dphpia7d6qb4m.cloudfront.net/images/as-as099-101_t.jpg",1,"AirSep Corporation 10 Liter Concentrators (AS-AS099-101)",1422.90,active
"salter-labs-sl-0795-sl-0795","Salter Labs Bubble Humidifiers (SL-0795)","<p>Salter Labs bubble humidifier (SKU SL-0795) that adds moisture to oxygen flow, helping reduce nasal dryness and irritation during oxygen therapy.</p>","Salter Labs","Bubble Humidifiers","Bubble Humidifiers","salter labs, appliance, wholesale-normalized, shopify-ready",TRUE,Title,Default Title,"SL-0795",1500,shopify,25,deny,manual,57.99,65.38,TRUE,TRUE,,"https://dphpia7d6qb4m.cloudfront.net/images/0795_01_t.png",1,"Salter Labs Bubble Humidifiers (SL-0795)",29.99,active
"movair-ibc-ibc-lmt31594us-ibc-lmt31594us","Movair (IBC) Ventilators & Accessories (IBC-LMT31594US)","<p>Genuine Movair (IBC) ventilator accessory (SKU IBC-LMT31594US), designed to keep your ventilator system running safely and reliably. As with all ventilator components, please confirm compatibility with your specific ventilator model before ordering.</p>","Movair (IBC)","Ventilators & Accessories","Ventilators & Accessories","movair (ibc), appliance, wholesale-normalized, shopify-ready",TRUE,Title,Default Title,"IBC-LMT31594US",1500,shopify,25,deny,manual,348.99,380.41,TRUE,TRUE,,"https://dphpia7d6qb4m.cloudfront.net/images/luisa_resized_02_2022/ibc-lmt31594us_01_t.png",1,"Movair (IBC) Ventilators & Accessories (IBC-LMT31594US)",174.50,active
"inogen-ino-ca-300-ino-ca-300","Inogen Carry Bags & Backpacks (INO-CA-300)","<p>The Carry Bag for Inogen One G3 provides a protective cover with a handle and adjustable shoulder strap to help you carry your Inogen One G3 with ease. No cart required – just sling it over your shoulder and go!</p>","Inogen","Carry Bags & Backpacks","Carry Bags & Backpacks","inogen, medical, wholesale-normalized, shopify-ready",TRUE,Title,Default Title,"INO-CA-300",1500,shopify,25,deny,manual,83.99,93.74,TRUE,TRUE,,"https://dphpia7d6qb4m.cloudfront.net/images/ino-ca-300_t.jpg",1,"Inogen Carry Bags & Backpacks (INO-CA-300)",43.00,active
"drive-devilbiss-medquip-mq-mq6005-mq-mq6005","Drive DeVilbiss (Medquip) Nebulizers - Pediatric (MQ-MQ6005)","<p>Drive DeVilbiss (Medquip) pediatric nebulizer (SKU MQ-MQ6005) designed to make aerosol treatments easier for children, often with a kid-friendly design to help ease anxiety during treatment.</p>","Drive DeVilbiss (Medquip)","Nebulizers - Pediatric","Nebulizers - Pediatric","drive devilbiss (medquip), medical, wholesale-normalized, shopify-ready",TRUE,Title,Default Title,"MQ-MQ6005",1500,shopify,25,deny,manual,38.99,43.58,TRUE,TRUE,,"https://dphpia7d6qb4m.cloudfront.net/images/mq-mq6005_t.jpg",1,"Drive DeVilbiss (Medquip) Nebulizers - Pediatric (MQ-MQ6005)",19.99,active
"proactive-medical-products-pro-20120-pro-20120","Proactive Medical Products Pulse Oximeters (PRO-20120)","<p>Suitable for use in nursing homes, physicians offices, clinics, outpatient surgical centers and any other setting looking for reliable & affordable patient monitoring.Built-in rechargeable battery and power save function.</p>","Proactive Medical Products","Pulse Oximeters","Pulse Oximeters","proactive medical products, medical, wholesale-normalized, shopify-ready",TRUE,Title,Default Title,"PRO-20120",1500,shopify,25,deny,manual,309.99,337.68,TRUE,TRUE,,"https://dphpia7d6qb4m.cloudfront.net/images/pro-20120_01_t.png",1,"Proactive Medical Products Pulse Oximeters (PRO-20120)",154.90,active
"inogen-ino-gs-100-ino-gs-100","Inogen 5 Liter Concentrators (INO-GS-100)","<p>The Inogen At Home is a stationary oxygen concentrator delivering up to 5 liters per minute of continuous flow oxygen in a 5 setting device. Weighing in at approximately 18 pounds, is one of the lightest home oxygen concentrators available, often coming in at half the weight of other home concentrators in use today.</p>","Inogen","5 Liter Concentrators","5 Liter Concentrators","inogen, medical, wholesale-normalized, shopify-ready",TRUE,Title,Default Title,"INO-GS-100",1500,shopify,25,deny,manual,3293.99,3542.50,TRUE,TRUE,,"https://dphpia7d6qb4m.cloudfront.net/images/ino-gs-100_01_t.png",1,"Inogen 5 Liter Concentrators (INO-GS-100)",1625.00,active
"inogen-ino-rp-405-ino-rp-405","Inogen Oxygen Filters (INO-RP-405)","<p>Inogen replacement oxygen filter (SKU INO-RP-405) that helps keep incoming air clean and protects your concentrator's internal components. Regular filter changes are one of the simplest ways to extend the life of an oxygen concentrator and maintain output quality.</p>","Inogen","Oxygen Filters","Oxygen Filters","inogen, medical, wholesale-normalized, shopify-ready",TRUE,Title,Default Title,"INO-RP-405",1500,shopify,25,deny,manual,22.99,26.16,TRUE,TRUE,,"https://dphpia7d6qb4m.cloudfront.net/images/ino-rp-405_t.jpg",1,"Inogen Oxygen Filters (INO-RP-405)",12.00,active
"precision-medical-inc-pm-503237-10-pm-503237-10","Precision Medical Inc. Filters (PM-503237-10)","<p>The large air inlet foam filter removes irritating dust, pollen, and tobacco smoke from your device’s airflow. It keeps the irritants under control that could possibly trigger allergic reactions. Compatible with EasyAir Compressors (#PM15), PowerVac (#PM61) and PowerVac+ Aspirators (#PM63).</p>","Precision Medical Inc.","Filters","Filters","precision medical inc., medical, wholesale-normalized, shopify-ready",TRUE,Title,Default Title,"PM-503237-10",1500,shopify,25,deny,manual,32.99,36.95,TRUE,TRUE,,"https://dphpia7d6qb4m.cloudfront.net/images/503237-10_01_t.png",1,"Precision Medical Inc. Filters (PM-503237-10)",16.95,active
"invacare-rea-hf2postd-rea-hf2postd","Invacare Invacare HomeFills (REA-HF2POSTD)","<p>The post valve cylinder will accommodate any CGA870 compatible regulator and conserver, and is for use with the Homefill oxygen compressor.</p>","Invacare","Invacare HomeFills","Invacare HomeFills","invacare, appliance, wholesale-normalized, shopify-ready",TRUE,Title,Default Title,"REA-HF2POSTD",1500,shopify,25,deny,manual,371.99,404.39,TRUE,TRUE,,"https://dphpia7d6qb4m.cloudfront.net/images/in-hf2postd_t.jpg",1,"Invacare Invacare HomeFills (REA-HF2POSTD)",185.50,active
"graham-field-gf-jb0112-164-gf-jb0112-164","Graham-Field Nebulizers - Pediatric (GF-JB0112-164)","<p>Graham-Field pediatric nebulizer (SKU GF-JB0112-164) designed to make aerosol treatments easier for children, often with a kid-friendly design to help ease anxiety during treatment.</p>","Graham-Field","Nebulizers - Pediatric","Nebulizers - Pediatric","graham-field, medical, wholesale-normalized, shopify-ready",TRUE,Title,Default Title,"GF-JB0112-164",1500,shopify,25,deny,manual,64.99,73.03,TRUE,TRUE,,"https://dphpia7d6qb4m.cloudfront.net/images/gf-jb0112-164_t.jpg",1,"Graham-Field Nebulizers - Pediatric (GF-JB0112-164)",33.50,active
"drive-devilbiss-dr-100n-dr-100n","Drive DeVilbiss CPAP Masks and Accessories (DR-100N)","<p>Soft silicon cushion, comfortable forehead plate with silicon pad, and a 360° rotational elbow, which are designed to increase comfort, compliance, and mask stabilityAdjustable headgear, easy to assemble cushions, and a lightweight streamlined design help to ensure proper fit and minimal leak during sleep</p>","Drive DeVilbiss","CPAP Masks and Accessories","CPAP Masks and Accessories","drive devilbiss, medical, wholesale-normalized, shopify-ready",TRUE,Title,Default Title,"DR-100N",1500,shopify,25,deny,manual,87.99,98.10,TRUE,TRUE,,"https://dphpia7d6qb4m.cloudfront.net/images/dr-100n_01_t.jpg",1,"Drive DeVilbiss CPAP Masks and Accessories (DR-100N)",45.00,active
"movair-ibc-ibc-wm29652-ibc-wm29652","Movair (IBC) Ventilators & Accessories (IBC-WM29652)","<p>Genuine Movair (IBC) ventilator accessory (SKU IBC-WM29652), designed to keep your ventilator system running safely and reliably. As with all ventilator components, please confirm compatibility with your specific ventilator model before ordering.</p>","Movair (IBC)","Ventilators & Accessories","Ventilators & Accessories","movair (ibc), appliance, wholesale-normalized, shopify-ready",TRUE,Title,Default Title,"IBC-WM29652",1500,shopify,25,deny,manual,124.99,136.25,TRUE,TRUE,,"https://dphpia7d6qb4m.cloudfront.net/images/luisa_resized_02_2022/ibc-wm29652_01_t.png",1,"Movair (IBC) Ventilators & Accessories (IBC-WM29652)",62.50,active
"dynarex-dy-4671-dy-4671","Dynarex Suction - Accessories (DY-4671)","<p>The disposable durable plastic canister system is ideal collecting and retaining aspirated materials.</p>","Dynarex","Suction - Accessories","Suction - Accessories","dynarex, appliance, wholesale-normalized, shopify-ready",TRUE,Title,Default Title,"DY-4671",1500,shopify,25,deny,manual,221.99,241.44,TRUE,TRUE,,"https://dphpia7d6qb4m.cloudfront.net/images/dy-4671_t.jpg",1,"Dynarex Suction - Accessories (DY-4671)",110.75,active
"roscoe-medical-ros-tub-ros25-ros-tub-ros25","Roscoe Medical Oxygen Tubing (ROS-TUB-ROS25)","<p>Roscoe's Oxygen Supply Tubing provides patients with high-quality performance and maximum safety. It is latex-free and available in clear or a distinctive green tint color for greater visual contrast and improved safety.</p>","Roscoe Medical","Oxygen Tubing","Oxygen Tubing","roscoe medical, medical, wholesale-normalized, shopify-ready",TRUE,Title,Default Title,"ROS-TUB-ROS25",1500,shopify,25,deny,manual,51.99,58.86,TRUE,TRUE,,"https://dphpia7d6qb4m.cloudfront.net/images/tub-ros25_01_t.png",1,"Roscoe Medical Oxygen Tubing (ROS-TUB-ROS25)",27.00,active
"crane-cr-ee-5301gr-cr-ee-5301gr","Crane Humidifiers (CR-EE-5301GR)","<p>Crane humidifier bottle/accessory (SKU CR-EE-5301GR) that adds moisture to oxygen flow, helping reduce nasal dryness and irritation during oxygen therapy.</p>","Crane","Humidifiers","Humidifiers","crane, appliance, wholesale-normalized, shopify-ready",TRUE,Title,Default Title,"CR-EE-5301GR",1500,shopify,25,deny,manual,103.99,113.36,TRUE,TRUE,,"https://dphpia7d6qb4m.cloudfront.net/images/cr-ee-5301gr_01_t.png",1,"Crane Humidifiers (CR-EE-5301GR)",52.00,active
"airlife-westmed-sl-0480-sl-0480","AirLife (Westmed) Bubble Humidifiers (SL-0480)","<p>• 6 PSI Pop-off valve• 90-degree elbow removes torque</p>","AirLife (Westmed)","Bubble Humidifiers","Bubble Humidifiers","airlife (westmed), appliance, wholesale-normalized, shopify-ready",TRUE,Title,Default Title,"SL-0480",1500,shopify,25,deny,manual,139.99,152.60,TRUE,TRUE,,"https://dphpia7d6qb4m.cloudfront.net/images/0480_01_t.png",1,"AirLife (Westmed) Bubble Humidifiers (SL-0480)",70.00,active
"drive-devilbiss-dv-7305d-612-dv-7305d-612","Drive DeVilbiss Suction Tubing (DV-7305D-612)","<p>Replacement tubing for DeVilbiss suction pump.</p>","Drive DeVilbiss","Suction Tubing","Suction Tubing","drive devilbiss, appliance, wholesale-normalized, shopify-ready",TRUE,Title,Default Title,"DV-7305D-612",1500,shopify,25,deny,manual,11.99,14.72,TRUE,TRUE,,"https://dphpia7d6qb4m.cloudfront.net/images/7305d-612_01_t.png",1,"Drive DeVilbiss Suction Tubing (DV-7305D-612)",6.75,active
"movair-ibc-ibc-lmt31414-ibc-lmt31414","Movair (IBC) Ventilators & Accessories (IBC-LMT31414)","<p>Genuine Movair (IBC) ventilator accessory (SKU IBC-LMT31414), designed to keep your ventilator system running safely and reliably. As with all ventilator components, please confirm compatibility with your specific ventilator model before ordering.</p>","Movair (IBC)","Ventilators & Accessories","Ventilators & Accessories","movair (ibc), appliance, wholesale-normalized, shopify-ready",TRUE,Title,Default Title,"IBC-LMT31414",1500,shopify,25,deny,manual,77.99,87.20,TRUE,TRUE,,"https://dphpia7d6qb4m.cloudfront.net/images/luisa_resized_02_2022/ibc-lmt31414_01_t.png",1,"Movair (IBC) Ventilators & Accessories (IBC-LMT31414)",40.00,active
"movair-ibc-ibc-lmt31355-ibc-lmt31355","Movair (IBC) Ventilators & Accessories (IBC-LMT31355)","<p>Genuine Movair (IBC) ventilator accessory (SKU IBC-LMT31355), designed to keep your ventilator system running safely and reliably. As with all ventilator components, please confirm compatibility with your specific ventilator model before ordering.</p>","Movair (IBC)","Ventilators & Accessories","Ventilators & Accessories","movair (ibc), appliance, wholesale-normalized, shopify-ready",TRUE,Title,Default Title,"IBC-LMT31355",1500,shopify,25,deny,manual,778.99,838.21,TRUE,TRUE,,"https://dphpia7d6qb4m.cloudfront.net/images/luisa_resized_02_2022/ibc-lmt31355_01_t.png",1,"Movair (IBC) Ventilators & Accessories (IBC-LMT31355)",384.50,active
"roscoe-medical-ros-rmi-04h-ros-rmi-04h","Roscoe Medical Regulators (ROS-RMI-04H)","<p>Roscoe H Regulator 0-4 lpm, cga-540</p>","Roscoe Medical","Regulators","Regulators","roscoe medical, medical, wholesale-normalized, shopify-ready",TRUE,Title,Default Title,"ROS-RMI-04H",1500,shopify,25,deny,manual,42.99,48.72,TRUE,TRUE,,"https://dphpia7d6qb4m.cloudfront.net/images/ros-rmi-04h_t.jpg",1,"Roscoe Medical Regulators (ROS-RMI-04H)",22.35,active
"hudson-rci-hd-1076-hd-1076","Hudson RCI Respiratory Masks (HD-1076)","<p>Hudson RCI respiratory mask (SKU HD-1076) designed for a secure, comfortable seal during nebulizer or oxygen therapy, with soft cushioning to help reduce skin irritation during regular use.</p>","Hudson RCI","Respiratory Masks","Respiratory Masks","hudson rci, medical, wholesale-normalized, shopify-ready",TRUE,Title,Default Title,"HD-1076",1500,shopify,25,deny,manual,143.99,156.96,TRUE,TRUE,,"https://dphpia7d6qb4m.cloudfront.net/images/1076_01_t.png",1,"Hudson RCI Respiratory Masks (HD-1076)",72.00,active
"cardinal-health-cov-8888501015-cov-8888501015","Cardinal Health Suction Parts & Accessories (COV-8888501015)","<p>Flexible Yankauer, w/ sump tip, regular capacity, no vent, 18 Fr/Ch (6.0 mm) x 25 cm.</p>","Cardinal Health","Suction Parts & Accessories","Suction Parts & Accessories","cardinal health, appliance, wholesale-normalized, shopify-ready",TRUE,Title,Default Title,"COV-8888501015",1500,shopify,25,deny,manual,149.99,163.39,TRUE,TRUE,,"https://dphpia7d6qb4m.cloudfront.net/images/8888501015_01_t.png",1,"Cardinal Health Suction Parts & Accessories (COV-8888501015)",74.95,active
"movair-ibc-ibc-lmt29755-ibc-lmt29755","Movair (IBC) Ventilators & Accessories (IBC-LMT29755)","<p>Genuine Movair (IBC) ventilator accessory (SKU IBC-LMT29755), designed to keep your ventilator system running safely and reliably. As with all ventilator components, please confirm compatibility with your specific ventilator model before ordering.</p>","Movair (IBC)","Ventilators & Accessories","Ventilators & Accessories","movair (ibc), appliance, wholesale-normalized, shopify-ready",TRUE,Title,Default Title,"IBC-LMT29755",1500,shopify,25,deny,manual,698.99,752.10,TRUE,TRUE,,"https://dphpia7d6qb4m.cloudfront.net/images/luisa_resized_02_2022/ibc-lmt29755_01_t.png",1,"Movair (IBC) Ventilators & Accessories (IBC-LMT29755)",345.00,active
"medline-hd-rhud59u-hd-rhud59u","Medline Respiratory Disposables (HD-RHUD59U)","<p>Medline respiratory disposable (SKU HD-RHUD59U), a single-use item designed for hygienic, one-time use during respiratory therapy or treatment.</p>","Medline","Respiratory Disposables","Respiratory Disposables","medline, medical, wholesale-normalized, shopify-ready",TRUE,Title,Default Title,"HD-RHUD59U",1500,shopify,25,deny,manual,239.99,261.06,TRUE,TRUE,,"https://dphpia7d6qb4m.cloudfront.net/images/rhud59u_01_t.png",1,"Medline Respiratory Disposables (HD-RHUD59U)",119.75,active
"salter-labs-sl-1249c-0-50-sl-1249c-0-50","Salter Labs Cylinder Wrenches (SL-1249C-0-50)","<p>Salter Labs cylinder wrench (SKU SL-1249C-0-50) used to open and close the valve on post-valve oxygen cylinders.</p>","Salter Labs","Cylinder Wrenches","Cylinder Wrenches","salter labs, appliance, wholesale-normalized, shopify-ready",TRUE,Title,Default Title,"SL-1249C-0-50",1500,shopify,25,deny,manual,86.99,97.12,TRUE,TRUE,,"https://dphpia7d6qb4m.cloudfront.net/images/1249c-0-50_01_t.png",1,"Salter Labs Cylinder Wrenches (SL-1249C-0-50)",44.55,active
"movair-ibc-ibc-lmt29754-ibc-lmt29754","Movair (IBC) Ventilators & Accessories (IBC-LMT29754)","<p>Genuine Movair (IBC) ventilator accessory (SKU IBC-LMT29754), designed to keep your ventilator system running safely and reliably. As with all ventilator components, please confirm compatibility with your specific ventilator model before ordering.</p>","Movair (IBC)","Ventilators & Accessories","Ventilators & Accessories","movair (ibc), appliance, wholesale-normalized, shopify-ready",TRUE,Title,Default Title,"IBC-LMT29754",1500,shopify,25,deny,manual,698.99,752.10,TRUE,TRUE,,"https://dphpia7d6qb4m.cloudfront.net/images/luisa_resized_02_2022/ibc-lmt29754_01_t.png",1,"Movair (IBC) Ventilators & Accessories (IBC-LMT29754)",345.00,active
"pyramid-industries-py-35-py-35","Pyramid Industries Cylinder Bags (PY-35)","<p>Pyramid Industries oxygen cylinder carrying bag (SKU PY-35) designed to transport a portable oxygen cylinder safely and comfortably.</p>","Pyramid Industries","Cylinder Bags","Cylinder Bags","pyramid industries, appliance, wholesale-normalized, shopify-ready",TRUE,Title,Default Title,"PY-35",1500,shopify,25,deny,manual,22.99,26.38,TRUE,TRUE,,"https://dphpia7d6qb4m.cloudfront.net/images/py-35_t.jpg",1,"Pyramid Industries Cylinder Bags (PY-35)",12.10,active
"drive-devilbiss-dr-sucp-tubing-72-dr-sucp-tubing-72","Drive DeVilbiss Suction Parts & Accessories (DR-SUCP TUBING 72)","<p>Genuine Drive DeVilbiss replacement part for portable and stationary suction machines (SKU DR-SUCP TUBING 72), designed to keep your suction unit working reliably. Please confirm compatibility with your specific suction machine model before ordering.</p>","Drive DeVilbiss","Suction Parts & Accessories","Suction Parts & Accessories","drive devilbiss, appliance, wholesale-normalized, shopify-ready",TRUE,Title,Default Title,"DR-SUCP TUBING 72",1500,shopify,25,deny,manual,7.99,9.70,TRUE,TRUE,,"https://dphpia7d6qb4m.cloudfront.net/images/sucp%20tubing%2072_01_t.png",1,"Drive DeVilbiss Suction Parts & Accessories (DR-SUCP TUBING 72)",4.45,active
"rhythm-healthcare-ls-p2cb-1-ls-p2cb-1","Rhythm Healthcare Carry Bags & Backpacks (LS-P2CB-1)","<p>Rhythm Healthcare carry bag (SKU LS-P2CB-1) designed to transport a portable oxygen concentrator or medical device safely and comfortably, with room for accessories like extra batteries and cannulas.</p>","Rhythm Healthcare","Carry Bags & Backpacks","Carry Bags & Backpacks","rhythm healthcare, appliance, wholesale-normalized, shopify-ready",TRUE,Title,Default Title,"LS-P2CB-1",1500,shopify,25,deny,manual,182.99,199.14,TRUE,TRUE,,"https://dphpia7d6qb4m.cloudfront.net/images/p2cb-1_01_t.png",1,"Rhythm Healthcare Carry Bags & Backpacks (LS-P2CB-1)",91.35,active
"compass-health-ros-ilb-ros-ros-ilb-ros","Compass Health Filters (ROS-ILB-ROS)","<p>The replacement Bacteria Filter prevents fluids and other contaminants from entering and damaging your suction pump. It is designed for use with #ROS-COMP, #7305D, and #CF608, but it is also compatible with multiple suction machines. To best protect your suction machine from contamination, purchase your replacement Bacteria Filter.</p>","Compass Health","Filters","Filters","compass health, appliance, wholesale-normalized, shopify-ready",TRUE,Title,Default Title,"ROS-ILB-ROS",1500,shopify,25,deny,manual,8.99,10.90,TRUE,TRUE,,"https://dphpia7d6qb4m.cloudfront.net/images/ilb-ros_01_t.png",1,"Compass Health Filters (ROS-ILB-ROS)",5.00,active
"invacare-in-hf2pc9p-in-hf2pc9p","Invacare Invacare HomeFills (IN-HF2PC9P)","<p>The M9, ML4, and ML6 Cylinder fits the Invacare HomeFill Oxygen System and can provide an oxygen supply for active HomeFill System users. Oxygen duration can vary depending on the user's oxygen needs. Typically, a setting of 2 LPM can provide 125 min., 55 min., or 75 min. of oxygen.</p>","Invacare","Invacare HomeFills","Invacare HomeFills","invacare, appliance, wholesale-normalized, shopify-ready",TRUE,Title,Default Title,"IN-HF2PC9P",1500,shopify,25,deny,manual,87.99,98.10,TRUE,TRUE,,"https://www.lakecourt.com/respiratory/images/no-image.png",1,"Invacare Invacare HomeFills (IN-HF2PC9P)",45.00,active
"hudson-rci-hd-1740-hd-1740","Hudson RCI Aerosol Drainage Bags (HD-1740)","<p>Genuine Hudson RCI Aerosol Drainage Bags (SKU HD-1740), a replacement part or accessory for compatible Hudson RCI equipment. Please contact us to confirm fitment for your specific model before ordering.</p>","Hudson RCI","Aerosol Drainage Bags","Aerosol Drainage Bags","hudson rci, appliance, wholesale-normalized, shopify-ready",TRUE,Title,Default Title,"HD-1740",1500,shopify,25,deny,manual,160.99,175.49,TRUE,TRUE,,"https://dphpia7d6qb4m.cloudfront.net/images/hud1740_01_t.png",1,"Hudson RCI Aerosol Drainage Bags (HD-1740)",80.50,active
"inogen-ino-ca-350-ino-ca-350","Inogen Carry Bags & Backpacks (INO-CA-350)","<p>Inogen carry bag (SKU INO-CA-350) designed to transport a portable oxygen concentrator or medical device safely and comfortably, with room for accessories like extra batteries and cannulas.</p>","Inogen","Carry Bags & Backpacks","Carry Bags & Backpacks","inogen, medical, wholesale-normalized, shopify-ready",TRUE,Title,Default Title,"INO-CA-350",1500,shopify,25,deny,manual,179.99,196.20,TRUE,TRUE,,"https://dphpia7d6qb4m.cloudfront.net/images/ino-ca-350_t.jpg",1,"Inogen Carry Bags & Backpacks (INO-CA-350)",90.00,active
"rhythm-healthcare-ls-p2e6pfcr-ls-p2e6pfcr","Rhythm Healthcare Concentrator Parts (LS-P2E6PFCR)","<p>Genuine Rhythm Healthcare replacement part for oxygen concentrators (SKU LS-P2E6PFCR), designed to restore original performance when a component wears out. Please confirm this part matches your concentrator's exact model before ordering.</p>","Rhythm Healthcare","Concentrator Parts","Concentrator Parts","rhythm healthcare, medical, wholesale-normalized, shopify-ready",TRUE,Title,Default Title,"LS-P2E6PFCR",1500,shopify,25,deny,manual,12.99,15.59,TRUE,TRUE,,"https://dphpia7d6qb4m.cloudfront.net/images/p2e6pfcr_01_t.png",1,"Rhythm Healthcare Concentrator Parts (LS-P2E6PFCR)",7.15,active
"drive-devilbiss-dr-cpaptub6tl-dr-cpaptub6tl","Drive DeVilbiss CPAP Masks and Accessories (DR-CPAPTUB6TL)","<p>Premier 6’, trim (15mm diameter) CPAP tubing</p>","Drive DeVilbiss","CPAP Masks and Accessories","CPAP Masks and Accessories","drive devilbiss, medical, wholesale-normalized, shopify-ready",TRUE,Title,Default Title,"DR-CPAPTUB6TL",1500,shopify,25,deny,manual,80.99,90.47,TRUE,TRUE,,"https://dphpia7d6qb4m.cloudfront.net/images/dr-cpaptub6tl_t.jpg",1,"Drive DeVilbiss CPAP Masks and Accessories (DR-CPAPTUB6TL)",41.50,active
"movair-ibc-ibc-lmt31569-ibc-lmt31569","Movair (IBC) Ventilators & Accessories (IBC-LMT31569)","<p>Genuine Movair (IBC) ventilator accessory (SKU IBC-LMT31569), designed to keep your ventilator system running safely and reliably. As with all ventilator components, please confirm compatibility with your specific ventilator model before ordering.</p>","Movair (IBC)","Ventilators & Accessories","Ventilators & Accessories","movair (ibc), appliance, wholesale-normalized, shopify-ready",TRUE,Title,Default Title,"IBC-LMT31569",1500,shopify,25,deny,manual,204.99,223.45,TRUE,TRUE,,"https://www.lakecourt.com/respiratory/images/no-image.png",1,"Movair (IBC) Ventilators & Accessories (IBC-LMT31569)",102.50,active
"drive-devilbiss-dr-alo100-dr-alo100","Drive DeVilbiss CPAP Masks and Accessories (DR-ALO100)","<p>Drive DeVilbiss CPAP mask/accessory (SKU DR-ALO100) designed to help maintain a comfortable, reliable seal during CPAP or BiPAP therapy. Please confirm compatibility with your specific machine and mask size before ordering.</p>","Drive DeVilbiss","CPAP Masks and Accessories","CPAP Masks and Accessories","drive devilbiss, medical, wholesale-normalized, shopify-ready",TRUE,Title,Default Title,"DR-ALO100",1500,shopify,25,deny,manual,111.99,122.06,TRUE,TRUE,,"https://dphpia7d6qb4m.cloudfront.net/images/dr-alo100_01_t.jpg",1,"Drive DeVilbiss CPAP Masks and Accessories (DR-ALO100)",55.99,active
"inogen-ino-ba-303-ino-ba-303","Inogen Chargers & Power Supplies (INO-BA-303)","<p>The Inogen One G3 External Battery Charger will charge your Inogen One G3 single and double batteries.</p>","Inogen","Chargers & Power Supplies","Chargers & Power Supplies","inogen, medical, wholesale-normalized, shopify-ready",TRUE,Title,Default Title,"INO-BA-303",1500,shopify,25,deny,manual,501.99,540.64,TRUE,TRUE,,"https://dphpia7d6qb4m.cloudfront.net/images/ino-ba-303_01_t.png",1,"Inogen Chargers & Power Supplies (INO-BA-303)",248.00,active
"precision-medical-inc-pm-pm65-pm-pm65","Precision Medical Inc. Portable Suction Machines (PM-PM65)","<p>The EasyGoVac battery-powered aspirator combines ease of use with powerful suction to create a portable unit that is ideal for hospitals, nursing homes, ambulances, and homecare. EasyGoVac produces vacuum up to 483 mmHg and provides dependable continuous suction power to remove respiratory fluids. The high-performance battery delivers 2 hours of runtime, more than any aspirator of comparable size. The low battery light lets users know when the unit needs to be recharged. The EasyGoVac is simple to clean and the closed design guards against bacterial growth. Safety features and safeguards in the pump prevent overflow and possible contamination.</p>","Precision Medical Inc.","Portable Suction Machines","Portable Suction Machines","precision medical inc., medical, wholesale-normalized, shopify-ready",TRUE,Title,Default Title,"PM-PM65",1500,shopify,25,deny,manual,787.99,847.80,TRUE,TRUE,,"https://dphpia7d6qb4m.cloudfront.net/images/pm65_01_t.png",1,"Precision Medical Inc. Portable Suction Machines (PM-PM65)",388.90,active
"roscoe-medical-ros-asp-ros-ros-asp-ros","Roscoe Medical Stationary Suction Machines (ROS-ASP-ROS)","<p>Roscoe Medical stationary suction machine (SKU ROS-ASP-ROS) for reliable airway clearance in home or clinical settings, with adjustable vacuum levels for patient comfort and safety.</p>","Roscoe Medical","Stationary Suction Machines","Stationary Suction Machines","roscoe medical, medical, wholesale-normalized, shopify-ready",TRUE,Title,Default Title,"ROS-ASP-ROS",1500,shopify,25,deny,manual,361.99,394.47,TRUE,TRUE,,"https://dphpia7d6qb4m.cloudfront.net/images/asp-ros_01_t.png",1,"Roscoe Medical Stationary Suction Machines (ROS-ASP-ROS)",180.95,active
"invacare-in-hf2postbagp-in-hf2postbagp","Invacare Invacare HomeFills (IN-HF2POSTBAGP)","<p>The M9 Post Valve Cylinder Bag holds Invacare HomeFill M9 cylinders and allows users to conveniently carry their cylinder using the comfortable shoulder strap or handle.The ML6 Post Valve Cylinder Bag holds Invacare HomeFill ML6 cylinders and is designed to allow users to conveniently carry their cylinder using the comfortable shoulder strap or handle.</p>","Invacare","Invacare HomeFills","Invacare HomeFills","invacare, appliance, wholesale-normalized, shopify-ready",TRUE,Title,Default Title,"IN-HF2POSTBAGP",1500,shopify,25,deny,manual,87.99,98.10,TRUE,TRUE,,"https://www.lakecourt.com/respiratory/images/no-image.png",1,"Invacare Invacare HomeFills (IN-HF2POSTBAGP)",45.00,active
"movair-ibc-ibc-lmt31404-ibc-lmt31404","Movair (IBC) Ventilators & Accessories (IBC-LMT31404)","<p>Genuine Movair (IBC) ventilator accessory (SKU IBC-LMT31404), designed to keep your ventilator system running safely and reliably. As with all ventilator components, please confirm compatibility with your specific ventilator model before ordering.</p>","Movair (IBC)","Ventilators & Accessories","Ventilators & Accessories","movair (ibc), appliance, wholesale-normalized, shopify-ready",TRUE,Title,Default Title,"IBC-LMT31404",1500,shopify,25,deny,manual,136.99,149.33,TRUE,TRUE,,"https://cdn.shopify.com/s/files/1/merchflow-studio/movair-ibc-ibc-lmt31404-ibc-lmt31404-1024x1024.png",1,"Movair (IBC) Ventilators & Accessories (IBC-LMT31404)",68.50,active
"sequal-sq-6900-seq-ew-sq-6900-seq-ew","Sequal Portable O2 Concentrators (SQ-6900-SEQ-EW)","<p>Sequal portable oxygen concentrator (SKU SQ-6900-SEQ-EW) designed to deliver supplemental oxygen therapy on the go, for use at home, while traveling, or during daily activities.</p>","Sequal","Portable O2 Concentrators","Portable O2 Concentrators","sequal, medical, wholesale-normalized, shopify-ready",TRUE,Title,Default Title,"SQ-6900-SEQ-EW",1500,shopify,25,deny,manual,4423.99,4757.85,TRUE,TRUE,,"https://dphpia7d6qb4m.cloudfront.net/images/sq-6900-seq-ew_t.jpg",1,"Sequal Portable O2 Concentrators (SQ-6900-SEQ-EW)",2182.50,active
"medline-m-non026370-m-non026370","Medline Patient Oxygen Kits (M-NON026370)","<p>Medline patient oxygen kit (SKU M-NON026370) bundling the tubing, connectors, and accessories needed to set up a complete oxygen delivery system.</p>","Medline","Patient Oxygen Kits","Patient Oxygen Kits","medline, medical, wholesale-normalized, shopify-ready",TRUE,Title,Default Title,"M-NON026370",1500,shopify,25,deny,manual,185.99,202.96,TRUE,TRUE,,"https://dphpia7d6qb4m.cloudfront.net/images/m-non026370_01_t.png",1,"Medline Patient Oxygen Kits (M-NON026370)",93.10,active
"roscoe-medical-ros-hum-ros6-ros-hum-ros6","Roscoe Medical Respiratory Disposables (ROS-HUM-ROS6)","<p>Roscoe Empty Humidifier Jar 6psi</p>","Roscoe Medical","Respiratory Disposables","Respiratory Disposables","roscoe medical, medical, wholesale-normalized, shopify-ready",TRUE,Title,Default Title,"ROS-HUM-ROS6",1500,shopify,25,deny,manual,160.99,175.27,TRUE,TRUE,,"https://dphpia7d6qb4m.cloudfront.net/images/ros-hum-ros6_t.jpg",1,"Roscoe Medical Respiratory Disposables (ROS-HUM-ROS6)",80.40,active
"hudson-rci-hd-1870-hd-1870","Hudson RCI Cannulas (HD-1870)","<p>Hudson RCI nasal cannula (SKU HD-1870) for delivering supplemental oxygen comfortably during everyday use, with soft, lightweight tubing designed for extended wear and compatible with standard oxygen concentrators and cylinders.</p>","Hudson RCI","Cannulas","Cannulas","hudson rci, appliance, wholesale-normalized, shopify-ready",TRUE,Title,Default Title,"HD-1870",1500,shopify,25,deny,manual,65.99,73.47,TRUE,TRUE,,"https://dphpia7d6qb4m.cloudfront.net/images/1870_01_t.png",1,"Hudson RCI Cannulas (HD-1870)",33.70,active
"invacare-in-hf2postp-in-hf2postp","Invacare Invacare HomeFills (IN-HF2POSTP)","<p>The ML9 Cylinder fits the Invacare HomeFill Oxygen System and is designed to provide an oxygen supply for active HomeFill System users. Oxygen duration can vary depending on the user's oxygen needs. Typically, a setting of 2 LPM can provide approximately 2 hours of oxygen.The ML6 Cylinder fits the Invacare HomeFill Oxygen System and is designed to provide an oxygen supply for active HomeFill System users. Oxygen duration can vary depending on the user's oxygen needs. Typically, a setting of 2 LPM can provide 75 min. of oxygen.</p>","Invacare","Invacare HomeFills","Invacare HomeFills","invacare, appliance, wholesale-normalized, shopify-ready",TRUE,Title,Default Title,"IN-HF2POSTP",1500,shopify,25,deny,manual,87.99,98.10,TRUE,TRUE,,"https://www.lakecourt.com/respiratory/images/no-image.png",1,"Invacare Invacare HomeFills (IN-HF2POSTP)",45.00,active
"rhythm-healthcare-ls-p2-s4-ls-p2-s4","Rhythm Healthcare Portable O2 Concentrators (LS-P2-S4)","<p>The Rhythm P2-S4 Portable Oxygen Concentrator is a compact, lightweight oxygen therapy device designed to support daily respiratory needs with reliable pulse-dose oxygen delivery. Ideal for active individuals, the P2-S4 features multiple adjustable settings, quiet operation, and a user-friendly interface, making it easy to use at home or on the go. Its rechargeable battery and FAA approval allow for extended mobility and travel flexibility, helping users maintain independence without the burden of traditional oxygen tanks.NOTE: 5-year warranty applies to units purchased on or after January 1, 2026. Prior purchases remain subject to original warranty terms.</p>","Rhythm Healthcare","Portable O2 Concentrators","Portable O2 Concentrators","rhythm healthcare, medical, wholesale-normalized, shopify-ready",TRUE,Title,Default Title,"LS-P2-S4",1500,shopify,25,deny,manual,2153.99,2316.25,TRUE,TRUE,,"https://dphpia7d6qb4m.cloudfront.net/images/p2-s4_01_t.png",1,"Rhythm Healthcare Portable O2 Concentrators (LS-P2-S4)",1062.50,active
"drive-devilbiss-dv-6910d-dr-dv-6910d-dr","Drive DeVilbiss Nebulizers - Portable and Ultrasonic (DV-6910D-DR)","<p>DeVilbiss Traveler Portable Compresser Nebulizer System - No battery</p>","Drive DeVilbiss","Nebulizers - Portable and Ultrasonic","Nebulizers - Portable and Ultrasonic","drive devilbiss, medical, wholesale-normalized, shopify-ready",TRUE,Title,Default Title,"DV-6910D-DR",1500,shopify,25,deny,manual,111.99,121.75,TRUE,TRUE,,"https://dphpia7d6qb4m.cloudfront.net/images/dv-6910d-dr_01_t.png",1,"Drive DeVilbiss Nebulizers - Portable and Ultrasonic (DV-6910D-DR)",55.85,active
"movair-ibc-ibc-lmt31490-ibc-lmt31490","Movair (IBC) Ventilators & Accessories (IBC-LMT31490)","<p>Genuine Movair (IBC) ventilator accessory (SKU IBC-LMT31490), designed to keep your ventilator system running safely and reliably. As with all ventilator components, please confirm compatibility with your specific ventilator model before ordering.</p>","Movair (IBC)","Ventilators & Accessories","Ventilators & Accessories","movair (ibc), appliance, wholesale-normalized, shopify-ready",TRUE,Title,Default Title,"IBC-LMT31490",1500,shopify,25,deny,manual,861.99,927.59,TRUE,TRUE,,"https://www.lakecourt.com/respiratory/images/no-image.png",1,"Movair (IBC) Ventilators & Accessories (IBC-LMT31490)",425.50,active
"movair-ibc-ibc-lmt31359-ibc-lmt31359","Movair (IBC) Ventilators & Accessories (IBC-LMT31359)","<p>Genuine Movair (IBC) ventilator accessory (SKU IBC-LMT31359), designed to keep your ventilator system running safely and reliably. As with all ventilator components, please confirm compatibility with your specific ventilator model before ordering.</p>","Movair (IBC)","Ventilators & Accessories","Ventilators & Accessories","movair (ibc), appliance, wholesale-normalized, shopify-ready",TRUE,Title,Default Title,"IBC-LMT31359",1500,shopify,25,deny,manual,132.99,144.97,TRUE,TRUE,,"https://dphpia7d6qb4m.cloudfront.net/images/luisa_resized_02_2022/ibc-lmt31359_01_t.png",1,"Movair (IBC) Ventilators & Accessories (IBC-LMT31359)",66.50,active
"sequal-sq-6900ln-ew-sq-6900ln-ew","Sequal Portable O2 Concentrators (SQ-6900LN-EW)","<p>Stock levels for this kitted item does not appear on this web page. . Please reference your order confirmation or contact our Customer Service at 800-860-8130 or CS@Lakecourt.com for stock levels of this item.</p>","Sequal","Portable O2 Concentrators","Portable O2 Concentrators","sequal, medical, wholesale-normalized, shopify-ready",TRUE,Title,Default Title,"SQ-6900LN-EW",1500,shopify,25,deny,manual,4752.99,5111.56,TRUE,TRUE,,"https://www.lakecourt.com/respiratory/images/no-image.png",1,"Sequal Portable O2 Concentrators (SQ-6900LN-EW)",2344.75,active
"drive-devilbiss-dr-18031-dr-18031","Drive DeVilbiss Nebulizers - Parts, Filters, Etc. (DR-18031)","<p>Universal Nebulizer Shoulder Carry Bag</p>","Drive DeVilbiss","Nebulizers - Parts, Filters, Etc.","Nebulizers - Parts, Filters, Etc.","drive devilbiss, medical, wholesale-normalized, shopify-ready",TRUE,Title,Default Title,"DR-18031",1500,shopify,25,deny,manual,10.99,13.06,TRUE,TRUE,,"https://dphpia7d6qb4m.cloudfront.net/images/dr-18031_01_t.jpg",1,"Drive DeVilbiss Nebulizers - Parts, Filters, Etc. (DR-18031)",5.99,active
"hudson-rci-hd-rhud39u-hd-rhud39u","Hudson RCI Respiratory Disposables (HD-RHUD39U)","<p>Hudson RCI respiratory disposable (SKU HD-RHUD39U), a single-use item designed for hygienic, one-time use during respiratory therapy or treatment.</p>","Hudson RCI","Respiratory Disposables","Respiratory Disposables","hudson rci, medical, wholesale-normalized, shopify-ready",TRUE,Title,Default Title,"HD-RHUD39U",1500,shopify,25,deny,manual,239.99,261.06,TRUE,TRUE,,"https://dphpia7d6qb4m.cloudfront.net/images/rhud39u_01_t.png",1,"Hudson RCI Respiratory Disposables (HD-RHUD39U)",119.75,active
"abm-respiratory-care-abm-bc21092-abm-bc21092","ABM Respiratory Care Respiratory Parts (ABM-BC21092)","<p>COUGH ASSIST, BREATHING CIRCUIT KIT, INCLUDES MOUTHPIECE, CORRUGATED 22MM TUBE, STD ADAPTORS. STD BACTERIA/ VIRAL FILTER</p>","ABM Respiratory Care","Respiratroy Parts","Respiratory Parts","abm respiratory care, medical, wholesale-normalized, shopify-ready",TRUE,Title,Default Title,"ABM-BC21092",1500,shopify,25,deny,manual,18.99,21.78,TRUE,TRUE,,"https://dphpia7d6qb4m.cloudfront.net/images/abm-bc21092_01_t.png",1,"ABM Respiratory Care Respiratory Parts (ABM-BC21092)",9.99,active
"drive-devilbiss-dr-soft-207-p-dr-soft-207-p","Drive DeVilbiss Cannulas (DR-SOFT 207 P)","<p>Drive DeVilbiss nasal cannula (SKU DR-SOFT 207 P) for delivering supplemental oxygen comfortably during everyday use, with soft, lightweight tubing designed for extended wear and compatible with standard oxygen concentrators and cylinders.</p>","Drive DeVilbiss","Cannulas","Cannulas","drive devilbiss, appliance, wholesale-normalized, shopify-ready",TRUE,Title,Default Title,"DR-SOFT 207 P",1500,shopify,25,deny,manual,69.99,78.15,TRUE,TRUE,,"https://dphpia7d6qb4m.cloudfront.net/images/soft%20207%20p_01_t.png",1,"Drive DeVilbiss Cannulas (DR-SOFT 207 P)",35.85,active
"pyramid-industries-py-26n-py-26n","Pyramid Industries Cylinders and Accessories (PY-26N)","<p>Converts to either backpack or shoulder bag. Adjustable waist belt and ergonomic comfort backpack straps. Cylinder pouch with generous padding and stabilizing strap. Large accessory pocket. Designed for superior ventilation and safety.</p>","Pyramid Industries","Cylinders and Accessories","Cylinders and Accessories","pyramid industries, appliance, wholesale-normalized, shopify-ready",TRUE,Title,Default Title,"PY-26N",1500,shopify,25,deny,manual,33.99,37.93,TRUE,TRUE,,"https://dphpia7d6qb4m.cloudfront.net/images/py-26n_t.jpg",1,"Pyramid Industries Cylinders and Accessories (PY-26N)",17.40,active
"hudson-rci-hd-1085-hd-1085","Hudson RCI Respiratory Masks (HD-1085)","<p>Hudson RCI respiratory mask (SKU HD-1085) designed for a secure, comfortable seal during nebulizer or oxygen therapy, with soft cushioning to help reduce skin irritation during regular use.</p>","Hudson RCI","Respiratory Masks","Respiratory Masks","hudson rci, medical, wholesale-normalized, shopify-ready",TRUE,Title,Default Title,"HD-1085",1500,shopify,25,deny,manual,91.99,100.83,TRUE,TRUE,,"https://dphpia7d6qb4m.cloudfront.net/images/hud1085_01_t.png",1,"Hudson RCI Respiratory Masks (HD-1085)",46.25,active
"airsep-corporation-as-as2-as-as2","AirSep Corporation Concentrators - Portables (AS-AS2)","<p>Genuine AirSep Corporation Concentrators - Portables (SKU AS-AS2), a replacement part or accessory for compatible AirSep Corporation equipment. Please contact us to confirm fitment for your specific model before ordering.</p>","AirSep Corporation","Concentrators - Portables","Concentrators - Portables","airsep corporation, medical, wholesale-normalized, shopify-ready",TRUE,Title,Default Title,"AS-AS2",1500,shopify,25,deny,manual,87.99,98.10,TRUE,TRUE,,"https://dphpia7d6qb4m.cloudfront.net/images/as-as2_t.jpg",1,"AirSep Corporation Concentrators - Portables (AS-AS2)",45.00,active
"dynarex-dy-35004-dy-35004","Dynarex Tracheostomy Sup (DY-35004)","<p>Dynarex Resp-O2 Tracheostomy Care Kits are designed to provide caregivers with the essential items they need to safely clean and care for tracheostomy tubes. These sterile, single-use kits are disposable for optimal hygiene and safety and are compact, portable, and easy to store. Contents are conveniently packed in the order of use to save you time and provide maximum efficiency. These premium kits are constructed from high-grade materials for safe, dependable use you can rely on to care for your patients.</p>","Dynarex","Tracheostomy Sup","Tracheostomy Sup","dynarex, appliance, wholesale-normalized, shopify-ready",TRUE,Title,Default Title,"DY-35004",1500,shopify,25,deny,manual,94.99,104.31,TRUE,TRUE,,"https://dphpia7d6qb4m.cloudfront.net/images/35004_01_t.png",1,"Dynarex Tracheostomy Sup (DY-35004)",47.85,active
"cardinal-health-cov-8888301515-cov-8888301515","Cardinal Health Suction Parts & Accessories (COV-8888301515)","<p>Genuine Cardinal Health replacement part for portable and stationary suction machines (SKU COV-8888301515), designed to keep your suction unit working reliably. Please confirm compatibility with your specific suction machine model before ordering.</p>","Cardinal Health","Suction Parts & Accessories","Suction Parts & Accessories","cardinal health, appliance, wholesale-normalized, shopify-ready",TRUE,Title,Default Title,"COV-8888301515",1500,shopify,25,deny,manual,94.99,103.66,TRUE,TRUE,,"https://dphpia7d6qb4m.cloudfront.net/images/8888301515_01_t.png",1,"Cardinal Health Suction Parts & Accessories (COV-8888301515)",47.55,active
"hudson-rci-hd-1424-hd-1424","Hudson RCI Oxygen Tubing Connectors (HD-1424)","<p>Hudson RCI oxygen tubing connector (SKU HD-1424) used to join sections of oxygen tubing or connect tubing to a flowmeter, humidifier bottle, or regulator outlet.</p>","Hudson RCI","Oxygen Tubing Connectors","Oxygen Tubing Connectors","hudson rci, medical, wholesale-normalized, shopify-ready",TRUE,Title,Default Title,"HD-1424",1500,shopify,25,deny,manual,61.99,69.76,TRUE,TRUE,,"https://dphpia7d6qb4m.cloudfront.net/images/1424_01_t.png",1,"Hudson RCI Oxygen Tubing Connectors (HD-1424)",32.00,active
"beaumont-products-be-635871165-12pk-be-635871165-12pk","Beaumont Products CPAP Masks and Accessories (BE-635871165-12PK)","<p>Beaumont Products CPAP mask/accessory (SKU BE-635871165-12PK) designed to help maintain a comfortable, reliable seal during CPAP or BiPAP therapy. Please confirm compatibility with your specific machine and mask size before ordering.</p>","Beaumont Products","CPAP Masks and Accessories","CPAP Masks and Accessories","beaumont products, medical, wholesale-normalized, shopify-ready",TRUE,Title,Default Title,"BE-635871165-12PK",1500,shopify,25,deny,manual,153.99,167.86,TRUE,TRUE,,"https://dphpia7d6qb4m.cloudfront.net/images/be-635871165-12pk_t.jpg",1,"Beaumont Products CPAP Masks and Accessories (BE-635871165-12PK)",77.00,active
"rhythm-healthcare-ls-p2-e7-ls-p2-e7","Rhythm Healthcare Portable O2 Concentrators (LS-P2-E7)","<p>Engineered for ease of use, the P2-E7 features adjustable pulse settings and an intuitive LCD display that lets users easily monitor oxygen delivery, battery life, and operating status. The concentrator's lightweight construction and quiet operation make it ideal for individuals with COPD, emphysema, or other chronic respiratory conditions who want to maintain an active lifestyle. This portable oxygen concentrator supports both AC and DC power options with its rechargeable battery. With FAA approval for use on commercial flights (in compliance with airline requirements), the P2-E7 helps you stay mobile and independent without the burden of heavy oxygen tanks.NOTE: 5-year warranty applies to units purchased on or after January 1, 2026. Prior purchases remain subject to original warranty terms.</p>","Rhythm Healthcare","Portable O2 Concentrators","Portable O2 Concentrators","rhythm healthcare, medical, wholesale-normalized, shopify-ready",TRUE,Title,Default Title,"LS-P2-E7",1500,shopify,25,deny,manual,2533.99,2725.00,TRUE,TRUE,,"https://dphpia7d6qb4m.cloudfront.net/images/p2-e7_01_t.png",1,"Rhythm Healthcare Portable O2 Concentrators (LS-P2-E7)",1250.00,active
"drive-devilbiss-dr-neb-kit-700-dr-neb-kit-700","Drive DeVilbiss Nebulizers - Parts, Filters, Etc. (DR-NEB KIT 700)","<p>Includes medication cup, t-adapter, mouthpiece and reservoir tube</p>","Drive DeVilbiss","Nebulizers - Parts, Filters, Etc.","Nebulizers - Parts, Filters, Etc.","drive devilbiss, medical, wholesale-normalized, shopify-ready",TRUE,Title,Default Title,"DR-NEB KIT 700",1500,shopify,25,deny,manual,138.99,151.29,TRUE,TRUE,,"https://dphpia7d6qb4m.cloudfront.net/images/dr-neb%20kit%20700_01_t.jpg",1,"Drive DeVilbiss Nebulizers - Parts, Filters, Etc. (DR-NEB KIT 700)",69.40,active
"roscoe-medical-ros-can-pedros-ros-can-pedros","Roscoe Medical Cannulas (ROS-CAN-PEDROS)","<p>The Roscoe Pediatric Nasal Cannulas are a comfortable, economical and latex-free option for effective oxygen therapy. They are made of extra-soft material, allowing them to fit comfortably over the ears, and come equipped with 7' supply tubing.</p>","Roscoe Medical","Cannulas","Cannulas","roscoe medical, medical, wholesale-normalized, shopify-ready",TRUE,Title,Default Title,"ROS-CAN-PEDROS",1500,shopify,25,deny,manual,99.99,109.00,TRUE,TRUE,,"https://dphpia7d6qb4m.cloudfront.net/images/can-pedros_01_t.png",1,"Roscoe Medical Cannulas (ROS-CAN-PEDROS)",50.00,active
"salter-labs-sl-8924-7-50-sl-8924-7-50","Salter Labs Nebulizer Kits (SL-8924-7-50)","<p>• Pneumatically powered nebulizer used to deliver aerosolized medication via an aerosol mask• Disposable single-patient multiple-use medical device</p>","Salter Labs","Nebulizer Kits","Nebulizer Kits","salter labs, medical, wholesale-normalized, shopify-ready",TRUE,Title,Default Title,"SL-8924-7-50",1500,shopify,25,deny,manual,134.99,147.80,TRUE,TRUE,,"https://dphpia7d6qb4m.cloudfront.net/images/8924-7-50_01_t.png",1,"Salter Labs Nebulizer Kits (SL-8924-7-50)",67.80,active
"drive-devilbiss-dr-18600-filter-dr-18600-filter","Drive DeVilbiss Filters (DR-18600-FILTER)","<p>Replacement hydrophobic filter compatible with most suction machines and tubing on the market.</p>","Drive DeVilbiss","Filters","Filters","drive devilbiss, appliance, wholesale-normalized, shopify-ready",TRUE,Title,Default Title,"DR-18600-FILTER",1500,shopify,25,deny,manual,13.99,16.24,TRUE,TRUE,,"https://dphpia7d6qb4m.cloudfront.net/images/18600-filter_01_t.png",1,"Drive DeVilbiss Filters (DR-18600-FILTER)",7.45,active
"drive-devilbiss-dv-pv5ld-651-dv-pv5ld-651","Drive DeVilbiss Oxygen Filters (DV-PV5LD-651)","<p>Drive final bacteria filter for Drive 5L O2 Concentrator (#525DS).</p>","Drive DeVilbiss","Oxygen Filters","Oxygen Filters","drive devilbiss, medical, wholesale-normalized, shopify-ready",TRUE,Title,Default Title,"DV-PV5LD-651",1500,shopify,25,deny,manual,20.99,24.63,TRUE,TRUE,,"https://www.lakecourt.com/respiratory/images/no-image.png",1,"Drive DeVilbiss Oxygen Filters (DV-PV5LD-651)",11.30,active
"drive-devilbiss-dr-o-224-dr-o-224","Drive DeVilbiss Disposable Oxygen Conserver (DR-O-224)","<p>Drive DeVilbiss disposable oxygen conserving device (SKU DR-O-224) that regulates pulse-dose oxygen delivery from a cylinder, helping extend cylinder life between refills or replacements.</p>","Drive DeVilbiss","Disposable Oxygen Conserver","Disposable Oxygen Conserver","drive devilbiss, medical, wholesale-normalized, shopify-ready",TRUE,Title,Default Title,"DR-O-224",1500,shopify,25,deny,manual,239.99,261.58,TRUE,TRUE,,"https://dphpia7d6qb4m.cloudfront.net/images/o-224_01_t.png",1,"Drive DeVilbiss Disposable Oxygen Conserver (DR-O-224)",119.99,active
"philips-respironics-re-1082662-re-1082662","Philips Respironics POC Batteries (RE-1082662)","<p>Respironics SimplyGo Lithium Ion Battery are lightweight and compact. When inserted in the machine are easily accessible and can be quickly changed by oxygen users on the go. Just slip out the old battery and slip in a new one to extend the time on the go with the SimplyGo.</p>","Philips Respironics","POC Batteries","POC Batteries","philips respironics, appliance, wholesale-normalized, shopify-ready",TRUE,Title,Default Title,"RE-1082662",1500,shopify,25,deny,manual,456.99,497.04,TRUE,TRUE,,"https://dphpia7d6qb4m.cloudfront.net/images/re-1082662_t.jpg",1,"Philips Respironics POC Batteries (RE-1082662)",228.00,active
"drive-devilbiss-dv-dl1050-dv-dl1050","Drive DeVilbiss Respiratory Masks (DV-DL1050)","<p>This child-friendly mask features a swivel connector for aerosol treatment in almost every position.</p>","Drive DeVilbiss","Respiratory Masks","Respiratory Masks","drive devilbiss, medical, wholesale-normalized, shopify-ready",TRUE,Title,Default Title,"DV-DL1050",1500,shopify,25,deny,manual,156.99,170.69,TRUE,TRUE,,"https://dphpia7d6qb4m.cloudfront.net/images/dl1050_01_t.png",1,"Drive DeVilbiss Respiratory Masks (DV-DL1050)",78.30,active
"hudson-rci-hd-1570-hd-1570","Hudson RCI Heat Moisture Exchangers (HD-1570)","<p>Genuine Hudson RCI Heat Moisture Exchangers (SKU HD-1570), a replacement part or accessory for compatible Hudson RCI equipment. Please contact us to confirm fitment for your specific model before ordering.</p>","Hudson RCI","Heat Moisture Exchangers","Heat Moisture Exchangers","hudson rci, appliance, wholesale-normalized, shopify-ready",TRUE,Title,Default Title,"HD-1570",1500,shopify,25,deny,manual,150.99,164.59,TRUE,TRUE,,"https://dphpia7d6qb4m.cloudfront.net/images/1570_01_t.png",1,"Hudson RCI Heat Moisture Exchangers (HD-1570)",75.50,active
"dynarex-dy-35009-dy-35009","Dynarex Tracheostomy Supplies (DY-35009)","<p>Dynarex Resp-O2 Tracheostomy Care Kits are designed to provide caregivers with the essential items they need to safely clean and care for tracheostomy tubes. These sterile, single-use kits are disposable for optimal hygiene and safety and are compact, portable, and easy to store. Contents are conveniently packed in the order of use to save you time and provide maximum efficiency. These premium kits are constructed from high-grade materials for safe, dependable use you can rely on to care for your patients.</p>","Dynarex","Tracheostomy Supplies","Tracheostomy Supplies","dynarex, appliance, wholesale-normalized, shopify-ready",TRUE,Title,Default Title,"DY-35009",1500,shopify,25,deny,manual,112.99,123.82,TRUE,TRUE,,"https://dphpia7d6qb4m.cloudfront.net/images/35009_01_t.png",1,"Dynarex Tracheostomy Supplies (DY-35009)",56.80,active
"drive-devilbiss-dv-7325d-d-exf-dv-7325d-d-exf","Drive DeVilbiss Stationary Suction Machines (DV-7325D-D-EXF)","<p>Drive DeVilbiss stationary suction machine (SKU DV-7325D-D-EXF) for reliable airway clearance in home or clinical settings, with adjustable vacuum levels for patient comfort and safety.</p>","Drive DeVilbiss","Stationary Suction Machines","Stationary Suction Machines","drive devilbiss, appliance, wholesale-normalized, shopify-ready",TRUE,Title,Default Title,"DV-7325D-D-EXF",1500,shopify,25,deny,manual,425.99,463.25,TRUE,TRUE,,"https://dphpia7d6qb4m.cloudfront.net/images/7325d-d-exf_01_t.png",1,"Drive DeVilbiss Stationary Suction Machines (DV-7325D-D-EXF)",212.50,active
"drive-devilbiss-dr-18091-be-dr-18091-be","Drive DeVilbiss Nebulizers - Pediatric (DR-18091-BE)","<p>Beagle nebulizer with reusable and disposable neb Kit</p>","Drive DeVilbiss","Nebulizers - Pediatric","Nebulizers - Pediatric","drive devilbiss, medical, wholesale-normalized, shopify-ready",TRUE,Title,Default Title,"DR-18091-BE",1500,shopify,25,deny,manual,79.99,89.38,TRUE,TRUE,,"https://www.lakecourt.com/respiratory/images/no-image.png",1,"Drive DeVilbiss Nebulizers - Pediatric (DR-18091-BE)",41.00,active
"drive-devilbiss-medquip-mq-mq6006-mq-mq6006","Drive DeVilbiss (Medquip) Nebulizers - Pediatric (MQ-MQ6006)","<p>Includes Pediatric Compressor, Nebulizer Cup, Tubing, Pediatric Mask, Mouthpiece, 5 Filters.</p>","Drive DeVilbiss (Medquip)","Nebulizers - Pediatric","Nebulizers - Pediatric","drive devilbiss (medquip), medical, wholesale-normalized, shopify-ready",TRUE,Title,Default Title,"MQ-MQ6006",1500,shopify,25,deny,manual,44.99,50.14,TRUE,TRUE,,"https://dphpia7d6qb4m.cloudfront.net/images/dr-mq6002r_t.jpg",1,"Drive DeVilbiss (Medquip) Nebulizers - Pediatric (MQ-MQ6006)",23.00,active
"drive-devilbiss-medquip-mq-mq5700b-mq-mq5700b","Drive DeVilbiss (Medquip) Nebulizers - Standard (MQ-MQ5700B)","<p>Drive DeVilbiss (Medquip) nebulizer / nebulizer part (SKU MQ-MQ5700B) that supports delivery of aerosolized medication for respiratory treatment at home.</p>","Drive DeVilbiss (Medquip)","Nebulizers - Standard","Nebulizers - Standard","drive devilbiss (medquip), medical, wholesale-normalized, shopify-ready",TRUE,Title,Default Title,"MQ-MQ5700B",1500,shopify,25,deny,manual,59.99,66.93,TRUE,TRUE,,"https://dphpia7d6qb4m.cloudfront.net/images/mq-mq5700b_t.jpg",1,"Drive DeVilbiss (Medquip) Nebulizers - Standard (MQ-MQ5700B)",30.70,active
"roscoe-medical-ros-cif-evrflo-ros-cif-evrflo","Roscoe Medical Oxygen Filters (ROS-CIF-EVRFLO)","<p>Roscoe Medical replacement oxygen filter (SKU ROS-CIF-EVRFLO) that helps keep incoming air clean and protects your concentrator's internal components. Regular filter changes are one of the simplest ways to extend the life of an oxygen concentrator and maintain output quality.</p>","Roscoe Medical","Oxygen Filters","Oxygen Filters","roscoe medical, medical, wholesale-normalized, shopify-ready",TRUE,Title,Default Title,"ROS-CIF-EVRFLO",1500,shopify,25,deny,manual,10.99,12.86,TRUE,TRUE,,"https://dphpia7d6qb4m.cloudfront.net/images/ros-cif-evrflo_t.jpg",1,"Roscoe Medical Oxygen Filters (ROS-CIF-EVRFLO)",5.90,active
"drive-devilbiss-dr-18707-dr-18707","Drive DeVilbiss Oximizer (DR-18707)","<p>Pediatric fingertip pulse oximeter.</p>","Drive DeVilbiss","Oximizer","Oximizer","drive devilbiss, appliance, wholesale-normalized, shopify-ready",TRUE,Title,Default Title,"DR-18707",1500,shopify,25,deny,manual,82.99,92.28,TRUE,TRUE,,"https://dphpia7d6qb4m.cloudfront.net/images/dr-18707_01_t.png",1,"Drive DeVilbiss Oximizer (DR-18707)",42.33,active
"roscoe-medical-ros-cpf-f19-ros-cpf-f19","Roscoe Medical CPAP Filters (ROS-CPF-F19)","<p>Disposable Ultra Fine CPAP Filter</p>","Roscoe Medical","CPAP Filters","CPAP Filters","roscoe medical, medical, wholesale-normalized, shopify-ready",TRUE,Title,Default Title,"ROS-CPF-F19",1500,shopify,25,deny,manual,2.99,4.36,TRUE,TRUE,,"https://dphpia7d6qb4m.cloudfront.net/images/ros-cpf-f19_t.jpg",1,"Roscoe Medical CPAP Filters (ROS-CPF-F19)",2.00,active
"crane-cr-ee-0865-cr-ee-0865","Crane Humidifiers (CR-EE-0865)","<p>Crane humidifier bottle/accessory (SKU CR-EE-0865) that adds moisture to oxygen flow, helping reduce nasal dryness and irritation during oxygen therapy.</p>","Crane","Humidifiers","Humidifiers","crane, appliance, wholesale-normalized, shopify-ready",TRUE,Title,Default Title,"CR-EE-0865",1500,shopify,25,deny,manual,107.99,117.72,TRUE,TRUE,,"https://dphpia7d6qb4m.cloudfront.net/images/cr-ee-0865_01_t.png",1,"Crane Humidifiers (CR-EE-0865)",54.00,active
"drive-devilbiss-dv-125d-xb-dv-125d-xb","Drive DeVilbiss Portable O2 Concentrators (DV-125D-XB)","<p>iGO2 Portable Oxygen Concentrator (POC) with extra battery pack</p>","Drive DeVilbiss","Portable O2 Concentrators","Portable O2 Concentrators","drive devilbiss, medical, wholesale-normalized, shopify-ready",TRUE,Title,Default Title,"DV-125D-XB",1500,shopify,25,deny,manual,3209.99,3452.36,TRUE,TRUE,,"https://dphpia7d6qb4m.cloudfront.net/images/dv-125d-xb_01_t.png",1,"Drive DeVilbiss Portable O2 Concentrators (DV-125D-XB)",1583.65,active
"inogen-ino-rp-301-ino-rp-301","Inogen Oxygen Filters (INO-RP-301)","<p>These replacement filters are ONLY compatible with Inogen One G3 systems with a FLOW SETTING range between 1-5. If your replacement filters are found on the top two of the four vents, this option is for you.</p>","Inogen","Oxygen Filters","Oxygen Filters","inogen, medical, wholesale-normalized, shopify-ready",TRUE,Title,Default Title,"INO-RP-301",1500,shopify,25,deny,manual,35.99,40.33,TRUE,TRUE,,"https://dphpia7d6qb4m.cloudfront.net/images/ino-rp-301_t.jpg",1,"Inogen Oxygen Filters (INO-RP-301)",18.50,active
"medline-m-hcs4525-m-hcs4525","Medline Oxygen Tubing (M-HCS4525)","<p>Medline oxygen supply tubing (SKU M-HCS4525), kink-resistant tubing that connects an oxygen source to a cannula or mask for reliable delivery, for use with concentrators, cylinders, or liquid oxygen systems.</p>","Medline","Oxygen Tubing","Oxygen Tubing","medline, medical, wholesale-normalized, shopify-ready",TRUE,Title,Default Title,"M-HCS4525",1500,shopify,25,deny,manual,38.99,43.58,TRUE,TRUE,,"https://dphpia7d6qb4m.cloudfront.net/images/hcs4525_01_t.png",1,"Medline Oxygen Tubing (M-HCS4525)",19.99,active
"precision-medical-inc-pm-168704dl-pm-168704dl","Precision Medical Inc. Regulators (PM-168704DL)","<p>The Easy Dial Reg is only 4-1/4"" long and weights a mere 7.8 oz. as a result of the offset gauge and new multi-spring technology.</p>","Precision Medical Inc.","Regulators","Regulators","precision medical inc., medical, wholesale-normalized, shopify-ready",TRUE,Title,Default Title,"PM-168704DL",1500,shopify,25,deny,manual,215.99,235.44,TRUE,TRUE,,"https://dphpia7d6qb4m.cloudfront.net/images/pm-168704dl_t.jpg",1,"Precision Medical Inc. Regulators (PM-168704DL)",108.00,active
"abm-respiratory-care-abm-bk285-abm-bk285","ABM Respiratory Care Respiratory Parts (ABM-BK285)","<p>Genuine ABM Respiratory Care replacement part for respiratory equipment (SKU ABM-BK285). Please confirm compatibility with your specific device model before ordering.</p>","ABM Respiratory Care","Respiratory Parts","Respiratory Parts","abm respiratory care, medical, wholesale-normalized, shopify-ready",TRUE,Title,Default Title,"ABM-BK285",1500,shopify,25,deny,manual,299.99,327.00,TRUE,TRUE,,"https://dphpia7d6qb4m.cloudfront.net/images/abm-bk285_01_t.png",1,"ABM Respiratory Care Respiratory Parts (ABM-BK285)",150.00,active
"movair-ibc-ibc-wm30669-ibc-wm30669","Movair (IBC) Ventilators & Accessories (IBC-WM30669)","<p>Genuine Movair (IBC) ventilator accessory (SKU IBC-WM30669), designed to keep your ventilator system running safely and reliably. As with all ventilator components, please confirm compatibility with your specific ventilator model before ordering.</p>","Movair (IBC)","Ventilators & Accessories","Ventilators & Accessories","movair (ibc), appliance, wholesale-normalized, shopify-ready",TRUE,Title,Default Title,"IBC-WM30669",1500,shopify,25,deny,manual,30.99,34.88,TRUE,TRUE,,"https://dphpia7d6qb4m.cloudfront.net/images/luisa_resized_02_2022/ibc-wm30669_01_t.png",1,"Movair (IBC) Ventilators & Accessories (IBC-WM30669)",16.00,active
"roscoe-medical-ros-tub-ros7-ros-tub-ros7","Roscoe Medical Oxygen Tubing (ROS-TUB-ROS7)","<p>Roscoe's Oxygen Supply Tubing provides patients with high-quality performance and maximum safety. It is latex-free and available in clear or a distinctive green tint color for greater visual contrast and improved safety.</p>","Roscoe Medical","Oxygen Tubing","Oxygen Tubing","roscoe medical, medical, wholesale-normalized, shopify-ready",TRUE,Title,Default Title,"ROS-TUB-ROS7",1500,shopify,25,deny,manual,36.99,42.18,TRUE,TRUE,,"https://dphpia7d6qb4m.cloudfront.net/images/tub-ros7_01_t.png",1,"Roscoe Medical Oxygen Tubing (ROS-TUB-ROS7)",19.35,active
"precision-medical-inc-pm-pm63-pm-pm63","Precision Medical Inc. Stationary Suction Machines (PM-PM63)","<p>The Precision Medical PowerVac+ Aspirator is designed for continuous and intermittent use. This powerful and durable suction pump combines the performance expected in a hospital with the ease of operation needed for homecare use. It features a 0-200 mmHg adjustable vacuum regulator gauge and delivers maximum vacuum of up to 250 mmHg. The PowerVac+ is a simple-to-use stationary aspirator with a durable design to withstand the rigors of hospital and homecare use. It features a hospital grade vacuum regulator, an inline hydrophobic filter to prevent contamination, self-lubricated oil-less bearings, and includes a collection canister with overflow protection.</p>","Precision Medical Inc.","Stationary Suction Machines","Stationary Suction Machines","precision medical inc., medical, wholesale-normalized, shopify-ready",TRUE,Title,Default Title,"PM-PM63",1500,shopify,25,deny,manual,2096.99,2255.21,TRUE,TRUE,,"https://dphpia7d6qb4m.cloudfront.net/images/pm63_01_t.png",1,"Precision Medical Inc. Stationary Suction Machines (PM-PM63)",1034.50,active
"drive-devilbiss-dr-18091-fs-dr-18091-fs","Drive DeVilbiss Nebulizers - Pediatric (DR-18091-FS)","<p>Fish nebulizer with reusable and disposable neb kit.</p>","Drive DeVilbiss","Nebulizers - Pediatric","Nebulizers - Pediatric","drive devilbiss, medical, wholesale-normalized, shopify-ready",TRUE,Title,Default Title,"DR-18091-FS",1500,shopify,25,deny,manual,79.99,89.38,TRUE,TRUE,,"https://dphpia7d6qb4m.cloudfront.net/images/dr-18090-fs_01_t.jpg",1,"Drive DeVilbiss Nebulizers - Pediatric (DR-18091-FS)",41.00,active
"rhythm-healthcare-ls-s3by001s-ls-s3by001s","Rhythm Healthcare POC Batteries (LS-S3BY001S)","<p>Rhythm Healthcare replacement battery (SKU LS-S3BY001S) for compatible portable oxygen concentrators, extending time away from an AC or DC power source. Please confirm compatibility with your specific concentrator model before ordering.</p>","Rhythm Healthcare","POC Batteries","POC Batteries","rhythm healthcare, appliance, wholesale-normalized, shopify-ready",TRUE,Title,Default Title,"LS-S3BY001S",1500,shopify,25,deny,manual,256.99,279.59,TRUE,TRUE,,"https://dphpia7d6qb4m.cloudfront.net/images/s3by001s_01_t.png",1,"Rhythm Healthcare POC Batteries (LS-S3BY001S)",128.25,active
"rhythm-healthcare-ls-s3by001d-ls-s3by001d","Rhythm Healthcare POC Batteries (LS-S3BY001D)","<p>Rhythm Healthcare replacement battery (SKU LS-S3BY001D) for compatible portable oxygen concentrators, extending time away from an AC or DC power source. Please confirm compatibility with your specific concentrator model before ordering.</p>","Rhythm Healthcare","POC Batteries","POC Batteries","rhythm healthcare, appliance, wholesale-normalized, shopify-ready",TRUE,Title,Default Title,"LS-S3BY001D",1500,shopify,25,deny,manual,302.99,330.27,TRUE,TRUE,,"https://dphpia7d6qb4m.cloudfront.net/images/s3by001d_01_t.png",1,"Rhythm Healthcare POC Batteries (LS-S3BY001D)",151.50,active
"movair-ibc-ibc-lmt31368-ibc-lmt31368","Movair (IBC) Ventilators & Accessories (IBC-LMT31368)","<p>Genuine Movair (IBC) ventilator accessory (SKU IBC-LMT31368), designed to keep your ventilator system running safely and reliably. As with all ventilator components, please confirm compatibility with your specific ventilator model before ordering.</p>","Movair (IBC)","Ventilators & Accessories","Ventilators & Accessories","movair (ibc), appliance, wholesale-normalized, shopify-ready",TRUE,Title,Default Title,"IBC-LMT31368",1500,shopify,25,deny,manual,339.99,370.60,TRUE,TRUE,,"https://dphpia7d6qb4m.cloudfront.net/images/luisa_resized_02_2022/ibc-lmt31368_01_t.png",1,"Movair (IBC) Ventilators & Accessories (IBC-LMT31368)",170.00,active
"dynarex-dy-32104-dy-32104","Dynarex Suction Parts & Accessories (DY-32104)","<p>Dynarex Resp-O2™ Suction Connecting Tubing is designed to provide secure connections to both portable and in-wall suction sources. This non-conductive Tubing features female connectors on both ends and includes an optional male (straw) adapter for additional attachments.</p>","Dynarex","Suction Parts & Accessories","Suction Parts & Accessories","dynarex, appliance, wholesale-normalized, shopify-ready",TRUE,Title,Default Title,"DY-32104",1500,shopify,25,deny,manual,82.99,92.65,TRUE,TRUE,,"https://dphpia7d6qb4m.cloudfront.net/images/32104_01_t.png",1,"Dynarex Suction Parts & Accessories (DY-32104)",42.50,active
"hudson-rci-hd-1109-hd-1109","Hudson RCI Cannulas (HD-1109)","<p>Hudson RCI nasal cannula (SKU HD-1109) for delivering supplemental oxygen comfortably during everyday use, with soft, lightweight tubing designed for extended wear and compatible with standard oxygen concentrators and cylinders.</p>","Hudson RCI","Cannulas","Cannulas","hudson rci, appliance, wholesale-normalized, shopify-ready",TRUE,Title,Default Title,"HD-1109",1500,shopify,25,deny,manual,38.99,43.58,TRUE,TRUE,,"https://dphpia7d6qb4m.cloudfront.net/images/hud1109_01_t.png",1,"Hudson RCI Cannulas (HD-1109)",19.99,active
"roscoe-medical-ros-31-ros-31","Roscoe Medical Cylinders and Accessories (ROS-31)","<p>Shoulder Bag for D Cylinders</p>","Roscoe Medical","Cylinders and Accessories","Cylinders and Accessories","roscoe medical, medical, wholesale-normalized, shopify-ready",TRUE,Title,Default Title,"ROS-31",1500,shopify,25,deny,manual,22.99,26.81,TRUE,TRUE,,"https://dphpia7d6qb4m.cloudfront.net/images/ros-31_t.jpg",1,"Roscoe Medical Cylinders and Accessories (ROS-31)",12.30,active
"drive-devilbiss-medquip-mq-mq6003-mq-mq6003","Drive DeVilbiss (Medquip) Nebulizers - Pediatric (MQ-MQ6003)","<p>Drive DeVilbiss (Medquip) pediatric nebulizer (SKU MQ-MQ6003) designed to make aerosol treatments easier for children, often with a kid-friendly design to help ease anxiety during treatment.</p>","Drive DeVilbiss (Medquip)","Nebulizers - Pediatric","Nebulizers - Pediatric","drive devilbiss (medquip), medical, wholesale-normalized, shopify-ready",TRUE,Title,Default Title,"MQ-MQ6003",1500,shopify,25,deny,manual,65.99,74.12,TRUE,TRUE,,"https://dphpia7d6qb4m.cloudfront.net/images/mq-mq6003_t.jpg",1,"Drive DeVilbiss (Medquip) Nebulizers - Pediatric (MQ-MQ6003)",34.00,active
"invacare-in-hf2pc9bagp-in-hf2pc9bagp","Invacare Invacare HomeFills (IN-HF2PC9BAGP)","<p>The M9, ML4, and ML6 Cylinder Bags holds Invacare HomeFill M9, ML4, and ML6 cylinders and allows users to conveniently carry their cylinder using the comfortable shoulder strap or handle.</p>","Invacare","Invacare HomeFills","Invacare HomeFills","invacare, appliance, wholesale-normalized, shopify-ready",TRUE,Title,Default Title,"IN-HF2PC9BAGP",1500,shopify,25,deny,manual,87.99,98.10,TRUE,TRUE,,"https://dphpia7d6qb4m.cloudfront.net/images/in-hf2pc9bagp_01_t.jpg",1,"Invacare Invacare HomeFills (IN-HF2PC9BAGP)",45.00,active
"cardinal-health-cov-49000-cov-49000","Cardinal Health Tracheostomy Supplies (COV-49000)","<p>Genuine Cardinal Health Tracheostomy Supplies (SKU COV-49000), a replacement part or accessory for compatible Cardinal Health equipment. Please contact us to confirm fitment for your specific model before ordering.</p>","Cardinal Health","Tracheostomy Supplies","Tracheostomy Supplies","cardinal health, appliance, wholesale-normalized, shopify-ready",TRUE,Title,Default Title,"COV-49000",1500,shopify,25,deny,manual,274.99,299.31,TRUE,TRUE,,"https://dphpia7d6qb4m.cloudfront.net/images/49000_01_t.png",1,"Cardinal Health Tracheostomy Supplies (COV-49000)",137.30,active
"movair-ibc-ibc-lmt31371-ibc-lmt31371","Movair (IBC) Ventilators & Accessories (IBC-LMT31371)","<p>Genuine Movair (IBC) ventilator accessory (SKU IBC-LMT31371), designed to keep your ventilator system running safely and reliably. As with all ventilator components, please confirm compatibility with your specific ventilator model before ordering.</p>","Movair (IBC)","Ventilators & Accessories","Ventilators & Accessories","movair (ibc), appliance, wholesale-normalized, shopify-ready",TRUE,Title,Default Title,"IBC-LMT31371",1500,shopify,25,deny,manual,210.99,229.99,TRUE,TRUE,,"https://dphpia7d6qb4m.cloudfront.net/images/luisa_resized_02_2022/ibc-lmt31371_01_t.png",1,"Movair (IBC) Ventilators & Accessories (IBC-LMT31371)",105.50,active
"dynarex-dy-35006-dy-35006","Dynarex Tracheostomy Supplies (DY-35006)","<p>Dynarex Resp-O2 Tracheostomy Care Kits are designed to provide caregivers with the essential items they need to safely clean and care for tracheostomy tubes. These sterile, single-use kits are disposable for optimal hygiene and safety and are compact, portable, and easy to store. Contents are conveniently packed in the order of use to save you time and provide maximum efficiency. These premium kits are constructed from high-grade materials for safe, dependable use you can rely on to care for your patients.</p>","Dynarex","Tracheostomy Supplies","Tracheostomy Supplies","dynarex, appliance, wholesale-normalized, shopify-ready",TRUE,Title,Default Title,"DY-35006",1500,shopify,25,deny,manual,124.99,136.90,TRUE,TRUE,,"https://dphpia7d6qb4m.cloudfront.net/images/35006_01_t.png",1,"Dynarex Tracheostomy Supplies (DY-35006)",62.80,active
"pyramid-industries-py-44n-py-44n","Pyramid Industries Cylinder Bags (PY-44N)","<p>Pyramid Industries oxygen cylinder carrying bag (SKU PY-44N) designed to transport a portable oxygen cylinder safely and comfortably.</p>","Pyramid Industries","Cylinder Bags","Cylinder Bags","pyramid industries, appliance, wholesale-normalized, shopify-ready",TRUE,Title,Default Title,"PY-44N",1500,shopify,25,deny,manual,39.99,44.69,TRUE,TRUE,,"https://www.lakecourt.com/respiratory/images/no-image.png",1,"Pyramid Industries Cylinder Bags (PY-44N)",20.50,active
"invacare-rea-ioh270-rea-ioh270","Invacare Invacare HomeFills (REA-IOH270)","<p>Genuine Invacare Invacare HomeFills (SKU REA-IOH270), a replacement part or accessory for compatible Invacare equipment. Please contact us to confirm fitment for your specific model before ordering.</p>","Invacare","Invacare HomeFills","Invacare HomeFills","invacare, appliance, wholesale-normalized, shopify-ready",TRUE,Title,Default Title,"REA-IOH270",1500,shopify,25,deny,manual,114.99,125.35,TRUE,TRUE,,"https://dphpia7d6qb4m.cloudfront.net/images/in-ioh270_t.jpg",1,"Invacare Invacare HomeFills (REA-IOH270)",57.50,active
"roscoe-medical-ros-cpf-f31pk1-ros-cpf-f31pk1","Roscoe Medical Respiratory Disposables (ROS-CPF-F31PK1)","<p>Reusable Remstar M-Series Foam Filter</p>","Roscoe Medical","Respiratory Disposables","Respiratory Disposables","roscoe medical, medical, wholesale-normalized, shopify-ready",TRUE,Title,Default Title,"ROS-CPF-F31PK1",1500,shopify,25,deny,manual,0.99,2.18,TRUE,TRUE,,"https://dphpia7d6qb4m.cloudfront.net/images/ros-cpf-f31pk1_t.jpg",1,"Roscoe Medical Respiratory Disposables (ROS-CPF-F31PK1)",1.00,active
"roscoe-medical-ros-cpf-s8pk2-ros-cpf-s8pk2","Roscoe Medical CPAP Masks and Accessories (ROS-CPF-S8PK2)","<p>For use with the ResMed S8 series Vantage, Elite, Escape, Compact and Tango. 2/PK.</p>","Roscoe Medical","CPAP Masks and Accessories","CPAP Masks and Accessories","roscoe medical, medical, wholesale-normalized, shopify-ready",TRUE,Title,Default Title,"ROS-CPF-S8PK2",1500,shopify,25,deny,manual,1.99,3.27,TRUE,TRUE,,"https://dphpia7d6qb4m.cloudfront.net/images/ros-cpf-s8pk2_t.jpg",1,"Roscoe Medical CPAP Masks and Accessories (ROS-CPF-S8PK2)",1.50,active
"o2-concepts-o2-800-1004-o2-800-1004","O2 Concepts Chargers & Power Supplies (O2-800-1004)","<p>O2 Concepts Single Bay Desktop Battery Charger takes 3.5 hours to fully charge one Oxlife Independence spare battery. Plug this charger into the wall and dock one spare battery.</p>","O2 Concepts","Chargers & Power Supplies","Chargers & Power Supplies","o2 concepts, appliance, wholesale-normalized, shopify-ready",TRUE,Title,Default Title,"O2-800-1004",1500,shopify,25,deny,manual,675.99,727.03,TRUE,TRUE,,"https://dphpia7d6qb4m.cloudfront.net/images/o2-800-1004_t.jpg",1,"O2 Concepts Chargers & Power Supplies (O2-800-1004)",333.50,active
"hudson-rci-hd-1981-hd-1981","Hudson RCI Oxygen Tubing (HD-1981)","<p>Hudson RCI oxygen supply tubing (SKU HD-1981), kink-resistant tubing that connects an oxygen source to a cannula or mask for reliable delivery, for use with concentrators, cylinders, or liquid oxygen systems.</p>","Hudson RCI","Oxygen Tubing","Oxygen Tubing","hudson rci, medical, wholesale-normalized, shopify-ready",TRUE,Title,Default Title,"HD-1981",1500,shopify,25,deny,manual,72.99,81.75,TRUE,TRUE,,"https://dphpia7d6qb4m.cloudfront.net/images/hud1981_01_t.png",1,"Hudson RCI Oxygen Tubing (HD-1981)",37.50,active
"graham-field-gf-jb0112-062-gf-jb0112-062","Graham-Field Nebulizers - Pediatric (GF-JB0112-062)","<p>Graham-Field pediatric nebulizer (SKU GF-JB0112-062) designed to make aerosol treatments easier for children, often with a kid-friendly design to help ease anxiety during treatment.</p>","Graham-Field","Nebulizers - Pediatric","Nebulizers - Pediatric","graham-field, medical, wholesale-normalized, shopify-ready",TRUE,Title,Default Title,"GF-JB0112-062",1500,shopify,25,deny,manual,62.99,70.31,TRUE,TRUE,,"https://dphpia7d6qb4m.cloudfront.net/images/gf-jb0112-062_t.jpg",1,"Graham-Field Nebulizers - Pediatric (GF-JB0112-062)",32.25,active
"roscoe-medical-ros-e2-cartpc-ros-e2-cartpc","Roscoe Medical Carts and Racks (ROS-E2-CARTPC)","<p>Roscoe Adjustable Oxygen Carts are constructed of durable, high-strength steel and can accommodate either ""D"" or ""E"" size cylinders.</p>","Roscoe Medical","Carts and Racks","Carts and Racks","roscoe medical, medical, wholesale-normalized, shopify-ready",TRUE,Title,Default Title,"ROS-E2-CARTPC",1500,shopify,25,deny,manual,135.99,148.68,TRUE,TRUE,,"https://dphpia7d6qb4m.cloudfront.net/images/ros-e2-cartpc_t.jpg",1,"Roscoe Medical Carts and Racks (ROS-E2-CARTPC)",68.20,active
"dynarex-dy-35005-dy-35005","Dynarex Tracheostomy Supplies (DY-35005)","<p>Dynarex Resp-O2 Tracheostomy Care Kits are designed to provide the essential components needed for the preparation, cleaning, and care of tracheostomy tubes. These time-saving kits are disposable, portable, and compact for easy use and storage. The components in these fully sealed, single-use kits are sterile and come packed in sequence of use for maximum efficiency.</p>","Dynarex","Tracheostomy Supplies","Tracheostomy Supplies","dynarex, appliance, wholesale-normalized, shopify-ready",TRUE,Title,Default Title,"DY-35005",1500,shopify,25,deny,manual,172.99,189.12,TRUE,TRUE,,"https://dphpia7d6qb4m.cloudfront.net/images/35004_01_t.png",1,"Dynarex Tracheostomy Supplies (DY-35005)",86.75,active
"dynarex-dy-35003-dy-35003","Dynarex Tracheostomy Supplies (DY-35003)","<p>Dynarex Resp-O2 Tracheostomy Care Kits are designed to provide caregivers with the essential items they need to safely clean and care for tracheostomy tubes. These sterile, single-use kits are disposable for optimal hygiene and safety and are compact, portable, and easy to store. Contents are conveniently packed in the order of use to save you time and provide maximum efficiency. These premium kits are constructed from high-grade materials for safe, dependable use you can rely on to care for your patients.</p>","Dynarex","Tracheostomy Supplies","Tracheostomy Supplies","dynarex, appliance, wholesale-normalized, shopify-ready",TRUE,Title,Default Title,"DY-35003",1500,shopify,25,deny,manual,78.99,88.07,TRUE,TRUE,,"https://dphpia7d6qb4m.cloudfront.net/images/35003_01_t.png",1,"Dynarex Tracheostomy Supplies (DY-35003)",40.40,active
"hudson-rci-hd-1001-10-hd-1001-10","Hudson RCI Nebulizers - Parts, Filters, Etc. (HD-1001-10)","<p>Hudson RCI replacement filter (SKU HD-1001-10) for compatible respiratory equipment, designed to keep airflow clean and support consistent device performance.</p>","Hudson RCI","Nebulizers - Parts, Filters, Etc.","Nebulizers - Parts, Filters, Etc.","hudson rci, medical, wholesale-normalized, shopify-ready",TRUE,Title,Default Title,"HD-1001-10",1500,shopify,25,deny,manual,166.99,182.03,TRUE,TRUE,,"https://dphpia7d6qb4m.cloudfront.net/images/hd-1001-10_t.jpg",1,"Hudson RCI Nebulizers - Parts, Filters, Etc. (HD-1001-10)",83.50,active
"drive-devilbiss-dr-18071-dr-18071","Drive DeVilbiss Nebulizers - Standard (DR-18071)","<p>Pacifica Elite Nebulizer with reuseable and disposable Neb kit</p>","Drive DeVilbiss","Nebulizers - Standard","Nebulizers - Standard","drive devilbiss, medical, wholesale-normalized, shopify-ready",TRUE,Title,Default Title,"DR-18071",1500,shopify,25,deny,manual,301.99,329.07,TRUE,TRUE,,"https://dphpia7d6qb4m.cloudfront.net/images/dr-18071_01_t.jpg",1,"Drive DeVilbiss Nebulizers - Standard (DR-18071)",150.95,active
"movair-ibc-ibc-lmt31396-ibc-lmt31396","Movair (IBC) Ventilators & Accessories (IBC-LMT31396)","<p>Genuine Movair (IBC) ventilator accessory (SKU IBC-LMT31396), designed to keep your ventilator system running safely and reliably. As with all ventilator components, please confirm compatibility with your specific ventilator model before ordering.</p>","Movair (IBC)","Ventilators & Accessories","Ventilators & Accessories","movair (ibc), appliance, wholesale-normalized, shopify-ready",TRUE,Title,Default Title,"IBC-LMT31396",1500,shopify,25,deny,manual,683.99,735.75,TRUE,TRUE,,"https://dphpia7d6qb4m.cloudfront.net/images/luisa_resized_02_2022/ibc-lmt31396_01_t.png",1,"Movair (IBC) Ventilators & Accessories (IBC-LMT31396)",337.50,active
"hudson-rci-hd-1984-hd-1984","Hudson RCI Oxygen Tubing (HD-1984)","<p>Hudson RCI oxygen supply tubing (SKU HD-1984), kink-resistant tubing that connects an oxygen source to a cannula or mask for reliable delivery, for use with concentrators, cylinders, or liquid oxygen systems.</p>","Hudson RCI","Oxygen Tubing","Oxygen Tubing","hudson rci, medical, wholesale-normalized, shopify-ready",TRUE,Title,Default Title,"HD-1984",1500,shopify,25,deny,manual,277.99,303.02,TRUE,TRUE,,"https://dphpia7d6qb4m.cloudfront.net/images/hud1984_01_t.png",1,"Hudson RCI Oxygen Tubing (HD-1984)",139.00,active
"cardinal-health-cov-8886864604-cov-8886864604","Cardinal Health Suction Parts & Accessories (COV-8886864604)","<p>Genuine Cardinal Health replacement part for portable and stationary suction machines (SKU COV-8886864604), designed to keep your suction unit working reliably. Please confirm compatibility with your specific suction machine model before ordering.</p>","Cardinal Health","Suction Parts & Accessories","Suction Parts & Accessories","cardinal health, appliance, wholesale-normalized, shopify-ready",TRUE,Title,Default Title,"COV-8886864604",1500,shopify,25,deny,manual,852.99,917.89,TRUE,TRUE,,"https://dphpia7d6qb4m.cloudfront.net/images/8886864604_01_t.png",1,"Cardinal Health Suction Parts & Accessories (COV-8886864604)",421.05,active
"compass-health-ros-ag1642-ros-ag1642","Compass Health Respiratory Disposables (ROS-AG1642)","<p>No manufacture description available.</p>","Compass Health","Respiratory Disposables","Respiratory Disposables","compass health, medical, wholesale-normalized, shopify-ready",TRUE,Title,Default Title,"ROS-AG1642",1500,shopify,25,deny,manual,1.99,2.62,TRUE,TRUE,,"https://dphpia7d6qb4m.cloudfront.net/images/ag1642_01_t.png",1,"Compass Health Respiratory Disposables (ROS-AG1642)",1.20,active
"drive-devilbiss-dr-18141-dr-18141","Drive DeVilbiss Carts and Racks (DR-18141)","<p>Chrome Oxygen Cylinder Rack. For use with 28 C, D, E, or M9 Cylinders</p>","Drive DeVilbiss","Carts and Racks","Carts and Racks","drive devilbiss, appliance, wholesale-normalized, shopify-ready",TRUE,Title,Default Title,"DR-18141",1500,shopify,25,deny,manual,196.99,214.19,TRUE,TRUE,,"https://dphpia7d6qb4m.cloudfront.net/images/dr-18141_01_t.jpg",1,"Drive DeVilbiss Carts and Racks (DR-18141)",98.25,active
"drive-devilbiss-dr-mq0081-dr-mq0081","Drive DeVilbiss Respiratory Masks (DR-MQ0081)","<p>Pediatric mask with dog themed design on the mask.</p>","Drive DeVilbiss","Respiratory Masks","Respiratory Masks","drive devilbiss, medical, wholesale-normalized, shopify-ready",TRUE,Title,Default Title,"DR-MQ0081",1500,shopify,25,deny,manual,2.99,4.47,TRUE,TRUE,,"https://dphpia7d6qb4m.cloudfront.net/images/mq0081_01_t.png",1,"Drive DeVilbiss Respiratory Masks (DR-MQ0081)",2.05,active
"roscoe-medical-ros-cpf-s9pk2-ros-cpf-s9pk2","Roscoe Medical Respiratory Disposables (ROS-CPF-S9PK2)","<p>Disposable Standard Filters</p>","Roscoe Medical","Respiratory Disposables","Respiratory Disposables","roscoe medical, medical, wholesale-normalized, shopify-ready",TRUE,Title,Default Title,"ROS-CPF-S9PK2",1500,shopify,25,deny,manual,1.99,3.27,TRUE,TRUE,,"https://dphpia7d6qb4m.cloudfront.net/images/ros-cpf-s9pk2_t.jpg",1,"Roscoe Medical Respiratory Disposables (ROS-CPF-S9PK2)",1.50,active
"invacare-rea-1131249-rea-1131249","Invacare Oxygen Filters (REA-1131249)","<p>Invacare Filters For Perfecto2 V Five Liter Oxygen Concentrator are to be used with Invacare Perfecto2 V Five Liter Oxygen Concentrator With SensO2 Oxygen Sensor.</p>","Invacare","Oxygen Filters","Oxygen Filters","invacare, medical, wholesale-normalized, shopify-ready",TRUE,Title,Default Title,"REA-1131249",1500,shopify,25,deny,manual,24.99,28.67,TRUE,TRUE,,"https://dphpia7d6qb4m.cloudfront.net/images/in-1131249_t.jpg",1,"Invacare Oxygen Filters (REA-1131249)",13.15,active
"movair-ibc-ibc-lmt31388-ibc-lmt31388","Movair (IBC) Ventilators & Accessories (IBC-LMT31388)","<p>Genuine Movair (IBC) ventilator accessory (SKU IBC-LMT31388), designed to keep your ventilator system running safely and reliably. As with all ventilator components, please confirm compatibility with your specific ventilator model before ordering.</p>","Movair (IBC)","Ventilators & Accessories","Ventilators & Accessories","movair (ibc), appliance, wholesale-normalized, shopify-ready",TRUE,Title,Default Title,"IBC-LMT31388",1500,shopify,25,deny,manual,683.99,735.75,TRUE,TRUE,,"https://dphpia7d6qb4m.cloudfront.net/images/luisa_resized_02_2022/ibc-lmt31388_01_t.png",1,"Movair (IBC) Ventilators & Accessories (IBC-LMT31388)",337.50,active
"salter-labs-sl-1611-7-50-sl-1611-7-50","Salter Labs Cannulas (SL-1611-7-50)","<p>Salter Labs nasal cannula (SKU SL-1611-7-50) for delivering supplemental oxygen comfortably during everyday use, with soft, lightweight tubing designed for extended wear and compatible with standard oxygen concentrators and cylinders.</p>","Salter Labs","Cannulas","Cannulas","salter labs, appliance, wholesale-normalized, shopify-ready",TRUE,Title,Default Title,"SL-1611-7-50",1500,shopify,25,deny,manual,180.99,196.75,TRUE,TRUE,,"https://dphpia7d6qb4m.cloudfront.net/images/1611-7-50_01_t.png",1,"Salter Labs Cannulas (SL-1611-7-50)",90.25,active
"dynarex-dy-35008-dy-35008","Dynarex Tracheostomy Supplies (DY-35008)","<p>Dynarex Resp-O2 Tracheostomy Care Kits are designed to provide caregivers with the essential items they need to safely clean and care for tracheostomy tubes. These sterile, single-use kits are disposable for optimal hygiene and safety and are compact, portable, and easy to store. Contents are conveniently packed in the order of use to save you time and provide maximum efficiency. These premium kits are constructed from high-grade materials for safe, dependable use you can rely on to care for your patients.</p>","Dynarex","Tracheostomy Supplies","Tracheostomy Supplies","dynarex, appliance, wholesale-normalized, shopify-ready",TRUE,Title,Default Title,"DY-35008",1500,shopify,25,deny,manual,54.99,62.02,TRUE,TRUE,,"https://dphpia7d6qb4m.cloudfront.net/images/35008_01_t.png",1,"Dynarex Tracheostomy Supplies (DY-35008)",28.45,active
"movair-ibc-ibc-lmt31440-ibc-lmt31440","Movair (IBC) Ventilators & Accessories (IBC-LMT31440)","<p>Genuine Movair (IBC) ventilator accessory (SKU IBC-LMT31440), designed to keep your ventilator system running safely and reliably. As with all ventilator components, please confirm compatibility with your specific ventilator model before ordering.</p>","Movair (IBC)","Ventilators & Accessories","Ventilators & Accessories","movair (ibc), appliance, wholesale-normalized, shopify-ready",TRUE,Title,Default Title,"IBC-LMT31440",1500,shopify,25,deny,manual,30.99,34.88,TRUE,TRUE,,"https://dphpia7d6qb4m.cloudfront.net/images/luisa_resized_02_2022/ibc-lmt31440_01_t.png",1,"Movair (IBC) Ventilators & Accessories (IBC-LMT31440)",16.00,active
"movair-ibc-ibc-lmt31580-ibc-lmt31580","Movair (IBC) Ventilators & Accessories (IBC-LMT31580)","<p>Genuine Movair (IBC) ventilator accessory (SKU IBC-LMT31580), designed to keep your ventilator system running safely and reliably. As with all ventilator components, please confirm compatibility with your specific ventilator model before ordering.</p>","Movair (IBC)","Ventilators & Accessories","Ventilators & Accessories","movair (ibc), appliance, wholesale-normalized, shopify-ready",TRUE,Title,Default Title,"IBC-LMT31580",1500,shopify,25,deny,manual,683.99,735.75,TRUE,TRUE,,"https://dphpia7d6qb4m.cloudfront.net/images/luisa_resized_02_2022/ibc-lmt31580_01_t.png",1,"Movair (IBC) Ventilators & Accessories (IBC-LMT31580)",337.50,active
"drive-devilbiss-dv-7305d-619-dv-7305d-619","Drive DeVilbiss Suction Parts & Accessories (DV-7305D-619)","<p>Genuine Drive DeVilbiss replacement part for portable and stationary suction machines (SKU DV-7305D-619), designed to keep your suction unit working reliably. Please confirm compatibility with your specific suction machine model before ordering.</p>","Drive DeVilbiss","Suction Parts & Accessories","Suction Parts & Accessories","drive devilbiss, appliance, wholesale-normalized, shopify-ready",TRUE,Title,Default Title,"DV-7305D-619",1500,shopify,25,deny,manual,21.99,25.72,TRUE,TRUE,,"https://dphpia7d6qb4m.cloudfront.net/images/7305d-619_01_t.png",1,"Drive DeVilbiss Suction Parts & Accessories (DV-7305D-619)",11.80,active
"crane-cr-ee-4109-cr-ee-4109","Crane Humidifiers (CR-EE-4109)","<p>Crane humidifier bottle/accessory (SKU CR-EE-4109) that adds moisture to oxygen flow, helping reduce nasal dryness and irritation during oxygen therapy.</p>","Crane","Humidifiers","Humidifiers","crane, appliance, wholesale-normalized, shopify-ready",TRUE,Title,Default Title,"CR-EE-4109",1500,shopify,25,deny,manual,115.99,126.44,TRUE,TRUE,,"https://dphpia7d6qb4m.cloudfront.net/images/cr-ee-4109_01_t.png",1,"Crane Humidifiers (CR-EE-4109)",58.00,active
"graham-field-gf-jb0112-067-gf-jb0112-067","Graham-Field Nebulizers - Pediatric (GF-JB0112-067)","<p>Colorful, Child-Friendly Racecar design</p>","Graham-Field","Nebulizers - Pediatric","Nebulizers - Pediatric","graham-field, medical, wholesale-normalized, shopify-ready",TRUE,Title,Default Title,"GF-JB0112-067",1500,shopify,25,deny,manual,62.99,70.31,TRUE,TRUE,,"https://dphpia7d6qb4m.cloudfront.net/images/gf-jb0112-067_t.jpg",1,"Graham-Field Nebulizers - Pediatric (GF-JB0112-067)",32.25,active
"hudson-rci-hd-1943-hd-1943","Hudson RCI Respiratory Masks (HD-1943)","<p>Hudson RCI respiratory mask (SKU HD-1943) designed for a secure, comfortable seal during nebulizer or oxygen therapy, with soft cushioning to help reduce skin irritation during regular use.</p>","Hudson RCI","Respiratory Masks","Respiratory Masks","hudson rci, medical, wholesale-normalized, shopify-ready",TRUE,Title,Default Title,"HD-1943",1500,shopify,25,deny,manual,301.99,329.18,TRUE,TRUE,,"https://dphpia7d6qb4m.cloudfront.net/images/hud1943_01_t.png",1,"Hudson RCI Respiratory Masks (HD-1943)",151.00,active
"rhythm-healthcare-ls-pak2-s-ls-pak2-s","Rhythm Healthcare Concentrator Chargers & Power Supplies (LS-PAK2-S)","<p>Genuine Rhythm Healthcare charger / power supply (SKU LS-PAK2-S) for compatible portable oxygen concentrators, providing reliable AC or DC power for charging at home, in the car, or on the go.</p>","Rhythm Healthcare","Concentrator Chargers & Power Supplies","Concentrator Chargers & Power Supplies","rhythm healthcare, medical, wholesale-normalized, shopify-ready",TRUE,Title,Default Title,"LS-PAK2-S",1500,shopify,25,deny,manual,289.99,316.10,TRUE,TRUE,,"https://dphpia7d6qb4m.cloudfront.net/images/pak2-s_01_t.png",1,"Rhythm Healthcare Concentrator Chargers & Power Supplies (LS-PAK2-S)",145.00,active
"drive-devilbiss-dv-5650d-601-dv-5650d-601","Drive DeVilbiss Nebulizers - Parts, Filters, Etc. (DV-5650D-601)","<p>Drive DeVilbiss replacement filter (SKU DV-5650D-601) for compatible respiratory equipment, designed to keep airflow clean and support consistent device performance.</p>","Drive DeVilbiss","Nebulizers - Parts, Filters, Etc.","Nebulizers - Parts, Filters, Etc.","drive devilbiss, medical, wholesale-normalized, shopify-ready",TRUE,Title,Default Title,"DV-5650D-601",1500,shopify,25,deny,manual,22.99,26.16,TRUE,TRUE,,"https://dphpia7d6qb4m.cloudfront.net/images/dv-5650d-601_t.jpg",1,"Drive DeVilbiss Nebulizers - Parts, Filters, Etc. (DV-5650D-601)",12.00,active
"movair-ibc-ibc-lmt31554-ibc-lmt31554","Movair (IBC) Ventilators & Accessories (IBC-LMT31554)","<p>Genuine Movair (IBC) ventilator accessory (SKU IBC-LMT31554), designed to keep your ventilator system running safely and reliably. As with all ventilator components, please confirm compatibility with your specific ventilator model before ordering.</p>","Movair (IBC)","Ventilators & Accessories","Ventilators & Accessories","movair (ibc), appliance, wholesale-normalized, shopify-ready",TRUE,Title,Default Title,"IBC-LMT31554",1500,shopify,25,deny,manual,378.99,412.02,TRUE,TRUE,,"https://dphpia7d6qb4m.cloudfront.net/images/luisa_resized_02_2022/ibc-lmt31554_01_t.png",1,"Movair (IBC) Ventilators & Accessories (IBC-LMT31554)",189.00,active
"movair-ibc-ibc-lmt15989-ibc-lmt15989","Movair (IBC) Ventilators & Accessories (IBC-LMT15989)","<p>Genuine Movair (IBC) ventilator accessory (SKU IBC-LMT15989), designed to keep your ventilator system running safely and reliably. As with all ventilator components, please confirm compatibility with your specific ventilator model before ordering.</p>","Movair (IBC)","Ventilators & Accessories","Ventilators & Accessories","movair (ibc), appliance, wholesale-normalized, shopify-ready",TRUE,Title,Default Title,"IBC-LMT15989",1500,shopify,25,deny,manual,24.99,29.43,TRUE,TRUE,,"https://dphpia7d6qb4m.cloudfront.net/images/luisa_resized_02_2022/ibc-lmt15989_01_t.png",1,"Movair (IBC) Ventilators & Accessories (IBC-LMT15989)",13.50,active
"drive-devilbiss-medquip-mq-mq0054-mq-mq0054","Drive DeVilbiss (Medquip) Nebulizers - Accessories (MQ-MQ0054)","<p>Drive DeVilbiss (Medquip) nebulizer / nebulizer part (SKU MQ-MQ0054) that supports delivery of aerosolized medication for respiratory treatment at home.</p>","Drive DeVilbiss (Medquip)","Nebulizers - Accessories","Nebulizers - Accessories","drive devilbiss (medquip), medical, wholesale-normalized, shopify-ready",TRUE,Title,Default Title,"MQ-MQ0054",1500,shopify,25,deny,manual,7.99,9.92,TRUE,TRUE,,"https://dphpia7d6qb4m.cloudfront.net/images/mq-mq0054_t.jpg",1,"Drive DeVilbiss (Medquip) Nebulizers - Accessories (MQ-MQ0054)",4.55,active
"invacare-rea-p0750x030-rea-p0750x030","Invacare Oxygen Filters (REA-P0750X030)","<p>To be used with Invacare Perfecto2 V Five Liter Oxygen Concentrator With SensO2 Oxygen Sensor.</p>","Invacare","Oxygen Filters","Oxygen Filters","invacare, medical, wholesale-normalized, shopify-ready",TRUE,Title,Default Title,"REA-P0750X030",1500,shopify,25,deny,manual,15.99,19.18,TRUE,TRUE,,"https://dphpia7d6qb4m.cloudfront.net/images/in-p0750x030_t.jpg",1,"Invacare Oxygen Filters (REA-P0750X030)",8.80,active
"movair-ibc-ibc-lmt31417-ibc-lmt31417","Movair (IBC) Ventilators & Accessories (IBC-LMT31417)","<p>Genuine Movair (IBC) ventilator accessory (SKU IBC-LMT31417), designed to keep your ventilator system running safely and reliably. As with all ventilator components, please confirm compatibility with your specific ventilator model before ordering.</p>","Movair (IBC)","Ventilators & Accessories","Ventilators & Accessories","movair (ibc), appliance, wholesale-normalized, shopify-ready",TRUE,Title,Default Title,"IBC-LMT31417",1500,shopify,25,deny,manual,458.99,499.22,TRUE,TRUE,,"https://dphpia7d6qb4m.cloudfront.net/images/luisa_resized_02_2022/ibc-lmt31417_01_t.png",1,"Movair (IBC) Ventilators & Accessories (IBC-LMT31417)",229.00,active
"drive-devilbiss-dr-hs-2-dr-hs-2","Drive DeVilbiss Carts and Racks (DR-HS-2)","<p>Genuine Drive DeVilbiss Carts and Racks (SKU DR-HS-2), a replacement part or accessory for compatible Drive DeVilbiss equipment. Please contact us to confirm fitment for your specific model before ordering.</p>","Drive DeVilbiss","Carts and Racks","Carts and Racks","drive devilbiss, appliance, wholesale-normalized, shopify-ready",TRUE,Title,Default Title,"DR-HS-2",1500,shopify,25,deny,manual,99.99,108.98,TRUE,TRUE,,"https://dphpia7d6qb4m.cloudfront.net/images/dr-hs-2_01_t.jpg",1,"Drive DeVilbiss Carts and Racks (DR-HS-2)",49.99,active
"rhythm-healthcare-ls-s3cb-ls-s3cb","Rhythm Healthcare Carry Bags & Backpacks (LS-S3CB)","<p>Rhythm Healthcare carry bag (SKU LS-S3CB) designed to transport a portable oxygen concentrator or medical device safely and comfortably, with room for accessories like extra batteries and cannulas.</p>","Rhythm Healthcare","Carry Bags & Backpacks","Carry Bags & Backpacks","rhythm healthcare, appliance, wholesale-normalized, shopify-ready",TRUE,Title,Default Title,"LS-S3CB",1500,shopify,25,deny,manual,135.99,148.24,TRUE,TRUE,,"https://dphpia7d6qb4m.cloudfront.net/images/s3cb_01_t.png",1,"Rhythm Healthcare Carry Bags & Backpacks (LS-S3CB)",68.00,active
"medline-m-hcs70004-m-hcs70004","Medline Nebulizers (M-HCS70004)","<p>Medline nebulizer / nebulizer part (SKU M-HCS70004) that supports delivery of aerosolized medication for respiratory treatment at home.</p>","Medline","Nebulizers","Nebulizers","medline, medical, wholesale-normalized, shopify-ready",TRUE,Title,Default Title,"M-HCS70004",1500,shopify,25,deny,manual,259.99,283.38,TRUE,TRUE,,"https://dphpia7d6qb4m.cloudfront.net/images/m-hcs70004_t.jpg",1,"Medline Nebulizers (M-HCS70004)",129.99,active
"caire-inc-chart-hel-h300-hel-h300","Caire Inc/Chart Liquid Units (HEL-H300)","<p>The tiny CAIRE HELiOS Plus is the smallest liquid oxygen portable providing pulse dose settings up to 4. Weighing less than 4 lbs. (1.8 kg), the CAIRE HELiOS Plus can last up to 9 hours at the most common setting of 2.</p>","Caire Inc/Chart","Liquid Units","Liquid Units","caire inc/chart, appliance, wholesale-normalized, shopify-ready",TRUE,Title,Default Title,"HEL-H300",1500,shopify,25,deny,manual,2577.99,2772.96,TRUE,TRUE,,"https://dphpia7d6qb4m.cloudfront.net/images/hel-h300_t.jpg",1,"Caire Inc/Chart Liquid Units (HEL-H300)",1272.00,active
"drive-devilbiss-dr-mask-007a-dr-mask-007a","Drive DeVilbiss Respiratory Masks (DR-MASK 007A)","<p>Adult tracheotomy masks with elastic band.</p>","Drive DeVilbiss","Respiratory Masks","Respiratory Masks","drive devilbiss, medical, wholesale-normalized, shopify-ready",TRUE,Title,Default Title,"DR-MASK 007A",1500,shopify,25,deny,manual,116.99,127.31,TRUE,TRUE,,"https://dphpia7d6qb4m.cloudfront.net/images/mask%20007a_01_t.png",1,"Drive DeVilbiss Respiratory Masks (DR-MASK 007A)",58.40,active
"drive-devilbiss-dv-7314d-625-dv-7314d-625","Drive DeVilbiss Suction Parts & Accessories (DV-7314D-625)","<p>Adjustment knob with gauge is intended for use with Drive Vacu-Aide Portable Suction Units (#7314 Series).</p>","Drive DeVilbiss","Suction Parts & Accessories","Suction Parts & Accessories","drive devilbiss, appliance, wholesale-normalized, shopify-ready",TRUE,Title,Default Title,"DV-7314D-625",1500,shopify,25,deny,manual,51.99,58.42,TRUE,TRUE,,"https://dphpia7d6qb4m.cloudfront.net/images/7314d-625_01_t.png",1,"Drive DeVilbiss Suction Parts & Accessories (DV-7314D-625)",26.80,active
"invacare-rea-ioh260-rea-ioh260","Invacare Invacare HomeFills (REA-IOH260)","<p>The IOH260 Ready-Rack is designed to fit the Platinum XL and Platinum 10 concentrators. It supports the HomeFill compressor on top of the concentrator, saving space and promoting ease of use.</p>","Invacare","Invacare HomeFills","Invacare HomeFills","invacare, appliance, wholesale-normalized, shopify-ready",TRUE,Title,Default Title,"REA-IOH260",1500,shopify,25,deny,manual,114.99,125.35,TRUE,TRUE,,"https://dphpia7d6qb4m.cloudfront.net/images/in-ioh260_t.jpg",1,"Invacare Invacare HomeFills (REA-IOH260)",57.50,active
"abm-respiratory-care-abm-bc22506-abm-bc22506","ABM Respiratory Care Respiratory Accessories (ABM-BC22506)","<p>ABM Respiratory Care respiratory accessory (SKU ABM-BC22506) that supports everyday use of compatible respiratory therapy equipment.</p>","ABM Respiratory Care","Respiratory Accessories","Respiratory Accessories","abm respiratory care, medical, wholesale-normalized, shopify-ready",TRUE,Title,Default Title,"ABM-BC22506",1500,shopify,25,deny,manual,1519.99,1635.00,TRUE,TRUE,,"https://dphpia7d6qb4m.cloudfront.net/images/abm-bc22506_01_t.png",1,"ABM Respiratory Care Respiratory Accessories (ABM-BC22506)",750.00,active
"drive-devilbiss-dv-7305d-608-dv-7305d-608","Drive DeVilbiss Filters (DV-7305D-608)","<p>Drive bacteria filters for Drive DeVilbiss Vacuaide Portable Suction Machine (#7305P-D, #7305D-D).</p>","Drive DeVilbiss","Filters","Filters","drive devilbiss, appliance, wholesale-normalized, shopify-ready",TRUE,Title,Default Title,"DV-7305D-608",1500,shopify,25,deny,manual,111.99,122.63,TRUE,TRUE,,"https://dphpia7d6qb4m.cloudfront.net/images/7305d-608_01_t.png",1,"Drive DeVilbiss Filters (DV-7305D-608)",56.25,active
"roscoe-medical-ros-50002-ros-50002","Roscoe Medical Nebulizers - Standard (ROS-50002)","<p>Nylon carry bag for Frog Pediatric Nebulizer System.</p>","Roscoe Medical","Nebulizers - Standard","Nebulizers - Standard","roscoe medical, medical, wholesale-normalized, shopify-ready",TRUE,Title,Default Title,"ROS-50002",1500,shopify,25,deny,manual,13.99,16.24,TRUE,TRUE,,"https://dphpia7d6qb4m.cloudfront.net/images/ros-50002_t.jpg",1,"Roscoe Medical Nebulizers - Standard (ROS-50002)",7.45,active
"drive-devilbiss-dr-soft-200-dr-soft-200","Drive DeVilbiss Cannulas (DR-SOFT 200)","<p>Drive DeVilbiss nasal cannula (SKU DR-SOFT 200) for delivering supplemental oxygen comfortably during everyday use, with soft, lightweight tubing designed for extended wear and compatible with standard oxygen concentrators and cylinders.</p>","Drive DeVilbiss","Cannulas","Cannulas","drive devilbiss, appliance, wholesale-normalized, shopify-ready",TRUE,Title,Default Title,"DR-SOFT 200",1500,shopify,25,deny,manual,39.99,45.13,TRUE,TRUE,,"https://dphpia7d6qb4m.cloudfront.net/images/soft%20200_01_t.png",1,"Drive DeVilbiss Cannulas (DR-SOFT 200)",20.70,active
"salter-labs-sl-1053-4-50-sl-1053-4-50","Salter Labs Cannulas (SL-1053-4-50)","<p>Salter Labs nasal cannula (SKU SL-1053-4-50) for delivering supplemental oxygen comfortably during everyday use, with soft, lightweight tubing designed for extended wear and compatible with standard oxygen concentrators and cylinders.</p>","Salter Labs","Cannulas","Cannulas","salter labs, appliance, wholesale-normalized, shopify-ready",TRUE,Title,Default Title,"SL-1053-4-50",1500,shopify,25,deny,manual,63.99,71.18,TRUE,TRUE,,"https://dphpia7d6qb4m.cloudfront.net/images/1053-4-50_01_t.png",1,"Salter Labs Cannulas (SL-1053-4-50)",32.65,active
"drive-devilbiss-dv-3655d-621-dv-3655d-621","Drive DeVilbiss Respiratory Disposables (DV-3655D-621)","<p>VixOne Disposable Nebulizer CS50</p>","Drive DeVilbiss","Respiratory Disposables","Respiratory Disposables","drive devilbiss, medical, wholesale-normalized, shopify-ready",TRUE,Title,Default Title,"DV-3655D-621",1500,shopify,25,deny,manual,117.99,129.17,TRUE,TRUE,,"https://dphpia7d6qb4m.cloudfront.net/images/dv-3655d-621_01_t.png",1,"Drive DeVilbiss Respiratory Disposables (DV-3655D-621)",59.25,active
"salter-labs-sl-8110-7-50-sl-8110-7-50","Salter Labs Respiratory Masks (SL-8110-7-50)","<p>Salter Labs respiratory mask (SKU SL-8110-7-50) designed for a secure, comfortable seal during nebulizer or oxygen therapy, with soft cushioning to help reduce skin irritation during regular use.</p>","Salter Labs","Respiratory Masks","Respiratory Masks","salter labs, medical, wholesale-normalized, shopify-ready",TRUE,Title,Default Title,"SL-8110-7-50",1500,shopify,25,deny,manual,120.99,131.67,TRUE,TRUE,,"https://dphpia7d6qb4m.cloudfront.net/images/8110-7-50_01_t.png",1,"Salter Labs Respiratory Masks (SL-8110-7-50)",60.40,active
"airlife-westmed-sl-0101-sl-0101","AirLife (Westmed) Cannulas, Respiratory Masks (SL-0101)","<p>An alternative for patients who cannot tolerate a cannula or for those patients who have recurring necrosis.</p>","AirLife (Westmed)","Cannulas, Respiratory Masks","Cannulas, Respiratory Masks","airlife (westmed), medical, wholesale-normalized, shopify-ready",TRUE,Title,Default Title,"SL-0101",1500,shopify,25,deny,manual,120.99,132.33,TRUE,TRUE,,"https://dphpia7d6qb4m.cloudfront.net/images/0101_01_t.png",1,"AirLife (Westmed) Cannulas, Respiratory Masks (SL-0101)",60.70,active
"movair-ibc-ibc-wm27027-ibc-wm27027","Movair (IBC) Ventilators & Accessories (IBC-WM27027)","<p>Genuine Movair (IBC) ventilator accessory (SKU IBC-WM27027), designed to keep your ventilator system running safely and reliably. As with all ventilator components, please confirm compatibility with your specific ventilator model before ordering.</p>","Movair (IBC)","Ventilators & Accessories","Ventilators & Accessories","movair (ibc), appliance, wholesale-normalized, shopify-ready",TRUE,Title,Default Title,"IBC-WM27027",1500,shopify,25,deny,manual,40.99,45.78,TRUE,TRUE,,"https://dphpia7d6qb4m.cloudfront.net/images/luisa_resized_02_2022/ibc-wm27027_01_t.png",1,"Movair (IBC) Ventilators & Accessories (IBC-WM27027)",21.00,active
"compass-health-ros-1160b-1-ros-1160b-1","Compass Health Suction Parts & Accessories (ROS-1160B-1)","<p>These 800cc Hi-Flow Suction Canisters are a high-quality way to meet fluid collection and disposal needs. They provide a high flow rate, so suctioning is quick and efficient during procedures.</p>","Compass Health","Suction Parts & Accessories","Suction Parts & Accessories","compass health, appliance, wholesale-normalized, shopify-ready",TRUE,Title,Default Title,"ROS-1160B-1",1500,shopify,25,deny,manual,14.99,17.44,TRUE,TRUE,,"https://dphpia7d6qb4m.cloudfront.net/images/1160b-1_01_t.png",1,"Compass Health Suction Parts & Accessories (ROS-1160B-1)",8.00,active
"cardinal-health-cov-47800-cov-47800","Cardinal Health Tracheostomy Supplies (COV-47800)","<p>Cardinal Health provides hospitals and alternate care facilities with a broad selection of tracheostomy care trays which offer the finest in nursing convenience and infection control. Designed with the guidance of experienced clincians, these superior total-care trays provide exactly what is required for tracheostomy care procedures.</p>","Cardinal Health","Tracheostomy Supplies","Tracheostomy Supplies","cardinal health, appliance, wholesale-normalized, shopify-ready",TRUE,Title,Default Title,"COV-47800",1500,shopify,25,deny,manual,97.99,106.93,TRUE,TRUE,,"https://dphpia7d6qb4m.cloudfront.net/images/47800_01_t.png",1,"Cardinal Health Tracheostomy Supplies (COV-47800)",49.05,active
"movair-ibc-ibc-wm27591-ibc-wm27591","Movair (IBC) Ventilators & Accessories (IBC-WM27591)","<p>Genuine Movair (IBC) ventilator accessory (SKU IBC-WM27591), designed to keep your ventilator system running safely and reliably. As with all ventilator components, please confirm compatibility with your specific ventilator model before ordering.</p>","Movair (IBC)","Ventilators & Accessories","Ventilators & Accessories","movair (ibc), appliance, wholesale-normalized, shopify-ready",TRUE,Title,Default Title,"IBC-WM27591",1500,shopify,25,deny,manual,10.99,13.08,TRUE,TRUE,,"https://dphpia7d6qb4m.cloudfront.net/images/luisa_resized_02_2022/ibc-wm27591_01_t.png",1,"Movair (IBC) Ventilators & Accessories (IBC-WM27591)",6.00,active
"roscoe-medical-ros-tub-ros50g-ros-tub-ros50g","Roscoe Medical Oxygen Tubing (ROS-TUB-ROS50G)","<p>Roscoe's Oxygen Supply Tubing provides patients with high-quality performance and maximum safety. It is latex-free and available in clear or a distinctive green tint color for greater visual contrast and improved safety.</p>","Roscoe Medical","Oxygen Tubing","Oxygen Tubing","roscoe medical, medical, wholesale-normalized, shopify-ready",TRUE,Title,Default Title,"ROS-TUB-ROS50G",1500,shopify,25,deny,manual,74.99,83.93,TRUE,TRUE,,"https://dphpia7d6qb4m.cloudfront.net/images/tub-ros50g_01_t.png",1,"Roscoe Medical Oxygen Tubing (ROS-TUB-ROS50G)",38.50,active
"rhythm-healthcare-ls-s3by001t-ls-s3by001t","Rhythm Healthcare POC Batteries (LS-S3BY001T)","<p>Rhythm Healthcare replacement battery (SKU LS-S3BY001T) for compatible portable oxygen concentrators, extending time away from an AC or DC power source. Please confirm compatibility with your specific concentrator model before ordering.</p>","Rhythm Healthcare","POC Batteries","POC Batteries","rhythm healthcare, appliance, wholesale-normalized, shopify-ready",TRUE,Title,Default Title,"LS-S3BY001T",1500,shopify,25,deny,manual,354.99,386.41,TRUE,TRUE,,"https://dphpia7d6qb4m.cloudfront.net/images/s3by001t_01_t.png",1,"Rhythm Healthcare POC Batteries (LS-S3BY001T)",177.25,active
"movair-ibc-ibc-wm27646-ibc-wm27646","Movair (IBC) Ventilators & Accessories (IBC-WM27646)","<p>Genuine Movair (IBC) ventilator accessory (SKU IBC-WM27646), designed to keep your ventilator system running safely and reliably. As with all ventilator components, please confirm compatibility with your specific ventilator model before ordering.</p>","Movair (IBC)","Ventilators & Accessories","Ventilators & Accessories","movair (ibc), appliance, wholesale-normalized, shopify-ready",TRUE,Title,Default Title,"IBC-WM27646",1500,shopify,25,deny,manual,46.99,52.32,TRUE,TRUE,,"https://dphpia7d6qb4m.cloudfront.net/images/luisa_resized_02_2022/ibc-wm27646_01_t.png",1,"Movair (IBC) Ventilators & Accessories (IBC-WM27646)",24.00,active
"rhythm-healthcare-ls-pak3-ls-pak3","Rhythm Healthcare Concentrator Chargers & Power Supplies (LS-PAK3)","<p>Genuine Rhythm Healthcare charger / power supply (SKU LS-PAK3) for compatible portable oxygen concentrators, providing reliable AC or DC power for charging at home, in the car, or on the go.</p>","Rhythm Healthcare","Concentrator Chargers & Power Supplies","Concentrator Chargers & Power Supplies","rhythm healthcare, medical, wholesale-normalized, shopify-ready",TRUE,Title,Default Title,"LS-PAK3",1500,shopify,25,deny,manual,678.99,730.30,TRUE,TRUE,,"https://dphpia7d6qb4m.cloudfront.net/images/pak3_01_t.png",1,"Rhythm Healthcare Concentrator Chargers & Power Supplies (LS-PAK3)",335.00,active
"graham-field-gf-jb0112-070-gf-jb0112-070","Graham-Field Nebulizers - Pediatric (GF-JB0112-070)","<p>This interactive, child-friendly design provides a solution for effective aerosol treatment for children.</p>","Graham-Field","Nebulizers - Pediatric","Nebulizers - Pediatric","graham-field, medical, wholesale-normalized, shopify-ready",TRUE,Title,Default Title,"GF-JB0112-070",1500,shopify,25,deny,manual,62.99,70.31,TRUE,TRUE,,"https://dphpia7d6qb4m.cloudfront.net/images/gf-jb0112-070_t.jpg",1,"Graham-Field Nebulizers - Pediatric (GF-JB0112-070)",32.25,active
"drive-dr-100fdes-dr-100fdes","Drive CPAP Masks and Accessories (DR-100FDES)","<p>Drive CPAP mask/accessory (SKU DR-100FDES) designed to help maintain a comfortable, reliable seal during CPAP or BiPAP therapy. Please confirm compatibility with your specific machine and mask size before ordering.</p>","Drive","CPAP Masks and Accessories","CPAP Masks and Accessories","drive, medical, wholesale-normalized, shopify-ready",TRUE,Title,Default Title,"DR-100FDES",1500,shopify,25,deny,manual,83.99,93.63,TRUE,TRUE,,"https://dphpia7d6qb4m.cloudfront.net/images/dr-100fdelp_t.jpg",1,"Drive CPAP Masks and Accessories (DR-100FDES)",42.95,active
"abm-respiratory-care-abm-bc23400-abm-bc23400","ABM Respiratory Care Respiratory Parts (ABM-BC23400)","<p>Genuine ABM Respiratory Care replacement part for respiratory equipment (SKU ABM-BC23400). Please confirm compatibility with your specific device model before ordering.</p>","ABM Respiratory Care","Respiratory Parts","Respiratory Parts","abm respiratory care, medical, wholesale-normalized, shopify-ready",TRUE,Title,Default Title,"ABM-BC23400",1500,shopify,25,deny,manual,398.99,433.82,TRUE,TRUE,,"https://dphpia7d6qb4m.cloudfront.net/images/abm-bc23400_01_t.png",1,"ABM Respiratory Care Respiratory Parts (ABM-BC23400)",199.00,active
"movair-ibc-ibc-lmt31502-ibc-lmt31502","Movair (IBC) Ventilators & Accessories (IBC-LMT31502)","<p>Genuine Movair (IBC) ventilator accessory (SKU IBC-LMT31502), designed to keep your ventilator system running safely and reliably. As with all ventilator components, please confirm compatibility with your specific ventilator model before ordering.</p>","Movair (IBC)","Ventilators & Accessories","Ventilators & Accessories","movair (ibc), appliance, wholesale-normalized, shopify-ready",TRUE,Title,Default Title,"IBC-LMT31502",1500,shopify,25,deny,manual,391.99,426.19,TRUE,TRUE,,"https://dphpia7d6qb4m.cloudfront.net/images/luisa_resized_02_2022/ibc-lmt31502_01_t.png",1,"Movair (IBC) Ventilators & Accessories (IBC-LMT31502)",195.50,active
"rhythm-healthcare-ls-p2bp-1-ls-p2bp-1","Rhythm Healthcare Carry Bags & Backpacks (LS-P2BP-1)","<p>Rhythm Healthcare carry bag (SKU LS-P2BP-1) designed to transport a portable oxygen concentrator or medical device safely and comfortably, with room for accessories like extra batteries and cannulas.</p>","Rhythm Healthcare","Carry Bags & Backpacks","Carry Bags & Backpacks","rhythm healthcare, appliance, wholesale-normalized, shopify-ready",TRUE,Title,Default Title,"LS-P2BP-1",1500,shopify,25,deny,manual,164.99,179.85,TRUE,TRUE,,"https://dphpia7d6qb4m.cloudfront.net/images/p2bp-1_01_t.png",1,"Rhythm Healthcare Carry Bags & Backpacks (LS-P2BP-1)",82.50,active
"rhythm-healthcare-ls-tocac-ls-tocac","Rhythm Healthcare Concentrator Chargers & Power Supplies (LS-TOCAC)","<p>Genuine Rhythm Healthcare charger / power supply (SKU LS-TOCAC) for compatible portable oxygen concentrators, providing reliable AC or DC power for charging at home, in the car, or on the go.</p>","Rhythm Healthcare","Concentrator Chargers & Power Supplies","Concentrator Chargers & Power Supplies","rhythm healthcare, medical, wholesale-normalized, shopify-ready",TRUE,Title,Default Title,"LS-TOCAC",1500,shopify,25,deny,manual,281.99,306.84,TRUE,TRUE,,"https://dphpia7d6qb4m.cloudfront.net/images/tocac_01_t.png",1,"Rhythm Healthcare Concentrator Chargers & Power Supplies (LS-TOCAC)",140.75,active
"movair-ibc-ibc-wm27651-ibc-wm27651","Movair (IBC) Ventilators & Accessories (IBC-WM27651)","<p>Genuine Movair (IBC) ventilator accessory (SKU IBC-WM27651), designed to keep your ventilator system running safely and reliably. As with all ventilator components, please confirm compatibility with your specific ventilator model before ordering.</p>","Movair (IBC)","Ventilators & Accessories","Ventilators & Accessories","movair (ibc), appliance, wholesale-normalized, shopify-ready",TRUE,Title,Default Title,"IBC-WM27651",1500,shopify,25,deny,manual,68.99,77.39,TRUE,TRUE,,"https://dphpia7d6qb4m.cloudfront.net/images/luisa_resized_02_2022/ibc-wm27651_01_t.png",1,"Movair (IBC) Ventilators & Accessories (IBC-WM27651)",35.50,active
"rhythm-healthcare-ls-tocby-2-ls-tocby-2","Rhythm Healthcare POC Batteries (LS-TOCBY-2)","<p>Rhythm Healthcare replacement battery (SKU LS-TOCBY-2) for compatible portable oxygen concentrators, extending time away from an AC or DC power source. Please confirm compatibility with your specific concentrator model before ordering.</p>","Rhythm Healthcare","POC Batteries","POC Batteries","rhythm healthcare, appliance, wholesale-normalized, shopify-ready",TRUE,Title,Default Title,"LS-TOCBY-2",1500,shopify,25,deny,manual,676.99,728.12,TRUE,TRUE,,"https://dphpia7d6qb4m.cloudfront.net/images/tocby-2_01_t.png",1,"Rhythm Healthcare POC Batteries (LS-TOCBY-2)",334.00,active
"virtuox-healthcare-logistics-vx-1250-vx-1250","Virtuox/Healthcare Logistics Pulse Oximeters (VX-1250)","<p>Virtuox Pulse Ox, VPOD Handheld Pro, Adult and Pediatric</p>","Virtuox/Healthcare Logistics","Pulse Oximeters","Pulse Oximeters","virtuox/healthcare logistics, appliance, wholesale-normalized, shopify-ready",TRUE,Title,Default Title,"VX-1250",1500,shopify,25,deny,manual,630.99,678.53,TRUE,TRUE,,"https://dphpia7d6qb4m.cloudfront.net/images/vx-1250_t.jpg",1,"Virtuox/Healthcare Logistics Pulse Oximeters (VX-1250)",311.25,active
"rhythm-healthcare-ls-p2cb-2-ls-p2cb-2","Rhythm Healthcare Carry Bags & Backpacks (LS-P2CB-2)","<p>Rhythm Healthcare carry bag (SKU LS-P2CB-2) designed to transport a portable oxygen concentrator or medical device safely and comfortably, with room for accessories like extra batteries and cannulas.</p>","Rhythm Healthcare","Carry Bags & Backpacks","Carry Bags & Backpacks","rhythm healthcare, appliance, wholesale-normalized, shopify-ready",TRUE,Title,Default Title,"LS-P2CB-2",1500,shopify,25,deny,manual,164.99,179.85,TRUE,TRUE,,"https://dphpia7d6qb4m.cloudfront.net/images/p2cb-2_01_t.png",1,"Rhythm Healthcare Carry Bags & Backpacks (LS-P2CB-2)",82.50,active
"rhythm-healthcare-ls-tocif-1-ls-tocif-1","Rhythm Healthcare Oxygen Filters (LS-TOCIF-1)","<p>Rhythm Healthcare replacement oxygen filter (SKU LS-TOCIF-1) that helps keep incoming air clean and protects your concentrator's internal components. Regular filter changes are one of the simplest ways to extend the life of an oxygen concentrator and maintain output quality.</p>","Rhythm Healthcare","Oxygen Filters","Oxygen Filters","rhythm healthcare, medical, wholesale-normalized, shopify-ready",TRUE,Title,Default Title,"LS-TOCIF-1",1500,shopify,25,deny,manual,7.99,10.03,TRUE,TRUE,,"https://dphpia7d6qb4m.cloudfront.net/images/tocif-1_01_t.png",1,"Rhythm Healthcare Oxygen Filters (LS-TOCIF-1)",4.60,active
"movair-ibc-ibc-lmt31415-ibc-lmt31415","Movair (IBC) Ventilators & Accessories (IBC-LMT31415)","<p>Genuine Movair (IBC) ventilator accessory (SKU IBC-LMT31415), designed to keep your ventilator system running safely and reliably. As with all ventilator components, please confirm compatibility with your specific ventilator model before ordering.</p>","Movair (IBC)","Ventilators & Accessories","Ventilators & Accessories","movair (ibc), appliance, wholesale-normalized, shopify-ready",TRUE,Title,Default Title,"IBC-LMT31415",1500,shopify,25,deny,manual,759.99,817.50,TRUE,TRUE,,"https://www.lakecourt.com/respiratory/images/no-image.png",1,"Movair (IBC) Ventilators & Accessories (IBC-LMT31415)",375.00,active
"rhythm-healthcare-ls-p2e7pfcr-ls-p2e7pfcr","Rhythm Healthcare Concentrator Parts (LS-P2E7PFCR)","<p>Genuine Rhythm Healthcare replacement part for oxygen concentrators (SKU LS-P2E7PFCR), designed to restore original performance when a component wears out. Please confirm this part matches your concentrator's exact model before ordering.</p>","Rhythm Healthcare","Concentrator Parts","Concentrator Parts","rhythm healthcare, medical, wholesale-normalized, shopify-ready",TRUE,Title,Default Title,"LS-P2E7PFCR",1500,shopify,25,deny,manual,12.99,15.59,TRUE,TRUE,,"https://dphpia7d6qb4m.cloudfront.net/images/p2e7pfcr_01_t.png",1,"Rhythm Healthcare Concentrator Parts (LS-P2E7PFCR)",7.15,active
"rhythm-healthcare-ls-tocif-2-ls-tocif-2","Rhythm Healthcare Oxygen Filters (LS-TOCIF-2)","<p>Rhythm Healthcare replacement oxygen filter (SKU LS-TOCIF-2) that helps keep incoming air clean and protects your concentrator's internal components. Regular filter changes are one of the simplest ways to extend the life of an oxygen concentrator and maintain output quality.</p>","Rhythm Healthcare","Oxygen Filters","Oxygen Filters","rhythm healthcare, medical, wholesale-normalized, shopify-ready",TRUE,Title,Default Title,"LS-TOCIF-2",1500,shopify,25,deny,manual,7.99,10.03,TRUE,TRUE,,"https://dphpia7d6qb4m.cloudfront.net/images/tocif-2_01_t.png",1,"Rhythm Healthcare Oxygen Filters (LS-TOCIF-2)",4.60,active
"drive-medical-dr-ssp-dr-ssp","Drive Medical K1/K2 Standard Wheelchairs (DR-SSP)","<p>Drive Medical standard wheelchair (SKU DR-SSP), a durable, everyday manual wheelchair suited to home use, short trips out, and general mobility support.</p>","Drive Medical","K1/K2 Standard Wheelchairs","K1/K2 Standard Wheelchairs","drive medical, medical, wholesale-normalized, shopify-ready",TRUE,Title,Default Title,"DR-SSP",1500,shopify,25,deny,manual,87.99,98.10,TRUE,TRUE,,"https://dphpia7d6qb4m.cloudfront.net/images/dr-ssp__01_t.png",1,"Drive Medical K1/K2 Standard Wheelchairs (DR-SSP)",45.00,active
"drive-medical-dr-10210-4asm-dr-10210-4asm","Drive Medical Standard Walkers (DR-10210-4ASM)","<p>No description provided by manufacturer.</p>","Drive Medical","Standard Walkers","Standard Walkers","drive medical, medical, wholesale-normalized, shopify-ready",TRUE,Title,Default Title,"DR-10210-4ASM",1500,shopify,25,deny,manual,195.99,213.64,TRUE,TRUE,,"https://dphpia7d6qb4m.cloudfront.net/images/10210-4asm_01_t.png",1,"Drive Medical Standard Walkers (DR-10210-4ASM)",98.00,active
"drive-medical-dr-r800kd-bl-dr-r800kd-bl","Drive Medical 4-Wheel Rollators (DR-R800KD-BL)","<p>Drive Medical rollator (SKU DR-R800KD-BL), a wheeled walker with a seat and hand brakes that provides walking stability and a place to rest during outings.</p>","Drive Medical","4-Wheel Rollators","4-Wheel Rollators","drive medical, medical, wholesale-normalized, shopify-ready",TRUE,Title,Default Title,"DR-R800KD-BL",1500,shopify,25,deny,manual,87.99,98.10,TRUE,TRUE,,"https://dphpia7d6qb4m.cloudfront.net/images/r800kd-bl_01_t.png",1,"Drive Medical 4-Wheel Rollators (DR-R800KD-BL)",45.00,active
"drive-devilbiss-dr-stds801-dr-stds801","Drive DeVilbiss Wheel Lock/Brake Extensions (DR-STDS801)","<p>Wheel Lock Extensions For use with Cirrus IV, Cougar, Blue Streak, Sentra EC Heacy Duty, Sentra Extra HD, Bariatric Sentra EC, Extra-Extra Wide Wheelchairs</p>","Drive DeVilbiss","Wheel Lock/Brake Extensions","Wheel Lock/Brake Extensions","drive devilbiss, appliance, wholesale-normalized, shopify-ready",TRUE,Title,Default Title,"DR-STDS801",1500,shopify,25,deny,manual,7.99,9.81,TRUE,TRUE,,"https://dphpia7d6qb4m.cloudfront.net/images/dr-stds801_01_t.jpg",1,"Drive DeVilbiss Wheel Lock/Brake Extensions (DR-STDS801)",4.50,active
"drive-devilbiss-dr-k3-dr-k3","Drive DeVilbiss K3 Lightweight Wheelchairs (DR-K3)","<p>Drive's Cruiser III wheelchair is made with a carbon steel frame with silver vein finish. Built-in seat rail extensions and extendable upholstery easily adjust seat depth from 16"" to 18"". The new frame style eliminates seat guides and allows for custom back inserts and accessories. Nylon upholstery is durable, lightweight, attractive and easy-to-clean.</p>","Drive DeVilbiss","K3 Lightweight Wheelchairs","K3 Lightweight Wheelchairs","drive devilbiss, lamp, wholesale-normalized, shopify-ready",TRUE,Title,Default Title,"DR-K3",1500,shopify,25,deny,manual,87.99,98.10,TRUE,TRUE,,"https://dphpia7d6qb4m.cloudfront.net/images/dr-k3_01_t.png",1,"Drive DeVilbiss K3 Lightweight Wheelchairs (DR-K3)",45.00,active
"drive-devilbiss-dr-stdec-dr-stdec","Drive DeVilbiss K6/K7 Bariatric Wheelchairs (DR-STDEC)","<p>The Sentra has a carbon steel frame with triple-coated chrome for an attractive, chip-proof, maintainable finish.Swing-away footrests or elevating leg rests with tool-free adjustable length riggings included!</p>","Drive DeVilbiss","K6/K7 Bariatric Wheelchairs","K6/K7 Bariatric Wheelchairs","drive devilbiss, appliance, wholesale-normalized, shopify-ready",TRUE,Title,Default Title,"DR-STDEC",1500,shopify,25,deny,manual,87.99,98.10,TRUE,TRUE,,"https://dphpia7d6qb4m.cloudfront.net/images/dr-stdec_01_t.png",1,"Drive DeVilbiss K6/K7 Bariatric Wheelchairs (DR-STDEC)",45.00,active
"drive-devilbiss-dr-lk3jelr-dr-lk3jelr","Drive DeVilbiss Elevating Leg Rests (DR-LK3JELR)","<p>Drive DeVilbiss elevating leg rest (SKU DR-LK3JELR) that raises and supports the lower leg for improved circulation and comfort, with adjustable height and angle. Attaches to compatible Drive DeVilbiss wheelchair frames.</p>","Drive DeVilbiss","Elevating Leg Rests","Elevating Leg Rests","drive devilbiss, appliance, wholesale-normalized, shopify-ready",TRUE,Title,Default Title,"DR-LK3JELR",1500,shopify,25,deny,manual,62.99,70.85,TRUE,TRUE,,"https://dphpia7d6qb4m.cloudfront.net/images/dr-lk3jelr_01_t.png",1,"Drive DeVilbiss Elevating Leg Rests (DR-LK3JELR)",32.50,active
"drive-devilbiss-dr-stds819-dr-stds819","Drive DeVilbiss Anti-Tippers (DR-STDS819)","<p>Drive DeVilbiss wheelchair anti-tipper (SKU DR-STDS819), a rear safety attachment that helps prevent the chair from tipping backward on inclines or uneven ground. Easy to install on compatible frames.</p>","Drive DeVilbiss","Anti-Tippers","Anti-Tippers","drive devilbiss, appliance, wholesale-normalized, shopify-ready",TRUE,Title,Default Title,"DR-STDS819",1500,shopify,25,deny,manual,22.99,27.25,TRUE,TRUE,,"https://dphpia7d6qb4m.cloudfront.net/images/dr-stds819_01_t.png",1,"Drive DeVilbiss Anti-Tippers (DR-STDS819)",12.50,active
"drive-devilbiss-dr-ssprdv-dr-ssprdv","Drive DeVilbiss Reclining Wheelchairs (DR-SSPRDV)","<p>Drive Silver Sport full reclining wheelchair now comes in vinyl upholstery! Vinyl upholstery is comfortable, lightweight and easy-to-clean. The Carbon Steel frame with silver vein finish is attractive, and easy-to-maintain.</p>","Drive DeVilbiss","Reclining Wheelchairs","Reclining Wheelchairs","drive devilbiss, appliance, wholesale-normalized, shopify-ready",TRUE,Title,Default Title,"DR-SSPRDV",1500,shopify,25,deny,manual,87.99,98.10,TRUE,TRUE,,"https://dphpia7d6qb4m.cloudfront.net/images/dr-ssprdv_01_t.png",1,"Drive DeVilbiss Reclining Wheelchairs (DR-SSPRDV)",45.00,active
"drive-devilbiss-dr-stds833n-dr-stds833n","Drive DeVilbiss Anti-Tippers (DR-STDS833N)","<p>Anti-Tippers with wheels that is used with Silver Sport I/II, Rebel, Chrome Sport wheelchairs.</p>","Drive DeVilbiss","Anti-Tippers","Anti-Tippers","drive devilbiss, appliance, wholesale-normalized, shopify-ready",TRUE,Title,Default Title,"DR-STDS833N",1500,shopify,25,deny,manual,22.99,27.14,TRUE,TRUE,,"https://dphpia7d6qb4m.cloudfront.net/images/dr-stds833n_01_t.png",1,"Drive DeVilbiss Anti-Tippers (DR-STDS833N)",12.45,active
"drive-devilbiss-dr-stds3j24sf-dr-stds3j24sf","Drive DeVilbiss Elevating Leg Rests (DR-STDS3J24SF)","<p>Pair of swing-away footrests that are used with Blue Streak, Silver Sport I/II, Cruiser III, Cirrus IV, Viper, Viper Plus GT/Reclining Wheelchairs.</p>","Drive DeVilbiss","Elevating Leg Rests","Elevating Leg Rests","drive devilbiss, appliance, wholesale-normalized, shopify-ready",TRUE,Title,Default Title,"DR-STDS3J24SF",1500,shopify,25,deny,manual,49.99,55.59,TRUE,TRUE,,"https://dphpia7d6qb4m.cloudfront.net/images/dr-stds3j24sf_01_t.png",1,"Drive DeVilbiss Elevating Leg Rests (DR-STDS3J24SF)",25.50,active
"drive-devilbiss-dr-stds850-dr-stds850","Drive DeVilbiss Seat Belts (DR-STDS850)","<p>Compatible with all Drive and other leading manufactuers' wheelchairs. Can accomodate waist sizes up to 48 inches.</p>","Drive DeVilbiss","Seat Belts","Seat Belts","drive devilbiss, appliance, wholesale-normalized, shopify-ready",TRUE,Title,Default Title,"DR-STDS850",1500,shopify,25,deny,manual,15.99,19.08,TRUE,TRUE,,"https://dphpia7d6qb4m.cloudfront.net/images/dr-stds850_01_t.png",1,"Drive DeVilbiss Seat Belts (DR-STDS850)",8.75,active
"drive-devilbiss-dr-wasl-dr-wasl","Drive DeVilbiss Wheelchair Parts (DR-WASL)","<p>Drive limb support used for left limb</p>","Drive DeVilbiss","Wheelchair Parts","Wheelchair Parts","drive devilbiss, appliance, wholesale-normalized, shopify-ready",TRUE,Title,Default Title,"DR-WASL",1500,shopify,25,deny,manual,40.99,45.78,TRUE,TRUE,,"https://dphpia7d6qb4m.cloudfront.net/images/dr-wasl_01_t.png",1,"Drive DeVilbiss Wheelchair Parts (DR-WASL)",21.00,active
"drive-devilbiss-dr-wasr-dr-wasr","Drive DeVilbiss Wheelchair Parts (DR-WASR)","<p>Drive limb support used for right limb</p>","Drive DeVilbiss","Wheelchair Parts","Wheelchair Parts","drive devilbiss, appliance, wholesale-normalized, shopify-ready",TRUE,Title,Default Title,"DR-WASR",1500,shopify,25,deny,manual,40.99,45.78,TRUE,TRUE,,"https://dphpia7d6qb4m.cloudfront.net/images/dr-wasr_01_t.png",1,"Drive DeVilbiss Wheelchair Parts (DR-WASR)",21.00,active
"drive-devilbiss-dr-stdelr-al-dr-stdelr-al","Drive DeVilbiss Elevating Leg Rests (DR-STDELR-AL)","<p>Articulating elevating legrests, for use with manual wheelchairs</p>","Drive DeVilbiss","Elevating Leg Rests","Elevating Leg Rests","drive devilbiss, appliance, wholesale-normalized, shopify-ready",TRUE,Title,Default Title,"DR-STDELR-AL",1500,shopify,25,deny,manual,174.99,190.97,TRUE,TRUE,,"https://dphpia7d6qb4m.cloudfront.net/images/dr-stdelr-al_01_t.jpg",1,"Drive DeVilbiss Elevating Leg Rests (DR-STDELR-AL)",87.60,active
"drive-devilbiss-dr-std-eew-dr-std-eew","Drive DeVilbiss K6/K7 Bariatric Wheelchairs (DR-STD-EEW)","<p>The Sentra has a carbon steel frame with triple-coated chrome for an attractive, chip-proof, maintainable finish.Riggings have extra-large, heavy-duty, aluminum foot plates that provide maximum support, are attractive and crack proof (Must be ordered separately).</p>","Drive DeVilbiss","K6/K7 Bariatric Wheelchairs","K6/K7 Bariatric Wheelchairs","drive devilbiss, appliance, wholesale-normalized, shopify-ready",TRUE,Title,Default Title,"DR-STD-EEW",1500,shopify,25,deny,manual,87.99,98.10,TRUE,TRUE,,"https://dphpia7d6qb4m.cloudfront.net/images/dr-std-eew_01_t.png",1,"Drive DeVilbiss K6/K7 Bariatric Wheelchairs (DR-STD-EEW)",45.00,active
"drive-devilbiss-dr-cx4-dr-cx4","Drive DeVilbiss K4 Lightweight Wheelchairs (DR-CX4)","<p>The Cruiser X4 Wheelchair weighs 34 lbs. or less, making it easy to propel and transport. The frame style eliminates seat guides and allows for custom back and accessories. The flip-back, removable arm is height adjustable from top of seat rail 10"" to 14"" and features a front mounted easy-to-use lever release mechanism (Figure A, B, C). The padded armrests provided additional patient comfort. Drive's patented adjustable depth seat allows for either 16"" or 18"" chair depths (Figure D, E, F).</p>","Drive DeVilbiss","K4 Lightweight Wheelchairs","K4 Lightweight Wheelchairs","drive devilbiss, lamp, wholesale-normalized, shopify-ready",TRUE,Title,Default Title,"DR-CX4",1500,shopify,25,deny,manual,87.99,98.10,TRUE,TRUE,,"https://dphpia7d6qb4m.cloudfront.net/images/dr-cx4_01_t.png",1,"Drive DeVilbiss K4 Lightweight Wheelchairs (DR-CX4)",45.00,active
"invacare-in-trex2-in-trex2","Invacare K1/K2 Standard Wheelchairs (IN-TREX2)","<p>Combining a heavy-duty seat inner liner, low-maintenance carbon steel frame and interchangeable components with the Invacare 9000 Wheelchair series, this wheelchair sets the benchmark for long-lasting, durable wheelchairs.</p>","Invacare","K1/K2 Standard Wheelchairs","K1/K2 Standard Wheelchairs","invacare, appliance, wholesale-normalized, shopify-ready",TRUE,Title,Default Title,"IN-TREX2",1500,shopify,25,deny,manual,87.99,98.10,TRUE,TRUE,,"https://dphpia7d6qb4m.cloudfront.net/images/in-trex2_01_t.png",1,"Invacare K1/K2 Standard Wheelchairs (IN-TREX2)",45.00,active
"nova-nv-319-nv-319","Nova Transport Chair (NV-319)","<p>Nova transport chair (SKU NV-319), a lightweight, foldable attendant-propelled chair designed for easy transport, folding, and storage rather than self-propulsion.</p>","Nova","Transport Chair","Transport Chair","nova, appliance, wholesale-normalized, shopify-ready",TRUE,Title,Default Title,"NV-319",1500,shopify,25,deny,manual,87.99,98.10,TRUE,TRUE,,"https://dphpia7d6qb4m.cloudfront.net/images/nv-319_01_t.png",1,"Nova Transport Chair (NV-319)",45.00,active
"drive-devilbiss-dr-std-dr-std","Drive DeVilbiss K6/K7 Bariatric Wheelchairs (DR-STD)","<p>The Sentra has a carbon steel frame with triple-coated chrome for an attractive, chip-proof, maintainable finish.Swing-away footrests or elevating leg rests with tool-free adjustable length riggings included!</p>","Drive DeVilbiss","K6/K7 Bariatric Wheelchairs","K6/K7 Bariatric Wheelchairs","drive devilbiss, appliance, wholesale-normalized, shopify-ready",TRUE,Title,Default Title,"DR-STD",1500,shopify,25,deny,manual,87.99,98.10,TRUE,TRUE,,"https://dphpia7d6qb4m.cloudfront.net/images/dr-std_01_t.png",1,"Drive DeVilbiss K6/K7 Bariatric Wheelchairs (DR-STD)",45.00,active
"proactive-medical-pro-pp-sf-pro-pp-sf","Proactive Medical Swing-Away Footrests (PRO-PP-SF)","<p>Proactive's Universal Swing-Away Footrests in black. These are comparable to the Drive Swing-Away Footrests.</p>","Proactive Medical","Swing-Away Footrests","Swing-Away Footrests","proactive medical, medical, wholesale-normalized, shopify-ready",TRUE,Title,Default Title,"PRO-PP-SF",1500,shopify,25,deny,manual,54.99,62.02,TRUE,TRUE,,"https://dphpia7d6qb4m.cloudfront.net/images/pro-pp-sf_01_t.png",1,"Proactive Medical Swing-Away Footrests (PRO-PP-SF)",28.45,active
"drive-devilbiss-dr-rtlreb18dda-sf-dr-rtlreb18dda-sf","Drive DeVilbiss K1/K2 Standard Wheelchairs (DR-RTLREB18DDA-SF)","<p>Drive DeVilbiss standard wheelchair (SKU DR-RTLREB18DDA-SF), a durable, everyday manual wheelchair suited to home use, short trips out, and general mobility support.</p>","Drive DeVilbiss","K1/K2 Standard Wheelchairs","K1/K2 Standard Wheelchairs","drive devilbiss, appliance, wholesale-normalized, shopify-ready",TRUE,Title,Default Title,"DR-RTLREB18DDA-SF",1500,shopify,25,deny,manual,379.99,413.98,TRUE,TRUE,,"https://dphpia7d6qb4m.cloudfront.net/images/dr-rtlreb18dda-sf_01_t.png",1,"Drive DeVilbiss K1/K2 Standard Wheelchairs (DR-RTLREB18DDA-SF)",189.90,active
"feather-chair-fc-fcm18-bk-bc-fc-fcm18-bk-bc","Feather Chair Ultra Lightweight Wheelchairs (FC-FCM18-BK-BC)","<p>Feather Chair ultralightweight wheelchair (SKU FC-FCM18-BK-BC) built from lightweight materials for easier transport and self-propulsion, suited to active users who need a chair that's easy to lift and maneuver.</p>","Feather Chair","Ultra Lightweight Wheelchairs","Ultra Lightweight Wheelchairs","feather chair, lamp, wholesale-normalized, shopify-ready",TRUE,Title,Default Title,"FC-FCM18-BK-BC",1500,shopify,25,deny,manual,1093.99,1177.20,TRUE,TRUE,,"https://dphpia7d6qb4m.cloudfront.net/images/fc-fcm18-bk-bc_01_t.png",1,"Feather Chair Ultra Lightweight Wheelchairs (FC-FCM18-BK-BC)",540.00,active
"drive-devilbiss-dr-stds801gt-dr-stds801gt","Drive DeVilbiss Wheel Lock/Brake Extensions (DR-STDS801GT)","<p>This wheel lock extension is compatible with the Drive Chrome Sport, Viper GT, Cruiser III, Rebel, and Silver Sport I/II Wheelchair (Excluding Serial #3J).</p>","Drive DeVilbiss","Wheel Lock/Brake Extensions","Wheel Lock/Brake Extensions","drive devilbiss, appliance, wholesale-normalized, shopify-ready",TRUE,Title,Default Title,"DR-STDS801GT",1500,shopify,25,deny,manual,21.99,25.18,TRUE,TRUE,,"https://dphpia7d6qb4m.cloudfront.net/images/dr-stds801gt_01_t.png",1,"Drive DeVilbiss Wheel Lock/Brake Extensions (DR-STDS801GT)",11.55,active
"drive-devilbiss-dr-stds802-dr-stds802","Drive DeVilbiss Anti-Tippers (DR-STDS802)","<p>Drive DeVilbiss wheelchair anti-tipper (SKU DR-STDS802), a rear safety attachment that helps prevent the chair from tipping backward on inclines or uneven ground. Easy to install on compatible frames.</p>","Drive DeVilbiss","Anti-Tippers","Anti-Tippers","drive devilbiss, appliance, wholesale-normalized, shopify-ready",TRUE,Title,Default Title,"DR-STDS802",1500,shopify,25,deny,manual,72.99,81.86,TRUE,TRUE,,"https://dphpia7d6qb4m.cloudfront.net/images/dr-stds802p_01_t.jpg",1,"Drive DeVilbiss Anti-Tippers (DR-STDS802)",37.55,active
"drive-devilbiss-dr-cln400-20-dr-cln400-20","Drive DeVilbiss Positioning Wheelchairs (DR-CLN400-20)","<p>The Drive Rose Chair with Caster Full Tilt and Recliner offers similar features but at a competitive, entry level price point. Perfect for the LTC facilities and rental companies looking for value product. When stacked against our competition, it is the only value priced product on the market with a 400lb weight capacity. The DRIVE Chair with Caster Full Tilt and Recliner will offer exceptional positioning and comfort over traditional wheel and geriatric chairs.</p>","Drive DeVilbiss","Positioning Wheelchairs","Positioning Wheelchairs","drive devilbiss, appliance, wholesale-normalized, shopify-ready",TRUE,Title,Default Title,"DR-CLN400-20",1500,shopify,25,deny,manual,2801.99,3012.98,TRUE,TRUE,,"https://dphpia7d6qb4m.cloudfront.net/images/cln400-20_01_t.png",1,"Drive DeVilbiss Positioning Wheelchairs (DR-CLN400-20)",1382.10,active
"drive-devilbiss-dr-ph-sf-dr-ph-sf","Drive DeVilbiss Swing-Away Footrests (DR-PH-SF)","<p>Swing away footrests for use with Bariatric Sentra EC Heavy Duty (Deluxe) Extra-Extra Wide STDS26-STD30 Series Aluminum Footplate</p>","Drive DeVilbiss","Swing-Away Footrests","Swing-Away Footrests","drive devilbiss, appliance, wholesale-normalized, shopify-ready",TRUE,Title,Default Title,"DR-PH-SF",1500,shopify,25,deny,manual,199.99,218.44,TRUE,TRUE,,"https://dphpia7d6qb4m.cloudfront.net/images/dr-ph-sf_01_t.jpg",1,"Drive DeVilbiss Swing-Away Footrests (DR-PH-SF)",100.20,active
"drive-devilbiss-dr-stds6008-1-dr-stds6008-1","Drive DeVilbiss Cylinder Bags (DR-STDS6008-1)","<p>Oxygen Cylinder Carry Bag for Wheelchair</p>","Drive DeVilbiss","Cylinder Bags","Cylinder Bags","drive devilbiss, appliance, wholesale-normalized, shopify-ready",TRUE,Title,Default Title,"DR-STDS6008-1",1500,shopify,25,deny,manual,49.99,56.35,TRUE,TRUE,,"https://dphpia7d6qb4m.cloudfront.net/images/dr-stds6008-1_01_t.jpg",1,"Drive DeVilbiss Cylinder Bags (DR-STDS6008-1)",25.85,active
"drive-devilbiss-dr-stds803-dr-stds803","Drive DeVilbiss Cylinder Holders (DR-STDS803)","<p>Oxygen ""E"" Cylinder Holders</p>","Drive DeVilbiss","Cylinder Holders","Cylinder Holders","drive devilbiss, appliance, wholesale-normalized, shopify-ready",TRUE,Title,Default Title,"DR-STDS803",1500,shopify,25,deny,manual,67.99,76.30,TRUE,TRUE,,"https://www.lakecourt.com/wheelchairs/images/no-image.png",1,"Drive DeVilbiss Cylinder Holders (DR-STDS803)",35.00,active
"nova-ortho-med-nv-377b-r-nv-377b-r","Nova Ortho-Med Aluminum Transport Chairs (NV-377B-R)","<p>The Lightweight Transport Chair 18″ (377B-R) has a lightweight aluminum frame and padded armrests. It is foldable with removable wheels and has a quick release fold-down back.The product names says it all! These great chairs (and not the “Wheelchair” kind) are 1) Lightweight – so easy to lift and 2) Transport – they can take you just about anywhere. So, just because your legs can’t get you there doesn’t mean you can’t be there and be together.</p>","Nova Ortho-Med","Aluminum Transport Chairs","Aluminum Transport Chairs","nova ortho-med, appliance, wholesale-normalized, shopify-ready",TRUE,Title,Default Title,"NV-377B-R",1500,shopify,25,deny,manual,293.99,320.46,TRUE,TRUE,,"https://dphpia7d6qb4m.cloudfront.net/images/nv-377b-r_01_t.png",1,"Nova Ortho-Med Aluminum Transport Chairs (NV-377B-R)",147.00,active
"probasics-ros-wc21816ds-ros-wc21816ds","ProBasics K1/K2 Standard Wheelchairs (ROS-WC21816DS)","<p>Patient weight capacity of 300 pounds</p>","ProBasics","K1/K2 Standard Wheelchairs","K1/K2 Standard Wheelchairs","probasics, appliance, wholesale-normalized, shopify-ready",TRUE,Title,Default Title,"ROS-WC21816DS",1500,shopify,25,deny,manual,249.99,272.50,TRUE,TRUE,,"https://dphpia7d6qb4m.cloudfront.net/images/ros-wc21816ds_01_t.png",1,"ProBasics K1/K2 Standard Wheelchairs (ROS-WC21816DS)",125.00,active
"proactive-medical-pro-47001-pro-47001","Proactive Medical Wheelchair Parts (PRO-47001)","<p>Genuine Proactive Medical replacement part for Proactive Medical wheelchairs (SKU PRO-47001), built to the same specifications as the original component. Wheelchair parts vary by model and frame year, so please confirm compatibility with your exact chair before ordering, or contact us and we'll verify fitment for you.</p>","Proactive Medical","Wheelchair Parts","Wheelchair Parts","proactive medical, medical, wholesale-normalized, shopify-ready",TRUE,Title,Default Title,"PRO-47001",1500,shopify,25,deny,manual,68.99,76.74,TRUE,TRUE,,"https://dphpia7d6qb4m.cloudfront.net/images/pro-47001_t.jpg",1,"Proactive Medical Wheelchair Parts (PRO-47001)",35.20,active
"drive-devilbiss-dr-phelr-dr-phelr","Drive DeVilbiss Elevating Leg Rests (DR-PHELR)","<p>Swing-away Elevating Leg rests Aluminum footplate For use with Bariatric Sentra EC Heavy Duty</p>","Drive DeVilbiss","Elevating Leg Rests","Elevating Leg Rests","drive devilbiss, appliance, wholesale-normalized, shopify-ready",TRUE,Title,Default Title,"DR-PHELR",1500,shopify,25,deny,manual,242.99,264.65,TRUE,TRUE,,"https://dphpia7d6qb4m.cloudfront.net/images/dr-phelr_01_t.jpg",1,"Drive DeVilbiss Elevating Leg Rests (DR-PHELR)",121.40,active
"invacare-in-t93happ-in-t93happ","Invacare Swing-Away Footrests (IN-T93HAPP)","<p>Invacare Hemi Footrests With Composite Footplates And Heel Loops are for use with Invacare Tracer EX2 Wheelchairs.</p>","Invacare","Swing-Away Footrests","Swing-Away Footrests","invacare, appliance, wholesale-normalized, shopify-ready",TRUE,Title,Default Title,"IN-T93HAPP",1500,shopify,25,deny,manual,87.99,98.10,TRUE,TRUE,,"https://dphpia7d6qb4m.cloudfront.net/images/in-t93hap_t.jpg",1,"Invacare Swing-Away Footrests (IN-T93HAPP)",45.00,active
"drive-devilbiss-dr-l41-dr-l41","Drive DeVilbiss Pediatric Wheelchairs (DR-L41)","<p>Easier to propel and transport. New frame style eliminates seat guides and allows for custom backs and accessories.</p>","Drive DeVilbiss","Pediatric Wheelchairs","Pediatric Wheelchairs","drive devilbiss, appliance, wholesale-normalized, shopify-ready",TRUE,Title,Default Title,"DR-L41",1500,shopify,25,deny,manual,87.99,98.10,TRUE,TRUE,,"https://dphpia7d6qb4m.cloudfront.net/images/dr-l41_01_t.png",1,"Drive DeVilbiss Pediatric Wheelchairs (DR-L41)",45.00,active
"drive-devilbiss-dr-stds818-dr-stds818","Drive DeVilbiss Anti-Tippers (DR-STDS818)","<p>Drive DeVilbiss wheelchair anti-tipper (SKU DR-STDS818), a rear safety attachment that helps prevent the chair from tipping backward on inclines or uneven ground. Easy to install on compatible frames.</p>","Drive DeVilbiss","Anti-Tippers","Anti-Tippers","drive devilbiss, appliance, wholesale-normalized, shopify-ready",TRUE,Title,Default Title,"DR-STDS818",1500,shopify,25,deny,manual,43.99,49.05,TRUE,TRUE,,"https://dphpia7d6qb4m.cloudfront.net/images/dr-stds818_01_t.png",1,"Drive DeVilbiss Anti-Tippers (DR-STDS818)",22.50,active
"drive-devilbiss-dr-af-dr-af","Drive DeVilbiss Wheelchairs - K4 Lightweight (DR-AF)","<p>AF18FDABK/AF18FDAGY: 13.3 lbs. (Frame only weight, excludes rear wheels) | 19 lbs. (Total weight inc. rear wheels)</p>","Drive DeVilbiss","Wheelchairs - K4 Lightweight","Wheelchairs - K4 Lightweight","drive devilbiss, lamp, wholesale-normalized, shopify-ready",TRUE,Title,Default Title,"DR-AF",1500,shopify,25,deny,manual,87.99,98.10,TRUE,TRUE,,"https://dphpia7d6qb4m.cloudfront.net/images/af18fdabk-sf_t.jpg",1,"Drive DeVilbiss Wheelchairs - K4 Lightweight (DR-AF)",45.00,active
"drive-devilbiss-dr-pla4-dr-pla4","Drive DeVilbiss K4 Lightweight/High-Strength Wheelchairs (DR-PLA4)","<p>Drive DeVilbiss wheelchair (SKU DR-PLA4) designed for everyday mobility support at home or on the go.</p>","Drive DeVilbiss","K4 Lightweight/High-Strength Wheelchairs","K4 Lightweight/High-Strength Wheelchairs","drive devilbiss, lamp, wholesale-normalized, shopify-ready",TRUE,Title,Default Title,"DR-PLA4",1500,shopify,25,deny,manual,87.99,98.10,TRUE,TRUE,,"https://dphpia7d6qb4m.cloudfront.net/images/dr-pla4_01_t.png",1,"Drive DeVilbiss K4 Lightweight/High-Strength Wheelchairs (DR-PLA4)",45.00,active
"drive-devilbiss-dr-std22rbdda-dr-std22rbdda","Drive DeVilbiss Reclining Wheelchairs (DR-STD22RBDDA)","<p>Deluxe Sentra Full Reclining Wheelchair</p>","Drive DeVilbiss","Reclining Wheelchairs","Reclining Wheelchairs","drive devilbiss, appliance, wholesale-normalized, shopify-ready",TRUE,Title,Default Title,"DR-STD22RBDDA",1500,shopify,25,deny,manual,922.99,992.55,TRUE,TRUE,,"https://dphpia7d6qb4m.cloudfront.net/images/dr-std22rbdda_01_t.png",1,"Drive DeVilbiss Reclining Wheelchairs (DR-STD22RBDDA)",455.30,active
"nova-ortho-med-nv-2624-r-nv-2624-r","Nova Ortho-Med Wheelchair Accessories (NV-2624-R)","<p>Nova Ortho-Med wheelchair accessory (SKU NV-2624-R) that adds convenience or comfort to compatible Nova Ortho-Med wheelchairs. Please confirm fit with your specific chair model before ordering.</p>","Nova Ortho-Med","Wheelchair Accessories","Wheelchair Accessories","nova ortho-med, appliance, wholesale-normalized, shopify-ready",TRUE,Title,Default Title,"NV-2624-R",1500,shopify,25,deny,manual,16.99,20.17,TRUE,TRUE,,"https://dphpia7d6qb4m.cloudfront.net/images/nv-2624-r_t.jpg",1,"Nova Ortho-Med Wheelchair Accessories (NV-2624-R)",9.25,active
"drive-devilbiss-dr-stdsf-tf-dr-stdsf-tf","Drive DeVilbiss Swing-Away Footrests (DR-STDSF-TF)","<p>Swing-Away Footrests with aluminum footplateFor use with Briatric Sentra EC, Heavy Duty (STD20EC with Dual Cross Bar thru STD24EC Series) and Bariatric Sentra Heavy Duty</p>","Drive DeVilbiss","Swing-Away Footrests","Swing-Away Footrests","drive devilbiss, appliance, wholesale-normalized, shopify-ready",TRUE,Title,Default Title,"DR-STDSF-TF",1500,shopify,25,deny,manual,62.99,70.31,TRUE,TRUE,,"https://dphpia7d6qb4m.cloudfront.net/images/dr-stdsf-tf_01_t.jpg",1,"Drive DeVilbiss Swing-Away Footrests (DR-STDSF-TF)",32.25,active
"comfort-company-cc-761sfr-cc-761sfr","Comfort Company Wheelchair Parts and Accessories (CC-761SFR)","<p>The Flip Up half lap tray is our solution for those users who need a non contoured tray that can be easily moved. The unique design allows the tray to be flipped up allowing for quick transfers. This easy-to-clean, comfortable lap tray is compatible with any wheelchair.</p>","Comfort Company","Wheelchair Parts and Accessories","Wheelchair Parts and Accessories","comfort company, cookware, wholesale-normalized, shopify-ready",TRUE,Title,Default Title,"CC-761SFR",1500,shopify,25,deny,manual,194.99,212.44,TRUE,TRUE,,"https://www.lakecourt.com/wheelchairs/images/no-image.png",1,"Comfort Company Wheelchair Parts and Accessories (CC-761SFR)",97.45,active
"probasics-ros-wc22016ds-ros-wc22016ds","ProBasics K1/K2 Standard Wheelchairs (ROS-WC22016DS)","<p>Patient weight capacity of 300 pounds</p>","ProBasics","K1/K2 Standard Wheelchairs","K1/K2 Standard Wheelchairs","probasics, appliance, wholesale-normalized, shopify-ready",TRUE,Title,Default Title,"ROS-WC22016DS",1500,shopify,25,deny,manual,249.99,272.50,TRUE,TRUE,,"https://dphpia7d6qb4m.cloudfront.net/images/ros-wc22016ds_01_t.png",1,"ProBasics K1/K2 Standard Wheelchairs (ROS-WC22016DS)",125.00,active
"drive-devilbiss-dr-pla418rbdda-dr-pla418rbdda","Drive DeVilbiss Reclining Wheelchairs (DR-PLA418RBDDA)","<p>Built-in seat rail extension and extendable upholstery easily adjusts seat depth from 16"" or 18"".</p>","Drive DeVilbiss","Reclining Wheelchairs","Reclining Wheelchairs","drive devilbiss, appliance, wholesale-normalized, shopify-ready",TRUE,Title,Default Title,"DR-PLA418RBDDA",1500,shopify,25,deny,manual,1024.99,1102.75,TRUE,TRUE,,"https://dphpia7d6qb4m.cloudfront.net/images/dr-pla418rbdda_01_t.png",1,"Drive DeVilbiss Reclining Wheelchairs (DR-PLA418RBDDA)",505.85,active
"drive-devilbiss-dr-jlelr-tf-dr-jlelr-tf","Drive DeVilbiss Elevating Leg Rests (DR-JLELR-TF)","<p>Drive DeVilbiss elevating leg rest (SKU DR-JLELR-TF) that raises and supports the lower leg for improved circulation and comfort, with adjustable height and angle. Attaches to compatible Drive DeVilbiss wheelchair frames.</p>","Drive DeVilbiss","Elevating Leg Rests","Elevating Leg Rests","drive devilbiss, appliance, wholesale-normalized, shopify-ready",TRUE,Title,Default Title,"DR-JLELR-TF",1500,shopify,25,deny,manual,142.99,155.87,TRUE,TRUE,,"https://dphpia7d6qb4m.cloudfront.net/images/dr-jlelr-tf_01_t.png",1,"Drive DeVilbiss Elevating Leg Rests (DR-JLELR-TF)",71.50,active
"drive-devilbiss-dr-stdelr-tf-dr-stdelr-tf","Drive DeVilbiss Elevating Leg Rests (DR-STDELR-TF)","<p>Swing-away elevating Leg rests</p>","Drive DeVilbiss","Elevating Leg Rests","Elevating Leg Rests","drive devilbiss, appliance, wholesale-normalized, shopify-ready",TRUE,Title,Default Title,"DR-STDELR-TF",1500,shopify,25,deny,manual,108.99,118.59,TRUE,TRUE,,"https://dphpia7d6qb4m.cloudfront.net/images/dr-stdelr-tf_01_t.jpg",1,"Drive DeVilbiss Elevating Leg Rests (DR-STDELR-TF)",54.40,active
"drive-devilbiss-dr-stds1040s-dr-stds1040s","Drive DeVilbiss Cup Holders (DR-STDS1040S)","<p>Genuine Drive DeVilbiss Cup Holders (SKU DR-STDS1040S), a replacement part or accessory for compatible Drive DeVilbiss equipment. Please contact us to confirm fitment for your specific model before ordering.</p>","Drive DeVilbiss","Cup Holders","Cup Holders","drive devilbiss, appliance, wholesale-normalized, shopify-ready",TRUE,Title,Default Title,"DR-STDS1040S",1500,shopify,25,deny,manual,17.99,21.30,TRUE,TRUE,,"https://dphpia7d6qb4m.cloudfront.net/images/dr-stds1040s_01_t.jpg",1,"Drive DeVilbiss Cup Holders (DR-STDS1040S)",9.77,active
"drive-devilbiss-dr-tr-dr-tr","Drive DeVilbiss Specialty Transport Chairs (DR-TR)","<p>Poly-Fly High Strength, Lightweight Wheelchair/Flyweight Transport Chair Combo</p>","Drive DeVilbiss","Specialty Transport Chairs","Specialty Transport Chairs","drive devilbiss, appliance, wholesale-normalized, shopify-ready",TRUE,Title,Default Title,"DR-TR",1500,shopify,25,deny,manual,87.99,98.10,TRUE,TRUE,,"https://dphpia7d6qb4m.cloudfront.net/images/dr-tr_01_t.png",1,"Drive DeVilbiss Specialty Transport Chairs (DR-TR)",45.00,active
"broda-bro-30vt18-bro-30vt18","Broda Positioning Chairs (BRO-30VT18)","<p>Looking for a durable, economic tilt and recline wheelchair? The Centric Positioning Wheelchair provides you with therapeutic-grade pressure relief for a level of comfort unlike any other. Broda has thoughtfully designed the Centric to help you remain physically and socially active. Enhance your mobility and independence with a wheelchair customized to fit your body, lifestyle, and care needs. Broda is a trusted manufacturer of durable medical equipment for any care environment.LAKE COURT DESCRIPTION: BRODA, 30VT, 18"", CENTRIC SEMI RECLINER, INCLUDES: GREY STRAP-20.5"" SEAT HT.- 32"" BACK HT.-17"" SEAT DEPTH- 1 REAR DIRECTIONAL LOCK CASTER - SINGLE FOOTSTRAP- FULL PADDING - SELECT VINYL COLOR - SOFT ARMRESTS - NECKREST- SHOULD BOLSTER SHORT- LOWER SIDE PADS- UPPER SIDE PADS -SOLE PAD - CALF PAD - REMOVABLE VINYL SEAT AND BACK COVERS **THIS IS NOT A FREE FREIGHT ITEM**</p>","Broda","Positioning Chairs","Positioning Chairs","broda, appliance, wholesale-normalized, shopify-ready",TRUE,Title,Default Title,"BRO-30VT18",1500,shopify,25,deny,manual,4476.99,4814.53,TRUE,TRUE,,"https://dphpia7d6qb4m.cloudfront.net/images/bro-30vt18_01_t.png",1,"Broda Positioning Chairs (BRO-30VT18)",2208.50,active
"invacare-in-t4-in-t4","Invacare Standard Wheelchairs (IN-T4)","<p>Invacare standard wheelchair (SKU IN-T4), a durable, everyday manual wheelchair suited to home use, short trips out, and general mobility support.</p>","Invacare","Standard Wheelchairs","Standard Wheelchairs","invacare, appliance, wholesale-normalized, shopify-ready",TRUE,Title,Default Title,"IN-T4",1500,shopify,25,deny,manual,87.99,98.10,TRUE,TRUE,,"https://www.lakecourt.com/wheelchairs/images/no-image.png",1,"Invacare Standard Wheelchairs (IN-T4)",45.00,active
"rhythm-healthcare-ls-lr600sf-ls-lr600sf","Rhythm Healthcare Ramps (LS-LR600SF)","<p>Rhythm Healthcare mobility ramp (SKU LS-LR600SF) designed to provide safe, gradual access over steps or curbs for wheelchairs, scooters, and rollators, with durable construction for everyday use.</p>","Rhythm Healthcare","Ramps","Ramps","rhythm healthcare, appliance, wholesale-normalized, shopify-ready",TRUE,Title,Default Title,"LS-LR600SF",1500,shopify,25,deny,manual,355.99,388.04,TRUE,TRUE,,"https://dphpia7d6qb4m.cloudfront.net/images/ls-lr600sf_t.jpg",1,"Rhythm Healthcare Ramps (LS-LR600SF)",178.00,active
"drive-devilbiss-dr-pla422-dr-pla422","Drive DeVilbiss K4 Lightweight/High-Strength Wheelchairs (DR-PLA422)","<p>Drive DeVilbiss wheelchair (SKU DR-PLA422) designed for everyday mobility support at home or on the go.</p>","Drive DeVilbiss","K4 Lightweight/High-Strength Wheelchairs","K4 Lightweight/High-Strength Wheelchairs","drive devilbiss, lamp, wholesale-normalized, shopify-ready",TRUE,Title,Default Title,"DR-PLA422",1500,shopify,25,deny,manual,87.99,98.10,TRUE,TRUE,,"https://dphpia7d6qb4m.cloudfront.net/images/dr-pla422_01_t.png",1,"Drive DeVilbiss K4 Lightweight/High-Strength Wheelchairs (DR-PLA422)",45.00,active
"rhythm-healthcare-ls-l2-ls-l2","Rhythm Healthcare Aluminum Transport Chairs (LS-L2)","<p>Rhythm Healthcare transport chair (SKU LS-L2), a lightweight, foldable attendant-propelled chair designed for easy transport, folding, and storage rather than self-propulsion.</p>","Rhythm Healthcare","Aluminum Transport Chairs","Aluminum Transport Chairs","rhythm healthcare, appliance, wholesale-normalized, shopify-ready",TRUE,Title,Default Title,"LS-L2",1500,shopify,25,deny,manual,87.99,98.10,TRUE,TRUE,,"https://dphpia7d6qb4m.cloudfront.net/images/ls-l2_01_t.png",1,"Rhythm Healthcare Aluminum Transport Chairs (LS-L2)",45.00,active
"drive-devilbiss-dr-stds829-dr-stds829","Drive DeVilbiss Anti-Tippers (DR-STDS829)","<p>Drive DeVilbiss wheelchair anti-tipper (SKU DR-STDS829), a rear safety attachment that helps prevent the chair from tipping backward on inclines or uneven ground. Easy to install on compatible frames.</p>","Drive DeVilbiss","Anti-Tippers","Anti-Tippers","drive devilbiss, appliance, wholesale-normalized, shopify-ready",TRUE,Title,Default Title,"DR-STDS829",1500,shopify,25,deny,manual,46.99,52.97,TRUE,TRUE,,"https://dphpia7d6qb4m.cloudfront.net/images/dr-stds802p_01_t.jpg",1,"Drive DeVilbiss Anti-Tippers (DR-STDS829)",24.30,active
"feather-chair-fc-fcmhd-bk-bc-fc-fcmhd-bk-bc","Feather Chair Ultra Lightweight Wheelchairs (FC-FCMHD-BK-BC)","<p>Feather Chair ultralightweight wheelchair (SKU FC-FCMHD-BK-BC) built from lightweight materials for easier transport and self-propulsion, suited to active users who need a chair that's easy to lift and maneuver.</p>","Feather Chair","Ultra Lightweight Wheelchairs","Ultra Lightweight Wheelchairs","feather chair, lamp, wholesale-normalized, shopify-ready",TRUE,Title,Default Title,"FC-FCMHD-BK-BC",1500,shopify,25,deny,manual,1162.99,1251.32,TRUE,TRUE,,"https://dphpia7d6qb4m.cloudfront.net/images/fc-fcmhd-bk-bc_01_t.png",1,"Feather Chair Ultra Lightweight Wheelchairs (FC-FCMHD-BK-BC)",574.00,active
"probasics-ros-wc21616ds-ros-wc21616ds","ProBasics K1/K2 Standard Wheelchairs (ROS-WC21616DS)","<p>The ProBasics K2 Standard Hemi Wheelchair is designed to meet a variety of patient profiles. With a patient weight capacity of 300 pounds, a dual axle for hemi-height adjustment and multi-position caster forks, it is one of the more versatile wheelchairs on the market today. Standard features include flip back removable padded armrests, easy-to-clean vinyl upholstery, chart pocket and heel loops on the front riggings.</p>","ProBasics","K1/K2 Standard Wheelchairs","K1/K2 Standard Wheelchairs","probasics, appliance, wholesale-normalized, shopify-ready",TRUE,Title,Default Title,"ROS-WC21616DS",1500,shopify,25,deny,manual,249.99,272.50,TRUE,TRUE,,"https://dphpia7d6qb4m.cloudfront.net/images/ros-wc21616ds_01_t.png",1,"ProBasics K1/K2 Standard Wheelchairs (ROS-WC21616DS)",125.00,active
"comfort-company-cc-761fl-cc-761fl","Comfort Company Wheelchair Parts and Accessories (CC-761FL)","<p>Genuine Comfort Company replacement part for Comfort Company wheelchairs (SKU CC-761FL), built to the same specifications as the original component. Wheelchair parts vary by model and frame year, so please confirm compatibility with your exact chair before ordering, or contact us and we'll verify fitment for you.</p>","Comfort Company","Wheelchair Parts and Accessories","Wheelchair Parts and Accessories","comfort company, cookware, wholesale-normalized, shopify-ready",TRUE,Title,Default Title,"CC-761FL",1500,shopify,25,deny,manual,165.99,180.72,TRUE,TRUE,,"https://dphpia7d6qb4m.cloudfront.net/images/cc-761fl_t.jpg",1,"Comfort Company Wheelchair Parts and Accessories (CC-761FL)",82.90,active
"drive-devilbiss-dr-pl414rbdda-dr-pl414rbdda","Drive DeVilbiss Reclining Wheelchairs/Pediatric Wheelchairs (DR-PL414RBDDA)","<p>Pediatric Viper Plus Reclining Wheelchair 14""</p>","Drive DeVilbiss","Reclining Wheelchairs/Pediatric Wheelchairs","Reclining Wheelchairs/Pediatric Wheelchairs","drive devilbiss, appliance, wholesale-normalized, shopify-ready",TRUE,Title,Default Title,"DR-PL414RBDDA",1500,shopify,25,deny,manual,1102.99,1186.36,TRUE,TRUE,,"https://dphpia7d6qb4m.cloudfront.net/images/dr-pl414rbdda_01_t.png",1,"Drive DeVilbiss Reclining Wheelchairs/Pediatric Wheelchairs (DR-PL414RBDDA)",544.20,active
"comfort-company-cc-761sfl-cc-761sfl","Comfort Company Wheelchair Parts and Accessories (CC-761SFL)","<p>Genuine Comfort Company replacement part for Comfort Company wheelchairs (SKU CC-761SFL), built to the same specifications as the original component. Wheelchair parts vary by model and frame year, so please confirm compatibility with your exact chair before ordering, or contact us and we'll verify fitment for you.</p>","Comfort Company","Wheelchair Parts and Accessories","Wheelchair Parts and Accessories","comfort company, cookware, wholesale-normalized, shopify-ready",TRUE,Title,Default Title,"CC-761SFL",1500,shopify,25,deny,manual,194.99,212.44,TRUE,TRUE,,"https://dphpia7d6qb4m.cloudfront.net/images/cc-761sfl_t.jpg",1,"Comfort Company Wheelchair Parts and Accessories (CC-761SFL)",97.45,active
"invacare-in-trsx5-in-trsx5","Invacare Wheelchairs - K3 Lightweight (IN-TRSX5)","<p>Featuring a carbon steel frame, a heavy-duty inner liner to keep the seat and back from stretching and urethane rear tires mounted on ""no flex"" wheels, the Tracer SX5 Wheelchair is built to last. Dual axle allows for conversion to hemi-height.</p>","Invacare","Wheelchairs - K3 Lightweight","Wheelchairs - K3 Lightweight","invacare, lamp, wholesale-normalized, shopify-ready",TRUE,Title,Default Title,"IN-TRSX5",1500,shopify,25,deny,manual,87.99,98.10,TRUE,TRUE,,"https://dphpia7d6qb4m.cloudfront.net/images/vendor%20images%20resized/in-trsx5_01_t.png",1,"Invacare Wheelchairs - K3 Lightweight (IN-TRSX5)",45.00,active
"invacare-in-trsx5rc-in-trsx5rc","Invacare Standard Wheelchairs (IN-TRSX5RC)","<p>Invacare standard wheelchair (SKU IN-TRSX5RC), a durable, everyday manual wheelchair suited to home use, short trips out, and general mobility support.</p>","Invacare","Standard Wheelchairs","Standard Wheelchairs","invacare, appliance, wholesale-normalized, shopify-ready",TRUE,Title,Default Title,"IN-TRSX5RC",1500,shopify,25,deny,manual,87.99,98.10,TRUE,TRUE,,"https://www.lakecourt.com/wheelchairs/images/no-image.png",1,"Invacare Standard Wheelchairs (IN-TRSX5RC)",45.00,active
"nova-ortho-med-nv-327r-nv-327r","Nova Ortho-Med Aluminum Transport Chairs (NV-327R)","<p>Nova Ortho-Med transport chair (SKU NV-327R), a lightweight, foldable attendant-propelled chair designed for easy transport, folding, and storage rather than self-propulsion.</p>","Nova Ortho-Med","Aluminum Transport Chairs","Aluminum Transport Chairs","nova ortho-med, appliance, wholesale-normalized, shopify-ready",TRUE,Title,Default Title,"NV-327R",1500,shopify,25,deny,manual,281.99,307.38,TRUE,TRUE,,"https://dphpia7d6qb4m.cloudfront.net/images/nv-327r_01_t.png",1,"Nova Ortho-Med Aluminum Transport Chairs (NV-327R)",141.00,active
"comfort-company-cc-amp-cc-amp","Comfort Company Wheelchair Accessories (CC-AMP)","<p>Comfort Company wheelchair accessory (SKU CC-AMP) that adds convenience or comfort to compatible Comfort Company wheelchairs. Please confirm fit with your specific chair model before ordering.</p>","Comfort Company","Wheelchair Accessories","Wheelchair Accessories","comfort company, cookware, wholesale-normalized, shopify-ready",TRUE,Title,Default Title,"CC-AMP",1500,shopify,25,deny,manual,87.99,98.10,TRUE,TRUE,,"https://dphpia7d6qb4m.cloudfront.net/images/cc-amp_t.jpg",1,"Comfort Company Wheelchair Accessories (CC-AMP)",45.00,active
"drive-devilbiss-dr-pla416rbdda-dr-pla416rbdda","Drive DeVilbiss Reclining Wheelchairs (DR-PLA416RBDDA)","<p>Drive DeVilbiss reclining wheelchair (SKU DR-PLA416RBDDA) with an adjustable backrest that lets the user recline for pressure relief and rest throughout the day — a practical option for users who spend extended periods seated.</p>","Drive DeVilbiss","Reclining Wheelchairs","Reclining Wheelchairs","drive devilbiss, appliance, wholesale-normalized, shopify-ready",TRUE,Title,Default Title,"DR-PLA416RBDDA",1500,shopify,25,deny,manual,1078.99,1160.74,TRUE,TRUE,,"https://dphpia7d6qb4m.cloudfront.net/images/dr-pla416rbdda_01_t.jpg",1,"Drive DeVilbiss Reclining Wheelchairs (DR-PLA416RBDDA)",532.45,active
"rhythm-healthcare-ls-m170-1-ls-m170-1","Rhythm Healthcare K3 Lightweight Wheelchairs (LS-M170-1)","<p>Rhythm Healthcare lightweight wheelchair (SKU LS-M170-1) that balances everyday durability with easier handling and transport than a standard steel-frame chair.</p>","Rhythm Healthcare","K3 Lightweight Wheelchairs","K3 Lightweight Wheelchairs","rhythm healthcare, lamp, wholesale-normalized, shopify-ready",TRUE,Title,Default Title,"LS-M170-1",1500,shopify,25,deny,manual,87.99,98.10,TRUE,TRUE,,"https://dphpia7d6qb4m.cloudfront.net/images/ls-m170-1_01_t.png",1,"Rhythm Healthcare K3 Lightweight Wheelchairs (LS-M170-1)",45.00,active
"broda-bro-30vt20-bro-30vt20","Broda Positioning Chairs (BRO-30VT20)","<p>Looking for a durable, economic tilt and recline wheelchair? The Centric Positioning Wheelchair provides you with therapeutic-grade pressure relief for a level of comfort unlike any other. Broda has thoughtfully designed the Centric to help you remain physically and socially active. Enhance your mobility and independence with a wheelchair customized to fit your body, lifestyle, and care needs. Broda is a trusted manufacturer of durable medical equipment for any care environment.LAKE COURT DESCRIPTION: BRODA, 30VT, 20"", CENTRIC SEMI RECLINER, INCLUDES: GREY STRAP-20.5"" SEAT HT.- 32"" BACK HT.-17"" SEAT DEPTH- 1 REAR DIRECTIONAL LOCK CASTER - SINGLE FOOTSTRAP- FULL PADDING - SELECT VINYL COLOR - SOFT ARMRESTS - NECKREST- SHOULD BOLSTER SHORT- LOWER SIDE PADS- UPPER SIDE PADS -SOLE PAD - CALF PAD - REMOVABLE VINYL SEAT AND BACK COVERS **THIS IS NOT A FREE FREIGHT ITEM**</p>","Broda","Positioning Chairs","Positioning Chairs","broda, appliance, wholesale-normalized, shopify-ready",TRUE,Title,Default Title,"BRO-30VT20",1500,shopify,25,deny,manual,4476.99,4814.53,TRUE,TRUE,,"https://dphpia7d6qb4m.cloudfront.net/images/bro-30vt20_01_t.png",1,"Broda Positioning Chairs (BRO-30VT20)",2208.50,active
"invacare-in-trsx5rcwd-in-trsx5rcwd","Invacare Standard Wheelchairs (in-TRSX5RCWD)","<p>Invacare standard wheelchair (SKU in-TRSX5RCWD), a durable, everyday manual wheelchair suited to home use, short trips out, and general mobility support.</p>","Invacare","Standard Wheelchairs","Standard Wheelchairs","invacare, appliance, wholesale-normalized, shopify-ready",TRUE,Title,Default Title,"in-TRSX5RCWD",1500,shopify,25,deny,manual,87.99,98.10,TRUE,TRUE,,"https://www.lakecourt.com/wheelchairs/images/no-image.png",1,"Invacare Standard Wheelchairs (in-TRSX5RCWD)",45.00,active
"broda-bro-bedpan-pd-v3-bro-bedpan-pd-v3","Broda Wheelchair Parts (BRO-BEDPAN-PD-V3)","<p>Genuine Broda replacement part for Broda wheelchairs (SKU BRO-BEDPAN-PD-V3), built to the same specifications as the original component. Wheelchair parts vary by model and frame year, so please confirm compatibility with your exact chair before ordering, or contact us and we'll verify fitment for you.</p>","Broda","Wheelchair Parts","Wheelchair Parts","broda, cookware, wholesale-normalized, shopify-ready",TRUE,Title,Default Title,"BRO-BEDPAN-PD-V3",1500,shopify,25,deny,manual,345.99,377.14,TRUE,TRUE,,"https://www.lakecourt.com/wheelchairs/images/no-image.png",1,"Broda Wheelchair Parts (BRO-BEDPAN-PD-V3)",173.00,active
"nova-ortho-med-nv-327b-nv-327b","Nova Ortho-Med Aluminum Transport Chairs (NV-327B)","<p>Nova Ortho-Med transport chair (SKU NV-327B), a lightweight, foldable attendant-propelled chair designed for easy transport, folding, and storage rather than self-propulsion.</p>","Nova Ortho-Med","Aluminum Transport Chairs","Aluminum Transport Chairs","nova ortho-med, appliance, wholesale-normalized, shopify-ready",TRUE,Title,Default Title,"NV-327B",1500,shopify,25,deny,manual,281.99,307.38,TRUE,TRUE,,"https://dphpia7d6qb4m.cloudfront.net/images/nv-327b_01_t.png",1,"Nova Ortho-Med Aluminum Transport Chairs (NV-327B)",141.00,active
"probasics-ros-wc72-ros-wc72","ProBasics K6/K7 Bariatric Wheelchairs (ROS-WC72)","<p>ProBasics bariatric wheelchair (SKU ROS-WC72) built with a reinforced frame and a wider seat to safely support higher-weight users, combining durability with everyday comfort for home or facility use.</p>","ProBasics","K6/K7 Bariatric Wheelchairs","K6/K7 Bariatric Wheelchairs","probasics, appliance, wholesale-normalized, shopify-ready",TRUE,Title,Default Title,"ROS-WC72",1500,shopify,25,deny,manual,87.99,98.10,TRUE,TRUE,,"https://dphpia7d6qb4m.cloudfront.net/images/ros-wc72_01_t.png",1,"ProBasics K6/K7 Bariatric Wheelchairs (ROS-WC72)",45.00,active
"drive-devilbiss-dr-pla420rbdda-dr-pla420rbdda","Drive DeVilbiss Reclining Wheelchairs (DR-PLA420RBDDA)","<p>Built-in seat rail extension and extendable upholstery easily adjusts seat depth from 16"" or 18"".</p>","Drive DeVilbiss","Reclining Wheelchairs","Reclining Wheelchairs","drive devilbiss, appliance, wholesale-normalized, shopify-ready",TRUE,Title,Default Title,"DR-PLA420RBDDA",1500,shopify,25,deny,manual,1040.99,1120.41,TRUE,TRUE,,"https://dphpia7d6qb4m.cloudfront.net/images/dr-pla420rbdda_01_t.png",1,"Drive DeVilbiss Reclining Wheelchairs (DR-PLA420RBDDA)",513.95,active
"probasics-ros-wct4-ros-wct4","ProBasics K4 Lightweight Wheelchairs (ROS-WCT4)","<p>ProBasics lightweight wheelchair (SKU ROS-WCT4) that balances everyday durability with easier handling and transport than a standard steel-frame chair.</p>","ProBasics","K4 Lightweight Wheelchairs","K4 Lightweight Wheelchairs","probasics, lamp, wholesale-normalized, shopify-ready",TRUE,Title,Default Title,"ROS-WCT4",1500,shopify,25,deny,manual,87.99,98.10,TRUE,TRUE,,"https://dphpia7d6qb4m.cloudfront.net/images/ros-wct4_01_t.png",1,"ProBasics K4 Lightweight Wheelchairs (ROS-WCT4)",45.00,active
"drive-devilbiss-dr-stds1s2654-dr-stds1s2654","Drive DeVilbiss Wheelchair Cushions - Speciality (DR-STDS1S2654)","<p>Drive DeVilbiss wheelchair (SKU DR-STDS1S2654) designed for everyday mobility support at home or on the go.</p>","Drive DeVilbiss","Wheelchair Cushions - Speciality","Wheelchair Cushions - Speciality","drive devilbiss, appliance, wholesale-normalized, shopify-ready",TRUE,Title,Default Title,"DR-STDS1S2654",1500,shopify,25,deny,manual,60.99,68.67,TRUE,TRUE,,"https://dphpia7d6qb4m.cloudfront.net/images/dr-stds1s2654_01_t.png",1,"Drive DeVilbiss Wheelchair Cushions - Speciality (DR-STDS1S2654)",31.50,active
"probasics-ros-wcr-ros-wcr","ProBasics Reclining Wheelchairs (ROS-WCR)","<p>ProBasics reclining wheelchair (SKU ROS-WCR) with an adjustable backrest that lets the user recline for pressure relief and rest throughout the day — a practical option for users who spend extended periods seated.</p>","ProBasics","Reclining Wheelchairs","Reclining Wheelchairs","probasics, appliance, wholesale-normalized, shopify-ready",TRUE,Title,Default Title,"ROS-WCR",1500,shopify,25,deny,manual,87.99,98.10,TRUE,TRUE,,"https://dphpia7d6qb4m.cloudfront.net/images/ros-wcr_01_t.png",1,"ProBasics Reclining Wheelchairs (ROS-WCR)",45.00,active
"probasics-ros-wc21816de-ros-wc21816de","ProBasics K1/K2 Standard Wheelchairs (ROS-WC21816DE)","<p>The ProBasics K2 Standard Hemi Wheelchair is designed to meet a variety of patient profiles. With a patient weight capacity of 300 pounds, a dual axle for hemi-height adjustment and multi-position caster forks, it is one of the more versatile wheelchairs on the market today. Standard features include flip back removable padded armrests, easy-to-clean vinyl upholstery, chart pocket and heel loops on the front riggings.</p>","ProBasics","K1/K2 Standard Wheelchairs","K1/K2 Standard Wheelchairs","probasics, appliance, wholesale-normalized, shopify-ready",TRUE,Title,Default Title,"ROS-WC21816DE",1500,shopify,25,deny,manual,259.99,283.40,TRUE,TRUE,,"https://dphpia7d6qb4m.cloudfront.net/images/ros-wc21816de_01_t.png",1,"ProBasics K1/K2 Standard Wheelchairs (ROS-WC21816DE)",130.00,active
"proactive-medical-pro-47004-pro-47004","Proactive Medical Wheelchair Parts (PRO-47004)","<p>Genuine Proactive Medical replacement part for Proactive Medical wheelchairs (SKU PRO-47004), built to the same specifications as the original component. Wheelchair parts vary by model and frame year, so please confirm compatibility with your exact chair before ordering, or contact us and we'll verify fitment for you.</p>","Proactive Medical","Wheelchair Parts","Wheelchair Parts","proactive medical, medical, wholesale-normalized, shopify-ready",TRUE,Title,Default Title,"PRO-47004",1500,shopify,25,deny,manual,82.99,92.76,TRUE,TRUE,,"https://dphpia7d6qb4m.cloudfront.net/images/pro-47001_t.jpg",1,"Proactive Medical Wheelchair Parts (PRO-47004)",42.55,active
"feather-chair-fc-bag-fcm-fc-bag-fcm","Feather Chair Wheelchair Accessories (FC-BAG-FCM)","<p>Feather Chair wheelchair accessory (SKU FC-BAG-FCM) that adds convenience or comfort to compatible Feather Chair wheelchairs. Please confirm fit with your specific chair model before ordering.</p>","Feather Chair","Wheelchair Accessories","Wheelchair Accessories","feather chair, appliance, wholesale-normalized, shopify-ready",TRUE,Title,Default Title,"FC-BAG-FCM",1500,shopify,25,deny,manual,62.99,70.85,TRUE,TRUE,,"https://dphpia7d6qb4m.cloudfront.net/images/fc-bag-fcm_01_t.png",1,"Feather Chair Wheelchair Accessories (FC-BAG-FCM)",32.50,active
"drive-devilbiss-dr-bls-dr-bls","Drive DeVilbiss K1/K2 Standard Wheelchairs (DR-BLS)","<p>The aluminum frame is lightweight and strong allowing the chair to only wait 19 lbs. The 8"" wheels are made of composite so they are lightweight and maintenance free. The nylon upholstery on the chair is comfortable, lightweight and easy-to-clean Back folds down for storage and transport</p>","Drive DeVilbiss","K1/K2 Standard Wheelchairs","K1/K2 Standard Wheelchairs","drive devilbiss, appliance, wholesale-normalized, shopify-ready",TRUE,Title,Default Title,"DR-BLS",1500,shopify,25,deny,manual,87.99,98.10,TRUE,TRUE,,"https://dphpia7d6qb4m.cloudfront.net/images/dr-bls_01_t.png",1,"Drive DeVilbiss K1/K2 Standard Wheelchairs (DR-BLS)",45.00,active
"probasics-ros-wc22016de-ros-wc22016de","ProBasics K1/K2 Standard Wheelchairs (ROS-WC22016DE)","<p>The ProBasics K2 Standard Hemi Wheelchair is designed to meet a variety of patient profiles. With a patient weight capacity of 300 pounds, a dual axle for hemi-height adjustment and multi-position caster forks, it is one of the more versatile wheelchairs on the market today. Standard features include flip back removable padded armrests, easy-to-clean vinyl upholstery, chart pocket and heel loops on the front riggings.</p>","ProBasics","K1/K2 Standard Wheelchairs","K1/K2 Standard Wheelchairs","probasics, appliance, wholesale-normalized, shopify-ready",TRUE,Title,Default Title,"ROS-WC22016DE",1500,shopify,25,deny,manual,259.99,283.40,TRUE,TRUE,,"https://dphpia7d6qb4m.cloudfront.net/images/ros-wc22016de_01_t.png",1,"ProBasics K1/K2 Standard Wheelchairs (ROS-WC22016DE)",130.00,active
"comfort-company-cc-2004l-17-pada-cc-2004l-17-pada","Comfort Company Wheelchair Parts and Accessories (CC-2004L-17-PADA)","<p>Genuine Comfort Company replacement part for Comfort Company wheelchairs (SKU CC-2004L-17-PADA), built to the same specifications as the original component. Wheelchair parts vary by model and frame year, so please confirm compatibility with your exact chair before ordering, or contact us and we'll verify fitment for you.</p>","Comfort Company","Wheelchair Parts and Accessories","Wheelchair Parts and Accessories","comfort company, cookware, wholesale-normalized, shopify-ready",TRUE,Title,Default Title,"CC-2004L-17-PADA",1500,shopify,25,deny,manual,87.99,98.10,TRUE,TRUE,,"https://dphpia7d6qb4m.cloudfront.net/images/cc-2004l-17-pad_t.jpg",1,"Comfort Company Wheelchair Parts and Accessories (CC-2004L-17-PADA)",45.00,active
"comfort-company-cc-1000r-hard-cc-1000r-hard","Comfort Company Wheelchair Parts and Accessories (CC-1000R-HARD)","<p>Genuine Comfort Company replacement part for Comfort Company wheelchairs (SKU CC-1000R-HARD), built to the same specifications as the original component. Wheelchair parts vary by model and frame year, so please confirm compatibility with your exact chair before ordering, or contact us and we'll verify fitment for you.</p>","Comfort Company","Wheelchair Parts and Accessories","Wheelchair Parts and Accessories","comfort company, cookware, wholesale-normalized, shopify-ready",TRUE,Title,Default Title,"CC-1000R-HARD",1500,shopify,25,deny,manual,91.99,100.17,TRUE,TRUE,,"https://dphpia7d6qb4m.cloudfront.net/images/cc-1000r-hard_t.jpg",1,"Comfort Company Wheelchair Parts and Accessories (CC-1000R-HARD)",45.95,active
"invacare-in-9slwd-in-9slwd","Invacare Standard Wheelchairs (IN-9SLWD)","<p>Invacare standard wheelchair (SKU IN-9SLWD), a durable, everyday manual wheelchair suited to home use, short trips out, and general mobility support.</p>","Invacare","Standard Wheelchairs","Standard Wheelchairs","invacare, appliance, wholesale-normalized, shopify-ready",TRUE,Title,Default Title,"IN-9SLWD",1500,shopify,25,deny,manual,87.99,98.10,TRUE,TRUE,,"https://www.lakecourt.com/wheelchairs/images/no-image.png",1,"Invacare Standard Wheelchairs (IN-9SLWD)",45.00,active
"drive-devilbiss-dr-atc22-r-dr-atc22-r","Drive DeVilbiss Transport Chairs - Bariatric (DR-ATC22-R)","<p>The ATC22-R only weights 33 lbs. while able to support indiviudals up to 450 lbs.</p>","Drive DeVilbiss","Transport Chairs - Bariatric","Transport Chairs - Bariatric","drive devilbiss, appliance, wholesale-normalized, shopify-ready",TRUE,Title,Default Title,"DR-ATC22-R",1500,shopify,25,deny,manual,726.99,782.18,TRUE,TRUE,,"https://dphpia7d6qb4m.cloudfront.net/images/dr-atc22-r_01_t.png",1,"Drive DeVilbiss Transport Chairs - Bariatric (DR-ATC22-R)",358.80,active
"invacare-in-9xdrwd-in-9xdrwd","Invacare Standard Wheelchairs (IN-9XDRWD)","<p>Invacare standard wheelchair (SKU IN-9XDRWD), a durable, everyday manual wheelchair suited to home use, short trips out, and general mobility support.</p>","Invacare","Standard Wheelchairs","Standard Wheelchairs","invacare, appliance, wholesale-normalized, shopify-ready",TRUE,Title,Default Title,"IN-9XDRWD",1500,shopify,25,deny,manual,87.99,98.10,TRUE,TRUE,,"https://www.lakecourt.com/wheelchairs/images/no-image.png",1,"Invacare Standard Wheelchairs (IN-9XDRWD)",45.00,active
"rhythm-healthcare-ls-m170-5-216sf-ls-m170-5-216sf","Rhythm Healthcare K1/K2 Standard Wheelchairs (LS-M170-5-216SF)","<p>Rhythm Healthcare standard wheelchair (SKU LS-M170-5-216SF), a durable, everyday manual wheelchair suited to home use, short trips out, and general mobility support.</p>","Rhythm Healthcare","K1/K2 Standard Wheelchairs","K1/K2 Standard Wheelchairs","rhythm healthcare, appliance, wholesale-normalized, shopify-ready",TRUE,Title,Default Title,"LS-M170-5-216SF",1500,shopify,25,deny,manual,257.99,281.22,TRUE,TRUE,,"https://dphpia7d6qb4m.cloudfront.net/images/ls-m170-5-216sf_t.jpg",1,"Rhythm Healthcare K1/K2 Standard Wheelchairs (LS-M170-5-216SF)",129.00,active
"drive-devilbiss-dr-wb-elr-dr-wb-elr","Drive DeVilbiss Elevating Leg Rests (DR-WB ELR)","<p>Drive DeVilbiss elevating leg rest (SKU DR-WB ELR) that raises and supports the lower leg for improved circulation and comfort, with adjustable height and angle. Attaches to compatible Drive DeVilbiss wheelchair frames.</p>","Drive DeVilbiss","Elevating Leg Rests","Elevating Leg Rests","drive devilbiss, appliance, wholesale-normalized, shopify-ready",TRUE,Title,Default Title,"DR-WB ELR",1500,shopify,25,deny,manual,215.99,235.33,TRUE,TRUE,,"https://dphpia7d6qb4m.cloudfront.net/images/dr-wb%20elr_t.jpg",1,"Drive DeVilbiss Elevating Leg Rests (DR-WB ELR)",107.95,active
"nova-nv-5080s-nv-5080s","Nova K1/K2 Standard Wheelchairs (NV-5080S)","<p>The Steel Wheelchair 18 inch (5080S) comes equipped with fixed full-length arms and swing away footrests. It also features dual axle positions for quick seat height conversion and flame retardant black vinyl upholstery. There are industry compatible accessories available for this product.</p>","Nova","K1/K2 Standard Wheelchairs","K1/K2 Standard Wheelchairs","nova, appliance, wholesale-normalized, shopify-ready",TRUE,Title,Default Title,"NV-5080S",1500,shopify,25,deny,manual,345.99,377.14,TRUE,TRUE,,"https://dphpia7d6qb4m.cloudfront.net/images/nv-5080s_01_t.png",1,"Nova K1/K2 Standard Wheelchairs (NV-5080S)",173.00,active
"probasics-ros-tcs1916sv-ros-tcs1916sv","ProBasics Steel Transport Chairs (ROS-TCS1916SV)","<p>The ProBasics Steel Transport Chair is a lightweight steel-construction design with a chip-proof and easy-to-maintain finish. The flared handles and handy back-release hinge allow the back to fold down flat and compact for easy storage and transport. Comes complete with seat belt, tool-free swing-away composite footrests and heel loops.</p>","ProBasics","Steel Transport Chairs","Steel Transport Chairs","probasics, appliance, wholesale-normalized, shopify-ready",TRUE,Title,Default Title,"ROS-TCS1916SV",1500,shopify,25,deny,manual,139.99,152.58,TRUE,TRUE,,"https://dphpia7d6qb4m.cloudfront.net/images/ros-tcs1916sv_01_t.png",1,"ProBasics Steel Transport Chairs (ROS-TCS1916SV)",69.99,active
"drive-devilbiss-dr-ts19-dr-ts19","Drive DeVilbiss Transport Chairs - Speciality (DR-TS19)","<p>TranSport Aluminum Transport Chair with Flip Back Arms and a Seat Width of 19"" Blue Frame and Blue Upholstery</p>","Drive DeVilbiss","Transport Chairs - Speciality","Transport Chairs - Speciality","drive devilbiss, appliance, wholesale-normalized, shopify-ready",TRUE,Title,Default Title,"DR-TS19",1500,shopify,25,deny,manual,521.99,561.35,TRUE,TRUE,,"https://dphpia7d6qb4m.cloudfront.net/images/dr-ts19_01_t.jpg",1,"Drive DeVilbiss Transport Chairs - Speciality (DR-TS19)",257.50,active
"drive-devilbiss-dr-stds1093p-dr-stds1093p","Drive DeVilbiss Wheelchair Parts and Accessories (DR-STDS1093P)","<p>Wheelchair/Scooter Ramps Single Fold With Carry Bag</p>","Drive DeVilbiss","Wheelchair Parts and Accessories","Wheelchair Parts and Accessories","drive devilbiss, appliance, wholesale-normalized, shopify-ready",TRUE,Title,Default Title,"DR-STDS1093P",1500,shopify,25,deny,manual,87.99,98.10,TRUE,TRUE,,"https://dphpia7d6qb4m.cloudfront.net/images/dr-stds1093p_01_t.jpg",1,"Drive DeVilbiss Wheelchair Parts and Accessories (DR-STDS1093P)",45.00,active
"invacare-in-9tpzwd-in-9tpzwd","Invacare Standard Wheelchairs (IN-9TPZWD)","<p>Invacare standard wheelchair (SKU IN-9TPZWD), a durable, everyday manual wheelchair suited to home use, short trips out, and general mobility support.</p>","Invacare","Standard Wheelchairs","Standard Wheelchairs","invacare, appliance, wholesale-normalized, shopify-ready",TRUE,Title,Default Title,"IN-9TPZWD",1500,shopify,25,deny,manual,87.99,98.10,TRUE,TRUE,,"https://www.lakecourt.com/wheelchairs/images/no-image.png",1,"Invacare Standard Wheelchairs (IN-9TPZWD)",45.00,active
"ez-access-ez-tmer-1p-ez-tmer-1p","EZ-Access Ramps (EZ-TMER-1P)","<p>EZ-Access mobility ramp (SKU EZ-TMER-1P) designed to provide safe, gradual access over steps or curbs for wheelchairs, scooters, and rollators, with durable construction for everyday use.</p>","EZ-Access","Ramps","Ramps","ez-access, appliance, wholesale-normalized, shopify-ready",TRUE,Title,Default Title,"EZ-TMER-1P",1500,shopify,25,deny,manual,87.99,98.10,TRUE,TRUE,,"https://dphpia7d6qb4m.cloudfront.net/images/ez-tmer-1p_t.jpg",1,"EZ-Access Ramps (EZ-TMER-1P)",45.00,active
"mabis-dmi-dm-505-4016-0400-dm-505-4016-0400","MABIS/DMI Wheelchair Accessories (DM-505-4016-0400)","<p>Ideal for eating, writing and reading</p>","MABIS/DMI","Wheelchair Accessories","Wheelchair Accessories","mabis/dmi, appliance, wholesale-normalized, shopify-ready",TRUE,Title,Default Title,"DM-505-4016-0400",1500,shopify,25,deny,manual,56.99,64.31,TRUE,TRUE,,"https://dphpia7d6qb4m.cloudfront.net/images/dm-505-4016-0400_t.jpg",1,"MABIS/DMI Wheelchair Accessories (DM-505-4016-0400)",29.50,active
"ez-access-ez-suitcase-tfas10-ez-suitcase-tfas10","EZ-Access Ramps (EZ-SUITCASE TFAS10)","<p>EZ-Access mobility ramp (SKU EZ-SUITCASE TFAS10) designed to provide safe, gradual access over steps or curbs for wheelchairs, scooters, and rollators, with durable construction for everyday use.</p>","EZ-Access","Ramps","Ramps","ez-access, appliance, wholesale-normalized, shopify-ready",TRUE,Title,Default Title,"EZ-SUITCASE TFAS10",1500,shopify,25,deny,manual,1496.99,1610.48,TRUE,TRUE,,"https://dphpia7d6qb4m.cloudfront.net/images/ez-suitcase%20tfas10_t.jpg",1,"EZ-Access Ramps (EZ-SUITCASE TFAS10)",738.75,active
"broda-bro-ar-bro-ar","Broda Wheelchair Parts (BRO-AR)","<p>Genuine Broda replacement part for Broda wheelchairs (SKU BRO-AR), built to the same specifications as the original component. Wheelchair parts vary by model and frame year, so please confirm compatibility with your exact chair before ordering, or contact us and we'll verify fitment for you.</p>","Broda","Wheelchair Parts","Wheelchair Parts","broda, appliance, wholesale-normalized, shopify-ready",TRUE,Title,Default Title,"BRO-AR",1500,shopify,25,deny,manual,73.99,82.84,TRUE,TRUE,,"https://www.lakecourt.com/wheelchairs/images/no-image.png",1,"Broda Wheelchair Parts (BRO-AR)",38.00,active
"drive-devilbiss-dr-stdscs1818v-dr-stdscs1818v","Drive DeVilbiss Wheelchair Parts (DR-STDSCS1818V)","<p>Chrome Seat Rail Extension Kit, 18"" Wide For use with Silver Sport and Chrome Sport</p>","Drive DeVilbiss","Wheelchair Parts","Wheelchair Parts","drive devilbiss, appliance, wholesale-normalized, shopify-ready",TRUE,Title,Default Title,"DR-STDSCS1818V",1500,shopify,25,deny,manual,139.99,153.15,TRUE,TRUE,,"https://dphpia7d6qb4m.cloudfront.net/images/dr-stdscs1818v_01_t.jpg",1,"Drive DeVilbiss Wheelchair Parts (DR-STDSCS1818V)",70.25,active
"probasics-ros-wc72418de-ros-wc72418de","ProBasics K6/K7 Bariatric Wheelchairs (ROS-WC72418DE)","<p>ProBasics bariatric wheelchair (SKU ROS-WC72418DE) built with a reinforced frame and a wider seat to safely support higher-weight users, combining durability with everyday comfort for home or facility use.</p>","ProBasics","K6/K7 Bariatric Wheelchairs","K6/K7 Bariatric Wheelchairs","probasics, appliance, wholesale-normalized, shopify-ready",TRUE,Title,Default Title,"ROS-WC72418DE",1500,shopify,25,deny,manual,499.99,537.70,TRUE,TRUE,,"https://dphpia7d6qb4m.cloudfront.net/images/ros-wc72418de_01_t.png",1,"ProBasics K6/K7 Bariatric Wheelchairs (ROS-WC72418DE)",246.65,active
"golden-technologies-inc-gt-gp162c-std-bl2-blu-18-gt-gp162c-std-bl2-blu-18","Golden Technologies Inc. Powerchairs (GT-GP162C-STD-BL2-BLU-18)","<p>Designed with the end-user and their caregivers in mind, the LiteRider Envy motorized wheelchair can be disassembled in just seconds to easily fit in the trunk of virtually any car.</p>","Golden Technologies Inc.","Powerchairs","Powerchairs","golden technologies inc., appliance, wholesale-normalized, shopify-ready",TRUE,Title,Default Title,"GT-GP162C-STD-BL2-BLU-18",1500,shopify,25,deny,manual,2494.99,2683.58,TRUE,TRUE,,"https://dphpia7d6qb4m.cloudfront.net/images/gt-gp162c-std-bl2-blu-18_t.jpg",1,"Golden Technologies Inc. Powerchairs (GT-GP162C-STD-BL2-BLU-18)",1231.00,active
"drive-devilbiss-dr-pl412rbdda-dr-pl412rbdda","Drive DeVilbiss Reclining Wheelchairs/Pediatric Wheelchairs (DR-PL412RBDDA)","<p>Pediatric Viper Plus Reclining Wheelchair 12""</p>","Drive DeVilbiss","Reclining Wheelchairs/Pediatric Wheelchairs","Reclining Wheelchairs/Pediatric Wheelchairs","drive devilbiss, appliance, wholesale-normalized, shopify-ready",TRUE,Title,Default Title,"DR-PL412RBDDA",1500,shopify,25,deny,manual,1102.99,1186.36,TRUE,TRUE,,"https://dphpia7d6qb4m.cloudfront.net/images/dr-pl412rbdda_01_t.png",1,"Drive DeVilbiss Reclining Wheelchairs/Pediatric Wheelchairs (DR-PL412RBDDA)",544.20,active
"broda-bro-bp-vc-bro-bp-vc","Broda Wheelchair Parts (BRO-BP-VC)","<p>Genuine Broda replacement part for Broda wheelchairs (SKU BRO-BP-VC), built to the same specifications as the original component. Wheelchair parts vary by model and frame year, so please confirm compatibility with your exact chair before ordering, or contact us and we'll verify fitment for you.</p>","Broda","Wheelchair Parts","Wheelchair Parts","broda, appliance, wholesale-normalized, shopify-ready",TRUE,Title,Default Title,"BRO-BP-VC",1500,shopify,25,deny,manual,209.99,228.90,TRUE,TRUE,,"https://www.lakecourt.com/wheelchairs/images/no-image.png",1,"Broda Wheelchair Parts (BRO-BP-VC)",105.00,active
"drive-devilbiss-dr-jl3-4sf-tf-dr-jl3-4sf-tf","Drive DeVilbiss Swing-Away Footrests (DR-JL3-4SF-TF)","<p>Drive DeVilbiss swing-away footrest (SKU DR-JL3-4SF-TF) that pivots out of the way for easier transfers in and out of the wheelchair, and can be removed for compact storage.</p>","Drive DeVilbiss","Swing-Away Footrests","Swing-Away Footrests","drive devilbiss, appliance, wholesale-normalized, shopify-ready",TRUE,Title,Default Title,"DR-JL3-4SF-TF",1500,shopify,25,deny,manual,38.99,43.58,TRUE,TRUE,,"https://dphpia7d6qb4m.cloudfront.net/images/dr-jl3-4sf-tf_01_t.png",1,"Drive DeVilbiss Swing-Away Footrests (DR-JL3-4SF-TF)",19.99,active
"nova-nv-5200s-nv-5200s","Nova K3 Lightweight Wheelchairs (NV-5200S)","<p>Represents the highest standard, quality and style. The dual axle design comes standard to allow for easy conversion from adult to hemi seat heights. The offset arms offer a true 16"" or 18"" seat width. The footrests are easy to adjust and are industry compatible.</p>","Nova","K3 Lightweight Wheelchairs","K3 Lightweight Wheelchairs","nova, lamp, wholesale-normalized, shopify-ready",TRUE,Title,Default Title,"NV-5200S",1500,shopify,25,deny,manual,376.99,409.84,TRUE,TRUE,,"https://dphpia7d6qb4m.cloudfront.net/images/nv-5200s_01_t.png",1,"Nova K3 Lightweight Wheelchairs (NV-5200S)",188.00,active
"feather-chair-fc-elr-fcm18-bk-fc-elr-fcm18-bk","Feather Chair Elevating Leg Rests (FC-ELR-FCM18-BK)","<p>Feather Chair elevating leg rest (SKU FC-ELR-FCM18-BK) that raises and supports the lower leg for improved circulation and comfort, with adjustable height and angle. Attaches to compatible Feather Chair wheelchair frames.</p>","Feather Chair","Elevating Leg Rests","Elevating Leg Rests","feather chair, appliance, wholesale-normalized, shopify-ready",TRUE,Title,Default Title,"FC-ELR-FCM18-BK",1500,shopify,25,deny,manual,197.99,215.82,TRUE,TRUE,,"https://dphpia7d6qb4m.cloudfront.net/images/fc-elr-fcm18-bk_01_t.png",1,"Feather Chair Elevating Leg Rests (FC-ELR-FCM18-BK)",99.00,active
"probasics-ros-wc3l2016de-ros-wc3l2016de","ProBasics K3 Lightweight Wheelchairs (ROS-WC3L2016DE)","<p>ProBasics lightweight wheelchair (SKU ROS-WC3L2016DE) that balances everyday durability with easier handling and transport than a standard steel-frame chair.</p>","ProBasics","K3 Lightweight Wheelchairs","K3 Lightweight Wheelchairs","probasics, lamp, wholesale-normalized, shopify-ready",TRUE,Title,Default Title,"ROS-WC3L2016DE",1500,shopify,25,deny,manual,283.99,309.56,TRUE,TRUE,,"https://dphpia7d6qb4m.cloudfront.net/images/ros-wc31616ds_01_t.png",1,"ProBasics K3 Lightweight Wheelchairs (ROS-WC3L2016DE)",142.00,active
"ez-access-ez-suitcase-sf02p-ez-suitcase-sf02p","EZ-Access Ramps (EZ-SUITCASE SF02P)","<p>EZ-Access mobility ramp (SKU EZ-SUITCASE SF02P) designed to provide safe, gradual access over steps or curbs for wheelchairs, scooters, and rollators, with durable construction for everyday use.</p>","EZ-Access","Ramps","Ramps","ez-access, appliance, wholesale-normalized, shopify-ready",TRUE,Title,Default Title,"EZ-SUITCASE SF02P",1500,shopify,25,deny,manual,87.99,98.10,TRUE,TRUE,,"https://dphpia7d6qb4m.cloudfront.net/images/ez-suitcase%20sf02_t.jpg",1,"EZ-Access Ramps (EZ-SUITCASE SF02P)",45.00,active
"probasics-ros-elr-c-ros-elr-c","ProBasics Elevating Leg Rests (ROS-ELR-C)","<p>ProBasics elevating leg rest (SKU ROS-ELR-C) that raises and supports the lower leg for improved circulation and comfort, with adjustable height and angle. Attaches to compatible ProBasics wheelchair frames.</p>","ProBasics","Elevating Leg Rests","Elevating Leg Rests","probasics, appliance, wholesale-normalized, shopify-ready",TRUE,Title,Default Title,"ROS-ELR-C",1500,shopify,25,deny,manual,101.99,111.18,TRUE,TRUE,,"https://dphpia7d6qb4m.cloudfront.net/images/ros-elr-c_t.jpg",1,"ProBasics Elevating Leg Rests (ROS-ELR-C)",51.00,active
"ez-access-ez-suitcase-sfas02p-ez-suitcase-sfas02p","EZ-Access Ramps (EZ-SUITCASE SFAS02P)","<p>EZ-Access mobility ramp (SKU EZ-SUITCASE SFAS02P) designed to provide safe, gradual access over steps or curbs for wheelchairs, scooters, and rollators, with durable construction for everyday use.</p>","EZ-Access","Ramps","Ramps","ez-access, appliance, wholesale-normalized, shopify-ready",TRUE,Title,Default Title,"EZ-SUITCASE SFAS02P",1500,shopify,25,deny,manual,87.99,98.10,TRUE,TRUE,,"https://dphpia7d6qb4m.cloudfront.net/images/ez-suitcase%20sfas02_t.jpg",1,"EZ-Access Ramps (EZ-SUITCASE SFAS02P)",45.00,active
"comfort-company-cc-1000l-hard-cc-1000l-hard","Comfort Company Wheelchair Parts and Accessories (CC-1000L-HARD)","<p>Genuine Comfort Company replacement part for Comfort Company wheelchairs (SKU CC-1000L-HARD), built to the same specifications as the original component. Wheelchair parts vary by model and frame year, so please confirm compatibility with your exact chair before ordering, or contact us and we'll verify fitment for you.</p>","Comfort Company","Wheelchair Parts and Accessories","Wheelchair Parts and Accessories","comfort company, cookware, wholesale-normalized, shopify-ready",TRUE,Title,Default Title,"CC-1000L-HARD",1500,shopify,25,deny,manual,91.99,100.17,TRUE,TRUE,,"https://dphpia7d6qb4m.cloudfront.net/images/cc-1000l-hard_t.jpg",1,"Comfort Company Wheelchair Parts and Accessories (CC-1000L-HARD)",45.95,active
"probasics-ros-wc72820ds-ros-wc72820ds","ProBasics K6/K7 Bariatric Wheelchairs (ROS-WC72820DS)","<p>ProBasics bariatric wheelchair (SKU ROS-WC72820DS) built with a reinforced frame and a wider seat to safely support higher-weight users, combining durability with everyday comfort for home or facility use.</p>","ProBasics","K6/K7 Bariatric Wheelchairs","K6/K7 Bariatric Wheelchairs","probasics, appliance, wholesale-normalized, shopify-ready",TRUE,Title,Default Title,"ROS-WC72820DS",1500,shopify,25,deny,manual,912.99,982.74,TRUE,TRUE,,"https://dphpia7d6qb4m.cloudfront.net/images/ros-wc72820ds_01_t.png",1,"ProBasics K6/K7 Bariatric Wheelchairs (ROS-WC72820DS)",450.80,active
"drive-devilbiss-dr-ssp118fa-sf-dr-ssp118fa-sf","Drive DeVilbiss K1/K2 Standard Wheelchairs (DR-SSP118FA-SF)","<p>Drive DeVilbiss standard wheelchair (SKU DR-SSP118FA-SF), a durable, everyday manual wheelchair suited to home use, short trips out, and general mobility support.</p>","Drive DeVilbiss","K1/K2 Standard Wheelchairs","K1/K2 Standard Wheelchairs","drive devilbiss, appliance, wholesale-normalized, shopify-ready",TRUE,Title,Default Title,"DR-SSP118FA-SF",1500,shopify,25,deny,manual,319.99,348.91,TRUE,TRUE,,"https://dphpia7d6qb4m.cloudfront.net/images/dr-ssp118fa-sf_01_t.jpg",1,"Drive DeVilbiss K1/K2 Standard Wheelchairs (DR-SSP118FA-SF)",160.05,active
"drive-devilbiss-dr-stds001061-k3-dr-stds001061-k3","Drive DeVilbiss Wheelchair Parts (DR-STDS001061-K3)","<p>Genuine Drive DeVilbiss replacement part for Drive DeVilbiss wheelchairs (SKU DR-STDS001061-K3), built to the same specifications as the original component. Wheelchair parts vary by model and frame year, so please confirm compatibility with your exact chair before ordering, or contact us and we'll verify fitment for you.</p>","Drive DeVilbiss","Wheelchair Parts","Wheelchair Parts","drive devilbiss, appliance, wholesale-normalized, shopify-ready",TRUE,Title,Default Title,"DR-STDS001061-K3",1500,shopify,25,deny,manual,21.99,25.07,TRUE,TRUE,,"https://dphpia7d6qb4m.cloudfront.net/images/parts_t.jpg",1,"Drive DeVilbiss Wheelchair Parts (DR-STDS001061-K3)",11.50,active
"nova-nv-5180se-nv-5180se","Nova K3 Lightweight Wheelchairs (NV-5180SE)","<p>Nova lightweight wheelchair (SKU NV-5180SE) that balances everyday durability with easier handling and transport than a standard steel-frame chair.</p>","Nova","K3 Lightweight Wheelchairs","K3 Lightweight Wheelchairs","nova, lamp, wholesale-normalized, shopify-ready",TRUE,Title,Default Title,"NV-5180SE",1500,shopify,25,deny,manual,424.99,462.16,TRUE,TRUE,,"https://dphpia7d6qb4m.cloudfront.net/images/nv-5180se_01_t.png",1,"Nova K3 Lightweight Wheelchairs (NV-5180SE)",212.00,active
"rhythm-healthcare-ls-m170-3-316elr-ls-m170-3-316elr","Rhythm Healthcare K3 Lightweight Wheelchairs (LS-M170-3-316ELR)","<p>Rhythm Healthcare lightweight wheelchair (SKU LS-M170-3-316ELR) that balances everyday durability with easier handling and transport than a standard steel-frame chair.</p>","Rhythm Healthcare","K3 Lightweight Wheelchairs","K3 Lightweight Wheelchairs","rhythm healthcare, lamp, wholesale-normalized, shopify-ready",TRUE,Title,Default Title,"LS-M170-3-316ELR",1500,shopify,25,deny,manual,287.99,313.92,TRUE,TRUE,,"https://www.lakecourt.com/wheelchairs/images/no-image.png",1,"Rhythm Healthcare K3 Lightweight Wheelchairs (LS-M170-3-316ELR)",144.00,active
"ez-access-ez-taep-10-ez-taep-10","EZ-Access Ramps (EZ-TAEP 10)","<p>EZ-Access mobility ramp (SKU EZ-TAEP 10) designed to provide safe, gradual access over steps or curbs for wheelchairs, scooters, and rollators, with durable construction for everyday use.</p>","EZ-Access","Ramps","Ramps","ez-access, appliance, wholesale-normalized, shopify-ready",TRUE,Title,Default Title,"EZ-TAEP 10",1500,shopify,25,deny,manual,127.99,140.06,TRUE,TRUE,,"https://dphpia7d6qb4m.cloudfront.net/images/ez-taep%2010_t.jpg",1,"EZ-Access Ramps (EZ-TAEP 10)",64.25,active
"invacare-in-9xtwd26oarp-in-9xtwd26oarp","Invacare Wheelchairs (IN-9XTWD26OARP)","<p>Invacare wheelchair (SKU IN-9XTWD26OARP) designed for everyday mobility support at home or on the go.</p>","Invacare","Wheelchairs","Wheelchairs","invacare, appliance, wholesale-normalized, shopify-ready",TRUE,Title,Default Title,"IN-9XTWD26OARP",1500,shopify,25,deny,manual,400.99,435.98,TRUE,TRUE,,"https://dphpia7d6qb4m.cloudfront.net/images/in-9xtwd26oarp_t.jpg",1,"Invacare Wheelchairs (IN-9XTWD26OARP)",199.99,active
"nova-nv-5160s-nv-5160s","Nova K3 Lightweight Wheelchairs (NV-5160S)","<p>Represents the highest standard, quality and style. The dual axle design comes standard to allow for easy conversion from adult to hemi seat heights. The offset arms offer a true 16"" or 18"" seat width. The footrests are easy to adjust and are industry compatible.</p>","Nova","K3 Lightweight Wheelchairs","K3 Lightweight Wheelchairs","nova, lamp, wholesale-normalized, shopify-ready",TRUE,Title,Default Title,"NV-5160S",1500,shopify,25,deny,manual,370.99,403.30,TRUE,TRUE,,"https://dphpia7d6qb4m.cloudfront.net/images/nv-5160s_01_t.png",1,"Nova K3 Lightweight Wheelchairs (NV-5160S)",185.00,active
"essential-medical-supply-ess-d3004-ess-d3004","Essential Medical Supply Wheelchair Accessories (ESS-D3004)","<p>Armrest pads relieve pressure on elbows, arms. 12"" L x 9"" W</p>","Essential Medical Supply","Wheelchair Accessories","Wheelchair Accessories","essential medical supply, medical, wholesale-normalized, shopify-ready",TRUE,Title,Default Title,"ESS-D3004",1500,shopify,25,deny,manual,10.99,13.06,TRUE,TRUE,,"https://dphpia7d6qb4m.cloudfront.net/images/ess-d3004_t.jpg",1,"Essential Medical Supply Wheelchair Accessories (ESS-D3004)",5.99,active
"ez-access-ez-suitcase-tfas8-ez-suitcase-tfas8","EZ-Access Ramps (EZ-SUITCASE TFAS8)","<p>Ez-Access Suitcase Trifold Advantage Series Ramp has an applied slip-resistant surface, a unique 3-fold design, self-adjusting bottom transition plates for easy conversion from ramp to ground, and can be separated into two individual sections. It is constructed with aluminum, offers a built-in carrying handle and is used most commonly for mobility scooters and wheelchairs. Trifold Ramp is ideal for raised landings, steps, or larger vehicles.</p>","EZ-Access","Ramps","Ramps","ez-access, appliance, wholesale-normalized, shopify-ready",TRUE,Title,Default Title,"EZ-SUITCASE TFAS8",1500,shopify,25,deny,manual,985.99,1061.12,TRUE,TRUE,,"https://www.lakecourt.com/wheelchairs/images/no-image.png",1,"EZ-Access Ramps (EZ-SUITCASE TFAS8)",486.75,active
"graham-field-gf-ej796-1-gf-ej796-1","Graham-Field Steel Transport Chairs (GF-EJ796-1)","<p>Designed as an affordable and safe patient transfer device. Its compact size and lighter weight allow a companion to lift and store the chair with ease.</p>","Graham-Field","Steel Transport Chairs","Steel Transport Chairs","graham-field, appliance, wholesale-normalized, shopify-ready",TRUE,Title,Default Title,"GF-EJ796-1",1500,shopify,25,deny,manual,188.99,206.01,TRUE,TRUE,,"https://dphpia7d6qb4m.cloudfront.net/images/ej-79_t.jpg",1,"Graham-Field Steel Transport Chairs (GF-EJ796-1)",94.50,active
"graham-field-gf-4502-gf-4502","Graham-Field K6/K7 Bariatric Wheelchairs/Reclining Wheelchairs (GF-4502)","<p>Graham-Field bariatric wheelchair (SKU GF-4502) built with a reinforced frame and a wider seat to safely support higher-weight users, combining durability with everyday comfort for home or facility use.</p>","Graham-Field","K6/K7 Bariatric Wheelchairs/Reclining Wheelchairs","K6/K7 Bariatric Wheelchairs/Reclining Wheelchairs","graham-field, appliance, wholesale-normalized, shopify-ready",TRUE,Title,Default Title,"GF-4502",1500,shopify,25,deny,manual,87.99,98.10,TRUE,TRUE,,"https://www.lakecourt.com/wheelchairs/images/no-image.png",1,"Graham-Field K6/K7 Bariatric Wheelchairs/Reclining Wheelchairs (GF-4502)",45.00,active
"proactive-medical-pro-pp-rbnk318-pro-pp-rbnk318","Proactive Medical Seat & Back Upholstery (PRO-PP-RBNK318)","<p>8 Universal Replacement Nylon Back K3. 18""</p>","Proactive Medical","Seat & Back Upholstery","Seat & Back Upholstery","proactive medical, medical, wholesale-normalized, shopify-ready",TRUE,Title,Default Title,"PRO-PP-RBNK318",1500,shopify,25,deny,manual,18.99,21.78,TRUE,TRUE,,"https://dphpia7d6qb4m.cloudfront.net/images/pro-pp-rbnk318_t.jpg",1,"Proactive Medical Seat & Back Upholstery (PRO-PP-RBNK318)",9.99,active
"comfort-company-cc-fbd-18-cc-fbd-18","Comfort Company Wheelchair Parts and Accessories (CC-FBD-18)","<p>Genuine Comfort Company replacement part for Comfort Company wheelchairs (SKU CC-FBD-18), built to the same specifications as the original component. Wheelchair parts vary by model and frame year, so please confirm compatibility with your exact chair before ordering, or contact us and we'll verify fitment for you.</p>","Comfort Company","Wheelchair Parts and Accessories","Wheelchair Parts and Accessories","comfort company, cookware, wholesale-normalized, shopify-ready",TRUE,Title,Default Title,"CC-FBD-18",1500,shopify,25,deny,manual,542.99,584.24,TRUE,TRUE,,"https://dphpia7d6qb4m.cloudfront.net/images/cc-fbd-16_t.jpg",1,"Comfort Company Wheelchair Parts and Accessories (CC-FBD-18)",268.00,active
"rhythm-healthcare-ls-m170-3-ls-m170-3","Rhythm Healthcare K3 Lightweight Wheelchairs (LS-M170-3)","<p>No manufacturer description provided for this item.</p>","Rhythm Healthcare","K3 Lightweight Wheelchairs","K3 Lightweight Wheelchairs","rhythm healthcare, lamp, wholesale-normalized, shopify-ready",TRUE,Title,Default Title,"LS-M170-3",1500,shopify,25,deny,manual,87.99,98.10,TRUE,TRUE,,"https://dphpia7d6qb4m.cloudfront.net/images/ls-m170-3_01_t.png",1,"Rhythm Healthcare K3 Lightweight Wheelchairs (LS-M170-3)",45.00,active
"drive-devilbiss-dr-stds1012-dr-stds1012","Drive DeVilbiss Wheelchairs Parts & Accessories (DR-STDS1012)","<p>Drive Rear Wheel for Bearing PLA418RBDDA</p>","Drive DeVilbiss","Wheelchairs Parts & Accessories","Wheelchairs Parts & Accessories","drive devilbiss, appliance, wholesale-normalized, shopify-ready",TRUE,Title,Default Title,"DR-STDS1012",1500,shopify,25,deny,manual,20.99,24.53,TRUE,TRUE,,"https://dphpia7d6qb4m.cloudfront.net/images/parts_t.jpg",1,"Drive DeVilbiss Wheelchairs Parts & Accessories (DR-STDS1012)",11.25,active
"mabis-dmi-dm-517-1072-0200-dm-517-1072-0200","MABIS/DMI Wheelchair Accessories (DM-517-1072-0200)","<p>MABIS/DMI wheelchair accessory (SKU DM-517-1072-0200) that adds convenience or comfort to compatible MABIS/DMI wheelchairs. Please confirm fit with your specific chair model before ordering.</p>","MABIS/DMI","Wheelchair Accessories","Wheelchair Accessories","mabis/dmi, appliance, wholesale-normalized, shopify-ready",TRUE,Title,Default Title,"DM-517-1072-0200",1500,shopify,25,deny,manual,7.99,9.37,TRUE,TRUE,,"https://dphpia7d6qb4m.cloudfront.net/images/dm-517-1072-0200_t.jpg",1,"MABIS/DMI Wheelchair Accessories (DM-517-1072-0200)",4.30,active
"drive-devilbiss-dr-ssp220dfa-elr-dr-ssp220dfa-elr","Drive DeVilbiss Wheelchairs (DR-SSP220DFA-ELR)","<p>Drive DeVilbiss wheelchair (SKU DR-SSP220DFA-ELR) designed for everyday mobility support at home or on the go.</p>","Drive DeVilbiss","Wheelchairs","Wheelchairs","drive devilbiss, appliance, wholesale-normalized, shopify-ready",TRUE,Title,Default Title,"DR-SSP220DFA-ELR",1500,shopify,25,deny,manual,244.99,267.05,TRUE,TRUE,,"https://dphpia7d6qb4m.cloudfront.net/images/dr-ssp220dfa-elr_t.jpg",1,"Drive DeVilbiss Wheelchairs (DR-SSP220DFA-ELR)",122.50,active
"medline-m-wca808920sl-m-wca808920sl","Medline Wheelchairs Parts & Accessories (M-WCA808920SL)","<p>Medline Seat Upholstery for Transport Chair M-MDS808200F3R</p>","Medline","Wheelchairs Parts & Accessories","Wheelchairs Parts & Accessories","medline, appliance, wholesale-normalized, shopify-ready",TRUE,Title,Default Title,"M-WCA808920SL",1500,shopify,25,deny,manual,43.99,49.16,TRUE,TRUE,,"https://www.lakecourt.com/wheelchairs/images/no-image.png",1,"Medline Wheelchairs Parts & Accessories (M-WCA808920SL)",22.55,active
"probasics-ros-wc72620ds-ros-wc72620ds","ProBasics K6/K7 Bariatric Wheelchairs (ROS-WC72620DS)","<p>Roscoe Wheelchair, HD, 26"" (W) X 20"" (D), FR, Desk Arms, 500 Lb. Cap</p>","ProBasics","K6/K7 Bariatric Wheelchairs","K6/K7 Bariatric Wheelchairs","probasics, appliance, wholesale-normalized, shopify-ready",TRUE,Title,Default Title,"ROS-WC72620DS",1500,shopify,25,deny,manual,847.99,912.66,TRUE,TRUE,,"https://dphpia7d6qb4m.cloudfront.net/images/ros-wc72620ds_01_t.png",1,"ProBasics K6/K7 Bariatric Wheelchairs (ROS-WC72620DS)",418.65,active
"probasics-ros-wc3l1816ds-ros-wc3l1816ds","ProBasics K3 Lightweight Wheelchairs (ROS-WC3L1816DS)","<p>ProBasics lightweight wheelchair (SKU ROS-WC3L1816DS) that balances everyday durability with easier handling and transport than a standard steel-frame chair.</p>","ProBasics","K3 Lightweight Wheelchairs","K3 Lightweight Wheelchairs","probasics, lamp, wholesale-normalized, shopify-ready",TRUE,Title,Default Title,"ROS-WC3L1816DS",1500,shopify,25,deny,manual,279.99,305.20,TRUE,TRUE,,"https://dphpia7d6qb4m.cloudfront.net/images/ros-wc31616ds_01_t.png",1,"ProBasics K3 Lightweight Wheelchairs (ROS-WC3L1816DS)",140.00,active
"ez-access-ez-taem-1-5-1p-ez-taem-1-5-1p","EZ-Access Ramps (EZ-TAEM 1.5-1P)","<p>EZ-Access mobility ramp (SKU EZ-TAEM 1.5-1P) designed to provide safe, gradual access over steps or curbs for wheelchairs, scooters, and rollators, with durable construction for everyday use.</p>","EZ-Access","Ramps","Ramps","ez-access, appliance, wholesale-normalized, shopify-ready",TRUE,Title,Default Title,"EZ-TAEM 1.5-1P",1500,shopify,25,deny,manual,87.99,98.10,TRUE,TRUE,,"https://dphpia7d6qb4m.cloudfront.net/images/ez-taem%201.5-1_t.jpg",1,"EZ-Access Ramps (EZ-TAEM 1.5-1P)",45.00,active
"roscoe-medical-ros-wct41616ds-ros-wct41616ds","Roscoe Medical Wheelchairs (ROS-WCT41616DS)","<p>The perfect upgrade from a standard K0004 wheelchair, the ProBasics TRANSFORMER is a dual purpose, high strength lightweight wheelchair that quickly transforms from a self-propelled wheelchair to a compact transport chair with 8"" wheels all around. Great as a transitional chair for accompanied excursions while retaining self-propel capabilities. Also allows the slimming down of the chair to navigate narrow doorways.</p>","Roscoe Medical","Wheelchairs","Wheelchairs","roscoe medical, medical, wholesale-normalized, shopify-ready",TRUE,Title,Default Title,"ROS-WCT41616DS",1500,shopify,25,deny,manual,483.99,521.02,TRUE,TRUE,,"https://dphpia7d6qb4m.cloudfront.net/images/ros-wct41616ds_t.jpg",1,"Roscoe Medical Wheelchairs (ROS-WCT41616DS)",239.00,active
"invacare-in-9xtwd-in-9xtwd","Invacare Standard Wheelchairs (IN-9XTWD)","<p>Invacare standard wheelchair (SKU IN-9XTWD), a durable, everyday manual wheelchair suited to home use, short trips out, and general mobility support.</p>","Invacare","Standard Wheelchairs","Standard Wheelchairs","invacare, appliance, wholesale-normalized, shopify-ready",TRUE,Title,Default Title,"IN-9XTWD",1500,shopify,25,deny,manual,87.99,98.10,TRUE,TRUE,,"https://www.lakecourt.com/wheelchairs/images/no-image.png",1,"Invacare Standard Wheelchairs (IN-9XTWD)",45.00,active
"drive-devilbiss-dr-stds850-pb-dr-stds850-pb","Drive DeVilbiss Seat Belts (DR-STDS850-PB)","<p>Drive DeVilbiss wheelchair seat belt (SKU DR-STDS850-PB), an adjustable safety strap that helps keep the user securely positioned in the chair.</p>","Drive DeVilbiss","Seat Belts","Seat Belts","drive devilbiss, appliance, wholesale-normalized, shopify-ready",TRUE,Title,Default Title,"DR-STDS850-PB",1500,shopify,25,deny,manual,29.99,33.35,TRUE,TRUE,,"https://dphpia7d6qb4m.cloudfront.net/images/dr-stds850-pb_t.jpg",1,"Drive DeVilbiss Seat Belts (DR-STDS850-PB)",15.30,active
"probasics-ros-wc3l1816de-ros-wc3l1816de","ProBasics K3 Lightweight Wheelchairs (ROS-WC3L1816DE)","<p>ProBasics lightweight wheelchair (SKU ROS-WC3L1816DE) that balances everyday durability with easier handling and transport than a standard steel-frame chair.</p>","ProBasics","K3 Lightweight Wheelchairs","K3 Lightweight Wheelchairs","probasics, lamp, wholesale-normalized, shopify-ready",TRUE,Title,Default Title,"ROS-WC3L1816DE",1500,shopify,25,deny,manual,283.99,309.56,TRUE,TRUE,,"https://dphpia7d6qb4m.cloudfront.net/images/ros-wc31616ds_01_t.png",1,"ProBasics K3 Lightweight Wheelchairs (ROS-WC3L1816DE)",142.00,active
"graham-field-gf-3g-gf-3g","Graham-Field K6/K7 Bariatric Wheelchairs (GF-3G)","<p>Graham-Field bariatric wheelchair (SKU GF-3G) built with a reinforced frame and a wider seat to safely support higher-weight users, combining durability with everyday comfort for home or facility use.</p>","Graham-Field","K6/K7 Bariatric Wheelchairs","K6/K7 Bariatric Wheelchairs","graham-field, appliance, wholesale-normalized, shopify-ready",TRUE,Title,Default Title,"GF-3G",1500,shopify,25,deny,manual,87.99,98.10,TRUE,TRUE,,"https://dphpia7d6qb4m.cloudfront.net/images/gf-3g_01_t.png",1,"Graham-Field K6/K7 Bariatric Wheelchairs (GF-3G)",45.00,active
"pride-mobility-pr-acc1610772-pr-acc1610772","Pride Mobility Wheelchairs Parts & Accessories (PR-ACC1610772)","<p>Pride Mobility wheelchair (SKU PR-ACC1610772) designed for everyday mobility support at home or on the go.</p>","Pride Mobility","Wheelchairs Parts & Accessories","Wheelchairs Parts & Accessories","pride mobility, appliance, wholesale-normalized, shopify-ready",TRUE,Title,Default Title,"PR-ACC1610772",1500,shopify,25,deny,manual,240.99,262.25,TRUE,TRUE,,"https://dphpia7d6qb4m.cloudfront.net/images/pr-acc1610772_t.jpg",1,"Pride Mobility Wheelchairs Parts & Accessories (PR-ACC1610772)",120.30,active
"drive-dr-hdelr-dr-hdelr","Drive Wheelchair Parts and Accessories (DR-HDELR)","<p>Genuine Drive replacement part for Drive wheelchairs (SKU DR-HDELR), built to the same specifications as the original component. Wheelchair parts vary by model and frame year, so please confirm compatibility with your exact chair before ordering, or contact us and we'll verify fitment for you.</p>","Drive","Wheelchair Parts and Accessories","Wheelchair Parts and Accessories","drive, appliance, wholesale-normalized, shopify-ready",TRUE,Title,Default Title,"DR-HDELR",1500,shopify,25,deny,manual,294.99,321.48,TRUE,TRUE,,"https://dphpia7d6qb4m.cloudfront.net/images/parts_t.jpg",1,"Drive Wheelchair Parts and Accessories (DR-HDELR)",147.47,active
"comfort-company-cc-75k-sm-cc-75k-sm","Comfort Company Wheelchair Parts and Accessories (CC-75K-SM)","<p>Genuine Comfort Company replacement part for Comfort Company wheelchairs (SKU CC-75K-SM), built to the same specifications as the original component. Wheelchair parts vary by model and frame year, so please confirm compatibility with your exact chair before ordering, or contact us and we'll verify fitment for you.</p>","Comfort Company","Wheelchair Parts and Accessories","Wheelchair Parts and Accessories","comfort company, cookware, wholesale-normalized, shopify-ready",TRUE,Title,Default Title,"CC-75K-SM",1500,shopify,25,deny,manual,299.99,327.00,TRUE,TRUE,,"https://dphpia7d6qb4m.cloudfront.net/images/cc-75k-sm_t.jpg",1,"Comfort Company Wheelchair Parts and Accessories (CC-75K-SM)",150.00,active
"invacare-in-t420rfap-in-t420rfap","Invacare Wheelchairs - Bariatric (IN-T420RFAP)","<p>Dual-axle allows for repositioning for hemi seat-to-floor height.</p>","Invacare","Wheelchairs - Bariatric","Wheelchairs - Bariatric","invacare, appliance, wholesale-normalized, shopify-ready",TRUE,Title,Default Title,"IN-T420RFAP",1500,shopify,25,deny,manual,693.99,746.65,TRUE,TRUE,,"https://dphpia7d6qb4m.cloudfront.net/images/in-t420rfap_t.jpg",1,"Invacare Wheelchairs - Bariatric (IN-T420RFAP)",342.50,active
"proactive-medical-pro-wck4x14daelr-pro-wck4x14daelr","Proactive Medical Pediatric Wheelchairs (PRO-WCK4X14DAELR)","<p>The Chariot IV XTC Pediatric Wheelchair is a versatile wheelchair right out of the box and is easier to propel and transport than an average weight wheelchair. The Chariot IV XTC Pediatric comes standard with padded arms, multiple seat to floor height positions, anti-tippers with flip-up wheels which never have to be removed, and push-to-lock wheel locks. The back is height adjustable to provide added patient comfort. The carbon steel frame is high strength while remaining lightweight. The wheelchair upholstery is made of durable nylon for long lasting comfort and cleanliness.</p>","Proactive Medical","Pediatric Wheelchairs","Pediatric Wheelchairs","proactive medical, medical, wholesale-normalized, shopify-ready",TRUE,Title,Default Title,"PRO-WCK4X14DAELR",1500,shopify,25,deny,manual,776.99,835.49,TRUE,TRUE,,"https://dphpia7d6qb4m.cloudfront.net/images/pro-wck4x12daelr_t.jpg",1,"Proactive Medical Pediatric Wheelchairs (PRO-WCK4X14DAELR)",383.25,active
"proactive-medical-pro-wck4x12daelr-pro-wck4x12daelr","Proactive Medical Pediatric Wheelchairs (PRO-WCK4X12DAELR)","<p>The Chariot IV XTC Pediatric Wheelchair is a versatile wheelchair right out of the box and is easier to propel and transport than an average weight wheelchair. The Chariot IV XTC Pediatric comes standard with padded arms, multiple seat to floor height positions, anti-tippers with flip-up wheels which never have to be removed, and push-to-lock wheel locks. The back is height adjustable to provide added patient comfort. The carbon steel frame is high strength while remaining lightweight. The wheelchair upholstery is made of durable nylon for long lasting comfort and cleanliness.</p>","Proactive Medical","Pediatric Wheelchairs","Pediatric Wheelchairs","proactive medical, medical, wholesale-normalized, shopify-ready",TRUE,Title,Default Title,"PRO-WCK4X12DAELR",1500,shopify,25,deny,manual,776.99,835.49,TRUE,TRUE,,"https://dphpia7d6qb4m.cloudfront.net/images/pro-wck4x12daelr_t.jpg",1,"Proactive Medical Pediatric Wheelchairs (PRO-WCK4X12DAELR)",383.25,active
"tactile-medical-ibc-8300-ibc-8300","Tactile Medical Afflovest (IBC-8300)","<p>AffloVest® is a proven high frequency chest wall oscillation (HFCWO) therapy designed to provide patients the freedom and mobility to customize and enhance airway clearance therapy, help mobilize lung secretions, and promote treatment adherence for patients with Bronchiectasis, Cystic Fibrosis, COPD,MS, MD (muscular dystrophy), ALS, and other neuromuscular and respiratory diseases.By incorporating eight oscillating motors into AffloVest, our patented Direct Dynamic Oscillation™ technology creates eight individual pressure waves that target the lobes of the lungs, much like manual Chest Physical Therapy (CPT)—in order to help effectively mobilize secretions. Patient home treatment plans can be customized for the targeted motors using the digital controller to specify different levels of intensity for 3 different treatment options.A recently completed independent lab Noise Study demonstrated that AffloVest is the quietest HFCWO vest currently available on the market and a Peak Magnetic Field Test showed that Afflovest is 4x lower than the threshold limit value for active medical device wearers and implants, in comparison to other portable HFCWO options which were significantly higher than the threshold limit.1</p>","Tactile Medical","Afflovest","Afflovest","tactile medical, medical, wholesale-normalized, shopify-ready",TRUE,Title,Default Title,"IBC-8300",1500,shopify,25,deny,manual,87.99,98.10,TRUE,TRUE,,"https://dphpia7d6qb4m.cloudfront.net/images/ibc-8300_parent_t.png",1,"Tactile Medical Afflovest (IBC-8300)",45.00,active
