ID,SKU,Title,Category,Vendor,Dealer Cost ($),Selling Price ($),MSRP ($),Profit ($),Margin (%),Savings ($),HCPCS,Image URL
"gid://shopify/Product/hero-dv-525ds","DV-525DS","DeVilbiss 5 Liter Compact Oxygen Concentrator (OSD Sensor)","Respiratory Therapy","Drive DeVilbiss","495.00","799","899","304.00","38.0%","100.00","E1390","https://dphpia7d6qb4m.cloudfront.net/images/dv-525ds_01_t.png"
"gid://shopify/Product/hero-dv-1025ds","DV-1025DS","DeVilbiss 10 Liter High-Flow Home Oxygen Concentrator","Respiratory Therapy","Drive DeVilbiss","999.00","1489","1650","490.00","32.9%","161.00","E1390","https://dphpia7d6qb4m.cloudfront.net/images/dv-1025ds_01_t.png"
"gid://shopify/Product/hero-dr-k3","DR-K3","Drive Cruiser III Lightweight Wheelchair with Flip-Back Arms","Mobility & Wheelchairs","Drive DeVilbiss","138.00","229","269","91.00","39.7%","40.00","K0003","https://dphpia7d6qb4m.cloudfront.net/images/dr-k3_01_t.png"
"gid://shopify/Product/hero-dr-stdec","DR-STDEC","Drive Sentra EC Heavy-Duty Bariatric Wheelchair (450 lb Capacity)","Mobility & Wheelchairs","Drive DeVilbiss","189.00","319","369","130.00","40.8%","50.00","K0007","https://dphpia7d6qb4m.cloudfront.net/images/dr-stdec_01_t.png"
"gid://shopify/Product/hero-dr-cx4","DR-CX4","Drive Cruiser X4 High-Strength Dual-Axle Lightweight Wheelchair","Mobility & Wheelchairs","Drive DeVilbiss","172.00","279","320","107.00","38.4%","41.00","K0004","https://dphpia7d6qb4m.cloudfront.net/images/dr-cx4_01_t.png"
"gid://shopify/Product/hero-ino-is-501-na8","INO-IS-501-NA8","Inogen Rove 6 Portable Oxygen Concentrator System","Respiratory Therapy","Inogen","1150.00","1795","1999","645.00","35.9%","204.00","E1390 / E1392","https://dphpia7d6qb4m.cloudfront.net/images/ino-is-501-na16_01_t.png"
"gid://shopify/Product/hero-dr-18081","DR-18081","Drive Power Neb Ultra Compressor Nebulizer System","Respiratory Therapy","Drive DeVilbiss","18.00","44.99","54.99","26.99","60.0%","10.00","E0570","https://dphpia7d6qb4m.cloudfront.net/images/dr-18081_01_t.jpg"
"gid://shopify/Product/hero-dv-3655ltr","DV-3655LTR","DeVilbiss PulmoNeb LT Compressor Nebulizer System","Respiratory Therapy","Drive DeVilbiss","27.50","59.99","69.99","32.49","54.2%","10.00","E0570","https://dphpia7d6qb4m.cloudfront.net/images/dv-3655ltr_01_t.png"
"gid://shopify/Product/hero-mq-mq3000","MQ-MQ3000","Drive Deluxe Fingertip Pulse Oximeter with OLED Display","Patient Monitoring","Drive DeVilbiss","14.80","34.99","44.99","20.19","57.7%","10.00","E0445","https://dphpia7d6qb4m.cloudfront.net/images/mq-mq3000_01_t.png"
"gid://shopify/Product/hero-sl-2025g-25-25","SL-2025G-25-25","Salter Labs 3-Channel Crush-Proof Oxygen Supply Tubing (25 Pack)","Respiratory Supplies","Salter Labs","41.05","89.99","105","48.94","54.4%","15.01","A4616","https://dphpia7d6qb4m.cloudfront.net/images/2025g-25-25_01_t.png"
"gid://shopify/Product/hero-sl-16soft","SL-16SOFT","Salter-Style Ultra-Soft Adult Nasal Cannula with 7ft Tubing","Respiratory Supplies","Salter Labs","24.90","54.99","64.99","30.09","54.7%","10.00","A4615","https://dphpia7d6qb4m.cloudfront.net/images/16soft_01_t.png"
"gid://shopify/Product/hero-dr-13002sv-6","DR-13002SV-6","Drive Medical Chrome Plated Oxygen Cylinder Cart for D and E Tanks","Respiratory Accessories","Drive DeVilbiss","86.20","159","185","72.80","45.8%","26.00","E1355","https://dphpia7d6qb4m.cloudfront.net/images/dr-13002sv-6_01_t.jpg"
"gid://shopify/Product/us-1003","INO-IS-501-NA16","Inogen One G5 Portable Oxygen Concentrator - Double 16-Cell Battery (INO-IS-501-NA16)","Portable Concentrators","Inogen","1250.00","2498.99","2687.5","999.60","40%","188.51","","https://dphpia7d6qb4m.cloudfront.net/images/ino-is-501-na16_01_t.png"
"gid://shopify/Product/us-1008","LS-LM5BA","Rhythm Healthcare 5 Liter Oxygen Concentrator - LS-LM5BA","Oxygen Concentrator","Rhythm Healthcare","405.00","742.99","799","297.20","40%","56.01","","https://dphpia7d6qb4m.cloudfront.net/images/lm5ba_01_t.png"
"gid://shopify/Product/us-1011","SL-1600","Salter Labs SL-1600 Oxygen Cannula","Oxygen Cannula","Salter Labs","45.00","60.99","65","24.40","40%","4.01","","https://dphpia7d6qb4m.cloudfront.net/images/1600_01_t.png"
"gid://shopify/Product/us-1019","DR-18300P","Drive DeVilbiss Oxygen Regulator 0-15 LPM (DR-18300P)","Oxygen Regulators","Drive DeVilbiss","45.00","70.99","79.99","28.40","40%","9.00","","https://dphpia7d6qb4m.cloudfront.net/images/dr-18300p_01_t.jpg"
"gid://shopify/Product/us-1021","SL-2025-25-25","Salter Labs 25-Foot Oxygen Cannula Supply Tubing - SL-2025-25-25","Oxygen Tubing","Salter Labs","41.05","54.99","59.99","22.00","40%","5.00","","https://dphpia7d6qb4m.cloudfront.net/images/2025-25-25_01_t.png"
"gid://shopify/Product/us-1022","LS-P2","Rhythm Healthcare LifeChoice Portable Oxygen Concentrator - LS-P2","Portable Oxygen Concentrator","Rhythm Healthcare","950.00","1761.99","1895","704.80","40%","133.01","","https://dphpia7d6qb4m.cloudfront.net/images/p2_01_t.png"
"gid://shopify/Product/us-1025","SL-7600-0-50","Salter Labs 7600 Bubble Humidifier 50 psi - 50/Case","Oxygen Humidifiers","Salter Labs","78.95","114.99","125","46.00","40%","10.01","","https://dphpia7d6qb4m.cloudfront.net/images/7600-0-50_01_t.png"
"gid://shopify/Product/us-1029","DR-OM-812","Drive DeVilbiss Oxygen Conserving Device OM-812","Oxygen Conserving Devices","Drive DeVilbiss","119.95","173.99","189.99","69.60","40%","16.00","","https://dphpia7d6qb4m.cloudfront.net/images/dr-om-812_01_t.jpg"
"gid://shopify/Product/us-1031","INO-IS-401-NA8","Inogen One G4 8-Cell Portable Oxygen Concentrator System (NA8)","Portable Oxygen Concentrator","Inogen","1475.00","2319.99","2495","928.00","40%","175.01","","https://dphpia7d6qb4m.cloudfront.net/images/ino-is-401-na8_01_t.png"
"gid://shopify/Product/us-1033","SL-1220-0-100","Salter Labs 1220-0-100 Oxygen Tubing Connector","Oxygen Tubing Accessories","Salter Labs","106.80","138.99","149.99","55.60","40%","11.00","","https://dphpia7d6qb4m.cloudfront.net/images/1220-0-100_01_t.png"
"gid://shopify/Product/us-1034","DR-5DECO2DS","Drive DeVilbiss 5 Liter Oxygen Concentrator with OSD","Oxygen Concentrator","Drive DeVilbiss","375.00","556.99","599.99","222.80","40%","43.00","","https://dphpia7d6qb4m.cloudfront.net/images/dr-5deco2ds_01_t.png"
"gid://shopify/Product/us-1035","SL-2050G-50-20","Salter Labs Green Oxygen Tubing, 50 Feet, 20/Case - SL-2050G-50-20","Oxygen Tubing","Salter Labs","70.50","94.99","95","38.00","40%","0.01","","https://dphpia7d6qb4m.cloudfront.net/images/2050g-50-20_01_t.png"
"gid://shopify/Product/us-1037","SL-1600HF","Salter Labs SL-1600HF High Flow Oxygen Cannula","Oxygen Cannulas","Salter Labs","45.00","70.99","79.99","28.40","40%","9.00","","https://dphpia7d6qb4m.cloudfront.net/images/1600hf_01_t.png"
"gid://shopify/Product/us-1038","DR-TUB NK","Drive DeVilbiss Oxygen Tubing Connector (DR-TUB NK)","Oxygen Accessories","Drive DeVilbiss","45.00","66.99","75","26.80","40%","8.01","","https://dphpia7d6qb4m.cloudfront.net/images/parent_images/tub%20nk_01_t.png"
"gid://shopify/Product/us-1039","SL-1005-0-25","Salter Labs SL-1005-0-25 Nasal Oxygen Cannula, 25-Foot","Oxygen Cannula","Salter Labs","35.30","47.99","52.95","19.20","40%","4.96","","https://dphpia7d6qb4m.cloudfront.net/images/1005-0-25_01_t.png"
"gid://shopify/Product/us-1040","SL-7900-0-25","Salter Labs Bubble Humidifier 7900-0-25","Oxygen Therapy Accessories","Salter Labs","92.65","119.99","129.99","48.00","40%","10.00","","https://dphpia7d6qb4m.cloudfront.net/images/7900-0-25_01_t.png"
"gid://shopify/Product/us-1042","DV-125D","Drive DeVilbiss iGo2 Portable Oxygen Concentrator DV-125D","Portable Oxygen Concentrator","Drive DeVilbiss","1050.00","2319.99","2495","928.00","40%","175.01","","https://dphpia7d6qb4m.cloudfront.net/images/dv-125d_01_t.png"
"gid://shopify/Product/us-1046","SL-7001-0-25","Salter Labs 7001-0-25 Nasal Cannula with 25-Foot Tubing","Oxygen Therapy Accessories","Salter Labs","52.05","70.99","79.99","28.40","40%","9.00","","https://dphpia7d6qb4m.cloudfront.net/images/7001-0-25_01_t.png"
"gid://shopify/Product/us-1048","DR-SOFT 204","Drive DeVilbiss Soft-Form Nasal Cannula DR-SOFT 204","Nasally Administered Oxygen Accessories","Drive DeVilbiss","36.60","52.99","59.99","21.20","40%","7.00","","https://dphpia7d6qb4m.cloudfront.net/images/soft%20204_01_t.png"
"gid://shopify/Product/us-1049","ROS-RMI-08MINI","Roscoe Medical Economy CGA-870 Mini Oxygen Regulator","Oxygen Regulators","Roscoe Medical","16.95","25.99","29.99","10.40","40%","4.00","","https://dphpia7d6qb4m.cloudfront.net/images/ros-rmi-08mini_t.jpg"
"gid://shopify/Product/us-1050","DR-OP-150-800","Drive DeVilbiss Oxygen Cylinder Carry Bag (M6 / D Cylinder, 800 Series)","Oxygen Cylinder Bags","Drive DeVilbiss","13.35","20.99","24.99","8.40","40%","4.00","","https://dphpia7d6qb4m.cloudfront.net/images/dr-op-150-800_01_t.jpg"
"gid://shopify/Product/us-1053","DR-STDS6008-1","Drive DeVilbiss Oxygen Cylinder Bag for M6 and C Cylinders","Oxygen Cylinder Accessories","Drive DeVilbiss","25.85","34.99","38.99","14.00","40%","4.00","","https://dphpia7d6qb4m.cloudfront.net/images/dr-stds6008-1_01_t.jpg"
"gid://shopify/Product/us-1055","SL-1225-0-25","Salter Labs 1225 Oxygen Tubing Connectors, 25/Pack","Oxygen Tubing Connectors","Salter Labs","56.00","75.99","75","30.40","40%","-0.99","","https://dphpia7d6qb4m.cloudfront.net/images/1225-0-25_01_t.png"
"gid://shopify/Product/us-1056","LS-P2BY001-2","Rhythm Healthcare LifeStyle Portable Oxygen Concentrator Battery LS-P2BY001-2","Oxygen Concentrator Battery","Rhythm Healthcare","155.00","228.99","249.99","91.60","40%","21.00","","https://dphpia7d6qb4m.cloudfront.net/images/p2by001-2_01_t.png"
"gid://shopify/Product/us-1062","LS-P2-E6","Rhythm Healthcare P2-E6 Portable Oxygen Concentrator","Portable Oxygen Concentrator","Rhythm Healthcare","975.00","1812.99","1950","725.20","40%","137.01","","https://dphpia7d6qb4m.cloudfront.net/images/p2-e6_02_t.png"
"gid://shopify/Product/us-1063","DR-CON 400","Drive DeVilbiss Oxygen Tubing Connector, DR-CON 400","Oxygen Tubing Connector","Drive DeVilbiss","37.15","49.99","52.99","20.00","40%","3.00","","https://dphpia7d6qb4m.cloudfront.net/images/con%20400_01_t.png"
"gid://shopify/Product/us-1064","SL-2050-50-20","Salter Labs 50-Foot Oxygen Tubing - SL-2050-50-20","Oxygen Tubing","Salter Labs","70.50","94.99","94.99","38.00","40%","0.00","","https://dphpia7d6qb4m.cloudfront.net/images/2050-50-20_01_t.png"
"gid://shopify/Product/us-1066","SL-2002G-7-50","Salter Labs Soft-Green Oxygen Tubing 7 Feet - 50/Case","Oxygen Tubing","Salter Labs","23.00","30.99","34.99","12.40","40%","4.00","","https://dphpia7d6qb4m.cloudfront.net/images/2002g-7-50_01_t.png"
"gid://shopify/Product/us-1067","SL-2014-14-50","Salter Labs 14-Foot Oxygen Tubing with Standard Connectors - SL-2014-14-50","Oxygen Tubing","Salter Labs","48.40","64.99","69.99","26.00","40%","5.00","","https://dphpia7d6qb4m.cloudfront.net/images/2014-14-50_01_t.png"
"gid://shopify/Product/us-1068","SL-2002-7-50","Salter Labs 7-Foot Oxygen Tubing - SL-2002-7-50","Oxygen Tubing","Salter Labs","20.60","30.99","34.99","12.40","40%","4.00","","https://dphpia7d6qb4m.cloudfront.net/images/2002-7-50_01_t.png"
"gid://shopify/Product/us-1070","LS-LM5BA9","Rhythm Healthcare LM5BA9 Humidifier Bottle for Oxygen Concentrators","Concentrator Accessories","Rhythm Healthcare","72.00","118.99","129.99","47.60","40%","11.00","","https://dphpia7d6qb4m.cloudfront.net/images/lm5ba9_01_t.png"
"gid://shopify/Product/us-1072","ROS-RMI-15MINI","Roscoe Medical Mini Oxygen Regulator CGA-870","Oxygen Regulators","Roscoe Medical","16.25","25.99","29.99","10.40","40%","4.00","","https://dphpia7d6qb4m.cloudfront.net/images/ros-rmi-15mini_t.jpg"
"gid://shopify/Product/us-1075","O2-800-0001-1V","O2 Concepts Oxlife Independence Portable Oxygen Concentrator","Portable Oxygen Concentrator","O2 Concepts","1950.00","3249.99","3495","1300.00","40%","245.01","","https://dphpia7d6qb4m.cloudfront.net/images/o2-800-0001-1v_t.jpg"
"gid://shopify/Product/us-1083","LS-LM10A","Rhythm Healthcare 10 Liter Concentrators (LS-LM10A)","10 Liter Concentrators","Rhythm Healthcare","999.00","2024.99","2177.82","810.00","40%","152.83","","https://dphpia7d6qb4m.cloudfront.net/images/lm10a_01_t.png"
"gid://shopify/Product/us-1088","DV-525DD-650","Drive DeVilbiss Concentrators - Portables (DV-525DD-650)","Concentrators - Portables","Drive DeVilbiss","57.35","114.99","125.02","46.00","40%","10.03","","https://dphpia7d6qb4m.cloudfront.net/images/dv-525dd-650_01_t.png"
"gid://shopify/Product/us-1091","SL-SO-1790","Salter Labs Oxygen Tubing (SL-SO-1790)","Oxygen Tubing","Salter Labs","31.85","61.99","69.43","24.80","40%","7.44","","https://dphpia7d6qb4m.cloudfront.net/images/so-1790_01_t.png"
"gid://shopify/Product/us-1093","HD-1420","Hudson RCI Oxygen Tubing Connectors (HD-1420)","Oxygen Tubing Connectors","Hudson RCI","15.95","30.99","34.77","12.40","40%","3.78","","https://dphpia7d6qb4m.cloudfront.net/images/hud1420_01_t.png"
"gid://shopify/Product/us-1096","SL-1220-0-25","Salter Labs Oxygen Tubing Connectors (SL-1220-0-25)","Oxygen Tubing Connectors","Salter Labs","30.80","59.99","67.14","24.00","40%","7.15","","https://dphpia7d6qb4m.cloudfront.net/images/1220-0-25_01_t.png"
"gid://shopify/Product/us-1105","DV-303DZ-605","Drive DeVilbiss Oxygen Filters (DV-303DZ-605)","Oxygen Filters","Drive DeVilbiss","13.01","23.99","28.36","9.60","40%","4.37","","https://dphpia7d6qb4m.cloudfront.net/images/dv-303dz-605_01_t.png"
"gid://shopify/Product/us-1106","ROS-CIF-IRO","Roscoe Medical Oxygen Filters (ROS-CIF-IRO)","Oxygen Filters","Roscoe Medical","5.50","9.99","11.99","4.00","40%","2.00","","https://dphpia7d6qb4m.cloudfront.net/images/ros-cif-iro_t.jpg"
"gid://shopify/Product/us-1108","INO-IS-401-NA4","Inogen Portable Concentrators (INO-IS-401-NA4)","Portable Concentrators","Inogen","1341.00","2717.99","2923.38","1087.20","40%","205.39","","https://dphpia7d6qb4m.cloudfront.net/images/ino-is-401-na4_01_t.png"
"gid://shopify/Product/us-1124","DR-CON 900","Drive DeVilbiss Oxygen Inline Water Traps (DR-CON 900)","Oxygen Inline Water Traps","Drive DeVilbiss","50.60","100.99","110.31","40.40","40%","9.32","","https://dphpia7d6qb4m.cloudfront.net/images/con%20900_01_t.png"
"gid://shopify/Product/us-1127","LS-LM5BA-ILF","Rhythm Healthcare Oxygen Filters (LS-LM5BA-ILF)","Oxygen Filters","Rhythm Healthcare","8.30","14.99","18.09","6.00","40%","3.10","","https://dphpia7d6qb4m.cloudfront.net/images/lm5ba-ilf_01_t.png"
"gid://shopify/Product/us-1134","SL-2014G-14-50","Salter Labs Oxygen Tubing (SL-2014G-14-50)","Oxygen Tubing","Salter Labs","45.70","88.99","99.63","35.60","40%","10.64","","https://dphpia7d6qb4m.cloudfront.net/images/2014g-14-50_01_t.png"
"gid://shopify/Product/us-1136","HD-1679","Hudson RCI Oxygen Inline Water Traps (HD-1679)","Oxygen Inline Water Traps","Hudson RCI","16.65","31.99","36.3","12.80","40%","4.31","","https://dphpia7d6qb4m.cloudfront.net/images/hud1679_01_t.png"
"gid://shopify/Product/us-1138","HD-1118","Hudson RCI Oxygen Tubing (HD-1118)","Oxygen Tubing","Hudson RCI","55.70","110.99","121.43","44.40","40%","10.44","","https://dphpia7d6qb4m.cloudfront.net/images/1118_01_t.png"
"gid://shopify/Product/us-1145","DR-P-224","Drive DeVilbiss Disposable Oxygen Conserver (DR-P-224)","Disposable Oxygen Conserver","Drive DeVilbiss","389.80","789.99","849.76","316.00","40%","59.77","","https://dphpia7d6qb4m.cloudfront.net/images/p-224_01_t.png"
"gid://shopify/Product/us-1146","LS-P2DCA-1","Rhythm Healthcare Concentrator Chargers & Power Supplies (LS-P2DCA-1)","Concentrator Chargers & Power Supplies","Rhythm Healthcare","81.25","161.99","177.13","64.80","40%","15.14","","https://dphpia7d6qb4m.cloudfront.net/images/p2dca-1_01_t.png"
"gid://shopify/Product/us-1148","SL-1215-0-50","Salter Labs Oxygen Tubing Connectors (SL-1215-0-50)","Oxygen Tubing Connectors","Salter Labs","28.05","54.99","61.15","22.00","40%","6.16","","https://dphpia7d6qb4m.cloudfront.net/images/1215-0-50_01_t.png"
"gid://shopify/Product/us-1156","DR-CON 700","Drive DeVilbiss Oxygen Tubing Connectors (DR-CON 700)","Oxygen Tubing Connectors","Drive DeVilbiss","6.05","10.99","13.19","4.40","40%","2.20","","https://dphpia7d6qb4m.cloudfront.net/images/con%20700_01_t.png"
"gid://shopify/Product/us-1161","HD-1115","Hudson RCI Oxygen Tubing (HD-1115)","Oxygen Tubing","Hudson RCI","23.15","44.99","50.47","18.00","40%","5.48","","https://dphpia7d6qb4m.cloudfront.net/images/hud1115_01_t.png"
"gid://shopify/Product/us-1162","SL-1227-7-7-10","Salter Labs Oxygen Tubing Connectors (SL-1227-7-7-10)","Oxygen Tubing Connectors","Salter Labs","40.15","77.99","87.53","31.20","40%","9.54","","https://dphpia7d6qb4m.cloudfront.net/images/1227-7-7-10_01_t.png"
"gid://shopify/Product/us-1163","LS-P2ACA-1","Rhythm Healthcare Concentrator Chargers & Power Supplies (LS-P2ACA-1)","Concentrator Chargers & Power Supplies","Rhythm Healthcare","87.25","173.99","190.21","69.60","40%","16.22","","https://dphpia7d6qb4m.cloudfront.net/images/p2aca-1_01_t.png"
"gid://shopify/Product/us-1164","O2-800-0001-2V","O2 Concepts Portable O2 Concentrators (O2-800-0001-2V)","Portable O2 Concentrators","O2 Concepts","2208.00","4475.99","4813.44","1790.40","40%","337.45","","https://dphpia7d6qb4m.cloudfront.net/images/o2-800-0001-2v_t.jpg"
"gid://shopify/Product/us-1168","INO-RP-101","Inogen Oxygen Filters (INO-RP-101)","Oxygen Filters","Inogen","43.00","83.99","93.74","33.60","40%","9.75","","https://www.lakecourt.com/respiratory/images/no-image.png"
"gid://shopify/Product/us-1173","DR-18580","Drive DeVilbiss Oxygen Analyzers (DR-18580)","Oxygen Analyzers","Drive DeVilbiss","280.85","568.99","612.25","227.60","40%","43.26","","https://www.lakecourt.com/respiratory/images/no-image.png"
"gid://shopify/Product/us-1174","REA-IRC10LXO2","React Health 10 Liter Concentrators (REA-IRC10LXO2)","10 Liter Concentrators","React Health","1120.00","2269.99","2441.6","908.00","40%","171.61","","https://dphpia7d6qb4m.cloudfront.net/images/in-irc10lxo2_t.jpg"
"gid://shopify/Product/us-1175","SL-9996-1-25","Salter Labs Oxygen Tubing (SL-9996-1-25)","Oxygen Tubing","Salter Labs","10.75","19.99","23.44","8.00","40%","3.45","","https://dphpia7d6qb4m.cloudfront.net/images/9996-1-25_01_t.png"
"gid://shopify/Product/us-1176","DV-555DS","Drive Medical 5 Liter Concentrators (DV-555DS)","5 Liter Concentrators","Drive Medical","495.00","1002.99","1079.1","401.20","40%","76.11","","https://dphpia7d6qb4m.cloudfront.net/images/555ds_01_t.png"
"gid://shopify/Product/us-1179","LS-TOC3","Rhythm Healthcare Pull Behind Concentrators (LS-TOC3)","Pull Behind Concentrators","Rhythm Healthcare","1400.00","2837.99","3052","1135.20","40%","214.01","","https://dphpia7d6qb4m.cloudfront.net/images/toc3_01_t.png"
"gid://shopify/Product/us-1183","RE-1038831","Philips Respironics Oxygen Filters (RE-1038831)","Oxygen Filters","Philips Respironics","21.81","41.99","47.55","16.80","40%","5.56","","https://dphpia7d6qb4m.cloudfront.net/images/re-1038831_t.jpg"
"gid://shopify/Product/us-1184","SL-2004-4-50","Salter Labs Oxygen Tubing (SL-2004-4-50)","Oxygen Tubing","Salter Labs","18.05","34.99","39.35","14.00","40%","4.36","","https://dphpia7d6qb4m.cloudfront.net/images/2004-4-50_01_t.png"
"gid://shopify/Product/us-1187","LS-LM5BA-ITF","Rhythm Healthcare Oxygen Filters (LS-LM5BA-ITF)","Oxygen Filters","Rhythm Healthcare","1.60","2.99","3.49","1.20","40%","0.50","","https://dphpia7d6qb4m.cloudfront.net/images/lm5ba-itf_01_t.png"
"gid://shopify/Product/us-1189","SL-PRO2ELITE-1","Salter Labs Oxygen Analyzers (SL-PRO2ELITE-1)","Oxygen Analyzers","Salter Labs","583.15","1181.99","1271.27","472.80","40%","89.28","","https://dphpia7d6qb4m.cloudfront.net/images/pro2elite-1_01_t.png"
"gid://shopify/Product/us-1190","LS-LM5BA-BF","Rhythm Healthcare Oxygen Filters (LS-LM5BA-BF)","Oxygen Filters","Rhythm Healthcare","2.25","3.99","4.91","1.60","40%","0.92","","https://dphpia7d6qb4m.cloudfront.net/images/lm5ba-bf_01_t.png"
"gid://shopify/Product/us-1191","HD-1119","Hudson RCI Oxygen Tubing (HD-1119)","Oxygen Tubing","Hudson RCI","36.95","71.99","80.55","28.80","40%","8.56","","https://dphpia7d6qb4m.cloudfront.net/images/hud1119_01_t.png"
"gid://shopify/Product/us-1204","DR-CON 550","Drive DeVilbiss Oxygen Tubing Connectors (DR-CON 550)","Oxygen Tubing Connectors","Drive DeVilbiss","9.99","18.99","21.78","7.60","40%","2.79","","https://dphpia7d6qb4m.cloudfront.net/images/con%20550_01_t.png"
"gid://shopify/Product/us-1208","LS-P2PBC090","Rhythm Healthcare Concentrator Chargers & Power Supplies (LS-P2PBC090)","Concentrator Chargers & Power Supplies","Rhythm Healthcare","166.75","333.99","363.52","133.60","40%","29.53","","https://dphpia7d6qb4m.cloudfront.net/images/p2pbc090_01_t.png"
"gid://shopify/Product/us-1210","DR-SIMO2DS","Drive Medical Portable O2 Concentrators (DR-SIMO2DS)","Portable O2 Concentrators","Drive Medical","950.00","1925.99","2071","770.40","40%","145.01","","https://dphpia7d6qb4m.cloudfront.net/images/simo2ds_01_t.png"
"gid://shopify/Product/us-1217","ROS-CF-1037","Roscoe Medical Oxygen Filters (ROS-CF-1037)","Oxygen Filters","Roscoe Medical","12.80","23.99","27.9","9.60","40%","3.91","","https://dphpia7d6qb4m.cloudfront.net/images/ros-cf-1037_t.jpg"
"gid://shopify/Product/us-1218","LS-P2FC-1","Rhythm Healthcare Oxygen Filters (LS-P2FC-1)","Oxygen Filters","Rhythm Healthcare","6.00","10.99","13.08","4.40","40%","2.09","","https://dphpia7d6qb4m.cloudfront.net/images/p2fc-1_01_t.png"
"gid://shopify/Product/us-1230","LS-P2PFCR-2","Rhythm Healthcare Concentrator Parts (LS-P2PFCR-2)","Concentrator Parts","Rhythm Healthcare","7.15","12.99","15.59","5.20","40%","2.60","","https://dphpia7d6qb4m.cloudfront.net/images/p2pfcr-2_01_t.png"
"gid://shopify/Product/us-1232","AS-AS099-101","AirSep Corporation 10 Liter Concentrators (AS-AS099-101)","10 Liter Concentrators","AirSep Corporation","1422.90","2883.99","3101.92","1153.60","40%","217.93","","https://dphpia7d6qb4m.cloudfront.net/images/as-as099-101_t.jpg"
"gid://shopify/Product/us-1238","INO-GS-100","Inogen 5 Liter Concentrators (INO-GS-100)","5 Liter Concentrators","Inogen","1625.00","3293.99","3542.5","1317.60","40%","248.51","","https://dphpia7d6qb4m.cloudfront.net/images/ino-gs-100_01_t.png"
"gid://shopify/Product/us-1239","INO-RP-405","Inogen Oxygen Filters (INO-RP-405)","Oxygen Filters","Inogen","12.00","22.99","26.16","9.20","40%","3.17","","https://dphpia7d6qb4m.cloudfront.net/images/ino-rp-405_t.jpg"
"gid://shopify/Product/us-1246","ROS-TUB-ROS25","Roscoe Medical Oxygen Tubing (ROS-TUB-ROS25)","Oxygen Tubing","Roscoe Medical","27.00","51.99","58.86","20.80","40%","6.87","","https://dphpia7d6qb4m.cloudfront.net/images/tub-ros25_01_t.png"
"gid://shopify/Product/us-1266","LS-P2E6PFCR","Rhythm Healthcare Concentrator Parts (LS-P2E6PFCR)","Concentrator Parts","Rhythm Healthcare","7.15","12.99","15.59","5.20","40%","2.60","","https://dphpia7d6qb4m.cloudfront.net/images/p2e6pfcr_01_t.png"
"gid://shopify/Product/us-1275","SQ-6900-SEQ-EW","Sequal Portable O2 Concentrators (SQ-6900-SEQ-EW)","Portable O2 Concentrators","Sequal","2182.50","4423.99","4757.85","1769.60","40%","333.86","","https://dphpia7d6qb4m.cloudfront.net/images/sq-6900-seq-ew_t.jpg"
"gid://shopify/Product/us-1276","M-NON026370","Medline Patient Oxygen Kits (M-NON026370)","Patient Oxygen Kits","Medline","93.10","185.99","202.96","74.40","40%","16.97","","https://dphpia7d6qb4m.cloudfront.net/images/m-non026370_01_t.png"
"gid://shopify/Product/us-1280","LS-P2-S4","Rhythm Healthcare Portable O2 Concentrators (LS-P2-S4)","Portable O2 Concentrators","Rhythm Healthcare","1062.50","2153.99","2316.25","861.60","40%","162.26","","https://dphpia7d6qb4m.cloudfront.net/images/p2-s4_01_t.png"
"gid://shopify/Product/us-1284","SQ-6900LN-EW","Sequal Portable O2 Concentrators (SQ-6900LN-EW)","Portable O2 Concentrators","Sequal","2344.75","4752.99","5111.56","1901.20","40%","358.57","","https://www.lakecourt.com/respiratory/images/no-image.png"
"gid://shopify/Product/us-1291","AS-AS2","AirSep Corporation Concentrators - Portables (AS-AS2)","Concentrators - Portables","AirSep Corporation","45.00","87.99","98.1","35.20","40%","10.11","","https://dphpia7d6qb4m.cloudfront.net/images/as-as2_t.jpg"
"gid://shopify/Product/us-1294","HD-1424","Hudson RCI Oxygen Tubing Connectors (HD-1424)","Oxygen Tubing Connectors","Hudson RCI","32.00","61.99","69.76","24.80","40%","7.77","","https://dphpia7d6qb4m.cloudfront.net/images/1424_01_t.png"
"gid://shopify/Product/us-1296","LS-P2-E7","Rhythm Healthcare Portable O2 Concentrators (LS-P2-E7)","Portable O2 Concentrators","Rhythm Healthcare","1250.00","2533.99","2725","1013.60","40%","191.01","","https://dphpia7d6qb4m.cloudfront.net/images/p2-e7_01_t.png"
"gid://shopify/Product/us-1301","DV-PV5LD-651","Drive DeVilbiss Oxygen Filters (DV-PV5LD-651)","Oxygen Filters","Drive DeVilbiss","11.30","20.99","24.63","8.40","40%","3.64","","https://www.lakecourt.com/respiratory/images/no-image.png"
"gid://shopify/Product/us-1302","DR-O-224","Drive DeVilbiss Disposable Oxygen Conserver (DR-O-224)","Disposable Oxygen Conserver","Drive DeVilbiss","119.99","239.99","261.58","96.00","40%","21.59","","https://dphpia7d6qb4m.cloudfront.net/images/o-224_01_t.png"
"gid://shopify/Product/us-1311","ROS-CIF-EVRFLO","Roscoe Medical Oxygen Filters (ROS-CIF-EVRFLO)","Oxygen Filters","Roscoe Medical","5.90","10.99","12.86","4.40","40%","1.87","","https://dphpia7d6qb4m.cloudfront.net/images/ros-cif-evrflo_t.jpg"
"gid://shopify/Product/us-1315","DV-125D-XB","Drive DeVilbiss Portable O2 Concentrators (DV-125D-XB)","Portable O2 Concentrators","Drive DeVilbiss","1583.65","3209.99","3452.36","1284.00","40%","242.37","","https://dphpia7d6qb4m.cloudfront.net/images/dv-125d-xb_01_t.png"
"gid://shopify/Product/us-1316","INO-RP-301","Inogen Oxygen Filters (INO-RP-301)","Oxygen Filters","Inogen","18.50","35.99","40.33","14.40","40%","4.34","","https://dphpia7d6qb4m.cloudfront.net/images/ino-rp-301_t.jpg"
"gid://shopify/Product/us-1317","M-HCS4525","Medline Oxygen Tubing (M-HCS4525)","Oxygen Tubing","Medline","19.99","38.99","43.58","15.60","40%","4.59","","https://dphpia7d6qb4m.cloudfront.net/images/hcs4525_01_t.png"
"gid://shopify/Product/us-1321","ROS-TUB-ROS7","Roscoe Medical Oxygen Tubing (ROS-TUB-ROS7)","Oxygen Tubing","Roscoe Medical","19.35","36.99","42.18","14.80","40%","5.19","","https://dphpia7d6qb4m.cloudfront.net/images/tub-ros7_01_t.png"
"gid://shopify/Product/us-1340","HD-1981","Hudson RCI Oxygen Tubing (HD-1981)","Oxygen Tubing","Hudson RCI","37.50","72.99","81.75","29.20","40%","8.76","","https://dphpia7d6qb4m.cloudfront.net/images/hud1981_01_t.png"
"gid://shopify/Product/us-1348","HD-1984","Hudson RCI Oxygen Tubing (HD-1984)","Oxygen Tubing","Hudson RCI","139.00","277.99","303.02","111.20","40%","25.03","","https://dphpia7d6qb4m.cloudfront.net/images/hud1984_01_t.png"
"gid://shopify/Product/us-1354","REA-1131249","Invacare Oxygen Filters (REA-1131249)","Oxygen Filters","Invacare","13.15","24.99","28.67","10.00","40%","3.68","","https://dphpia7d6qb4m.cloudfront.net/images/in-1131249_t.jpg"
"gid://shopify/Product/us-1364","LS-PAK2-S","Rhythm Healthcare Concentrator Chargers & Power Supplies (LS-PAK2-S)","Concentrator Chargers & Power Supplies","Rhythm Healthcare","145.00","289.99","316.1","116.00","40%","26.11","","https://dphpia7d6qb4m.cloudfront.net/images/pak2-s_01_t.png"
"gid://shopify/Product/us-1369","REA-P0750X030","Invacare Oxygen Filters (REA-P0750X030)","Oxygen Filters","Invacare","8.80","15.99","19.18","6.40","40%","3.19","","https://dphpia7d6qb4m.cloudfront.net/images/in-p0750x030_t.jpg"
"gid://shopify/Product/us-1390","ROS-TUB-ROS50G","Roscoe Medical Oxygen Tubing (ROS-TUB-ROS50G)","Oxygen Tubing","Roscoe Medical","38.50","74.99","83.93","30.00","40%","8.94","","https://dphpia7d6qb4m.cloudfront.net/images/tub-ros50g_01_t.png"
"gid://shopify/Product/us-1393","LS-PAK3","Rhythm Healthcare Concentrator Chargers & Power Supplies (LS-PAK3)","Concentrator Chargers & Power Supplies","Rhythm Healthcare","335.00","678.99","730.3","271.60","40%","51.31","","https://dphpia7d6qb4m.cloudfront.net/images/pak3_01_t.png"
"gid://shopify/Product/us-1399","LS-TOCAC","Rhythm Healthcare Concentrator Chargers & Power Supplies (LS-TOCAC)","Concentrator Chargers & Power Supplies","Rhythm Healthcare","140.75","281.99","306.84","112.80","40%","24.85","","https://dphpia7d6qb4m.cloudfront.net/images/tocac_01_t.png"
"gid://shopify/Product/us-1404","LS-TOCIF-1","Rhythm Healthcare Oxygen Filters (LS-TOCIF-1)","Oxygen Filters","Rhythm Healthcare","4.60","7.99","10.03","3.20","40%","2.04","","https://dphpia7d6qb4m.cloudfront.net/images/tocif-1_01_t.png"
"gid://shopify/Product/us-1406","LS-P2E7PFCR","Rhythm Healthcare Concentrator Parts (LS-P2E7PFCR)","Concentrator Parts","Rhythm Healthcare","7.15","12.99","15.59","5.20","40%","2.60","","https://dphpia7d6qb4m.cloudfront.net/images/p2e7pfcr_01_t.png"
"gid://shopify/Product/us-1407","LS-TOCIF-2","Rhythm Healthcare Oxygen Filters (LS-TOCIF-2)","Oxygen Filters","Rhythm Healthcare","4.60","7.99","10.03","3.20","40%","2.04","","https://dphpia7d6qb4m.cloudfront.net/images/tocif-2_01_t.png"
"gid://shopify/Product/us-3001","561425","CPAP Tubing 6 Foot Length 15 mm ID 22 mm Cuffs","BiPAP Machines","Respironics","8.57","15.99","19.99","7.42","46%","4.00","N/A","https://imgcdn.mckesson.com/CumulusWeb/Images/Item_Detail/RESPIR_561425.jpg"
"gid://shopify/Product/us-3002","913712","BiPAP S/T Ventilator Ultra-fine Filter Kit For Sleep Therapy and BiPAP S/T Noninvasive Ventilator","BiPAP Machines","Respironics","3.50","6.99","8.99","3.49","50%","2.00","N/A","https://imgcdn.mckesson.com/CumulusWeb/Images/Item_Detail/913712.jpg"
"gid://shopify/Product/us-3003","1083904","CPAP Tubing SlimLine System One Performance 6 Foot Length 15 mm ID","BiPAP Machines","Respironics","13.87","25.99","32.99","12.12","47%","7.00","N/A","https://imgcdn.mckesson.com/CumulusWeb/Images/Item_Detail/1083904_pdet.jpg"
"gid://shopify/Product/us-3004","776524","CPAP Tubing 18 Inch Length 22 mm Cuffs","BiPAP Machines","Respironics","8.76","15.99","19.99","7.23","45%","4.00","N/A","https://imgcdn.mckesson.com/CumulusWeb/Images/Item_Detail/776524.jpg"
"gid://shopify/Product/us-3005","729067","CPAP Filter M-Series Ultrafine Disposable 2 per Pack White Tab","BiPAP Machines","Drive DeVilbiss Healthcare","0.98","1.99","2.99","1.01","51%","1.00","N/A","https://imgcdn.mckesson.com/CumulusWeb/Images/Item_Detail/729067.jpg"
"gid://shopify/Product/us-3006","1197385","CPAP Water Chambers and Humidifiers For DreamStation 2 CPAP & BiPAP Machine Heated Humidifiers Without Lid, 325 mL to Maximum Fill Line","BiPAP Machines","Respironics","20.40","37.99","47.99","17.59","46%","10.00","N/A","https://imgcdn.mckesson.com/CumulusWeb/Images/Item_Detail/1197385_ppkgleft.jpg"
"gid://shopify/Product/us-3007","1202577","CPAP Filter Exceleron Medical Ultrafine Reusable 1 per Pack White With Frame","BiPAP Machines","Spirit Medical","0.68","1.99","2.99","1.31","66%","1.00","N/A","https://imgcdn.mckesson.com/CumulusWeb/Images/Item_Detail/1202577_side.jpg"
"gid://shopify/Product/us-3008","795330","CPAP Final Bacterial Filter Respironics® BiPAP® Vision™, Trilogy100, PLV® Continuum™ IB & II, Achieva™ Portable, Ventilator","BiPAP Machines","AG Industries","2.14","3.99","4.99","1.85","46%","1.00","N/A","https://imgcdn.mckesson.com/CumulusWeb/Images/Item_Detail/795330.jpg"
"gid://shopify/Product/us-3009","533933","CPAP Tubing REMstar® / BiPAP® 6 Foot Length","BiPAP Machines","Respironics","10.02","18.99","23.99","8.97","47%","5.00","N/A","https://imgcdn.mckesson.com/CumulusWeb/Images/Item_Detail/533933.jpg"
"gid://shopify/Product/us-3010","1201602","BPAP Unit Luna G3 Bi-Level 25A With Heated Humidifier","BiPAP Machines","React Health","1059.01","1470.99","1838.99","411.98","28%","368.00","N/A","https://imgcdn.mckesson.com/CumulusWeb/Images/Item_Detail/1201602_front.jpg"
"gid://shopify/Product/us-3011","897288","CPAP Mask Kit CPAP Mask Kit FreeMotion™ Full Face Style / Non-Vented Medium Cushion","BiPAP Machines","Fisher & Paykel","490.22","754.99","943.99","264.77","35%","189.00","N/A","https://imgcdn.mckesson.com/CumulusWeb/Images/Item_Detail/897288.jpg"
"gid://shopify/Product/us-3012","1043664","CPAP Mask Systems BPAP Mask Kit FreeMotion™ Full Face Style Large Cushion","BiPAP Machines","Fisher & Paykel","490.22","754.99","943.99","264.77","35%","189.00","N/A","https://imgcdn.mckesson.com/CumulusWeb/Images/Item_Detail/1043664.jpg"
"gid://shopify/Product/us-3013","724282","Reusable Filter For Respironics® with PR System One, RemStar Plus C-Flex, RemStar Auto A-Flex, BiPap Pro Bi-Flex, BiPap Auto Bi-Flex, RemStar Pro C-Flex, BiPap Pro Bi-Flex, SleepEasy with C-Flex and SleepEasy Machines","BiPAP Machines","Drive DeVilbiss Healthcare","0.96","1.99","2.99","1.03","52%","1.00","N/A","https://imgcdn.mckesson.com/CumulusWeb/Images/Item_Detail/724282.jpg"
"gid://shopify/Product/us-3014","1202111","CPAP Filter Exceleron Medical Foam / Pollen Reusable 2 per Pack Black No Tab","BiPAP Machines","Spirit Medical","0.65","1.99","2.99","1.34","67%","1.00","N/A","https://imgcdn.mckesson.com/CumulusWeb/Images/Item_Detail/1202111_side.jpg"
"gid://shopify/Product/us-3015","1043663","CPAP Mask Kit BPAP Mask Kit FreeMotion™ Full Face Style Small Cushion","BiPAP Machines","Fisher & Paykel","490.22","754.99","943.99","264.77","35%","189.00","N/A","https://imgcdn.mckesson.com/CumulusWeb/Images/Item_Detail/1043663.jpg"
"gid://shopify/Product/us-3016","795359","CPAP Filter Ultrafine Disposable 2 per Pack White No Tab","BiPAP Machines","AG Industries","1.81","3.99","4.99","2.18","55%","1.00","N/A","https://imgcdn.mckesson.com/CumulusWeb/Images/Item_Detail/795359.jpg"
"gid://shopify/Product/us-3017","1195496","Portable Outlet Car Charger Inverter CPAP Power Solutions Portable Outlet Portable Outlet 155W 12 Volt. DC to AC inverter","CPAP Machines","Portable Outlet","9.38","17.99","22.99","8.61","48%","5.00","N/A","https://imgcdn.mckesson.com/CumulusWeb/Images/Item_Detail/1195496_pkgfront.jpg"
"gid://shopify/Product/us-3018","1222890","CPAP Connector 15 mm ID 22 mm Cuffs","CPAP Machines","Sunset Healthcare","2.72","4.99","6.99","2.27","45%","2.00","N/A","https://imgcdn.mckesson.com/CumulusWeb/Images/Item_Detail/1222890_right.jpg"
"gid://shopify/Product/us-3019","1143933","CPAP Unit Prewash Cleanser SoClean® Unscented 8 oz.","CPAP Machines","SoClean Inc","440.63","677.99","847.99","237.36","35%","170.00","N/A","https://imgcdn.mckesson.com/CumulusWeb/Images/Item_Detail/1143933_front.jpg"
"gid://shopify/Product/us-3020","840007","CPAP Wipes","CPAP Machines","Mada Medical Products","74.11","123.99","154.99","49.88","40%","31.00","N/A","https://imgcdn.mckesson.com/CumulusWeb/Images/Item_Detail/840007_front.jpg"
"gid://shopify/Product/us-3021","575592","CPAP Mask Component CPAP Headgear Mirage Quattro™","CPAP Machines","ResMed Corp","34.14","56.99","71.99","22.85","40%","15.00","N/A","https://imgcdn.mckesson.com/CumulusWeb/Images/Item_Detail/575592.jpg"
"gid://shopify/Product/us-3022","949104","CPAP Heated Tubing ResMed AirSense 10 6.5 Foot Length 15 mm ID 22 mm Cuffs","CPAP Machines","ResMed Corp","15.30","27.99","34.99","12.69","45%","7.00","N/A","https://imgcdn.mckesson.com/CumulusWeb/Images/Item_Detail/949104_front.jpg"
"gid://shopify/Product/us-3023","768034","Humidifier Filter Kit For Humidifier","CPAP Machines","AG Industries","0.95","1.99","2.99","1.04","52%","1.00","N/A","https://imgcdn.mckesson.com/CumulusWeb/Images/Item_Detail/768034.jpg"
"gid://shopify/Product/us-3024","1202156","CPAP Filter Exceleron Medical Disposable 6 per Pack With Frame","CPAP Machines","Spirit Medical","3.67","6.99","8.99","3.32","47%","2.00","N/A","https://imgcdn.mckesson.com/CumulusWeb/Images/Item_Detail/1202156_front.jpg"
"gid://shopify/Product/us-3025","1168556","CPAP Filter RESmart Disposable Blue / White","CPAP Machines","Sunset Healthcare","2.72","4.99","6.99","2.27","45%","2.00","N/A","https://imgcdn.mckesson.com/CumulusWeb/Images/Item_Detail/1168556_left.jpg"
"gid://shopify/Product/us-3026","999507","CPAP Filter ICON Plus Ultrafine Disposable 2 per Pack No Tab","CPAP Machines","Fisher & Paykel","2.76","5.99","7.99","3.23","54%","2.00","N/A","https://imgcdn.mckesson.com/CumulusWeb/Images/Item_Detail/999507.jpg"
"gid://shopify/Product/us-3027","1216876","CPAP Filter Ultrafine Disposable 2 per Pack White No Tab","CPAP Machines","Advanced Medical Resources LLC","1.09","1.99","2.99","0.90","45%","1.00","N/A","https://imgcdn.mckesson.com/CumulusWeb/Images/Item_Detail/1216876_group.jpg"
"gid://shopify/Product/us-3028","1201110","CPAP Mask Component CPAP Chin Strap Respura","CPAP Machines","AG Industries","15.04","27.99","34.99","12.95","46%","7.00","N/A","https://imgcdn.mckesson.com/CumulusWeb/Images/Item_Detail/1201110_pdet.jpg"
"gid://shopify/Product/us-3029","1082822","Cabinet Filter Millennium For Respironics® Millennium Filter","CPAP Machines","Sunset Healthcare","8.84","16.99","21.99","8.15","48%","5.00","N/A","https://imgcdn.mckesson.com/CumulusWeb/Images/Item_Detail/1082822.jpg"
"gid://shopify/Product/us-3030","1103232","CPAP Filter S8 Series Foam / Pollen Disposable 1 per Pack Blue / White No Tab","CPAP Machines","Sunset Healthcare","0.79","1.99","2.99","1.20","60%","1.00","N/A","https://imgcdn.mckesson.com/CumulusWeb/Images/Item_Detail/1103232_right.jpg"
"gid://shopify/Product/us-3031","785599","CPAP Tubing ThermoSmart™ 6-3/8 Foot Length Tubing Heated Tubing","CPAP Machines","Fisher & Paykel","48.33","80.99","101.99","32.66","40%","21.00","N/A","https://imgcdn.mckesson.com/CumulusWeb/Images/Item_Detail/785599.jpg"
"gid://shopify/Product/us-3032","1141280","CPAP Tubing 6 Foot Length 15 mm ID 22 mm Cuffs","CPAP Machines","Drive DeVilbiss Healthcare","42.11","70.99","88.99","28.88","41%","18.00","N/A","https://imgcdn.mckesson.com/CumulusWeb/Images/Item_Detail/1141280_left.jpg"
"gid://shopify/Product/us-3033","982488","Airway Adapter Set","CPAP Machines","Respironics","312.79","481.99","602.99","169.20","35%","121.00","N/A","https://imgcdn.mckesson.com/CumulusWeb/Images/Item_Detail/982488_front.jpg"
"gid://shopify/Product/us-3034","1171706","Li Ion Battery SoClean","CPAP Machines","SoClean Inc","84.30","140.99","176.99","56.69","40%","36.00","N/A","https://imgcdn.mckesson.com/CumulusWeb/Images/Item_Detail/1171706_right.jpg"
"gid://shopify/Product/us-3035","1132450","CPAP Mask Component CPAP Headgear DreamWisp Adult","CPAP Machines","Respironics","40.23","67.99","84.99","27.76","41%","17.00","N/A","https://imgcdn.mckesson.com/CumulusWeb/Images/Item_Detail/1132450.jpg"
"gid://shopify/Product/us-3036","785680","CPAP Mask Component CPAP Headgear FitLife","CPAP Machines","Respironics","34.68","57.99","72.99","23.31","40%","15.00","N/A","https://imgcdn.mckesson.com/CumulusWeb/Images/Item_Detail/785680.JPG"
"gid://shopify/Product/us-3037","1206182","CPAP Heated Tubing Luna II G2 6 Foot Length 19 mm ID 22 mm Cuffs","CPAP Machines","React Health","33.59","55.99","69.99","22.40","40%","14.00","N/A","https://imgcdn.mckesson.com/CumulusWeb/Images/Item_Detail/1206182_left.jpg"
"gid://shopify/Product/us-3038","574016","CPAP Bacteria / Viral Filter","CPAP Machines","Respironics","34.99","58.99","73.99","24.00","41%","15.00","N/A","https://imgcdn.mckesson.com/CumulusWeb/Images/Item_Detail/574016.jpg"
"gid://shopify/Product/us-3039","871060","CPAP Mask Kit CPAP Headgear Simplus™","CPAP Machines","Fisher & Paykel","27.62","50.99","63.99","23.37","46%","13.00","N/A","https://imgcdn.mckesson.com/CumulusWeb/Images/Item_Detail/871060.jpg"
"gid://shopify/Product/us-3040","573693","CPAP Mask Component CPAP Headgear FlexiFit™ 431","CPAP Machines","Fisher & Paykel","27.62","50.99","63.99","23.37","46%","13.00","N/A","https://imgcdn.mckesson.com/CumulusWeb/Images/Item_Detail/FSHPAY_573693.jpg"
"gid://shopify/Product/us-3041","883957","CPAP Mask Component CPAP Headgear Wisp™ Nasal Style","CPAP Machines","Respironics","27.74","50.99","63.99","23.25","46%","13.00","N/A","https://imgcdn.mckesson.com/CumulusWeb/Images/Item_Detail/883957_front.jpg"
"gid://shopify/Product/us-3042","862212","CPAP Mask Component CPAP Headgear Nuance Pro Nasal Pillow Style","CPAP Machines","Respironics","27.74","50.99","63.99","23.25","46%","13.00","N/A","https://imgcdn.mckesson.com/CumulusWeb/Images/Item_Detail/862212_ppkgleft.jpg"
"gid://shopify/Product/us-3043","862209","CPAP Mask Component CPAP Headgear Nuance Nasal Pillow Style","CPAP Machines","Respironics","27.74","50.99","63.99","23.25","46%","13.00","N/A","https://imgcdn.mckesson.com/CumulusWeb/Images/Item_Detail/862209_right.jpg"
"gid://shopify/Product/us-3044","1056857","CPAP Mask Component CPAP Headgear Brevida™ Nasal Style","CPAP Machines","Fisher & Paykel","26.24","47.99","59.99","21.75","45%","12.00","N/A","https://imgcdn.mckesson.com/CumulusWeb/Images/Item_Detail/1056857.jpg"
"gid://shopify/Product/us-3045","1006118","CPAP Mask Component CPAP Mask Swivel Eson™","CPAP Machines","Fisher & Paykel","26.24","47.99","59.99","21.75","45%","12.00","N/A","https://imgcdn.mckesson.com/CumulusWeb/Images/Item_Detail/1006118.jpg"
"gid://shopify/Product/us-3046","798982","CPAP Mask Component CPAP Chin Strap PureSom","CPAP Machines","Sun Med","24.14","43.99","54.99","19.85","45%","11.00","N/A","https://imgcdn.mckesson.com/CumulusWeb/Images/Item_Detail/798982.jpg"
"gid://shopify/Product/us-3047","825135","CPAP Replacement Mask Parts CPAP Headgear Amara™","CPAP Machines","Respironics","24.14","43.99","54.99","19.85","45%","11.00","N/A","https://imgcdn.mckesson.com/CumulusWeb/Images/Item_Detail/825135_back.jpg"
"gid://shopify/Product/us-3048","798981","CPAP Mask Component CPAP Chin Strap PureSom","CPAP Machines","Sun Med","18.85","34.99","43.99","16.14","46%","9.00","N/A","https://imgcdn.mckesson.com/CumulusWeb/Images/Item_Detail/798981.jpg"
"gid://shopify/Product/us-3049","798979","CPAP Mask Component CPAP Chin Strap PureSom","CPAP Machines","Medical Grade","17.79","32.99","41.99","15.20","46%","9.00","N/A","https://imgcdn.mckesson.com/CumulusWeb/Images/Item_Detail/798979.jpg"
"gid://shopify/Product/us-3050","1202161","CPAP Mask Component CPAP Chin Strap Exceleron Medical","CPAP Machines","Spirit Medical","16.32","29.99","37.99","13.67","46%","8.00","N/A","https://imgcdn.mckesson.com/CumulusWeb/Images/Item_Detail/1202161_right.jpg"
"gid://shopify/Product/us-3051","573720","CPAP Water Chamber CPAP Water Chambers and Humidifiers SleepStyle™ 600 SleepStyle 600 Series Standard","CPAP Machines","Fisher & Paykel","15.88","28.99","36.99","13.11","45%","8.00","N/A","https://imgcdn.mckesson.com/CumulusWeb/Images/Item_Detail/FSHPAY_573720.jpg"
"gid://shopify/Product/us-3052","836323","LT Compressor Nebulizer System Filter PulmoNeb® For PulmoNeb® LT Compressor Nebulizer System","CPAP Machines","Drive DeVilbiss Healthcare","7.82","14.99","18.99","7.17","48%","4.00","N/A","https://imgcdn.mckesson.com/CumulusWeb/Images/Item_Detail/836323.jpg"
"gid://shopify/Product/us-3053","639022","Nebulizer Kit Set CompAir® Elite Compact Compressor Nebulizer NE-C30 and NE-C28-2","CPAP Machines","Emerson Healthcare","16.14","29.99","37.99","13.85","46%","8.00","N/A","https://imgcdn.mckesson.com/CumulusWeb/Images/Item_Detail/639022_front.jpg"
"gid://shopify/Product/us-3054","825387","CPAP Mask Component CPAP Chin Strap Respironics®","CPAP Machines","AG Industries","10.73","19.99","24.99","9.26","46%","5.00","N/A","https://imgcdn.mckesson.com/CumulusWeb/Images/Item_Detail/825387_pdet.jpg"
"gid://shopify/Product/us-3055","1224140","CPAP Replacement Mask Parts CPAP Chin Strap Spirit Medical","CPAP Machines","Spirit Medical","12.24","22.99","28.99","10.75","47%","6.00","N/A","https://imgcdn.mckesson.com/CumulusWeb/Images/Item_Detail/1224140_right.jpg"
"gid://shopify/Product/us-3056","1195399","CPAP Humidifer Seal CPAP Machine Parts DreamStation DreamStation","CPAP Machines","Respironics","3.25","5.99","7.99","2.74","46%","2.00","N/A","https://imgcdn.mckesson.com/CumulusWeb/Images/Item_Detail/1195399_right.jpg"
"gid://shopify/Product/us-3057","1139526","CPAP Filter Dreamstation® Ultrafine Disposable 2 per Pack White With Frame","CPAP Machines","Drive DeVilbiss Healthcare","1.30","2.99","3.99","1.69","57%","1.00","N/A","https://imgcdn.mckesson.com/CumulusWeb/Images/Item_Detail/1139526.jpg"
"gid://shopify/Product/us-3058","1126447","CPAP Mask Component CPAP Chin Strap Sunset","CPAP Machines","Sunset Healthcare","8.15","14.99","18.99","6.84","46%","4.00","N/A","https://imgcdn.mckesson.com/CumulusWeb/Images/Item_Detail/1126447_pdet.jpg"
"gid://shopify/Product/us-3059","1126448","CPAP Mask Component CPAP Chin Strap Sunset","CPAP Machines","Sunset Healthcare","8.15","14.99","18.99","6.84","46%","4.00","N/A","https://imgcdn.mckesson.com/CumulusWeb/Images/Item_Detail/1126448_pdet.jpg"
"gid://shopify/Product/us-3060","1126446","CPAP Mask Component CPAP Chin Strap Sunset","CPAP Machines","Sunset Healthcare","8.15","14.99","18.99","6.84","46%","4.00","N/A","https://imgcdn.mckesson.com/CumulusWeb/Images/Item_Detail/1126446_side.jpg"
"gid://shopify/Product/us-3061","1081731","CPAP Tubing 2 Foot Length 15 mm ID 22 mm Cuffs","CPAP Machines","Sun Med","6.73","12.99","16.99","6.26","48%","4.00","N/A","https://imgcdn.mckesson.com/CumulusWeb/Images/Item_Detail/1081731_front.jpg"
"gid://shopify/Product/us-3062","807671","CPAP Mask Component CPAP Chin Strap","CPAP Machines","AG Industries","6.82","12.99","16.99","6.17","47%","4.00","N/A","https://imgcdn.mckesson.com/CumulusWeb/Images/Item_Detail/807671.jpg"
"gid://shopify/Product/us-3063","825389","CPAP Mask Component CPAP Headgear","CPAP Machines","AG Industries","4.84","8.99","11.99","4.15","46%","3.00","N/A","https://imgcdn.mckesson.com/CumulusWeb/Images/Item_Detail/825389.jpg"
"gid://shopify/Product/us-3064","1139795","CPAP Filter Dreamstation® Ultrafine Reusable 1 per Pack White With Frame","CPAP Machines","Drive DeVilbiss Healthcare","1.46","2.99","3.99","1.53","51%","1.00","N/A","https://imgcdn.mckesson.com/CumulusWeb/Images/Item_Detail/1139795.jpg"
"gid://shopify/Product/us-3065","1202561","CPAP Filter Exceleron Medical Ultrafine Disposable 2 per Pack White No Tab","CPAP Machines","Spirit Medical","0.65","1.99","2.99","1.34","67%","1.00","N/A","https://imgcdn.mckesson.com/CumulusWeb/Images/Item_Detail/1202561_left.jpg"
"gid://shopify/Product/us-3066","1192966","CPAP Filter Respironics® Pollen Reusable 1 per Pack White With Frame","CPAP Machines","Respironics","5.44","9.99","12.99","4.55","46%","3.00","N/A","https://imgcdn.mckesson.com/CumulusWeb/Images/Item_Detail/1192966_left.jpg"
"gid://shopify/Product/us-3067","899365","CPAP Filter ICON Series Ultrafine Disposable 1 per Pack White No Tab","CPAP Machines","Sunset Healthcare","0.80","1.99","2.99","1.19","60%","1.00","N/A","https://imgcdn.mckesson.com/CumulusWeb/Images/Item_Detail/899365_right.jpg"
"gid://shopify/Product/us-3068","1103228","CPAP Filter M-Series Foam / Pollen Reusable 1 per Pack Black No Tab","CPAP Machines","Sunset Healthcare","0.82","1.99","2.99","1.17","59%","1.00","N/A","https://imgcdn.mckesson.com/CumulusWeb/Images/Item_Detail/1103228_right.jpg"
"gid://shopify/Product/us-3069","982659","CPAP Filter S8 Series Foam Disposable 2 per Pack Blue / White No Tab","CPAP Machines","Sunset Healthcare","0.82","1.99","2.99","1.17","59%","1.00","N/A","https://imgcdn.mckesson.com/CumulusWeb/Images/Item_Detail/982659.jpg"
"gid://shopify/Product/us-3070","1103235","CPAP Mask Component CPAP Chin Strap Sunset","CPAP Machines","Sunset Healthcare","7.14","12.99","16.99","5.85","45%","4.00","N/A","https://imgcdn.mckesson.com/CumulusWeb/Images/Item_Detail/1103235.jpg"
"gid://shopify/Product/us-3071","1103236","CPAP Mask Component CPAP Chin Strap Sunset","CPAP Machines","Sunset Healthcare","7.14","12.99","16.99","5.85","45%","4.00","N/A","https://imgcdn.mckesson.com/CumulusWeb/Images/Item_Detail/1103236.jpg"
"gid://shopify/Product/us-3072","1116308","CPAP Mask Component Chin Strap Adult","CPAP Machines","Sunset Healthcare","7.14","12.99","16.99","5.85","45%","4.00","N/A","https://imgcdn.mckesson.com/CumulusWeb/Images/Item_Detail/1116308.jpg"
"gid://shopify/Product/us-3073","1116309","CPAP Mask Component CPAP Chin Strap Sunset","CPAP Machines","Sunset Healthcare","7.14","12.99","16.99","5.85","45%","4.00","N/A","https://imgcdn.mckesson.com/CumulusWeb/Images/Item_Detail/1116309.jpg"
"gid://shopify/Product/us-3074","579868","Air Inlet Filter Model No 3655D Nebulizer","CPAP Machines","Drive DeVilbiss Healthcare","5.13","9.99","12.99","4.86","49%","3.00","N/A","https://imgcdn.mckesson.com/CumulusWeb/Images/Item_Detail/579868_front.jpg"
"gid://shopify/Product/us-3075","1153268","Compressor Filter PulmoNeb® LT For PulmoNeb® LT Compressor Nebulizer System","CPAP Machines","Drive DeVilbiss Healthcare","2.89","5.99","7.99","3.10","52%","2.00","N/A","https://imgcdn.mckesson.com/CumulusWeb/Images/Item_Detail/1153268_front.jpg"
"gid://shopify/Product/us-3076","1082789","Nebulizer Foam Filter For the Medi-Mist Nebulizer","CPAP Machines","Sunset Healthcare","2.86","5.99","7.99","3.13","52%","2.00","N/A","https://imgcdn.mckesson.com/CumulusWeb/Images/Item_Detail/1082789_right.jpg"
"gid://shopify/Product/us-3077","1103226","CPAP Filter RemStar Foam / Pollen Reusable 2 per Pack Black No Tab","CPAP Machines","Sunset Healthcare","0.99","1.99","2.99","1.00","50%","1.00","N/A","https://imgcdn.mckesson.com/CumulusWeb/Images/Item_Detail/1103226.jpg"
"gid://shopify/Product/us-3078","1203234","CPAP Filter ResMed® Pollen Disposable 3 per Pack White No Tab","CPAP Machines","Sunset Healthcare","3.06","5.99","7.99","2.93","49%","2.00","N/A","https://imgcdn.mckesson.com/CumulusWeb/Images/Item_Detail/1203234_right.jpg"
"gid://shopify/Product/us-3079","1207226","CPAP Filter Dreamstation® 2 Foam / Pollen Disposable 1 per Pack Blue / White With Frame","CPAP Machines","Sunset Healthcare","1.02","1.99","2.99","0.97","49%","1.00","N/A","https://imgcdn.mckesson.com/CumulusWeb/Images/Item_Detail/1207226_left.jpg"
"gid://shopify/Product/us-3080","1206816","CPAP Filter Spirit Medical Foam / Pollen Reusable 1 per Pack Black No Tab","CPAP Machines","Spirit Medical","0.50","0.99","1.99","0.49","49%","1.00","N/A","https://imgcdn.mckesson.com/CumulusWeb/Images/Item_Detail/1206816_front.jpg"
"gid://shopify/Product/us-3081","1239231","CPAP Filter ResMed AirSense™11 Hypoallergenic Reusable 2 per Pack White","CPAP Machines","Sunset Healthcare","1.90","3.99","4.99","2.09","52%","1.00","N/A","https://imgcdn.mckesson.com/CumulusWeb/Images/Item_Detail/1239231_left.jpg"
"gid://shopify/Product/us-3082","1095409","CPAP Filter Respironics® Standard Disposable 1 per Pack Blue / White With Frame","CPAP Machines","AG Industries","1.12","2.99","3.99","1.87","63%","1.00","N/A","https://imgcdn.mckesson.com/CumulusWeb/Images/Item_Detail/1095409_pkgfront.jpg"
"gid://shopify/Product/us-3083","1230658","CPAP Filter IntelliPAP® Ultrafine Disposable 1 per Pack White No Tab","CPAP Machines","Sunset Healthcare","1.16","2.99","3.99","1.83","61%","1.00","N/A","https://imgcdn.mckesson.com/CumulusWeb/Images/Item_Detail/1230658_left.jpg"
"gid://shopify/Product/us-3084","1103225","CPAP Filter RemStar Ultrafine Disposable 1 per Pack White Tab","CPAP Machines","Sunset Healthcare","0.50","0.99","1.99","0.49","49%","1.00","N/A","https://imgcdn.mckesson.com/CumulusWeb/Images/Item_Detail/1103225.jpg"
"gid://shopify/Product/us-3085","1192906","CPAP Filter Ultrafine Disposable 1 per Pack White Tab","CPAP Machines","Sunset Healthcare","0.61","1.99","2.99","1.38","69%","1.00","N/A","https://imgcdn.mckesson.com/CumulusWeb/Images/Item_Detail/1192906_pdet.jpg"
"gid://shopify/Product/us-3086","1055785","CPAP Filter Ultagen™ Standard Disposable 1 per Pack White No Tab","CPAP Machines","AG Industries","0.50","0.99","1.99","0.49","49%","1.00","N/A","https://imgcdn.mckesson.com/CumulusWeb/Images/Item_Detail/1055785.jpg"
"gid://shopify/Product/us-3087","1143931","CPAP Sanitizing Unit Adapter SoClean®","CPAP Machines","SoClean Inc","353.03","543.99","679.99","190.96","35%","136.00","N/A","https://imgcdn.mckesson.com/CumulusWeb/Images/Item_Detail/1143931_pkit.jpg"
"gid://shopify/Product/us-3088","874604","Valved T Adapter","CPAP Machines","Pulmodyne","75.23","125.99","157.99","50.76","40%","32.00","N/A","https://imgcdn.mckesson.com/CumulusWeb/Images/Item_Detail/874604.jpg"
"gid://shopify/Product/us-3089","785591","CPAP Mask Component CPAP Headgear Zest™ Q","CPAP Machines","Fisher & Paykel","33.14","55.99","69.99","22.85","41%","14.00","N/A","https://imgcdn.mckesson.com/CumulusWeb/Images/Item_Detail/785591.jpg"
"gid://shopify/Product/us-3090","1228066","CPAP Mask Component Replacment Headgear Nasal Style Pediatric","CPAP Machines","Sunset Healthcare","17.00","30.99","38.99","13.99","45%","8.00","N/A","https://imgcdn.mckesson.com/CumulusWeb/Images/Item_Detail/1228066_right.jpg"
"gid://shopify/Product/us-3091","1202572","CPAP Mask Component CPAP Chin Strap Elite Series","CPAP Machines","Spirit Medical","16.32","29.99","37.99","13.67","46%","8.00","N/A","https://imgcdn.mckesson.com/CumulusWeb/Images/Item_Detail/1202572_right.jpg"
"gid://shopify/Product/us-3092","466196","Filter Cap","CPAP Machines","Drive DeVilbiss Healthcare","12.43","22.99","28.99","10.56","46%","6.00","N/A","https://imgcdn.mckesson.com/CumulusWeb/Images/Item_Detail/DEVIBS_466196.jpg"
"gid://shopify/Product/us-3093","953639","Compressor Nebulizer Filter SportNeb™ For 3050-2 SportNeb™ 2 Compressor Nebulizer","CPAP Machines","Drive DeVilbiss Healthcare","12.88","23.99","29.99","11.11","46%","6.00","N/A","https://imgcdn.mckesson.com/CumulusWeb/Images/Item_Detail/953639_front.jpg"
"gid://shopify/Product/us-3094","1200498","CPAP Mask Component CPAP Headgear Clip Amara™ View","CPAP Machines","Respironics","9.71","17.99","22.99","8.28","46%","5.00","N/A","https://imgcdn.mckesson.com/CumulusWeb/Images/Item_Detail/1200498_group.jpg"
"gid://shopify/Product/us-3095","1005385","CPAP Mask Replacement Parts CPAP Clips Wisp Nasal Style","CPAP Machines","Respironics","9.71","17.99","22.99","8.28","46%","5.00","N/A","https://imgcdn.mckesson.com/CumulusWeb/Images/Item_Detail/1005385_group.jpg"
"gid://shopify/Product/us-3096","1207489","CPAP Filter Luna Series Ultrafine Disposable 6 per Pack White No Tab","CPAP Machines","Sunset Healthcare","4.08","7.99","9.99","3.91","49%","2.00","N/A","https://imgcdn.mckesson.com/CumulusWeb/Images/Item_Detail/1207489_left.jpg"
"gid://shopify/Product/us-3097","853492","CPAP Filter M-Series Ultrafine Disposable 6 per Pack White Tab","CPAP Machines","Sunset Healthcare","1.35","2.99","3.99","1.64","55%","1.00","N/A","https://imgcdn.mckesson.com/CumulusWeb/Images/Item_Detail/853492_pkit.jpg"
"gid://shopify/Product/us-3098","1202579","CPAP Filter Exceleron Medical Hypoallergenic / Ultrafine Disposable 2 per Pack White No Tab","CPAP Machines","Spirit Medical","0.65","1.99","2.99","1.34","67%","1.00","N/A","https://imgcdn.mckesson.com/CumulusWeb/Images/Item_Detail/1202579_front.jpg"
"gid://shopify/Product/us-3099","1202147","CPAP Filter Exceleron Medical Reusable 2 per Pack Black No Tab","CPAP Machines","Spirit Medical","0.65","1.99","2.99","1.34","67%","1.00","N/A","https://imgcdn.mckesson.com/CumulusWeb/Images/Item_Detail/1202147_left.jpg"
"gid://shopify/Product/us-3100","1043558","CPAP Tubing SleepWeaver® 18 Inch Length 15 mm ID 22 mm Cuffs","CPAP Machines","Circadiance","7.07","12.99","16.99","5.92","46%","4.00","N/A","https://imgcdn.mckesson.com/CumulusWeb/Images/Item_Detail/1043558.jpg"
"gid://shopify/Product/us-3101","574204","Mask Swivel Adapter 360 Degree Swivel Mask","CPAP Machines","Respironics","2.71","4.99","6.99","2.28","46%","2.00","N/A","https://imgcdn.mckesson.com/CumulusWeb/Images/Item_Detail/574204_front.jpg"
"gid://shopify/Product/us-3102","1143943","CPAP Sanitizing Unit Plug SoClean®","CPAP Machines","SoClean Inc","2.04","3.99","4.99","1.95","49%","1.00","N/A","https://imgcdn.mckesson.com/CumulusWeb/Images/Item_Detail/1143943_right.jpg"
"gid://shopify/Product/us-3103","1231832","CPAP Elbow 15 mm ID 22 mm Cuffs","CPAP Machines","Sunset Healthcare","2.38","4.99","6.99","2.61","52%","2.00","N/A","https://imgcdn.mckesson.com/CumulusWeb/Images/Item_Detail/1231832_side.jpg"
"gid://shopify/Product/us-3104","1119068","CPAP Filter PR System One REMStar Ultrafine Disposable 1 per Pack White No Tab","CPAP Machines","Sunset Healthcare","0.61","1.99","2.99","1.38","69%","1.00","N/A","https://imgcdn.mckesson.com/CumulusWeb/Images/Item_Detail/1119068.jpg"
"gid://shopify/Product/us-3105","1103227","CPAP Filter M-Series Ultrafine Disposable 1 per Pack White Tab","CPAP Machines","Sunset Healthcare","0.61","1.99","2.99","1.38","69%","1.00","N/A","https://imgcdn.mckesson.com/CumulusWeb/Images/Item_Detail/1103227_left.jpg"
"gid://shopify/Product/us-3106","984748","Humidification Chamber Fisher & Paykel 280 mL Unfilled Adult / Pediatric","CPAP Machines","Fisher & Paykel","202.99","312.99","391.99","110.00","35%","79.00","N/A","https://imgcdn.mckesson.com/CumulusWeb/Images/Item_Detail/984748.jpg"
"gid://shopify/Product/us-3107","1091620","CPAP Tubing 6 Foot Length 22 mm Cuffs","CPAP Machines","Drive DeVilbiss Healthcare","240.53","370.99","463.99","130.46","35%","93.00","N/A","https://imgcdn.mckesson.com/CumulusWeb/Images/Item_Detail/1091620_front.jpg"
"gid://shopify/Product/us-3108","202938","Nebulizer Adapter Kit","CPAP Machines","Medline","80.77","134.99","168.99","54.22","40%","34.00","N/A","https://imgcdn.mckesson.com/CumulusWeb/Images/Item_Detail/202938_front.jpg"
"gid://shopify/Product/us-3109","1202165","CPAP Tubing 8 Foot Length 15 mm ID 22 mm Cuffs","CPAP Machines","Spirit Medical","271.99","418.99","523.99","147.00","35%","105.00","N/A","https://imgcdn.mckesson.com/CumulusWeb/Images/Item_Detail/1202165_pdet.jpg"
"gid://shopify/Product/us-3110","1202164","CPAP Tubing 6 Foot Length 15 mm ID 22 mm Cuffs","CPAP Machines","Spirit Medical","187.00","287.99","359.99","100.99","35%","72.00","N/A","https://imgcdn.mckesson.com/CumulusWeb/Images/Item_Detail/1202164_pdet.jpg"
"gid://shopify/Product/us-3111","176587","Nebulizer Adapter","CPAP Machines","Medline","171.70","264.99","331.99","93.29","35%","67.00","N/A","https://imgcdn.mckesson.com/CumulusWeb/Images/Item_Detail/176587_front.jpg"
"gid://shopify/Product/us-3112","825125","CPAP Mask Kit Mask with Headgear Amara™ Full Face Style Adult","CPAP Machines","Respironics","133.17","204.99","256.99","71.82","35%","52.00","N/A","https://imgcdn.mckesson.com/CumulusWeb/Images/Item_Detail/825125.jpg"
"gid://shopify/Product/us-3113","516019","CPAP Mask Cleaner Citrus II 8 oz.","CPAP Machines","Beaumont Products","94.98","158.99","198.99","64.01","40%","40.00","N/A","https://imgcdn.mckesson.com/CumulusWeb/Images/Item_Detail/516019_front.jpg"
"gid://shopify/Product/us-3114","1038441","CPAP Heated Tubing DreamStation 6 Foot Length 15 mm ID 22 mm Cuffs","CPAP Machines","Respironics","54.40","90.99","113.99","36.59","40%","23.00","N/A","https://imgcdn.mckesson.com/CumulusWeb/Images/Item_Detail/1038441_front.jpg"
"gid://shopify/Product/us-3115","1206252","CPAP Heated Tubing Kit Luna II G2 6 Foot Length 19 mm ID 22 mm Cuffs","CPAP Machines","React Health","45.97","76.99","96.99","31.02","40%","20.00","N/A","https://imgcdn.mckesson.com/CumulusWeb/Images/Item_Detail/1206252_ppkgleft.jpg"
"gid://shopify/Product/us-3116","1216875","CPAP Water Chamber CPAP Water Chambers and Humidifiers Resvent CPAP CPAP Water Chamber","CPAP Machines","Advanced Medical Resources LLC","869.02","1206.99","1508.99","337.97","28%","302.00","N/A","https://imgcdn.mckesson.com/CumulusWeb/Images/Item_Detail/1216875_side.jpg"
"gid://shopify/Product/us-3117","322893","Humidification Chamber Fisher & Paykel 280 mL Unfilled Adult / Pediatric","CPAP Machines","Fisher & Paykel","778.83","1081.99","1352.99","303.16","28%","271.00","N/A","https://imgcdn.mckesson.com/CumulusWeb/Images/Item_Detail/322893_pdet.jpg"
"gid://shopify/Product/us-3118","1087304","Sampling Line Kit For Respironics Sampling Line Kit","CPAP Machines","EdanUSA & MDPro","176.80","271.99","339.99","95.19","35%","68.00","N/A","https://imgcdn.mckesson.com/CumulusWeb/Images/Item_Detail/1087304_front.jpg"
"gid://shopify/Product/us-3119","686905","CPAP Wipes Citrus II 5 X 8 Inch, 7.5 oz","CPAP Machines","Beaumont Products","115.24","177.99","222.99","62.75","35%","45.00","N/A","https://imgcdn.mckesson.com/CumulusWeb/Images/Item_Detail/686905_front.jpg"
"gid://shopify/Product/us-3120","741870","Nebulizer Cap Carefusion","CPAP Machines","Sun Med","100.69","154.99","193.99","54.30","35%","39.00","N/A","https://imgcdn.mckesson.com/CumulusWeb/Images/Item_Detail/741870_ppkgleft.jpg"
"gid://shopify/Product/us-3121","907093","Humidifier Refillable Water Bag Myairvo™ For Myairvo™ PT100 UF Humidifier","CPAP Machines","Fisher & Paykel","85.55","142.99","178.99","57.44","40%","36.00","N/A","https://imgcdn.mckesson.com/CumulusWeb/Images/Item_Detail/907093.jpg"
"gid://shopify/Product/us-3122","573715","CPAP Water Chamber Kit CPAP Water Chambers and Humidifiers Models HC100, HC150 and H150 Heated Humidifiers 15.2 Ounce Capacity","CPAP Machines","Fisher & Paykel","62.14","103.99","129.99","41.85","40%","26.00","N/A","https://imgcdn.mckesson.com/CumulusWeb/Images/Item_Detail/FSHPAY_573715.jpg"
"gid://shopify/Product/us-3123","572830","CPAP Mask Component CPAP Chin Strap Deluxe","CPAP Machines","Respironics","39.96","66.99","83.99","27.03","40%","17.00","N/A","https://imgcdn.mckesson.com/CumulusWeb/Images/Item_Detail/572830_side.jpg"
"gid://shopify/Product/us-3124","1146571","CPAP Mask Component CPAP Headgear DreamWear Nasal Style / Nasal Pillow Style","CPAP Machines","Respironics","40.23","67.99","84.99","27.76","41%","17.00","N/A","https://imgcdn.mckesson.com/CumulusWeb/Images/Item_Detail/1146571_pkgfront.jpg"
"gid://shopify/Product/us-3125","1105724","CPAP Mask Component CPAP Headgear DreamWear Full Face Style Adult","CPAP Machines","Respironics","40.23","67.99","84.99","27.76","41%","17.00","N/A","https://imgcdn.mckesson.com/CumulusWeb/Images/Item_Detail/1105724.jpg"
"gid://shopify/Product/us-3126","1027063","CPAP Mask Component CPAP Headgear Amara™ View Full Face Style Adult","CPAP Machines","Respironics","40.23","67.99","84.99","27.76","41%","17.00","N/A","https://imgcdn.mckesson.com/CumulusWeb/Images/Item_Detail/1027063_front.jpg"
"gid://shopify/Product/us-3127","1018557","CPAP Mask Component CPAP Headgear Amara™ View Full Face Style Adult","CPAP Machines","Respironics","40.23","67.99","84.99","27.76","41%","17.00","N/A","https://imgcdn.mckesson.com/CumulusWeb/Images/Item_Detail/1018557_front.jpg"
"gid://shopify/Product/us-3128","1046229","CPAP Mask Component CPAP Headgear Eson™ 2 Nasal Style","CPAP Machines","Fisher & Paykel","34.52","57.99","72.99","23.47","40%","15.00","N/A","https://imgcdn.mckesson.com/CumulusWeb/Images/Item_Detail/1046229_pdet.jpg"
"gid://shopify/Product/us-3129","785598","Humidification Chamber F&P ICON™ 420 mL Unfilled","CPAP Machines","Fisher & Paykel","34.52","57.99","72.99","23.47","40%","15.00","N/A","https://imgcdn.mckesson.com/CumulusWeb/Images/Item_Detail/785598.jpg"
"gid://shopify/Product/us-3130","1198625","Replacement Water Tank with Lid CPAP Water Chambers and Humidifiers DreamStation 2 DreamStation 2 CPAP 325 mL Capacity","CPAP Machines","Respironics","34.00","56.99","71.99","22.99","40%","15.00","N/A","https://imgcdn.mckesson.com/CumulusWeb/Images/Item_Detail/1198625_right.jpg"
"gid://shopify/Product/us-3131","865131","CPAP Mask Component CPAP Headgear Pilairo Q™","CPAP Machines","Fisher & Paykel","32.45","54.99","68.99","22.54","41%","14.00","N/A","https://imgcdn.mckesson.com/CumulusWeb/Images/Item_Detail/865131.jpg"
"gid://shopify/Product/us-3132","1155489","CPAP Mask Component CPAP Headgear Vitera™ Full Face Style Adult","CPAP Machines","Fisher & Paykel","31.76","52.99","66.99","21.23","40%","14.00","N/A","https://imgcdn.mckesson.com/CumulusWeb/Images/Item_Detail/1155489_front.jpg"
"gid://shopify/Product/us-3133","1155488","CPAP Mask Component CPAP Headgear F&P Vitera™ Full Face Style Adult","CPAP Machines","Fisher & Paykel","31.76","52.99","66.99","21.23","40%","14.00","N/A","https://imgcdn.mckesson.com/CumulusWeb/Images/Item_Detail/1155488_pkgfront.jpg"
"gid://shopify/Product/us-3134","940701","CPAP Mask Component CPAP Headgear Eson™","CPAP Machines","Fisher & Paykel","31.76","52.99","66.99","21.23","40%","14.00","N/A","https://imgcdn.mckesson.com/CumulusWeb/Images/Item_Detail/940701.jpg"
"gid://shopify/Product/us-3135","940704","CPAP Mask Component CPAP Headgear Eson™","CPAP Machines","Fisher & Paykel","31.76","52.99","66.99","21.23","40%","14.00","N/A","https://imgcdn.mckesson.com/CumulusWeb/Images/Item_Detail/940704.jpg"
"gid://shopify/Product/us-3136","1176329","CPAP Mask Component CPAP Nasal Seal Evora™ Nasal Style Adult","CPAP Machines","Fisher & Paykel","29.00","52.99","66.99","23.99","45%","14.00","N/A","https://imgcdn.mckesson.com/CumulusWeb/Images/Item_Detail/1176329_front.jpg"
"gid://shopify/Product/us-3137","871059","CPAP Mask Kit CPAP Headgear Simplus™","CPAP Machines","Fisher & Paykel","27.62","50.99","63.99","23.37","46%","13.00","N/A","https://imgcdn.mckesson.com/CumulusWeb/Images/Item_Detail/871059_front.jpg"
"gid://shopify/Product/us-3138","625036","CPAP Mask Component CPAP Headgear FlexiFit™ 407","CPAP Machines","Fisher & Paykel","27.62","50.99","63.99","23.37","46%","13.00","N/A","https://imgcdn.mckesson.com/CumulusWeb/Images/Item_Detail/625036_PC.jpg"
"gid://shopify/Product/us-3139","939933","CPAP Mask Component CPAP Headgear Wisp™","CPAP Machines","Respironics","27.74","50.99","63.99","23.25","46%","13.00","N/A","https://imgcdn.mckesson.com/CumulusWeb/Images/Item_Detail/939933_side.jpg"
"gid://shopify/Product/us-3140","939931","CPAP Mask Component CPAP Headgear Wisp™","CPAP Machines","Respironics","27.74","50.99","63.99","23.25","46%","13.00","N/A","https://imgcdn.mckesson.com/CumulusWeb/Images/Item_Detail/939931.jpg"
"gid://shopify/Product/us-3141","652458","CPAP Mask Kit CPAP Headgear ComfortGel™ Blue Nasal Style","CPAP Machines","Respironics","27.88","50.99","63.99","23.11","45%","13.00","N/A","https://imgcdn.mckesson.com/CumulusWeb/Images/Item_Detail/652458_back.jpg"
"gid://shopify/Product/us-3142","865129","CPAP Mask Component CPAP Nasal Pillow Seal Pilairo Q™ Nasal Pillow Style","CPAP Machines","Fisher & Paykel","24.86","45.99","57.99","21.13","46%","12.00","N/A","https://imgcdn.mckesson.com/CumulusWeb/Images/Item_Detail/865129.jpg"
"gid://shopify/Product/us-3143","1206187","CPAP Water Chamber CPAP Water Chambers and Humidifiers Luna II (G2) Luna II Auto CPAP Devices 360 mL Water Capacity","CPAP Machines","React Health","28.29","51.99","64.99","23.70","46%","13.00","N/A","https://imgcdn.mckesson.com/CumulusWeb/Images/Item_Detail/1206187_right.jpg"
"gid://shopify/Product/us-3144","627316","CPAP Mask Kit CPAP Chin Strap Respironics®","CPAP Machines","Respironics","24.97","45.99","57.99","21.02","46%","12.00","N/A","https://imgcdn.mckesson.com/CumulusWeb/Images/Item_Detail/627316_left.jpg"
"gid://shopify/Product/us-3145","825136","CPAP Replacement Mask Parts CPAP Headgear Amara™","CPAP Machines","Respironics","24.14","43.99","54.99","19.85","45%","11.00","N/A","https://imgcdn.mckesson.com/CumulusWeb/Images/Item_Detail/825136_back.jpg"
"gid://shopify/Product/us-3146","1255079","Tubing iNap For use wiht INAP 1 Sleep Therapy System","CPAP Machines","Somnics Health Inc","24.48","44.99","56.99","20.51","46%","12.00","N/A","https://imgcdn.mckesson.com/CumulusWeb/Images/Item_Detail/1255079_left.jpg"
"gid://shopify/Product/us-3147","1195023","CPAP Heated Tubing 6 Foot Length 15 mm ID 22 mm Cuffs","CPAP Machines","Sunset Healthcare","21.76","39.99","49.99","18.23","46%","10.00","N/A","https://imgcdn.mckesson.com/CumulusWeb/Images/Item_Detail/1195023_front.jpg"
"gid://shopify/Product/us-3148","1038440","CPAP Tubing DreamStation 6 Foot Length 15 mm ID 22 mm Cuffs","CPAP Machines","Respironics","20.40","37.99","47.99","17.59","46%","10.00","N/A","https://imgcdn.mckesson.com/CumulusWeb/Images/Item_Detail/1038440_front.jpg"
"gid://shopify/Product/us-3149","1164055","CPAP Sanitizing Unit Hose Kit SoClean®","CPAP Machines","SoClean Inc","24.48","44.99","56.99","20.51","46%","12.00","N/A","https://imgcdn.mckesson.com/CumulusWeb/Images/Item_Detail/1164055_left.jpg"
"gid://shopify/Product/us-3150","1206233","CPAP Mask Component CPAP Headgear Rio II Nasal Style","CPAP Machines","React Health","21.22","38.99","48.99","17.77","46%","10.00","N/A","https://imgcdn.mckesson.com/CumulusWeb/Images/Item_Detail/1206233_right.jpg"
"gid://shopify/Product/us-3151","1206239","CPAP Mask Component CPAP Headgear Siesta","CPAP Machines","React Health","21.22","38.99","48.99","17.77","46%","10.00","N/A","https://imgcdn.mckesson.com/CumulusWeb/Images/Item_Detail/1206239_right.jpg"
"gid://shopify/Product/us-3152","1202162","CPAP Mask Component CPAP Chin Strap Exceleron Medical","CPAP Machines","Spirit Medical","16.32","29.99","37.99","13.67","46%","8.00","N/A","https://imgcdn.mckesson.com/CumulusWeb/Images/Item_Detail/1202162_pdet.jpg"
"gid://shopify/Product/us-3153","825326","CPAP Mask Component CPAP Chin Strap ResMed®","CPAP Machines","AG Industries","14.37","26.99","33.99","12.62","47%","7.00","N/A","https://imgcdn.mckesson.com/CumulusWeb/Images/Item_Detail/825326.jpg"
"gid://shopify/Product/us-3154","1202142","CPAP Filter Exceleron Medical Disposable 2 per Pack White No Tab","CPAP Machines","Spirit Medical","0.65","1.99","2.99","1.34","67%","1.00","L1020","https://imgcdn.mckesson.com/CumulusWeb/Images/Item_Detail/1202142_front.jpg"
"gid://shopify/Product/us-3155","1061805","CPAP Elbow DreamWear","CPAP Machines","Respironics","17.90","32.99","41.99","15.09","46%","9.00","N/A","https://imgcdn.mckesson.com/CumulusWeb/Images/Item_Detail/1061805.jpg"
"gid://shopify/Product/us-3156","718208","CPAP Tubing 6 Foot Length 19 mm ID 22 mm Cuffs","CPAP Machines","Respironics","13.87","25.99","32.99","12.12","47%","7.00","N/A","https://imgcdn.mckesson.com/CumulusWeb/Images/Item_Detail/718208_right.jpg"
"gid://shopify/Product/us-3157","573699","CPAP Heated Tubing Fisher & Paykel 24 Inch Length 15 mm ID 22 mm Cuffs","CPAP Machines","Fisher & Paykel","11.05","20.99","26.99","9.94","47%","6.00","N/A","https://imgcdn.mckesson.com/CumulusWeb/Images/Item_Detail/FSHPAY_573699.jpg"
"gid://shopify/Product/us-3158","736241","CPAP Power Cord CPAP Power Solutions DeVilbiss IntelliPAP Series Devilbliss IntelliPAP®","CPAP Machines","Drive DeVilbiss Healthcare","13.50","24.99","31.99","11.49","46%","7.00","N/A","https://imgcdn.mckesson.com/CumulusWeb/Images/Item_Detail/736241_front.jpg"
"gid://shopify/Product/us-3159","880824","Nebulizer Replacement Filter For 18070 and 18080 Character Nebulizers","CPAP Machines","Drive DeVilbiss Healthcare","12.70","23.99","29.99","11.29","47%","6.00","N/A","https://imgcdn.mckesson.com/CumulusWeb/Images/Item_Detail/880824_front.jpg"
"gid://shopify/Product/us-3160","1099181","Nebulizer Filter McKesson Compressor Nebulizer System","CPAP Machines","McKesson Brand","3.25","5.99","7.99","2.74","46%","2.00","N/A","https://imgcdn.mckesson.com/CumulusWeb/Images/Item_Detail/1099181_ppkgfront.jpg"
"gid://shopify/Product/us-3161","1102148","Humidifier Replacement Water Chamber Series 50 and 60 For PR System One Humidifiers","CPAP Machines","Respironics","15.23","27.99","34.99","12.76","46%","7.00","N/A","https://imgcdn.mckesson.com/CumulusWeb/Images/Item_Detail/1102148.jpg"
"gid://shopify/Product/us-3162","1201803","CPAP and Ventilator Swivel Silencer CPAP Machine Parts Standard Ventilator Circuits and CPAP","CPAP Machines","Sunset Healthcare","13.94","25.99","32.99","12.05","46%","7.00","N/A","https://imgcdn.mckesson.com/CumulusWeb/Images/Item_Detail/1201803_front.jpg"
"gid://shopify/Product/us-3163","573721","CPAP Water Chamber CPAP Water Chambers and Humidifiers SleepStyle 200 Models HC220 and HC230 Series 13.5 Ounce Capacity, Disposable","CPAP Machines","Fisher & Paykel","12.43","22.99","28.99","10.56","46%","6.00","N/A","https://imgcdn.mckesson.com/CumulusWeb/Images/Item_Detail/FSHPAY_573721.jpg"
"gid://shopify/Product/us-3164","1046230","CPAP Diffuser Eson™2","CPAP Machines","Fisher & Paykel","12.43","22.99","28.99","10.56","46%","6.00","N/A","https://imgcdn.mckesson.com/CumulusWeb/Images/Item_Detail/1046230_left.jpg"
"gid://shopify/Product/us-3165","1206234","CPAP Mask Component CPAP Headgear Siesta","CPAP Machines","React Health","12.73","23.99","29.99","11.26","47%","6.00","N/A","https://imgcdn.mckesson.com/CumulusWeb/Images/Item_Detail/1206234_front.jpg"
"gid://shopify/Product/us-3166","1079142","CPAP Mask Component CPAP Chin Strap Sunset","CPAP Machines","Sunset Healthcare","8.50","15.99","19.99","7.49","47%","4.00","N/A","https://imgcdn.mckesson.com/CumulusWeb/Images/Item_Detail/1079142_pdet.jpg"
"gid://shopify/Product/us-3167","547937","Tubing Wing Tip® PARI Nebulizers","CPAP Machines","Pari","5.22","9.99","12.99","4.77","48%","3.00","N/A","https://imgcdn.mckesson.com/CumulusWeb/Images/Item_Detail/547937.jpg"
"gid://shopify/Product/us-3168","573717","CPAP Water Chamber Kit CPAP Water Chambers and Humidifiers Model HC150 and HC100 CPAP Standard, 480 ml Capacity","CPAP Machines","Fisher & Paykel","14.09","25.99","32.99","11.90","46%","7.00","N/A","https://imgcdn.mckesson.com/CumulusWeb/Images/Item_Detail/573717_ppkgleft.jpg"
"gid://shopify/Product/us-3169","1212954","CPAP Tubing 2 Foot Length 15 mm ID 22 mm Cuffs","CPAP Machines","Sunset Healthcare","4.08","7.99","9.99","3.91","49%","2.00","N/A","https://imgcdn.mckesson.com/CumulusWeb/Images/Item_Detail/1212954_front.jpg"
"gid://shopify/Product/us-3170","1203235","CPAP Filter ResMed® Pollen Disposable 6 per Pack White No Tab","CPAP Machines","Sunset Healthcare","3.26","5.99","7.99","2.73","46%","2.00","N/A","https://imgcdn.mckesson.com/CumulusWeb/Images/Item_Detail/1203235_right.jpg"
"gid://shopify/Product/us-3171","1200432","CPAP Sanitizing Unit Valve SoClean® 2","CPAP Machines","Sunset Healthcare","13.60","24.99","31.99","11.39","46%","7.00","N/A","https://imgcdn.mckesson.com/CumulusWeb/Images/Item_Detail/1200432_right.jpg"
"gid://shopify/Product/us-3172","764388","CPAP Mask Component CPAP Chin Strap","CPAP Machines","AG Industries","11.00","19.99","24.99","8.99","45%","5.00","N/A","https://imgcdn.mckesson.com/CumulusWeb/Images/Item_Detail/764388.jpg"
"gid://shopify/Product/us-3173","1079144","CPAP Mask Component CPAP Chin Strap Sunset","CPAP Machines","Sunset Healthcare","7.48","13.99","17.99","6.51","47%","4.00","N/A","https://imgcdn.mckesson.com/CumulusWeb/Images/Item_Detail/1079144_pdet.jpg"
"gid://shopify/Product/us-3174","1079141","CPAP Mask Component CPAP Chin Strap Sunset","CPAP Machines","Sunset Healthcare","7.48","13.99","17.99","6.51","47%","4.00","N/A","https://imgcdn.mckesson.com/CumulusWeb/Images/Item_Detail/1079141_left.jpg"
"gid://shopify/Product/us-3175","1126451","CPAP Replacement Mask Parts CPAP Chin Strap","CPAP Machines","Sunset Healthcare","7.48","13.99","17.99","6.51","47%","4.00","N/A","https://imgcdn.mckesson.com/CumulusWeb/Images/Item_Detail/1126451_pdet.jpg"
"gid://shopify/Product/us-3176","1079140","CPAP Mask Component CPAP Chin Strap Sunset","CPAP Machines","Sunset Healthcare","7.48","13.99","17.99","6.51","47%","4.00","N/A","https://imgcdn.mckesson.com/CumulusWeb/Images/Item_Detail/1079140_pdet.jpg"
"gid://shopify/Product/us-3177","1079139","CPAP Mask Component CPAP Chin Strap Sunset","CPAP Machines","Sunset Healthcare","7.48","13.99","17.99","6.51","47%","4.00","N/A","https://imgcdn.mckesson.com/CumulusWeb/Images/Item_Detail/1079139_front.jpg"
"gid://shopify/Product/us-3178","1079143","CPAP Mask Component CPAP Chin Strap Sunset","CPAP Machines","Sunset Healthcare","7.48","13.99","17.99","6.51","47%","4.00","N/A","https://imgcdn.mckesson.com/CumulusWeb/Images/Item_Detail/1079143.jpg"
"gid://shopify/Product/us-3179","1200706","CPAP Mask Component CPAP Chin Strap Sunset","CPAP Machines","Sunset Healthcare","7.48","13.99","17.99","6.51","47%","4.00","N/A","https://imgcdn.mckesson.com/CumulusWeb/Images/Item_Detail/1200706_pdet.jpg"
"gid://shopify/Product/us-3180","1177187","CPAP Tubing Wrap Blue 6 Foot Length","CPAP Machines","Sunset Healthcare","6.80","12.99","16.99","6.19","48%","4.00","N/A","https://imgcdn.mckesson.com/CumulusWeb/Images/Item_Detail/1177187_pdet.jpg"
"gid://shopify/Product/us-3181","1221921","CPAP Tubing 10 Foot Length 15 mm ID 22 mm Cuffs","CPAP Machines","Sunset Healthcare","6.07","11.99","14.99","5.92","49%","3.00","N/A","https://imgcdn.mckesson.com/CumulusWeb/Images/Item_Detail/1221921_front.jpg"
"gid://shopify/Product/us-3182","605113","Tubing Connector CPAP Systems Chamber","CPAP Machines","Fisher & Paykel","4.83","8.99","11.99","4.16","46%","3.00","N/A","https://imgcdn.mckesson.com/CumulusWeb/Images/Item_Detail/605113.jpg"
"gid://shopify/Product/us-3183","1124817","CPAP Tubing Easy-Flex 6 Foot Length","CPAP Machines","Drive DeVilbiss Healthcare","2.11","3.99","4.99","1.88","47%","1.00","N/A","https://imgcdn.mckesson.com/CumulusWeb/Images/Item_Detail/1124817.jpg"
"gid://shopify/Product/us-3184","806385","CPAP Mask Component CPAP Nasal Pad Boomerang Medium / Large Cushions","CPAP Machines","AG Industries","7.13","12.99","16.99","5.86","45%","4.00","N/A","https://imgcdn.mckesson.com/CumulusWeb/Images/Item_Detail/806385_pkgfront.jpg"
"gid://shopify/Product/us-3185","806360","CPAP Mask Component CPAP Nasal Pad Boomerang Petite / Small Cushions","CPAP Machines","AG Industries","7.13","12.99","16.99","5.86","45%","4.00","N/A","https://imgcdn.mckesson.com/CumulusWeb/Images/Item_Detail/806360.jpg"
"gid://shopify/Product/us-3186","572817","CPAP Filter Pollen Reusable 1 per Pack Black No Tab","CPAP Machines","Respironics","4.08","7.99","9.99","3.91","49%","2.00","N/A","https://imgcdn.mckesson.com/CumulusWeb/Images/Item_Detail/572817_group.jpg"
"gid://shopify/Product/us-3187","1192908","CPAP Filter Foam Reusable 2 per Pack Black No Tab","CPAP Machines","Sunset Healthcare","4.08","7.99","9.99","3.91","49%","2.00","N/A","https://imgcdn.mckesson.com/CumulusWeb/Images/Item_Detail/1192908_pdet.jpg"
"gid://shopify/Product/us-3188","1202131","CPAP Filter Exceleron Medical Hypoallergenic / Pollen Disposable 6 per Pack White No Tab","CPAP Machines","Spirit Medical","1.96","3.99","4.99","2.03","51%","1.00","N/A","https://imgcdn.mckesson.com/CumulusWeb/Images/Item_Detail/1202131_right.jpg"
"gid://shopify/Product/us-3189","1207488","CPAP Filter Luna Series Ultrafine Disposable 2 per Pack White No Tab","CPAP Machines","Sunset Healthcare","1.36","2.99","3.99","1.63","55%","1.00","N/A","https://imgcdn.mckesson.com/CumulusWeb/Images/Item_Detail/1207488_left.jpg"
"gid://shopify/Product/us-3190","1207482","CPAP Filter Luna Series Foam Disposable 2 per Pack White No Tab","CPAP Machines","Sunset Healthcare","1.36","2.99","3.99","1.63","55%","1.00","N/A","https://imgcdn.mckesson.com/CumulusWeb/Images/Item_Detail/1207482_left.jpg"
"gid://shopify/Product/us-3191","1202567","CPAP Filter Exceleron Medical Standard Disposable 2 per Pack White No Tab","CPAP Machines","Spirit Medical","0.65","1.99","2.99","1.34","67%","1.00","N/A","https://imgcdn.mckesson.com/CumulusWeb/Images/Item_Detail/1202567_front.jpg"
"gid://shopify/Product/us-3192","1202574","CPAP Filter Exceleron Medical Pollen Disposable 2 per Pack White No Tab","CPAP Machines","Spirit Medical","0.65","1.99","2.99","1.34","67%","1.00","N/A","https://imgcdn.mckesson.com/CumulusWeb/Images/Item_Detail/1202574_front.jpg"
"gid://shopify/Product/us-3193","1202568","CPAP Filter Exceleron Medical Hypoallergenic / Pollen Disposable 2 per Pack White No Tab","CPAP Machines","Spirit Medical","0.65","1.99","2.99","1.34","67%","1.00","N/A","https://imgcdn.mckesson.com/CumulusWeb/Images/Item_Detail/1202568_front.jpg"
"gid://shopify/Product/us-3194","1202562","CPAP Filter Exceleron Medical Ultrafine Disposable 2 per Pack White Tab","CPAP Machines","Spirit Medical","0.65","1.99","2.99","1.34","67%","1.00","N/A","https://imgcdn.mckesson.com/CumulusWeb/Images/Item_Detail/1202562_right.jpg"
"gid://shopify/Product/us-3195","1202570","CPAP Filter Exceleron Medical Ultrafine Disposable 2 per Pack No Tab","CPAP Machines","EXCELERON MEDICA","0.65","1.99","2.99","1.34","67%","1.00","N/A","https://imgcdn.mckesson.com/CumulusWeb/Images/Item_Detail/1202570_left.jpg"
"gid://shopify/Product/us-3196","1197051","CPAP Water Chambers and Humidifiers Dreamstation® 2 For Dreamstation® 2 Humidifier Water Tank","CPAP Machines","Respironics","10.39","18.99","23.99","8.60","45%","5.00","N/A","https://imgcdn.mckesson.com/CumulusWeb/Images/Item_Detail/1197051_right.jpg"
"gid://shopify/Product/us-3197","1100911","CPAP Wipes Sunset Healthcare","CPAP Machines","Sunset Healthcare","8.15","14.99","18.99","6.84","46%","4.00","N/A","https://imgcdn.mckesson.com/CumulusWeb/Images/Item_Detail/1100911_pdet.jpg"
"gid://shopify/Product/us-3198","1082794","HEPA Capsule For Invacare® Platinum™ 5 and 10 Filter","CPAP Machines","Sunset Healthcare","8.16","14.99","18.99","6.83","46%","4.00","N/A","https://imgcdn.mckesson.com/CumulusWeb/Images/Item_Detail/1082794_side.jpg"
"gid://shopify/Product/us-3199","1197055","CPAP Filter DreamStation Ultrafine Disposable 6 per Pack Blue / White With Frame","CPAP Machines","Respironics","8.16","14.99","18.99","6.83","46%","4.00","N/A","https://imgcdn.mckesson.com/CumulusWeb/Images/Item_Detail/1197055_group.jpg"
"gid://shopify/Product/us-3200","1111890","CPAP Filter Dreamstation® Ultrafine Disposable 6 per Pack White With Frame","CPAP Machines","Respironics","8.16","14.99","18.99","6.83","46%","4.00","N/A","https://imgcdn.mckesson.com/CumulusWeb/Images/Item_Detail/1111890_front.jpg"
"gid://shopify/Product/us-3201","853491","CPAP Mask Component CPAP Chin Strap Sunset","CPAP Machines","Sunset Healthcare","7.71","14.99","18.99","7.28","49%","4.00","N/A","https://imgcdn.mckesson.com/CumulusWeb/Images/Item_Detail/853491_pdet.jpg"
"gid://shopify/Product/us-3202","1221920","CPAP Tubing 8 Foot Length 19 mm ID 22 mm Cuffs","CPAP Machines","Sunset Healthcare","5.64","10.99","13.99","5.35","49%","3.00","N/A","https://imgcdn.mckesson.com/CumulusWeb/Images/Item_Detail/1221920_front.jpg"
"gid://shopify/Product/us-3203","1200430","CPAP Filter Dreamstation® 2 Ultrafine Disposable 2 per Pack White With Frame","CPAP Machines","Respironics","4.76","8.99","11.99","4.23","47%","3.00","N/A","https://imgcdn.mckesson.com/CumulusWeb/Images/Item_Detail/1200430_group.jpg"
"gid://shopify/Product/us-3204","1076047","CPAP Filter Dreamstation® Ultrafine Disposable 2 per Pack White With Frame","CPAP Machines","Respironics","4.76","8.99","11.99","4.23","47%","3.00","N/A","https://imgcdn.mckesson.com/CumulusWeb/Images/Item_Detail/1076047.jpg"
"gid://shopify/Product/us-3205","985153","CPAP Tubing 4 Foot Length 15 mm ID 22 mm Cuffs","CPAP Machines","Sunset Healthcare","4.96","9.99","12.99","5.03","50%","3.00","N/A","https://imgcdn.mckesson.com/CumulusWeb/Images/Item_Detail/985153_side.jpg"
"gid://shopify/Product/us-3206","1203232","CPAP Filter ResMed® Pollen Disposable 1 per Pack White No Tab","CPAP Machines","Sunset Healthcare","0.68","1.99","2.99","1.31","66%","1.00","N/A","https://imgcdn.mckesson.com/CumulusWeb/Images/Item_Detail/1203232_right.jpg"
"gid://shopify/Product/us-3207","1103240","CPAP Filter S9 Series Standard Disposable 1 per Pack White No Tab","CPAP Machines","Sunset Healthcare","0.68","1.99","2.99","1.31","66%","1.00","N/A","https://imgcdn.mckesson.com/CumulusWeb/Images/Item_Detail/1103240_left.jpg"
"gid://shopify/Product/us-3208","1207484","CPAP Filter Luna Series Foam Reusable 1 per Pack Black No Tab","CPAP Machines","Sunset Healthcare","0.68","1.99","2.99","1.31","66%","1.00","N/A","https://imgcdn.mckesson.com/CumulusWeb/Images/Item_Detail/1207484_left.jpg"
"gid://shopify/Product/us-3209","1206762","CPAP Filter Spirit Medical Disposable 1 per Pack White No Tab","CPAP Machines","Spirit Medical","0.68","1.99","2.99","1.31","66%","1.00","N/A","https://imgcdn.mckesson.com/CumulusWeb/Images/Item_Detail/1206762_left.jpg"
"gid://shopify/Product/us-3210","1207490","CPAP Filter Luna Series Foam Reusable 1 per Pack Black No Tab","CPAP Machines","Sunset Healthcare","0.80","1.99","2.99","1.19","60%","1.00","N/A","https://imgcdn.mckesson.com/CumulusWeb/Images/Item_Detail/1207490_left.jpg"
"gid://shopify/Product/us-3211","1207044","CPAP Filter Respironics® Ultrafine Reusable 1 per Pack Blue / White With Frame","CPAP Machines","Sunset Healthcare","0.82","1.99","2.99","1.17","59%","1.00","N/A","https://imgcdn.mckesson.com/CumulusWeb/Images/Item_Detail/1207044_left.jpg"
"gid://shopify/Product/us-3212","1206765","CPAP Filter Spirit Medical Disposable 1 per Pack White No Tab","CPAP Machines","Spirit Medical","0.82","1.99","2.99","1.17","59%","1.00","N/A","https://imgcdn.mckesson.com/CumulusWeb/Images/Item_Detail/1206765_front.jpg"
"gid://shopify/Product/us-3213","998069","CPAP Mask Component CPAP Headgear Sunset Clearsight Nasal Style","CPAP Machines","Sunset Healthcare","7.14","12.99","16.99","5.85","45%","4.00","N/A","https://imgcdn.mckesson.com/CumulusWeb/Images/Item_Detail/998069_front.jpg"
"gid://shopify/Product/us-3214","1206763","CPAP Filter Spirit Medical Disposable 2 per Pack White No Tab","CPAP Machines","Spirit Medical","2.04","3.99","4.99","1.95","49%","1.00","N/A","https://imgcdn.mckesson.com/CumulusWeb/Images/Item_Detail/1206763_left.jpg"
"gid://shopify/Product/us-3215","1205402","CPAP Filter Resvent iBreeze Foam Disposable 6 per Pack White No Tab","CPAP Machines","Sunset Healthcare","5.71","10.99","13.99","5.28","48%","3.00","N/A","https://imgcdn.mckesson.com/CumulusWeb/Images/Item_Detail/1205402_left.jpg"
"gid://shopify/Product/us-3216","1046454","CPAP Filter Ultrafine Disposable 1 per Pack Blue / White With Frame","CPAP Machines","Respironics","2.72","4.99","6.99","2.27","45%","2.00","N/A","https://imgcdn.mckesson.com/CumulusWeb/Images/Item_Detail/1046454.jpg"
"gid://shopify/Product/us-3217","1197054","CPAP Filter DreamStation Ultrafine Disposable 1 per Pack Blue / White","CPAP Machines","Respironics","2.72","4.99","6.99","2.27","45%","2.00","N/A","https://imgcdn.mckesson.com/CumulusWeb/Images/Item_Detail/1197054_front.jpg"
"gid://shopify/Product/us-3218","771291","Tubing Adapter","CPAP Machines","AG Industries","1.57","2.99","3.99","1.42","47%","1.00","N/A","https://imgcdn.mckesson.com/CumulusWeb/Images/Item_Detail/771291_right.jpg"
"gid://shopify/Product/us-3219","1103229","CPAP Filter Dreamstation® Ultrafine Disposable 6 per Pack Blue / White With Frame","CPAP Machines","Sunset Healthcare","3.84","6.99","8.99","3.15","45%","2.00","N/A","https://imgcdn.mckesson.com/CumulusWeb/Images/Item_Detail/1103229_left.jpg"
"gid://shopify/Product/us-3220","853872","CPAP Tubing 6 Foot Length 15 mm ID 22 mm Cuffs","CPAP Machines","Sunset Healthcare","2.28","4.99","6.99","2.71","54%","2.00","N/A","https://imgcdn.mckesson.com/CumulusWeb/Images/Item_Detail/853872_front.jpg"
"gid://shopify/Product/us-3221","1168563","CPAP Tubing 6 Foot Length 15 mm ID 22 mm Cuffs","CPAP Machines","Sunset Healthcare","2.39","4.99","6.99","2.60","52%","2.00","N/A","https://imgcdn.mckesson.com/CumulusWeb/Images/Item_Detail/1168563_front.jpg"
"gid://shopify/Product/us-3222","1119239","CPAP Filter Dreamstation® Foam / Pollen Reusable 1 per Pack Blue / White With Frame","CPAP Machines","Sunset Healthcare","0.95","1.99","2.99","1.04","52%","1.00","N/A","https://imgcdn.mckesson.com/CumulusWeb/Images/Item_Detail/1119239.jpg"
"gid://shopify/Product/us-3223","1239230","CPAP Filter ResMed AirSense™11 Hypoallergenic Reusable 1 per Pack White","CPAP Machines","Sunset Healthcare","0.95","1.99","2.99","1.04","52%","1.00","N/A","https://imgcdn.mckesson.com/CumulusWeb/Images/Item_Detail/1239230_left.jpg"
"gid://shopify/Product/us-3224","1214740","CPAP Filter IntelliPAP® Ultrafine Disposable 2 per Pack White No Tab","CPAP Machines","Sunset Healthcare","2.31","4.99","6.99","2.68","54%","2.00","N/A","https://imgcdn.mckesson.com/CumulusWeb/Images/Item_Detail/1214740_left.jpg"
"gid://shopify/Product/us-3225","1095181","CPAP Filter Dreamstation® Pollen Reusable 1 per Pack Black","CPAP Machines","AG Industries","1.65","2.99","3.99","1.34","45%","1.00","N/A","https://imgcdn.mckesson.com/CumulusWeb/Images/Item_Detail/1095181_left.jpg"
"gid://shopify/Product/us-3226","404210","Air Inlet Filter Pulmo-Aide® For Devilbiss 3650, 4650, and 5650 Nebulizer Compressor","CPAP Machines","Drive DeVilbiss Healthcare","3.24","5.99","7.99","2.75","46%","2.00","N/A","https://imgcdn.mckesson.com/CumulusWeb/Images/Item_Detail/404210_ppkgleft.jpg"
"gid://shopify/Product/us-3227","1202871","CPAP Filter Dreamstation® 2 Foam / Pollen Disposable 2 per Pack Blue / White With Frame","CPAP Machines","Sunset Healthcare","2.39","4.99","6.99","2.60","52%","2.00","N/A","https://imgcdn.mckesson.com/CumulusWeb/Images/Item_Detail/1202871_left.jpg"
"gid://shopify/Product/us-3228","1202132","CPAP Filter Exceleron Medical Pollen Disposable 1 per Pack White No Tab","CPAP Machines","Spirit Medical","0.50","0.99","1.99","0.49","49%","1.00","N/A","https://imgcdn.mckesson.com/CumulusWeb/Images/Item_Detail/1202132_front.jpg"
"gid://shopify/Product/us-3229","1202576","CPAP Filter Exceleron Medical Foam Reusable 2 per Pack Black No Tab","CPAP Machines","Spirit Medical","0.50","0.99","1.99","0.49","49%","1.00","N/A","https://imgcdn.mckesson.com/CumulusWeb/Images/Item_Detail/1202576_left.jpg"
"gid://shopify/Product/us-3230","1202130","CPAP Filter Exceleron Medical Hypoallergenic / Pollen Disposable 1 per Pack White No Tab","CPAP Machines","Spirit Medical","0.50","0.99","1.99","0.49","49%","1.00","N/A","https://imgcdn.mckesson.com/CumulusWeb/Images/Item_Detail/1202130_right.jpg"
"gid://shopify/Product/us-3231","1202128","CPAP Filter Exceleron Medical Standard Disposable 1 per Pack White No Tab","CPAP Machines","Spirit Medical","0.50","0.99","1.99","0.49","49%","1.00","N/A","https://imgcdn.mckesson.com/CumulusWeb/Images/Item_Detail/1202128_front.jpg"
"gid://shopify/Product/us-3232","1202560","CPAP Filter Exceleron Medical Foam / Pollen Reusable 1 per Pack Black No Tab","CPAP Machines","Spirit Medical","0.50","0.99","1.99","0.49","49%","1.00","N/A","https://imgcdn.mckesson.com/CumulusWeb/Images/Item_Detail/1202560_side.jpg"
"gid://shopify/Product/us-3233","1202157","CPAP Filter Exceleron Medical Hypoallergenic / Ultrafine Disposable 1 per Pack White No Tab","CPAP Machines","Spirit Medical","0.50","0.99","1.99","0.49","49%","1.00","N/A","https://imgcdn.mckesson.com/CumulusWeb/Images/Item_Detail/1202157_front.jpg"
"gid://shopify/Product/us-3234","1228221","CPAP Filter Exceleron Medical Ultrafine Disposable 1 per Pack White No Tab","CPAP Machines","Spirit Medical","0.50","0.99","1.99","0.49","49%","1.00","N/A","https://imgcdn.mckesson.com/CumulusWeb/Images/Item_Detail/1228221_left.jpg"
"gid://shopify/Product/us-3235","1213888","CPAP Filter Spirit Medical Foam / Pollen Reusable 1 per Pack Black No Tab","CPAP Machines","Spirit Medical","0.50","0.99","1.99","0.49","49%","1.00","N/A","https://imgcdn.mckesson.com/CumulusWeb/Images/Item_Detail/1213888_right.jpg"
"gid://shopify/Product/us-3236","1202113","CPAP Filter Exceleron Medical Ultrafine Disposable 1 per Pack White No Tab","CPAP Machines","Spirit Medical","0.50","0.99","1.99","0.49","49%","1.00","N/A","https://imgcdn.mckesson.com/CumulusWeb/Images/Item_Detail/1202113_left.jpg"
"gid://shopify/Product/us-3237","1202571","CPAP Filter Exceleron Medical Reusable 1 per Pack Black No Tab","CPAP Machines","Spirit Medical","0.50","0.99","1.99","0.49","49%","1.00","N/A","https://imgcdn.mckesson.com/CumulusWeb/Images/Item_Detail/1202571_left.jpg"
"gid://shopify/Product/us-3238","1202149","CPAP Filter Exceleron Medical Ultrafine Disposable 1 per Pack White No Tab","CPAP Machines","Spirit Medical","0.50","0.99","1.99","0.49","49%","1.00","N/A","https://imgcdn.mckesson.com/CumulusWeb/Images/Item_Detail/1202149_front.jpg"
"gid://shopify/Product/us-3239","1203233","CPAP Filter ResMed® Pollen Disposable 2 per Pack White No Tab","CPAP Machines","Sunset Healthcare","1.09","1.99","2.99","0.90","45%","1.00","N/A","https://imgcdn.mckesson.com/CumulusWeb/Images/Item_Detail/1203233_right.jpg"
"gid://shopify/Product/us-3240","1193003","CPAP Filter AirSense™ Standard Disposable 2 per Pack White No Tab","CPAP Machines","Sunset Healthcare","1.09","1.99","2.99","0.90","45%","1.00","N/A","https://imgcdn.mckesson.com/CumulusWeb/Images/Item_Detail/1193003_pdet.jpg"
"gid://shopify/Product/us-3241","1205400","CPAP Filter Resvent iBreeze Foam Disposable 2 per Pack White No Tab","CPAP Machines","Sunset Healthcare","1.09","1.99","2.99","0.90","45%","1.00","N/A","https://imgcdn.mckesson.com/CumulusWeb/Images/Item_Detail/1205400_left.jpg"
"gid://shopify/Product/us-3242","1202564","CPAP Filter Exceleron Medical Ultrafine Disposable 2 per Pack White With Frame","CPAP Machines","Spirit Medical","1.09","1.99","2.99","0.90","45%","1.00","N/A","https://imgcdn.mckesson.com/CumulusWeb/Images/Item_Detail/1202564_front.jpg"
"gid://shopify/Product/us-3243","1196593","CPAP Filter ResMed® Hypoallergenic Disposable 1 per Pack White No Tab","CPAP Machines","Sunset Healthcare","1.16","2.99","3.99","1.83","61%","1.00","N/A","https://imgcdn.mckesson.com/CumulusWeb/Images/Item_Detail/1196593_pdet.jpg"
"gid://shopify/Product/us-3244","1202578","CPAP Filter Exceleron Medical Disposable 2 per Pack With Frame","CPAP Machines","Spirit Medical","1.22","2.99","3.99","1.77","59%","1.00","N/A","https://imgcdn.mckesson.com/CumulusWeb/Images/Item_Detail/1202578_front.jpg"
"gid://shopify/Product/us-3245","572809","CPAP Filter RemStar Ultrafine Disposable 6 per Pack White Tab","CPAP Machines","Respironics","1.22","2.99","3.99","1.77","59%","1.00","N/A","https://imgcdn.mckesson.com/CumulusWeb/Images/Item_Detail/572809.jpg"
"gid://shopify/Product/us-3246","1201190","CPAP Filter RemStar Ultrafine Disposable 2 per Pack White No Tab","CPAP Machines","Sunset Healthcare","1.22","2.99","3.99","1.77","59%","1.00","N/A","https://imgcdn.mckesson.com/CumulusWeb/Images/Item_Detail/1201190_pdet.jpg"
"gid://shopify/Product/us-3247","1209819","CPAP Filter Dreamstation® Ultrafine Disposable 2 per Pack Blue / White With Frame","CPAP Machines","Sunset Healthcare","1.28","2.99","3.99","1.71","57%","1.00","N/A","https://imgcdn.mckesson.com/CumulusWeb/Images/Item_Detail/1209819_right.jpg"
"gid://shopify/Product/us-3248","1207487","CPAP Filter Luna Series Ultrafine Disposable 1 per Pack White No Tab","CPAP Machines","Sunset Healthcare","0.50","0.99","1.99","0.49","49%","1.00","N/A","https://imgcdn.mckesson.com/CumulusWeb/Images/Item_Detail/1207487_left.jpg"
"gid://shopify/Product/us-3249","1207481","CPAP Filter Luna Series Foam Disposable 1 per Pack White No Tab","CPAP Machines","Sunset Healthcare","0.50","0.99","1.99","0.49","49%","1.00","N/A","https://imgcdn.mckesson.com/CumulusWeb/Images/Item_Detail/1207481_left.jpg"
"gid://shopify/Product/us-3250","1103230","CPAP Filter DreamStation Series Ultrafine Disposable 1 per Pack White With Frame","CPAP Machines","Sunset Healthcare","0.64","1.99","2.99","1.35","68%","1.00","N/A","https://imgcdn.mckesson.com/CumulusWeb/Images/Item_Detail/1103230_left.jpg"
"gid://shopify/Product/us-3251","734545","CPAP Filter Ultagen™ Standard Disposable 2 per Pack White No Tab","CPAP Machines","AG Industries","0.51","0.99","1.99","0.48","48%","1.00","N/A","https://imgcdn.mckesson.com/CumulusWeb/Images/Item_Detail/734545.jpg"
"gid://shopify/Product/us-3252","1205401","CPAP Filter Resvent iBreeze Foam Disposable 1 per Pack White No Tab","CPAP Machines","Sunset Healthcare","0.54","0.99","1.99","0.45","45%","1.00","N/A","https://imgcdn.mckesson.com/CumulusWeb/Images/Item_Detail/1205401_left.jpg"
"gid://shopify/Product/us-3253","1202563","CPAP Filter Exceleron Medical Foam / Pollen Reusable 1 per Pack With Frame","CPAP Machines","Spirit Medical","0.61","1.99","2.99","1.38","69%","1.00","N/A","https://imgcdn.mckesson.com/CumulusWeb/Images/Item_Detail/1202563_right.jpg"
"gid://shopify/Product/us-3254","1202122","CPAP Filter Exceleron Medical Ultrafine Disposable 1 per Pack White With Frame","CPAP Machines","Spirit Medical","0.54","0.99","1.99","0.45","45%","1.00","N/A","https://imgcdn.mckesson.com/CumulusWeb/Images/Item_Detail/1202122_front.jpg"
"gid://shopify/Product/us-3255","1202155","CPAP Filter Exceleron Medical Disposable 1 per Pack With Frame","CPAP Machines","Spirit Medical","0.61","1.99","2.99","1.38","69%","1.00","N/A","https://imgcdn.mckesson.com/CumulusWeb/Images/Item_Detail/1202155_front.jpg"
"gid://shopify/Product/us-3256","1282104","CPAP Mask Wipe SoClean Unscented Cotton, 1 X 7 Inch","CPAP Machines","SoClean Inc","146.88","225.99","282.99","79.11","35%","57.00","N/A","https://imgcdn.mckesson.com/CumulusWeb/Images/Item_Detail/1282104_front.jpg"
"gid://shopify/Product/us-3257","1143929","CPAP Sanitizing Unit Adapter SoClean®","CPAP Machines","SoClean Inc","731.12","1015.99","1269.99","284.87","28%","254.00","N/A","https://imgcdn.mckesson.com/CumulusWeb/Images/Item_Detail/1143929_pdet.jpg"
"gid://shopify/Product/us-3258","1143930","CPAP Sanitizing Unit Adapter SoClean® Fisher & Paykel ICON™ CPAP Machines","CPAP Machines","SoClean Inc","548.34","761.99","952.99","213.65","28%","191.00","N/A","https://imgcdn.mckesson.com/CumulusWeb/Images/Item_Detail/1143930_front.jpg"
"gid://shopify/Product/us-3259","1143937","CPAP Sanitizing Unit Adapter SoClean® ResMed S9 CPAP Machines","CPAP Machines","SoClean Inc","548.34","761.99","952.99","213.65","28%","191.00","N/A","https://imgcdn.mckesson.com/CumulusWeb/Images/Item_Detail/1143937_ppkgleft.jpg"
"gid://shopify/Product/us-3260","1143938","CPAP Sanitizing Unit Adapter SoClean® Fisher & Paykel SleepStyle CPAP Machines","CPAP Machines","SoClean Inc","548.34","761.99","952.99","213.65","28%","191.00","N/A","https://imgcdn.mckesson.com/CumulusWeb/Images/Item_Detail/1143938_left.jpg"
"gid://shopify/Product/us-3261","574209","CPAP Tubing 10 Foot Length 15 mm ID 22 mm Cuffs","CPAP Machines","Respironics","40.23","67.99","84.99","27.76","41%","17.00","N/A","https://imgcdn.mckesson.com/CumulusWeb/Images/Item_Detail/574209.jpg"
"gid://shopify/Product/us-3262","1195515","CPAP Mask Liner RemZzzs Medium","CPAP Machines","Sunset Healthcare","28.49","51.99","64.99","23.50","45%","13.00","N/A","https://imgcdn.mckesson.com/CumulusWeb/Images/Item_Detail/1195515_pdet.jpg"
"gid://shopify/Product/us-3263","1171703","CPAP Disinfector Organizer SoClean®","CPAP Machines","SoClean Inc","15.29","27.99","34.99","12.70","45%","7.00","N/A","https://imgcdn.mckesson.com/CumulusWeb/Images/Item_Detail/1171703_right.jpg"
"gid://shopify/Product/us-3264","1103237","CPAP Tubing 2 Foot Length 15 mm ID 22 mm Cuffs","CPAP Machines","Sunset Healthcare","4.60","8.99","11.99","4.39","49%","3.00","N/A","https://imgcdn.mckesson.com/CumulusWeb/Images/Item_Detail/1103237_front.jpg"
"gid://shopify/Product/us-3265","1201303","CPAP Sanitizing Unit Filter SoClean®","CPAP Machines","SoClean Inc","9.18","16.99","21.99","7.81","46%","5.00","N/A","https://imgcdn.mckesson.com/CumulusWeb/Images/Item_Detail/1201303_left.jpg"
"gid://shopify/Product/us-3266","824984","Handheld Nebulizer Kit Boussignac® Small Volume Medication Cup Adult / Pediatric Mouthpiece Delivery","CPAP Machines","Advanced Medical Systems","3.06","5.99","7.99","2.93","49%","2.00","N/A","https://imgcdn.mckesson.com/CumulusWeb/Images/Item_Detail/824984.jpg"
"gid://shopify/Product/us-3267","1119553","CPAP Mask Component CPAP Mask AirFit® F30 Full Face Style Small Cushion Adult","CPAP Machines","ResMed Corp","173.44","266.99","333.99","93.55","35%","67.00","N/A","https://imgcdn.mckesson.com/CumulusWeb/Images/Item_Detail/1119553.jpg"
"gid://shopify/Product/us-3268","849348","CPAP Mask Component CPAP Cushion Quattro™ Air Full Face Style Medium Cushion","CPAP Machines","ResMed Corp","57.36","95.99","119.99","38.63","40%","24.00","N/A","https://imgcdn.mckesson.com/CumulusWeb/Images/Item_Detail/849348.jpg"
"gid://shopify/Product/us-3269","849349","CPAP Mask Component CPAP Cushion Quattro™ Air Full Face Style Large Cushion","CPAP Machines","ResMed Corp","57.36","95.99","119.99","38.63","40%","24.00","N/A","https://imgcdn.mckesson.com/CumulusWeb/Images/Item_Detail/849349.jpg"
"gid://shopify/Product/us-3270","849347","CPAP Mask Component CPAP Cushion Quattro™ Air","CPAP Machines","ResMed Corp","57.36","95.99","119.99","38.63","40%","24.00","N/A","https://imgcdn.mckesson.com/CumulusWeb/Images/Item_Detail/849347.jpg"
"gid://shopify/Product/us-3271","849346","CPAP Mask Component CPAP Cushion Quattro™ Air Full Face Style X-Small Cushion","CPAP Machines","ResMed Corp","57.36","95.99","119.99","38.63","40%","24.00","N/A","https://imgcdn.mckesson.com/CumulusWeb/Images/Item_Detail/849346_right.jpg"
"gid://shopify/Product/us-3272","687830","CPAP Mask Component Mirage Activa™ LT","CPAP Machines","ResMed Corp","40.97","68.99","86.99","28.02","41%","18.00","N/A","https://imgcdn.mckesson.com/CumulusWeb/Images/Item_Detail/687830_pdet.jpg"
"gid://shopify/Product/us-3273","625680","CPAP Mask Component CPAP Cushion FlexiFit™ 405 Nasal Style Small Cushion","CPAP Machines","Fisher & Paykel","26.24","47.99","59.99","21.75","45%","12.00","N/A","https://imgcdn.mckesson.com/CumulusWeb/Images/Item_Detail/FSHPAY_625680.jpg"
"gid://shopify/Product/us-3274","1201068","CPAP Mask Component CPAP Cushion Nonny™ Nasal Style X-Small Cushion Pediatric","CPAP Machines","AG Industries","18.98","34.99","43.99","16.01","46%","9.00","N/A","https://imgcdn.mckesson.com/CumulusWeb/Images/Item_Detail/1201068_left.jpg"
"gid://shopify/Product/us-3275","1128455","CPAP Mask Kit CPAP Starter Kit Ascend™ Full Face Style Small / Medium / Large Cushions Adult","CPAP Machines","Drive DeVilbiss Healthcare","77.49","129.99","162.99","52.50","40%","33.00","N/A","https://imgcdn.mckesson.com/CumulusWeb/Images/Item_Detail/1128455.jpg"
"gid://shopify/Product/us-3276","1087520","CPAP Mask Component CPAP Mask Kit Zzz-Mask Full Face Style Large Cushion Adult","CPAP Machines","Drive DeVilbiss Healthcare","45.27","75.99","94.99","30.72","40%","19.00","N/A","https://imgcdn.mckesson.com/CumulusWeb/Images/Item_Detail/1087520.jpg"
"gid://shopify/Product/us-3277","1190180","CPAP Mask Kit CPAP Mask Kit Nonny™ Full Face Style Small Cushion Pediatric","CPAP Machines","AG Industries","152.24","234.99","293.99","82.75","35%","59.00","N/A","https://imgcdn.mckesson.com/CumulusWeb/Images/Item_Detail/1190180_left.jpg"
"gid://shopify/Product/us-3278","1184542","CPAP Mask Component CPAP Mask FitLife Full Face Style Large Cushion Adult","CPAP Machines","Respironics","149.81","230.99","288.99","81.18","35%","58.00","N/A","https://imgcdn.mckesson.com/CumulusWeb/Images/Item_Detail/1184542_right.jpg"
"gid://shopify/Product/us-3279","1176321","CPAP Mask Kit CPAP Mask Kit Evora™ Nasal Style Medium Cushion Adult","CPAP Machines","Fisher & Paykel","122.90","189.99","237.99","67.09","35%","48.00","N/A","https://imgcdn.mckesson.com/CumulusWeb/Images/Item_Detail/1176321_ppkgleft.jpg"
"gid://shopify/Product/us-3280","1056852","CPAP Mask Kit CPAP Starter Kit Brevida™ Nasal Pillow Style X-Small-Small / Medium-Large Cushions Adult","CPAP Machines","Fisher & Paykel","122.90","189.99","237.99","67.09","35%","48.00","N/A","https://imgcdn.mckesson.com/CumulusWeb/Images/Item_Detail/1056852.jpg"
"gid://shopify/Product/us-3281","806242","CPAP Mask Kit CPAP Mask Kit Zest™ Q Nasal Style Standard Cushion","CPAP Machines","Fisher & Paykel","120.14","184.99","231.99","64.85","35%","47.00","N/A","https://imgcdn.mckesson.com/CumulusWeb/Images/Item_Detail/806242.jpg"
"gid://shopify/Product/us-3282","690420","CPAP Mask Kit CPAP Mask Kit Zest™ Nasal Style One Size Fits Most Cushion","CPAP Machines","Fisher & Paykel","113.23","174.99","218.99","61.76","35%","44.00","N/A","https://imgcdn.mckesson.com/CumulusWeb/Images/Item_Detail/690420.jpg"
"gid://shopify/Product/us-3283","719837","CPAP Mask Kit CPAP Mask Kit Zest™ Plus Nasal Style Plus Cushion","CPAP Machines","Fisher & Paykel","113.23","174.99","218.99","61.76","35%","44.00","N/A","https://imgcdn.mckesson.com/CumulusWeb/Images/Item_Detail/719837.jpg"
"gid://shopify/Product/us-3284","719836","CPAP Mask Kit CPAP Mask Kit Zest™ Plus Nasal Style Petite Cushion","CPAP Machines","Fisher & Paykel","113.23","174.99","218.99","61.76","35%","44.00","N/A","https://imgcdn.mckesson.com/CumulusWeb/Images/Item_Detail/719836.jpg"
"gid://shopify/Product/us-3285","1135960","CPAP Mask Component CPAP Mask DreamWear Full Face Style Large Cushion Adult","CPAP Machines","Respironics","113.75","174.99","218.99","61.24","35%","44.00","N/A","https://imgcdn.mckesson.com/CumulusWeb/Images/Item_Detail/1135960_right.jpg"
"gid://shopify/Product/us-3286","1135961","CPAP Mask Component CPAP Mask DreamWear Full Face Style Medium-Wide Cushion Adult","CPAP Machines","Respironics","113.75","174.99","218.99","61.24","35%","44.00","N/A","https://imgcdn.mckesson.com/CumulusWeb/Images/Item_Detail/1135961_right.jpg"
"gid://shopify/Product/us-3287","1215972","CPAP Mask Kit CPAP Starter Kit Ray Pediatric Nasal Style Large / X-Large Cushions Pediatric","CPAP Machines","Sunset Healthcare","104.72","161.99","202.99","57.27","35%","41.00","N/A","https://imgcdn.mckesson.com/CumulusWeb/Images/Item_Detail/1215972_right.jpg"
"gid://shopify/Product/us-3288","582443","CPAP Mask Kit CPAP Starter Kit Opus™ 360 Nasal Pillow Style Small / Medium / Large Cushions","CPAP Machines","Fisher & Paykel","103.57","159.99","199.99","56.42","35%","40.00","N/A","https://imgcdn.mckesson.com/CumulusWeb/Images/Item_Detail/582443.jpg"
"gid://shopify/Product/us-3289","573728","CPAP Mask Kit CPAP Mask Kit FlexiFit™ 407 Nasal Style Standard Cushion","CPAP Machines","Fisher & Paykel","99.43","165.99","207.99","66.56","40%","42.00","N/A","https://imgcdn.mckesson.com/CumulusWeb/Images/Item_Detail/FSHPAY_573728.jpg"
"gid://shopify/Product/us-3290","1202909","CPAP Mask Kit CPAP Mask Kit Wisp™ Nasal Style Petite Cushion","CPAP Machines","Respironics","88.44","147.99","184.99","59.55","40%","37.00","N/A","https://imgcdn.mckesson.com/CumulusWeb/Images/Item_Detail/1202909_left.jpg"
"gid://shopify/Product/us-3291","1206224","CPAP Mask Kit CPAP Mask Kit Numa Full Face Style Medium Cushion","CPAP Machines","React Health","88.34","147.99","184.99","59.65","40%","37.00","N/A","https://imgcdn.mckesson.com/CumulusWeb/Images/Item_Detail/1206224_front.jpg"
"gid://shopify/Product/us-3292","833847","CPAP Mask Kit CPAP Mask Eson™ Nasal Style Small Cushion","CPAP Machines","Fisher & Paykel","88.38","147.99","184.99","59.61","40%","37.00","N/A","https://imgcdn.mckesson.com/CumulusWeb/Images/Item_Detail/833847.jpg"
"gid://shopify/Product/us-3293","742931","CPAP Mask Component CPAP Mask ComfortGel™ Blue Nasal Style Small Cushion Adult","CPAP Machines","Respironics","79.07","131.99","164.99","52.92","40%","33.00","N/A","https://imgcdn.mckesson.com/CumulusWeb/Images/Item_Detail/742931.jpg"
"gid://shopify/Product/us-3294","742932","CPAP Mask Component CPAP Mask ComfortGel™ Blue Nasal Style Petite Cushion Adult","CPAP Machines","Respironics","79.07","131.99","164.99","52.92","40%","33.00","N/A","https://imgcdn.mckesson.com/CumulusWeb/Images/Item_Detail/742932.jpg"
"gid://shopify/Product/us-3295","1017174","CPAP Mask Component CPAP Mask Pico Nasal Style Small-Medium Cushion Adult","CPAP Machines","Respironics","67.63","112.99","141.99","45.36","40%","29.00","N/A","https://imgcdn.mckesson.com/CumulusWeb/Images/Item_Detail/1017174.jpg"
"gid://shopify/Product/us-3296","1117396","CPAP Mask Component CPAP Mask DreamWear Nasal Style Medium Cushion Adult","CPAP Machines","Respironics","58.26","97.99","122.99","39.73","41%","25.00","N/A","https://imgcdn.mckesson.com/CumulusWeb/Images/Item_Detail/1117396_right.jpg"
"gid://shopify/Product/us-3297","1180830","CPAP Mask Component CPAP Mask DreamWear Nasal Pillow Style Large Cushion Adult","CPAP Machines","Respironics","58.26","97.99","122.99","39.73","41%","25.00","N/A","https://imgcdn.mckesson.com/CumulusWeb/Images/Item_Detail/1180830_left.jpg"
"gid://shopify/Product/us-3298","1180831","CPAP Mask Component CPAP Mask DreamWear Nasal Pillow Style Large Cushion Adult","CPAP Machines","Respironics","58.26","97.99","122.99","39.73","41%","25.00","N/A","https://imgcdn.mckesson.com/CumulusWeb/Images/Item_Detail/1180831_left.jpg"
"gid://shopify/Product/us-3299","1131863","CPAP Mask Component CPAP Mask DreamWear Nasal Style Medium-Wide Cushion Adult","CPAP Machines","Respironics","58.26","97.99","122.99","39.73","41%","25.00","N/A","https://imgcdn.mckesson.com/CumulusWeb/Images/Item_Detail/1131863_right.jpg"
"gid://shopify/Product/us-3300","1180825","CPAP Mask Component CPAP Mask DreamWear Nasal Pillow Style Small Cushion Adult","CPAP Machines","Respironics","58.26","97.99","122.99","39.73","41%","25.00","N/A","https://imgcdn.mckesson.com/CumulusWeb/Images/Item_Detail/1180825_left.jpg"
"gid://shopify/Product/us-3301","785590","CPAP Mask Component CPAP Cushion Forma™ Full Face Style X-Large Cushion","CPAP Machines","Fisher & Paykel","51.78","86.99","108.99","35.21","40%","22.00","N/A","https://imgcdn.mckesson.com/CumulusWeb/Images/Item_Detail/785590.jpg"
"gid://shopify/Product/us-3302","625677","CPAP Mask Component CPAP Cushion FlexiFit™ 432 Full Face Style Large Cushion","CPAP Machines","Fisher & Paykel","51.78","86.99","108.99","35.21","40%","22.00","N/A","https://imgcdn.mckesson.com/CumulusWeb/Images/Item_Detail/FSHPAY_625677.jpg"
"gid://shopify/Product/us-3303","1264116","CPAP Mask Component F&P Nova Micro™ Nasal Pillow Style Adult","CPAP Machines","Fisher & Paykel","94.25","157.99","197.99","63.74","40%","40.00","N/A","https://imgcdn.mckesson.com/CumulusWeb/Images/Item_Detail/1264116_right.jpg"
"gid://shopify/Product/us-3304","1264114","CPAP Mask Component F&P Nova Micro™ Nasal Pillow Style Adult","CPAP Machines","Fisher & Paykel","94.25","157.99","197.99","63.74","40%","40.00","N/A","https://imgcdn.mckesson.com/CumulusWeb/Images/Item_Detail/1264114_right.jpg"
"gid://shopify/Product/us-3305","582441","CPAP Mask Component CPAP Mask Opus™ 360 Nasal Pillow Style","CPAP Machines","Fisher & Paykel","71.12","118.99","148.99","47.87","40%","30.00","N/A","https://imgcdn.mckesson.com/CumulusWeb/Images/Item_Detail/FSHPAY_582441.jpg"
"gid://shopify/Product/us-3306","1132446","CPAP Mask Component CPAP Cushion DreamWisp Nasal Style Petite Cushion","CPAP Machines","Respironics","34.68","57.99","72.99","23.31","40%","15.00","N/A","https://imgcdn.mckesson.com/CumulusWeb/Images/Item_Detail/1132446.jpg"
"gid://shopify/Product/us-3307","785594","CPAP Mask Component CPAP Cushion Zest™ Nasal Style Plus Cushion","CPAP Machines","Fisher & Paykel","30.38","50.99","63.99","20.61","40%","13.00","N/A","https://imgcdn.mckesson.com/CumulusWeb/Images/Item_Detail/785594.jpg"
"gid://shopify/Product/us-3308","785593","CPAP Mask Component CPAP Cushion Zest™ Nasal Style Petite Cushion","CPAP Machines","Fisher & Paykel","30.38","50.99","63.99","20.61","40%","13.00","N/A","https://imgcdn.mckesson.com/CumulusWeb/Images/Item_Detail/785593.jpg"
"gid://shopify/Product/us-3309","1046224","CPAP Mask Component CPAP Cushion Eson™ 2 Nasal Style Medium Cushion","CPAP Machines","Fisher & Paykel","29.00","52.99","66.99","23.99","45%","14.00","N/A","https://imgcdn.mckesson.com/CumulusWeb/Images/Item_Detail/1046224.jpg"
"gid://shopify/Product/us-3310","1264113","Spare Cushion CPAP Machine Parts F&P Nova Micro™ For use with CPAP Machine Small Pillow Cushion Replacment","CPAP Machines","Fisher & Paykel","26.10","47.99","59.99","21.89","46%","12.00","N/A","https://imgcdn.mckesson.com/CumulusWeb/Images/Item_Detail/1264113_right.jpg"
"gid://shopify/Product/us-3311","1264119","Spare Cushion CPAP Machine Parts F&P Nova Micro™ For use with CPAP Machine Large Pillow Cushion Replacment","CPAP Machines","Fisher & Paykel","26.10","47.99","59.99","21.89","46%","12.00","N/A","https://imgcdn.mckesson.com/CumulusWeb/Images/Item_Detail/1264119_right.jpg"
"gid://shopify/Product/us-3312","625678","CPAP Mask Component CPAP Cushion FlexiFit™ 407 Nasal Style","CPAP Machines","Fisher & Paykel","26.24","47.99","59.99","21.75","45%","12.00","N/A","https://imgcdn.mckesson.com/CumulusWeb/Images/Item_Detail/FSHPAY_625678.jpg"
"gid://shopify/Product/us-3313","1100978","CPAP Mask Component CPAP Cushion Sunset Deluxe Nasal Style Large Cushion","CPAP Machines","Sunset Healthcare","18.36","33.99","42.99","15.63","46%","9.00","N/A","https://imgcdn.mckesson.com/CumulusWeb/Images/Item_Detail/1100978.jpg"
"gid://shopify/Product/us-3314","1206214","CPAP Mask Component CPAP Cushion Viva Nasal Style Large Cushion","CPAP Machines","React Health","14.85","26.99","33.99","12.14","45%","7.00","N/A","https://imgcdn.mckesson.com/CumulusWeb/Images/Item_Detail/1206214_front.jpg"
"gid://shopify/Product/us-3315","862645","CPAP Mask Component CPAP Nasal Pillows Nasal-Aire® II Nasal Pillow Style Medium Cushion","CPAP Machines","Sun Med","13.26","24.99","31.99","11.73","47%","7.00","N/A","https://imgcdn.mckesson.com/CumulusWeb/Images/Item_Detail/862645.jpg"
"gid://shopify/Product/us-3316","573735","CPAP Mask Kit CPAP Mask Kit FlexiFit™ 432 Full Face Style Small Cushion","CPAP Machines","Fisher & Paykel","179.52","276.99","346.99","97.47","35%","70.00","N/A","https://imgcdn.mckesson.com/CumulusWeb/Images/Item_Detail/FSHPAY_573735.jpg"
"gid://shopify/Product/us-3317","652010","CPAP Mask Component CPAP Mask FlexiFit™ 432 Full Face Style Large Cushion","CPAP Machines","Fisher & Paykel","158.80","244.99","306.99","86.19","35%","62.00","N/A","https://imgcdn.mckesson.com/CumulusWeb/Images/Item_Detail/FSHPAY_652010.jpg"
"gid://shopify/Product/us-3318","766113","CPAP Mask Kit CPAP Mask Forma™ Full Face Style Large Cushion","CPAP Machines","Fisher & Paykel","158.80","244.99","306.99","86.19","35%","62.00","N/A","https://imgcdn.mckesson.com/CumulusWeb/Images/Item_Detail/766113.jpg"
"gid://shopify/Product/us-3319","1120097","CPAP Mask Component CPAP Mask DreamWear Full Face Style Medium Cushion Adult","CPAP Machines","Respironics","113.75","174.99","218.99","61.24","35%","44.00","N/A","https://imgcdn.mckesson.com/CumulusWeb/Images/Item_Detail/1120097_right.jpg"
"gid://shopify/Product/us-3320","842275","CPAP Mask Component CPAP Mask Amara™ Silicone Full Face Style Large Cushion Adult","CPAP Machines","Respironics","111.53","171.99","214.99","60.46","35%","43.00","N/A","https://imgcdn.mckesson.com/CumulusWeb/Images/Item_Detail/842275.jpg"
"gid://shopify/Product/us-3321","1221904","CPAP Mask Kit CPAP Mask Kit Ray Pediatric Full Face Style X-Large Cushion Pediatric","CPAP Machines","Sunset Healthcare","107.44","165.99","207.99","58.55","35%","42.00","N/A","https://imgcdn.mckesson.com/CumulusWeb/Images/Item_Detail/1221904_right.jpg"
"gid://shopify/Product/us-3322","1221903","CPAP Mask Kit CPAP Mask Kit Ray Pediatric Full Face Style Medium Cushion Pediatric","CPAP Machines","Sunset Healthcare","107.44","165.99","207.99","58.55","35%","42.00","N/A","https://imgcdn.mckesson.com/CumulusWeb/Images/Item_Detail/1221903_right.jpg"
"gid://shopify/Product/us-3323","1215973","CPAP Mask Kit CPAP Starter Kit Ray Pediatric Nasal Style Small / Medium Cushions Pediatric","CPAP Machines","Sunset Healthcare","104.72","161.99","202.99","57.27","35%","41.00","N/A","https://imgcdn.mckesson.com/CumulusWeb/Images/Item_Detail/1215973_right.jpg"
"gid://shopify/Product/us-3324","807659","CPAP Mask Kit CPAP Mask Zest™ Q Nasal Style Standard Cushion","CPAP Machines","Fisher & Paykel","100.81","155.99","194.99","55.18","35%","39.00","N/A","https://imgcdn.mckesson.com/CumulusWeb/Images/Item_Detail/807659.jpg"
"gid://shopify/Product/us-3325","573723","CPAP Starter Kit CPAP Starter Kit FlexiFit™ 405 Nasal Style Small / Large Cushions","CPAP Machines","Fisher & Paykel","85.62","142.99","178.99","57.37","40%","36.00","N/A","https://imgcdn.mckesson.com/CumulusWeb/Images/Item_Detail/FSHPAY_573723.jpg"
"gid://shopify/Product/us-3326","1117392","CPAP Mask Kit CPAP Mask Kit DreamWear Nasal Style Large Cushion Adult","CPAP Machines","Respironics","79.07","131.99","164.99","52.92","40%","33.00","N/A","https://imgcdn.mckesson.com/CumulusWeb/Images/Item_Detail/1117392.jpg"
"gid://shopify/Product/us-3327","742930","CPAP Mask Component CPAP Mask ComfortGel™ Blue Nasal Style Medium Cushion Adult","CPAP Machines","Respironics","79.07","131.99","164.99","52.92","40%","33.00","N/A","https://imgcdn.mckesson.com/CumulusWeb/Images/Item_Detail/742930.jpg"
"gid://shopify/Product/us-3328","1139789","CPAP Mask Kit CPAP Mask Kit DreamWear Nasal Style Medium-Wide Cushion Adult","CPAP Machines","Respironics","79.07","131.99","164.99","52.92","40%","33.00","N/A","https://imgcdn.mckesson.com/CumulusWeb/Images/Item_Detail/1139789.jpg"
"gid://shopify/Product/us-3329","853968","CPAP Mask Component CPAP Cushion Amara™ Gel Full Face Style Petite Cushion","CPAP Machines","Respironics","53.27","88.99","111.99","35.72","40%","23.00","N/A","https://imgcdn.mckesson.com/CumulusWeb/Images/Item_Detail/853968_front.jpg"
"gid://shopify/Product/us-3330","570522","CPAP Mask Kit CPAP Mask Kit FreeMotion™ Full Face Style / Vented Medium Cushion","CPAP Machines","Fisher & Paykel","44.34","73.99","92.99","29.65","40%","19.00","N/A","https://imgcdn.mckesson.com/CumulusWeb/Images/Item_Detail/570522.JPG"
"gid://shopify/Product/us-3331","570523","CPAP Mask Kit CPAP Mask Kit FreeMotion™ Full Face Style / Vented Small Cushion","CPAP Machines","Fisher & Paykel","44.34","73.99","92.99","29.65","40%","19.00","N/A","https://imgcdn.mckesson.com/CumulusWeb/Images/Item_Detail/570523.jpg"
"gid://shopify/Product/us-3332","916043","CPAP Unit Flow-Safe II EZ®","CPAP Machines","Mercury Medical","469.88","722.99","903.99","253.11","35%","181.00","N/A","https://imgcdn.mckesson.com/CumulusWeb/Images/Item_Detail/916043_right.jpg"
"gid://shopify/Product/us-3333","1201754","CPAP Mask Kit Deluxe Adult","CPAP Machines","Mercury Medical","227.19","349.99","437.99","122.80","35%","88.00","N/A","https://imgcdn.mckesson.com/CumulusWeb/Images/Item_Detail/1201754_left.jpg"
"gid://shopify/Product/us-3334","652013","CPAP Mask Component CPAP Mask FlexiFit™ 431 Full Face Style","CPAP Machines","Fisher & Paykel","158.80","244.99","306.99","86.19","35%","62.00","N/A","https://imgcdn.mckesson.com/CumulusWeb/Images/Item_Detail/FSHPAY_652013.jpg"
"gid://shopify/Product/us-3335","842274","CPAP Mask Kit CPAP Mask Amara™ Silicone","CPAP Machines","Respironics","111.53","171.99","214.99","60.46","35%","43.00","N/A","https://imgcdn.mckesson.com/CumulusWeb/Images/Item_Detail/842274.jpg"
"gid://shopify/Product/us-3336","1245897","CPAP Mask Kit Small Pediatric","CPAP Machines","Sunset Healthcare","107.44","165.99","207.99","58.55","35%","42.00","N/A","https://imgcdn.mckesson.com/CumulusWeb/Images/Item_Detail/1245897_right.jpg"
"gid://shopify/Product/us-3337","625681","CPAP Mask Component CPAP Cushion FlexiFit™ 405 Nasal Style Large Cushion","CPAP Machines","Fisher & Paykel","26.24","47.99","59.99","21.75","45%","12.00","N/A","https://imgcdn.mckesson.com/CumulusWeb/Images/Item_Detail/FSHPAY_625681.jpg"
"gid://shopify/Product/us-3338","1133914","CPAP Replacement Mask Parts ComfortFit","CPAP Machines","Drive DeVilbiss Healthcare","25.21","45.99","57.99","20.78","45%","12.00","N/A","https://imgcdn.mckesson.com/CumulusWeb/Images/Item_Detail/1133914_left.jpg"
"gid://shopify/Product/us-3339","1221908","Non-Invasive Ventilation Mask Vented","CPAP Machines","Sunset Healthcare","27.20","49.99","62.99","22.79","46%","13.00","N/A","https://imgcdn.mckesson.com/CumulusWeb/Images/Item_Detail/1221908_right.jpg"
"gid://shopify/Product/us-3340","1221906","CPAP Mask Replacement Parts Vented Nasal Style Medium Pediatric","CPAP Machines","Sunset Healthcare","27.20","49.99","62.99","22.79","46%","13.00","N/A","https://imgcdn.mckesson.com/CumulusWeb/Images/Item_Detail/1221906_right.jpg"
"gid://shopify/Product/us-3341","1221905","Non-Invasive Ventilation Mask Vented Large","CPAP Machines","Sunset Healthcare","27.20","49.99","62.99","22.79","46%","13.00","N/A","https://imgcdn.mckesson.com/CumulusWeb/Images/Item_Detail/1221905_right.jpg"
"gid://shopify/Product/us-3342","862644","CPAP Mask Component CPAP Nasal Pillows Nasal-Aire® II Nasal Pillow Style Medium Cushion","CPAP Machines","Sun Med","21.38","38.99","48.99","17.61","45%","10.00","N/A","https://imgcdn.mckesson.com/CumulusWeb/Images/Item_Detail/862644_front.jpg"
"gid://shopify/Product/us-3343","973996","CPAP Mask Kit CPAP Mask Kit ComfortFit Deluxe Full Face Style Large Cushion","CPAP Machines","Drive DeVilbiss Healthcare","75.53","125.99","157.99","50.46","40%","32.00","N/A","https://imgcdn.mckesson.com/CumulusWeb/Images/Item_Detail/973996_left.jpg"
"gid://shopify/Product/us-3344","863297","CPAP Mask Kit CPAP Mask Kit ComfortFit Deluxe Full Face Style Medium Cushion","CPAP Machines","Drive DeVilbiss Healthcare","75.53","125.99","157.99","50.46","40%","32.00","N/A","https://imgcdn.mckesson.com/CumulusWeb/Images/Item_Detail/863297_left.jpg"
"gid://shopify/Product/us-3345","1029610","CPAP Mask Kit CPAP Mask Kit NasalFit Deluxe EZ Nasal Style Medium Cushion Adult","CPAP Machines","Drive DeVilbiss Healthcare","49.28","82.99","103.99","33.71","41%","21.00","N/A","https://imgcdn.mckesson.com/CumulusWeb/Images/Item_Detail/1029610_pdet.jpg"
"gid://shopify/Product/us-3346","573729","CPAP Mask Kit CPAP Starter Kit FlexiFit™ 431 Full Face Style Small / Medium / Large Cushions","CPAP Machines","Fisher & Paykel","179.52","276.99","346.99","97.47","35%","70.00","N/A","https://imgcdn.mckesson.com/CumulusWeb/Images/Item_Detail/573729_ppkgleft.jpg"
"gid://shopify/Product/us-3347","652012","CPAP Mask Kit CPAP Mask Kit FlexiFit™ 432 Full Face Style X-Large Cushion","CPAP Machines","Fisher & Paykel","179.52","276.99","346.99","97.47","35%","70.00","N/A","https://imgcdn.mckesson.com/CumulusWeb/Images/Item_Detail/652012_ppkgleft.jpg"
"gid://shopify/Product/us-3348","573733","CPAP Mask Kit CPAP Mask Kit FlexiFit™ 432 Full Face Style Large Cushion","CPAP Machines","Fisher & Paykel","179.52","276.99","346.99","97.47","35%","70.00","N/A","https://imgcdn.mckesson.com/CumulusWeb/Images/Item_Detail/FSHPAY_573733.jpg"
"gid://shopify/Product/us-3349","701674","CPAP Mask Component CPAP Mask Kit Forma™ Full Face Style Medium-Large Cushion","CPAP Machines","Fisher & Paykel","179.52","276.99","346.99","97.47","35%","70.00","N/A","https://imgcdn.mckesson.com/CumulusWeb/Images/Item_Detail/701674.jpg"
"gid://shopify/Product/us-3350","573734","CPAP Mask Kit CPAP Mask Kit FlexiFit™ 432 Full Face Style Medium Cushion","CPAP Machines","Fisher & Paykel","179.52","276.99","346.99","97.47","35%","70.00","N/A","https://imgcdn.mckesson.com/CumulusWeb/Images/Item_Detail/FSHPAY_573734.jpg"
"gid://shopify/Product/us-3351","1118425","CPAP Mask Kit CPAP Starter Kit Wisp™ Pediatric Nasal Style Small / Medium / Large Cushions Pediatric","CPAP Machines","Respironics","174.78","268.99","336.99","94.21","35%","68.00","N/A","https://imgcdn.mckesson.com/CumulusWeb/Images/Item_Detail/1118425_front2.jpg"
"gid://shopify/Product/us-3352","1159846","CPAP Starter Kit CPAP Starter Kit Vitera Full Face Style Small / Medium / Large Cushions Adult","CPAP Machines","Fisher & Paykel","168.47","259.99","324.99","91.52","35%","65.00","N/A","https://imgcdn.mckesson.com/CumulusWeb/Images/Item_Detail/1159846_front.jpg"
"gid://shopify/Product/us-3353","1115800","CPAP Mask Kit CPAP Starter Kit DreamWear Full Face Style Small / Medium / Large Cushions Adult","CPAP Machines","Respironics","166.46","256.99","321.99","90.53","35%","65.00","N/A","https://imgcdn.mckesson.com/CumulusWeb/Images/Item_Detail/1115800_front.jpg"
"gid://shopify/Product/us-3354","785679","CPAP Mask Kit CPAP Mask Kit FitLife Full Face Style Large Cushion Adult","CPAP Machines","Respironics","166.46","256.99","321.99","90.53","35%","65.00","N/A","https://imgcdn.mckesson.com/CumulusWeb/Images/Item_Detail/785679.jpg"
"gid://shopify/Product/us-3355","785678","CPAP Mask Kit CPAP Mask Kit FitLife Full Face Style Small Cushion Adult","CPAP Machines","Respironics","166.46","256.99","321.99","90.53","35%","65.00","N/A","https://imgcdn.mckesson.com/CumulusWeb/Images/Item_Detail/785678.jpg"
"gid://shopify/Product/us-3356","1088627","CPAP Mask Kit CPAP Starter Kit Amara™ View Full Face Style Small / Medium / Large Cushions Adult","CPAP Machines","Respironics","166.46","256.99","321.99","90.53","35%","65.00","N/A","https://imgcdn.mckesson.com/CumulusWeb/Images/Item_Detail/1088627_pkit.jpg"
"gid://shopify/Product/us-3357","1157800","CPAP Starter Kit CPAP Starter Kit Simplus™ Full Face Style Small / Medium / Large Cushions Adult","CPAP Machines","Fisher & Paykel","157.42","242.99","303.99","85.57","35%","61.00","N/A","https://imgcdn.mckesson.com/CumulusWeb/Images/Item_Detail/1157800_left.jpg"
"gid://shopify/Product/us-3358","1190183","CPAP Mask Component CPAP Mask Kit Nonny™ Full Face Style X-Large Cushion Pediatric","CPAP Machines","AG Industries","152.24","234.99","293.99","82.75","35%","59.00","N/A","https://imgcdn.mckesson.com/CumulusWeb/Images/Item_Detail/1190183_left.jpg"
"gid://shopify/Product/us-3359","1190182","CPAP Mask Kit CPAP Mask Kit Nonny™ Full Face Style Large Cushion Pediatric","CPAP Machines","AG Industries","152.24","234.99","293.99","82.75","35%","59.00","N/A","https://imgcdn.mckesson.com/CumulusWeb/Images/Item_Detail/1190182_left.jpg"
"gid://shopify/Product/us-3360","1200499","CPAP Mask Kit CPAP Mask Kit Amara™ Gel Full Face Style Large Cushion Adult","CPAP Machines","Respironics","144.27","221.99","277.99","77.72","35%","56.00","N/A","https://imgcdn.mckesson.com/CumulusWeb/Images/Item_Detail/1200499_left.jpg"
"gid://shopify/Product/us-3361","1155481","CPAP Mask Kit CPAP Mask Kit Vitera Full Face Style Medium Cushion Adult","CPAP Machines","Fisher & Paykel","143.61","220.99","276.99","77.38","35%","56.00","N/A","https://imgcdn.mckesson.com/CumulusWeb/Images/Item_Detail/1155481_front.jpg"
"gid://shopify/Product/us-3362","1155482","CPAP Mask Kit CPAP Mask Kit Vitera Full Face Style Large Cushion Adult","CPAP Machines","Fisher & Paykel","143.61","220.99","276.99","77.38","35%","56.00","N/A","https://imgcdn.mckesson.com/CumulusWeb/Images/Item_Detail/1155482_front.jpg"
"gid://shopify/Product/us-3363","1155480","CPAP Mask Kit CPAP Mask Kit Vitera Full Face Style Small Cushion Adult","CPAP Machines","Fisher & Paykel","143.61","220.99","276.99","77.38","35%","56.00","N/A","https://imgcdn.mckesson.com/CumulusWeb/Images/Item_Detail/1155480_front.jpg"
"gid://shopify/Product/us-3364","1184551","CPAP Mask Kit CPAP Starter Kit Eson™ 2 Nasal Style Small / Medium / Large Cushions Adult","CPAP Machines","Fisher & Paykel","140.85","216.99","271.99","76.14","35%","55.00","N/A","https://imgcdn.mckesson.com/CumulusWeb/Images/Item_Detail/1184551_ppkgleft.jpg"
"gid://shopify/Product/us-3365","1105722","CPAP Mask Kit CPAP Starter Kit DreamWear Full Face Style Medium Cushion Adult","CPAP Machines","Respironics","138.72","213.99","267.99","75.27","35%","54.00","N/A","https://imgcdn.mckesson.com/CumulusWeb/Images/Item_Detail/1105722.jpg"
"gid://shopify/Product/us-3366","1105718","CPAP Mask Kit CPAP Starter Kit DreamWear Full Face Style Small Cushion Adult","CPAP Machines","Respironics","138.72","213.99","267.99","75.27","35%","54.00","N/A","https://imgcdn.mckesson.com/CumulusWeb/Images/Item_Detail/1105718.jpg"
"gid://shopify/Product/us-3367","1105719","CPAP Mask Kit CPAP Starter Kit DreamWear Full Face Style Large Cushion Adult","CPAP Machines","Respironics","138.72","213.99","267.99","75.27","35%","54.00","N/A","https://imgcdn.mckesson.com/CumulusWeb/Images/Item_Detail/1105719.jpg"
"gid://shopify/Product/us-3368","1105720","CPAP Mask Kit CPAP Starter Kit DreamWear Full Face Style Large Cushion Adult","CPAP Machines","Respironics","138.72","213.99","267.99","75.27","35%","54.00","N/A","https://imgcdn.mckesson.com/CumulusWeb/Images/Item_Detail/1105720.jpg"
"gid://shopify/Product/us-3369","871050","CPAP Mask Kit CPAP Mask Kit Simplus™ Full Face Style Medium Cushion","CPAP Machines","Fisher & Paykel","136.71","210.99","263.99","74.28","35%","53.00","N/A","https://imgcdn.mckesson.com/CumulusWeb/Images/Item_Detail/871050_front.jpg"
"gid://shopify/Product/us-3370","871051","CPAP Mask Kit CPAP Mask Kit Simplus™ Full Face Style Large Cushion","CPAP Machines","Fisher & Paykel","136.71","210.99","263.99","74.28","35%","53.00","N/A","https://imgcdn.mckesson.com/CumulusWeb/Images/Item_Detail/871051_front.jpg"
"gid://shopify/Product/us-3371","871049","CPAP Mask Kit CPAP Mask Kit Simplus™ Full Face Style Small Cushion","CPAP Machines","Fisher & Paykel","136.71","210.99","263.99","74.28","35%","53.00","N/A","https://imgcdn.mckesson.com/CumulusWeb/Images/Item_Detail/871049.jpg"
"gid://shopify/Product/us-3372","988546","CPAP Mask Kit CPAP Mask Kit Amara™ View Full Face Style Medium Cushion Adult","CPAP Machines","Respironics","133.17","204.99","256.99","71.82","35%","52.00","N/A","https://imgcdn.mckesson.com/CumulusWeb/Images/Item_Detail/988546_front.jpg"
"gid://shopify/Product/us-3373","988550","CPAP Mask Kit CPAP Mask Kit Amara™ View Full Face Style Large Cushion Adult","CPAP Machines","Respironics","133.17","204.99","256.99","71.82","35%","52.00","N/A","https://imgcdn.mckesson.com/CumulusWeb/Images/Item_Detail/988550_front.jpg"
"gid://shopify/Product/us-3374","1018562","CPAP Mask Kit CPAP Mask Kit Amara™ View Full Face Style Small Cushion Adult","CPAP Machines","Respironics","133.17","204.99","256.99","71.82","35%","52.00","N/A","https://imgcdn.mckesson.com/CumulusWeb/Images/Item_Detail/1018562_left.jpg"
"gid://shopify/Product/us-3375","1106337","CPAP Mask Kit CPAP Mask Kit DreamWear Full Face Style Medium Cushion Adult","CPAP Machines","Respironics","133.17","204.99","256.99","71.82","35%","52.00","N/A","https://imgcdn.mckesson.com/CumulusWeb/Images/Item_Detail/1106337.jpg"
"gid://shopify/Product/us-3376","1115795","CPAP Mask Kit CPAP Mask Kit DreamWear Full Face Style Small Cushion Adult","CPAP Machines","Respironics","133.17","204.99","256.99","71.82","35%","52.00","N/A","https://imgcdn.mckesson.com/CumulusWeb/Images/Item_Detail/1115795.jpg"
"gid://shopify/Product/us-3377","1115799","CPAP Mask Kit CPAP Mask Kit DreamWear Full Face Style Large Cushion Adult","CPAP Machines","Respironics","133.17","204.99","256.99","71.82","35%","52.00","N/A","https://imgcdn.mckesson.com/CumulusWeb/Images/Item_Detail/1115799.jpg"
"gid://shopify/Product/us-3378","1115793","CPAP Mask Kit CPAP Mask Kit DreamWear Full Face Style Large Cushion Adult","CPAP Machines","Respironics","133.17","204.99","256.99","71.82","35%","52.00","N/A","https://imgcdn.mckesson.com/CumulusWeb/Images/Item_Detail/1115793.jpg"
"gid://shopify/Product/us-3379","1115792","CPAP Mask Kit CPAP Mask Kit DreamWear Full Face Style Small Cushion Adult","CPAP Machines","Respironics","133.17","204.99","256.99","71.82","35%","52.00","N/A","https://imgcdn.mckesson.com/CumulusWeb/Images/Item_Detail/1115792.jpg"
"gid://shopify/Product/us-3380","1115794","CPAP Mask Kit CPAP Mask Kit DreamWear Full Face Style Medium-Wide Cushion Adult","CPAP Machines","Respironics","133.17","204.99","256.99","71.82","35%","52.00","N/A","https://imgcdn.mckesson.com/CumulusWeb/Images/Item_Detail/1115794_left.jpg"
"gid://shopify/Product/us-3381","1115796","CPAP Mask Kit CPAP Mask Kit DreamWear Full Face Style Medium Cushion Adult","CPAP Machines","Respironics","133.17","204.99","256.99","71.82","35%","52.00","N/A","https://imgcdn.mckesson.com/CumulusWeb/Images/Item_Detail/1115796.jpg"
"gid://shopify/Product/us-3382","842273","CPAP Mask Kit CPAP Mask Kit Amara™ Silicone Full Face Style Large Cushion Adult","CPAP Machines","Respironics","133.17","204.99","256.99","71.82","35%","52.00","N/A","https://imgcdn.mckesson.com/CumulusWeb/Images/Item_Detail/842273.jpg"
"gid://shopify/Product/us-3383","1115798","CPAP Mask Kit CPAP Mask Kit DreamWear Full Face Style Medium Cushion Adult","CPAP Machines","Respironics","133.17","204.99","256.99","71.82","35%","52.00","N/A","https://imgcdn.mckesson.com/CumulusWeb/Images/Item_Detail/1115798.jpg"
"gid://shopify/Product/us-3384","825126","CPAP Mask Component CPAP Mask Kit Amara™ Silicone Full Face Style Small Cushion Adult","CPAP Machines","Respironics","133.17","204.99","256.99","71.82","35%","52.00","N/A","https://imgcdn.mckesson.com/CumulusWeb/Images/Item_Detail/825126.jpg"
"gid://shopify/Product/us-3385","853937","CPAP Mask Kit CPAP Mask Kit Amara™ Gel Full Face Style Small Cushion Adult","CPAP Machines","Respironics","133.17","204.99","256.99","71.82","35%","52.00","N/A","https://imgcdn.mckesson.com/CumulusWeb/Images/Item_Detail/853937.jpg"
"gid://shopify/Product/us-3386","1144398","CPAP Mask Component CPAP Mask Kit DreamWear Full Face Style Medium-Wide Cushion Adult","CPAP Machines","Respironics","133.17","204.99","256.99","71.82","35%","52.00","N/A","https://imgcdn.mckesson.com/CumulusWeb/Images/Item_Detail/1144398_front.jpg"
"gid://shopify/Product/us-3387","1155484","CPAP Mask Kit CPAP Mask Vitera Full Face Style Medium Cushion Adult","CPAP Machines","Fisher & Paykel","129.81","199.99","249.99","70.18","35%","50.00","N/A","https://imgcdn.mckesson.com/CumulusWeb/Images/Item_Detail/1155484_front.jpg"
"gid://shopify/Product/us-3388","1155483","CPAP Mask Kit CPAP Mask Vitera Full Face Style Small Cushion Adult","CPAP Machines","Fisher & Paykel","129.81","199.99","249.99","70.18","35%","50.00","N/A","https://imgcdn.mckesson.com/CumulusWeb/Images/Item_Detail/1155483_pkgfront.jpg"
"gid://shopify/Product/us-3389","1046214","CPAP Mask Kit CPAP Mask Kit Eson™ 2 Nasal Style Medium Cushion Adult","CPAP Machines","Fisher & Paykel","122.90","189.99","237.99","67.09","35%","48.00","N/A","https://imgcdn.mckesson.com/CumulusWeb/Images/Item_Detail/1046214.jpg"
"gid://shopify/Product/us-3390","1046215","CPAP Mask Kit CPAP Mask Kit Eson™ 2 Nasal Style Large Cushion","CPAP Machines","Fisher & Paykel","122.90","189.99","237.99","67.09","35%","48.00","N/A","https://imgcdn.mckesson.com/CumulusWeb/Images/Item_Detail/1046215.jpg"
"gid://shopify/Product/us-3391","1046213","CPAP Mask Kit CPAP Mask Kit Eson™ 2 Nasal Style Small Cushion","CPAP Machines","Fisher & Paykel","122.90","189.99","237.99","67.09","35%","48.00","N/A","https://imgcdn.mckesson.com/CumulusWeb/Images/Item_Detail/1046213.jpg"
"gid://shopify/Product/us-3392","871054","CPAP Mask Kit CPAP Mask Simplus™ Full Face Style Medium Cushion","CPAP Machines","Fisher & Paykel","122.90","189.99","237.99","67.09","35%","48.00","N/A","https://imgcdn.mckesson.com/CumulusWeb/Images/Item_Detail/871054.jpg"
"gid://shopify/Product/us-3393","871055","CPAP Mask Kit CPAP Mask Simplus™ Full Face Style Large Cushion","CPAP Machines","Fisher & Paykel","122.90","189.99","237.99","67.09","35%","48.00","N/A","https://imgcdn.mckesson.com/CumulusWeb/Images/Item_Detail/871055.jpg"
"gid://shopify/Product/us-3394","1176320","CPAP Mask Kit CPAP Mask Kit Evora™ Nasal Style Small Cushion Adult","CPAP Machines","Fisher & Paykel","122.90","189.99","237.99","67.09","35%","48.00","N/A","https://imgcdn.mckesson.com/CumulusWeb/Images/Item_Detail/1176320_ppkgleft.jpg"
"gid://shopify/Product/us-3395","871053","CPAP Mask Kit CPAP Mask Simplus™ Full Face Style Small Cushion","CPAP Machines","Fisher & Paykel","122.90","189.99","237.99","67.09","35%","48.00","N/A","https://imgcdn.mckesson.com/CumulusWeb/Images/Item_Detail/871053.jpg"
"gid://shopify/Product/us-3396","1176322","CPAP Mask Kit CPAP Mask Kit Evora™ Nasal Style Large Cushion Adult","CPAP Machines","Fisher & Paykel","122.90","189.99","237.99","67.09","35%","48.00","N/A","https://imgcdn.mckesson.com/CumulusWeb/Images/Item_Detail/1176322_ppkgleft.jpg"
"gid://shopify/Product/us-3397","1115081","CPAP Mask Component CPAP Mask DreamWear Full Face Style Medium Cushion Adult","CPAP Machines","Respironics","113.75","174.99","218.99","61.24","35%","44.00","N/A","https://imgcdn.mckesson.com/CumulusWeb/Images/Item_Detail/1115081.jpg"
"gid://shopify/Product/us-3398","1115086","CPAP Mask Component DreamWear Large Cushion Adult","CPAP Machines","Respironics","113.75","174.99","218.99","61.24","35%","44.00","N/A","https://imgcdn.mckesson.com/CumulusWeb/Images/Item_Detail/1115086.jpg"
"gid://shopify/Product/us-3399","1120602","CPAP Mask Component CPAP Mask DreamWear Full Face Style Small Cushion Adult","CPAP Machines","Respironics","113.75","174.99","218.99","61.24","35%","44.00","N/A","https://imgcdn.mckesson.com/CumulusWeb/Images/Item_Detail/1120602.jpg"
"gid://shopify/Product/us-3400","1115053","CPAP Mask Component DreamWear Full Face Style Small Cushion Adult","CPAP Machines","Respironics","113.75","174.99","218.99","61.24","35%","44.00","N/A","https://imgcdn.mckesson.com/CumulusWeb/Images/Item_Detail/1115053.jpg"
"gid://shopify/Product/us-3401","1115082","CPAP Mask Kit DreamWear™ Nasal Style Medium Cushion Adult","CPAP Machines","Respironics","113.75","174.99","218.99","61.24","35%","44.00","N/A","https://imgcdn.mckesson.com/CumulusWeb/Images/Item_Detail/1115082_right.jpg"
"gid://shopify/Product/us-3402","1018560","CPAP Mask Component CPAP Mask Amara™ View Full Face Style Medium Cushion Adult","CPAP Machines","Respironics","111.53","171.99","214.99","60.46","35%","43.00","N/A","https://imgcdn.mckesson.com/CumulusWeb/Images/Item_Detail/1018560.jpg"
"gid://shopify/Product/us-3403","1018559","CPAP Mask Component CPAP Mask Amara™ View Full Face Style Small Cushion Adult","CPAP Machines","Respironics","111.53","171.99","214.99","60.46","35%","43.00","N/A","https://imgcdn.mckesson.com/CumulusWeb/Images/Item_Detail/1018559.jpg"
"gid://shopify/Product/us-3404","1018561","CPAP Mask Component CPAP Mask Amara™ View Full Face Style Large Cushion Adult","CPAP Machines","Respironics","111.53","171.99","214.99","60.46","35%","43.00","N/A","https://imgcdn.mckesson.com/CumulusWeb/Images/Item_Detail/1018561.jpg"
"gid://shopify/Product/us-3405","853952","CPAP Mask Component CPAP Mask Amara™ Gel Full Face Style Medium Cushion Adult","CPAP Machines","Respironics","111.53","171.99","214.99","60.46","35%","43.00","N/A","https://imgcdn.mckesson.com/CumulusWeb/Images/Item_Detail/853952.jpg"
"gid://shopify/Product/us-3406","1056851","CPAP Mask Kit CPAP Mask Kit Brevida™ Nasal Pillow Style Medium-Large Cushion Adult","CPAP Machines","Fisher & Paykel","110.47","169.99","212.99","59.52","35%","43.00","N/A","https://imgcdn.mckesson.com/CumulusWeb/Images/Item_Detail/1056851.jpg"
"gid://shopify/Product/us-3407","1056850","CPAP Mask Kit CPAP Mask Kit Brevida™ Nasal Pillow Style X-Small-Small Cushion Adult","CPAP Machines","Fisher & Paykel","110.47","169.99","212.99","59.52","35%","43.00","N/A","https://imgcdn.mckesson.com/CumulusWeb/Images/Item_Detail/1056850.jpg"
"gid://shopify/Product/us-3408","833842","CPAP Mask Kit CPAP Mask Kit Eson™ Nasal Style Medium Cushion","CPAP Machines","Fisher & Paykel","109.09","167.99","209.99","58.90","35%","42.00","N/A","https://imgcdn.mckesson.com/CumulusWeb/Images/Item_Detail/833842.jpg"
"gid://shopify/Product/us-3409","833843","CPAP Mask Kit CPAP Mask Kit Eson™ Nasal Style Large Cushion","CPAP Machines","Fisher & Paykel","109.09","167.99","209.99","58.90","35%","42.00","N/A","https://imgcdn.mckesson.com/CumulusWeb/Images/Item_Detail/833843.jpg"
"gid://shopify/Product/us-3410","833839","CPAP Mask Kit CPAP Mask Kit Eson™ Nasal Style Small Cushion","CPAP Machines","Fisher & Paykel","109.09","167.99","209.99","58.90","35%","42.00","N/A","https://imgcdn.mckesson.com/CumulusWeb/Images/Item_Detail/833839.jpg"
"gid://shopify/Product/us-3411","1206242","CPAP Mask Kit CPAP Starter Kit Siesta Full Face Style Small / Medium / Large Cushions","CPAP Machines","React Health","102.05","156.99","196.99","54.94","35%","40.00","N/A","https://imgcdn.mckesson.com/CumulusWeb/Images/Item_Detail/1206242_left.jpg"
"gid://shopify/Product/us-3412","1046218","CPAP Mask Component CPAP Mask Eson™ 2 Nasal Style Medium Cushion","CPAP Machines","Fisher & Paykel","96.66","161.99","202.99","65.33","40%","41.00","N/A","https://imgcdn.mckesson.com/CumulusWeb/Images/Item_Detail/1046218.jpg"
"gid://shopify/Product/us-3413","1046219","CPAP Mask Kit CPAP Mask Eson™ 2 Nasal Style Large Cushion","CPAP Machines","Fisher & Paykel","96.66","161.99","202.99","65.33","40%","41.00","N/A","https://imgcdn.mckesson.com/CumulusWeb/Images/Item_Detail/1046219.jpg"
"gid://shopify/Product/us-3414","1176325","CPAP Mask Component CPAP Cushion Evora™ Nasal Style Medium Cushion Adult","CPAP Machines","Fisher & Paykel","96.66","161.99","202.99","65.33","40%","41.00","N/A","https://imgcdn.mckesson.com/CumulusWeb/Images/Item_Detail/1176325_front.jpg"
"gid://shopify/Product/us-3415","1046217","CPAP Mask Kit CPAP Mask Eson™ 2 Nasal Style Small Cushion","CPAP Machines","Fisher & Paykel","96.66","161.99","202.99","65.33","40%","41.00","N/A","https://imgcdn.mckesson.com/CumulusWeb/Images/Item_Detail/1046217.jpg"
"gid://shopify/Product/us-3416","1018396","CPAP Mask Kit CPAP Starter Kit DreamWear Nasal Style Small / Medium / Large Cushions Adult","CPAP Machines","Respironics","93.63","156.99","196.99","63.36","40%","40.00","N/A","https://imgcdn.mckesson.com/CumulusWeb/Images/Item_Detail/1018396_pdet.jpg"
"gid://shopify/Product/us-3417","862214","CPAP Mask Kit CPAP Mask Kit Nuance Pro Nasal Style Universal Cushion","CPAP Machines","Respironics","93.63","156.99","196.99","63.36","40%","40.00","N/A","https://imgcdn.mckesson.com/CumulusWeb/Images/Item_Detail/862214.jpg"
"gid://shopify/Product/us-3418","834320","CPAP Mask Kit CPAP Starter Kit Wisp™ Nasal Style Small-Medium / Large / X-Large Cushions","CPAP Machines","Respironics","93.63","156.99","196.99","63.36","40%","40.00","N/A","https://imgcdn.mckesson.com/CumulusWeb/Images/Item_Detail/834320.jpg"
"gid://shopify/Product/us-3419","742934","CPAP Mask Kit CPAP Mask Kit ComfortGel™ Blue Nasal Style Medium Cushion Adult","CPAP Machines","Respironics","93.63","156.99","196.99","63.36","40%","40.00","N/A","https://imgcdn.mckesson.com/CumulusWeb/Images/Item_Detail/742934_right.jpg"
"gid://shopify/Product/us-3420","1065787","CPAP Mask Kit CPAP Starter Kit Wisp™ Nasal Style Small / Medium / Large Cushions Youth","CPAP Machines","Respironics","93.63","156.99","196.99","63.36","40%","40.00","N/A","https://imgcdn.mckesson.com/CumulusWeb/Images/Item_Detail/1065787_left.jpg"
"gid://shopify/Product/us-3421","1180808","CPAP Mask Component CPAP Starter Kit DreamWear Nasal Pillow Style Small / Medium / Large Cushions Adult","CPAP Machines","Respironics","93.63","156.99","196.99","63.36","40%","40.00","N/A","https://imgcdn.mckesson.com/CumulusWeb/Images/Item_Detail/1180808_ppkgleft.jpg"
"gid://shopify/Product/us-3422","742935","CPAP Mask Kit CPAP Mask Kit ComfortGel™ Blue Nasal Style Small Cushion Adult","CPAP Machines","Respironics","93.63","156.99","196.99","63.36","40%","40.00","N/A","https://imgcdn.mckesson.com/CumulusWeb/Images/Item_Detail/742935.jpg"
"gid://shopify/Product/us-3423","742933","CPAP Mask Kit CPAP Mask Kit ComfortGel™ Blue Nasal Style Large Cushion Adult","CPAP Machines","Respironics","93.63","156.99","196.99","63.36","40%","40.00","N/A","https://imgcdn.mckesson.com/CumulusWeb/Images/Item_Detail/742933_right.jpg"
"gid://shopify/Product/us-3424","1013862","CPAP Mask Kit CPAP Starter Kit Pico Nasal Style Small-Medium / Large / X-Large Cushions Adult","CPAP Machines","Respironics","93.63","156.99","196.99","63.36","40%","40.00","N/A","https://imgcdn.mckesson.com/CumulusWeb/Images/Item_Detail/1013862.jpg"
"gid://shopify/Product/us-3425","1146572","CPAP Mask Kit DreamWear Nasal Style Small and Medium Cushions Adult","CPAP Machines","Respironics","93.63","156.99","196.99","63.36","40%","40.00","N/A","https://imgcdn.mckesson.com/CumulusWeb/Images/Item_Detail/1146572.jpg"
"gid://shopify/Product/us-3426","742936","CPAP Mask Kit CPAP Mask Kit ComfortGel™ Blue Nasal Style Petite Cushion Adult","CPAP Machines","Respironics","93.63","156.99","196.99","63.36","40%","40.00","N/A","https://imgcdn.mckesson.com/CumulusWeb/Images/Item_Detail/742936.jpg"
"gid://shopify/Product/us-3427","1180809","CPAP Mask Component CPAP Starter Kit DreamWear Nasal Pillow Style Small / Medium Cushions Adult","CPAP Machines","Respironics","93.63","156.99","196.99","63.36","40%","40.00","N/A","https://imgcdn.mckesson.com/CumulusWeb/Images/Item_Detail/1180809_right.jpg"
"gid://shopify/Product/us-3428","865130","CPAP Mask Kit CPAP Mask Pilairo Q™ Nasal Pillow Style Standard Cushion","CPAP Machines","Fisher & Paykel","93.90","156.99","196.99","63.09","40%","40.00","N/A","https://imgcdn.mckesson.com/CumulusWeb/Images/Item_Detail/865130.jpg"
"gid://shopify/Product/us-3429","1056853","CPAP Mask Kit CPAP Mask Brevida™ Nasal Pillow Style Small Cushion","CPAP Machines","Fisher & Paykel","89.76","149.99","187.99","60.23","40%","38.00","N/A","https://imgcdn.mckesson.com/CumulusWeb/Images/Item_Detail/1056853.jpg"
"gid://shopify/Product/us-3430","1056854","CPAP Mask Component CPAP Cushion Brevida™ Nasal Pillow Style Medium-Large Cushion","CPAP Machines","Fisher & Paykel","89.76","149.99","187.99","60.23","40%","38.00","N/A","https://imgcdn.mckesson.com/CumulusWeb/Images/Item_Detail/1056854.jpg"
"gid://shopify/Product/us-3431","1132454","CPAP Mask Kit CPAP Mask Kit DreamWisp Nasal Style Small Cushion Adult","CPAP Machines","Respironics","88.44","147.99","184.99","59.55","40%","37.00","N/A","https://imgcdn.mckesson.com/CumulusWeb/Images/Item_Detail/1132454.jpg"
"gid://shopify/Product/us-3432","1182827","CPAP Mask Kit CPAP Mask Kit Wisp™ Nasal Style Small-Medium Cushion Adult","CPAP Machines","Respironics","88.44","147.99","184.99","59.55","40%","37.00","N/A","https://imgcdn.mckesson.com/CumulusWeb/Images/Item_Detail/1182827_pdet.jpg"
"gid://shopify/Product/us-3433","1182826","CPAP Mask Kit CPAP Mask Wisp™ Nasal Style Large Cushion Adult","CPAP Machines","Respironics","88.44","147.99","184.99","59.55","40%","37.00","N/A","https://imgcdn.mckesson.com/CumulusWeb/Images/Item_Detail/1182826_left.jpg"
"gid://shopify/Product/us-3434","1182847","CPAP Mask Kit CPAP Mask Kit Wisp™ Nasal Style Large Cushion Adult","CPAP Machines","Respironics","88.44","147.99","184.99","59.55","40%","37.00","N/A","https://imgcdn.mckesson.com/CumulusWeb/Images/Item_Detail/1182847_pdet.jpg"
"gid://shopify/Product/us-3435","1206201","CPAP Mask Kit CPAP Mask Kit Siesta Full Face Style Large Cushion","CPAP Machines","React Health","88.34","147.99","184.99","59.65","40%","37.00","N/A","https://imgcdn.mckesson.com/CumulusWeb/Images/Item_Detail/1206201_left.jpg"
"gid://shopify/Product/us-3436","1206231","CPAP Mask Kit CPAP Mask Kit Siesta Full Face Style Medium Cushion","CPAP Machines","React Health","88.34","147.99","184.99","59.65","40%","37.00","N/A","https://imgcdn.mckesson.com/CumulusWeb/Images/Item_Detail/1206231_left.jpg"
"gid://shopify/Product/us-3437","1206200","CPAP Mask Kit CPAP Mask Kit Siesta Full Face Style Small Cushion","CPAP Machines","React Health","88.34","147.99","184.99","59.65","40%","37.00","N/A","https://imgcdn.mckesson.com/CumulusWeb/Images/Item_Detail/1206200_left.jpg"
"gid://shopify/Product/us-3438","833846","CPAP Mask Kit CPAP Mask Eson™ Nasal Style Medium Cushion","CPAP Machines","Fisher & Paykel","88.38","147.99","184.99","59.61","40%","37.00","N/A","https://imgcdn.mckesson.com/CumulusWeb/Images/Item_Detail/833846.jpg"
"gid://shopify/Product/us-3439","833844","CPAP Mask Kit CPAP Mask Eson™ Nasal Style Large Cushion","CPAP Machines","Fisher & Paykel","88.38","147.99","184.99","59.61","40%","37.00","N/A","https://imgcdn.mckesson.com/CumulusWeb/Images/Item_Detail/833844.jpg"
"gid://shopify/Product/us-3440","1206247","CPAP Starter Kit CPAP Starter Kit Siesta Nasal Style Small / Medium / Large Cushions","CPAP Machines","React Health","80.73","134.99","168.99","54.26","40%","34.00","N/A","https://imgcdn.mckesson.com/CumulusWeb/Images/Item_Detail/1206247_left.jpg"
"gid://shopify/Product/us-3441","1017186","CPAP Mask Kit CPAP Mask Kit Pico Nasal Style Small Cushion Adult","CPAP Machines","Respironics","78.04","130.99","163.99","52.95","40%","33.00","N/A","https://imgcdn.mckesson.com/CumulusWeb/Images/Item_Detail/1017186.jpg"
"gid://shopify/Product/us-3442","1013861","CPAP Mask Kit CPAP Mask Kit Pico Nasal Style Large Cushion Adult","CPAP Machines","Respironics","78.04","130.99","163.99","52.95","40%","33.00","N/A","https://imgcdn.mckesson.com/CumulusWeb/Images/Item_Detail/1013861.jpg"
"gid://shopify/Product/us-3443","1017187","CPAP Mask Kit CPAP Mask Kit Pico Nasal Style X-Large Cushion Adult","CPAP Machines","Respironics","78.04","130.99","163.99","52.95","40%","33.00","N/A","https://imgcdn.mckesson.com/CumulusWeb/Images/Item_Detail/1017187.jpg"
"gid://shopify/Product/us-3444","1062692","CPAP Mask Kit CPAP Mask Kit DreamWear Nasal Style Medium Cushion Adult","CPAP Machines","Respironics","79.07","131.99","164.99","52.92","40%","33.00","N/A","https://imgcdn.mckesson.com/CumulusWeb/Images/Item_Detail/1062692.jpg"
"gid://shopify/Product/us-3445","1077769","CPAP Mask Kit CPAP Mask Kit DreamWear Nasal Style Small Cushion Adult","CPAP Machines","Respironics","79.07","131.99","164.99","52.92","40%","33.00","N/A","https://imgcdn.mckesson.com/CumulusWeb/Images/Item_Detail/1077769.jpg"
"gid://shopify/Product/us-3446","1062691","CPAP Mask Kit CPAP Mask Kit DreamWear Nasal Style Small Cushion Adult","CPAP Machines","Respironics","79.07","131.99","164.99","52.92","40%","33.00","N/A","https://imgcdn.mckesson.com/CumulusWeb/Images/Item_Detail/1062691.jpg"
"gid://shopify/Product/us-3447","1180815","CPAP Mask Kit CPAP Mask Kit DreamWear Nasal Pillow Style Medium Cushion Adult","CPAP Machines","Respironics","79.07","131.99","164.99","52.92","40%","33.00","N/A","https://imgcdn.mckesson.com/CumulusWeb/Images/Item_Detail/1180815_ppkgleft.jpg"
"gid://shopify/Product/us-3448","1180812","CPAP Mask Kit CPAP Mask Kit DreamWear Nasal Pillow Style Small Cushion Adult","CPAP Machines","Respironics","79.07","131.99","164.99","52.92","40%","33.00","N/A","https://imgcdn.mckesson.com/CumulusWeb/Images/Item_Detail/1180812_ppkgleft.jpg"
"gid://shopify/Product/us-3449","1062693","CPAP Mask Kit CPAP Mask Kit DreamWear Nasal Style Large Cushion Adult","CPAP Machines","Respironics","79.07","131.99","164.99","52.92","40%","33.00","N/A","https://imgcdn.mckesson.com/CumulusWeb/Images/Item_Detail/1062693.jpg"
"gid://shopify/Product/us-3450","1062694","CPAP Mask Kit CPAP Mask Kit DreamWear Nasal Style Medium-Wide Cushion Adult","CPAP Machines","Respironics","79.07","131.99","164.99","52.92","40%","33.00","N/A","https://imgcdn.mckesson.com/CumulusWeb/Images/Item_Detail/1062694.jpg"
"gid://shopify/Product/us-3451","1102421","CPAP Mask Kit CPAP Mask Kit DreamWear Nasal Style Medium Cushion Adult","CPAP Machines","Respironics","79.07","131.99","164.99","52.92","40%","33.00","N/A","https://imgcdn.mckesson.com/CumulusWeb/Images/Item_Detail/1102421.jpg"
"gid://shopify/Product/us-3452","1180811","CPAP Mask Kit CPAP Mask Kit DreamWear Nasal Pillow Style Small Cushion","CPAP Machines","Respironics","79.07","131.99","164.99","52.92","40%","33.00","N/A","https://imgcdn.mckesson.com/CumulusWeb/Images/Item_Detail/1180811_front.jpg"
"gid://shopify/Product/us-3453","1115790","CPAP Mask Kit CPAP Mask Kit DreamWear Nasal Style Medium Cushion Adult","CPAP Machines","Respironics","79.07","131.99","164.99","52.92","40%","33.00","N/A","https://imgcdn.mckesson.com/CumulusWeb/Images/Item_Detail/1115790.jpg"
"gid://shopify/Product/us-3454","1099634","CPAP Mask Kit CPAP Mask Kit DreamWear Nasal Style Large Cushion Adult","CPAP Machines","Respironics","79.07","131.99","164.99","52.92","40%","33.00","N/A","https://imgcdn.mckesson.com/CumulusWeb/Images/Item_Detail/1099634.jpg"
"gid://shopify/Product/us-3455","1180818","CPAP Mask Kit CPAP Mask Kit DreamWear Nasal Pillow Style Large Cushion Adult","CPAP Machines","Respironics","79.07","131.99","164.99","52.92","40%","33.00","N/A","https://imgcdn.mckesson.com/CumulusWeb/Images/Item_Detail/1180818_ppkgleft.jpg"
"gid://shopify/Product/us-3456","1117345","CPAP Mask Kit CPAP Mask Kit DreamWear Nasal Style Medium-Wide Cushion Adult","CPAP Machines","Respironics","79.07","131.99","164.99","52.92","40%","33.00","N/A","https://imgcdn.mckesson.com/CumulusWeb/Images/Item_Detail/1117345.jpg"
"gid://shopify/Product/us-3457","1180813","CPAP Mask Kit CPAP Mask Kit DreamWear Nasal Pillow Style Small Cushion Adult","CPAP Machines","Respironics","79.07","131.99","164.99","52.92","40%","33.00","N/A","https://imgcdn.mckesson.com/CumulusWeb/Images/Item_Detail/1180813_left.jpg"
"gid://shopify/Product/us-3458","1180821","CPAP Mask Kit CPAP Mask Kit DreamWear Nasal Pillow Style Medium-Wide Cushion Adult","CPAP Machines","Respironics","79.07","131.99","164.99","52.92","40%","33.00","N/A","https://imgcdn.mckesson.com/CumulusWeb/Images/Item_Detail/1180821_left.jpg"
"gid://shopify/Product/us-3459","1180819","CPAP Mask Kit CPAP Mask Kit DreamWear Nasal Pillow Style Large Cushion Adult","CPAP Machines","Respironics","79.07","131.99","164.99","52.92","40%","33.00","N/A","https://imgcdn.mckesson.com/CumulusWeb/Images/Item_Detail/1180819_side.jpg"
"gid://shopify/Product/us-3460","1180816","CPAP Mask Kit CPAP Mask Kit DreamWear Nasal Pillow Style Medium Cushion Adult","CPAP Machines","Respironics","79.07","131.99","164.99","52.92","40%","33.00","N/A","https://imgcdn.mckesson.com/CumulusWeb/Images/Item_Detail/1180816_left.jpg"
"gid://shopify/Product/us-3461","1139790","CPAP Mask Kit CPAP Mask Kit DreamWear Nasal Style Small Cushion Adult","CPAP Machines","Respironics","79.07","131.99","164.99","52.92","40%","33.00","N/A","https://imgcdn.mckesson.com/CumulusWeb/Images/Item_Detail/1139790.jpg"
"gid://shopify/Product/us-3462","1180814","CPAP Mask Kit CPAP Mask Kit DreamWear Nasal Pillow Style Medium Cushion Adult","CPAP Machines","Respironics","79.07","131.99","164.99","52.92","40%","33.00","N/A","https://imgcdn.mckesson.com/CumulusWeb/Images/Item_Detail/1180814_left.jpg"
"gid://shopify/Product/us-3463","1180817","CPAP Mask Kit CPAP Mask Kit DreamWear Nasal Pillow Style Large Cushion","CPAP Machines","Respironics","79.07","131.99","164.99","52.92","40%","33.00","N/A","https://imgcdn.mckesson.com/CumulusWeb/Images/Item_Detail/1180817_left.jpg"
"gid://shopify/Product/us-3464","833835","CPAP Mask Kit CPAP Starter Kit Wisp™ Nasal Style Small-Medium / Large / X-Large Cushions","CPAP Machines","Respironics","72.83","121.99","152.99","49.16","40%","31.00","N/A","https://imgcdn.mckesson.com/CumulusWeb/Images/Item_Detail/833835.jpg"
"gid://shopify/Product/us-3465","862213","CPAP Mask Component CPAP Mask Nuance Pro Nasal Style Small / Medium / Large Cushions","CPAP Machines","Respironics","72.83","121.99","152.99","49.16","40%","31.00","N/A","https://imgcdn.mckesson.com/CumulusWeb/Images/Item_Detail/862213.jpg"
"gid://shopify/Product/us-3466","833833","CPAP Mask Kit CPAP Starter Kit Wisp™ Nasal Style Small-Medium / Large / X-Large Cushions","CPAP Machines","Respironics","72.83","121.99","152.99","49.16","40%","31.00","N/A","https://imgcdn.mckesson.com/CumulusWeb/Images/Item_Detail/833833.jpg"
"gid://shopify/Product/us-3467","1206236","CPAP Mask Kit CPAP Mask Kit Siesta Nasal Style Medium Cushion","CPAP Machines","React Health","70.07","116.99","146.99","46.92","40%","30.00","N/A","https://imgcdn.mckesson.com/CumulusWeb/Images/Item_Detail/1206236_left.jpg"
"gid://shopify/Product/us-3468","1206206","CPAP Mask Kit CPAP Mask Kit Siesta Nasal Style Large Cushion","CPAP Machines","React Health","70.07","116.99","146.99","46.92","40%","30.00","N/A","https://imgcdn.mckesson.com/CumulusWeb/Images/Item_Detail/1206206_right.jpg"
"gid://shopify/Product/us-3469","1206205","CPAP Mask Kit CPAP Mask Kit Siesta Nasal Style Small Cushion","CPAP Machines","React Health","70.07","116.99","146.99","46.92","40%","30.00","N/A","https://imgcdn.mckesson.com/CumulusWeb/Images/Item_Detail/1206205_right.jpg"
"gid://shopify/Product/us-3470","1221470","CPAP Mask Component CPAP Mask Wisp™ Nasal Style Small-Medium Cushion Adult","CPAP Machines","Respironics","62.42","104.99","131.99","42.57","41%","27.00","N/A","https://imgcdn.mckesson.com/CumulusWeb/Images/Item_Detail/1221470_left.jpg"
"gid://shopify/Product/us-3471","1132444","CPAP Mask Component CPAP Mask DreamWisp Nasal Style Large Cushion Adult","CPAP Machines","Respironics","62.42","104.99","131.99","42.57","41%","27.00","N/A","https://imgcdn.mckesson.com/CumulusWeb/Images/Item_Detail/1132444.jpg"
"gid://shopify/Product/us-3472","1168549","CPAP Mask Component CPAP Mask Wisp™ Nasal Style Large Cushion Adult","CPAP Machines","Respironics","62.42","104.99","131.99","42.57","41%","27.00","N/A","https://imgcdn.mckesson.com/CumulusWeb/Images/Item_Detail/1168549_right.jpg"
"gid://shopify/Product/us-3473","1187755","CPAP Mask Component CPAP Mask Wisp™ Nasal Style X-Large Cushion Adult","CPAP Machines","Respironics","62.42","104.99","131.99","42.57","41%","27.00","N/A","https://imgcdn.mckesson.com/CumulusWeb/Images/Item_Detail/1187755_right.jpg"
"gid://shopify/Product/us-3474","1018553","CPAP Mask Component CPAP Mask DreamWear Nasal Style Medium Cushion Adult","CPAP Machines","Respironics","58.26","97.99","122.99","39.73","41%","25.00","N/A","https://imgcdn.mckesson.com/CumulusWeb/Images/Item_Detail/1018553.jpg"
"gid://shopify/Product/us-3475","1081692","CPAP Mask Component CPAP Mask DreamWear Nasal Style Small Cushion Adult","CPAP Machines","Respironics","58.26","97.99","122.99","39.73","41%","25.00","N/A","https://imgcdn.mckesson.com/CumulusWeb/Images/Item_Detail/1081692.jpg"
"gid://shopify/Product/us-3476","1180827","CPAP Mask Component CPAP Mask DreamWear Nasal Pillow Style Medium Cushion Adult","CPAP Machines","Respironics","58.26","97.99","122.99","39.73","41%","25.00","N/A","https://imgcdn.mckesson.com/CumulusWeb/Images/Item_Detail/1180827_left.jpg"
"gid://shopify/Product/us-3477","1180824","CPAP Mask Component CPAP Mask DreamWear Nasal Pillow Style Small Cushion Adult","CPAP Machines","Respironics","58.26","97.99","122.99","39.73","41%","25.00","N/A","https://imgcdn.mckesson.com/CumulusWeb/Images/Item_Detail/1180824_left.jpg"
"gid://shopify/Product/us-3478","1180823","CPAP Mask Component CPAP Mask DreamWear Nasal Pillow Style Small Cushion","CPAP Machines","Respironics","58.26","97.99","122.99","39.73","41%","25.00","N/A","https://imgcdn.mckesson.com/CumulusWeb/Images/Item_Detail/1180823_left.jpg"
"gid://shopify/Product/us-3479","1135449","CPAP Mask Component CPAP Mask DreamWear Nasal Style Large Cushion Adult","CPAP Machines","Respironics","58.26","97.99","122.99","39.73","41%","25.00","N/A","https://imgcdn.mckesson.com/CumulusWeb/Images/Item_Detail/1135449_right.jpg"
"gid://shopify/Product/us-3480","1149814","CPAP Mask Component CPAP Mask DreamWear Nasal Style Medium Cushion Adult","CPAP Machines","Respironics","58.26","97.99","122.99","39.73","41%","25.00","N/A","https://imgcdn.mckesson.com/CumulusWeb/Images/Item_Detail/1149814_right.jpg"
"gid://shopify/Product/us-3481","1180833","CPAP Mask Component CPAP Mask DreamWear Nasal Pillow Style Medium-Wide Cushion Adult","CPAP Machines","Respironics","58.26","97.99","122.99","39.73","41%","25.00","N/A","https://imgcdn.mckesson.com/CumulusWeb/Images/Item_Detail/1180833_left.jpg"
"gid://shopify/Product/us-3482","1018549","CPAP Mask Component CPAP Cushion Amara™ View Full Face Style Medium Cushion Adult","CPAP Machines","Respironics","56.87","94.99","118.99","38.12","40%","24.00","N/A","https://imgcdn.mckesson.com/CumulusWeb/Images/Item_Detail/1018549_front.jpg"
"gid://shopify/Product/us-3483","1018550","CPAP Mask Component CPAP Cushion Amara™ View Full Face Style Small Cushion Adult","CPAP Machines","Respironics","56.87","94.99","118.99","38.12","40%","24.00","N/A","https://imgcdn.mckesson.com/CumulusWeb/Images/Item_Detail/1018550_front.jpg"
"gid://shopify/Product/us-3484","1018556","CPAP Mask Component CPAP Cushion Amara™ View Full Face Style Large Cushion Adult","CPAP Machines","Respironics","56.87","94.99","118.99","38.12","40%","24.00","N/A","https://imgcdn.mckesson.com/CumulusWeb/Images/Item_Detail/1018556_front.jpg"
"gid://shopify/Product/us-3485","1105721","CPAP Mask Component CPAP Cushion DreamWear Full Face Style Medium Cushion","CPAP Machines","Respironics","55.49","92.99","116.99","37.50","40%","24.00","N/A","https://imgcdn.mckesson.com/CumulusWeb/Images/Item_Detail/1105721.jpg"
"gid://shopify/Product/us-3486","1105716","CPAP Mask Component CPAP Cushion DreamWear Full Face Style Small Cushion","CPAP Machines","Respironics","55.49","92.99","116.99","37.50","40%","24.00","N/A","https://imgcdn.mckesson.com/CumulusWeb/Images/Item_Detail/1105716.jpg"
"gid://shopify/Product/us-3487","1105717","CPAP Mask Component CPAP Cushion DreamWear Full Face Style Large Cushion","CPAP Machines","Respironics","55.49","92.99","116.99","37.50","40%","24.00","N/A","https://imgcdn.mckesson.com/CumulusWeb/Images/Item_Detail/1105717.jpg"
"gid://shopify/Product/us-3488","1105723","CPAP Mask Component CPAP Cushion DreamWear Full Face Style Medium-Wide Cushion","CPAP Machines","Respironics","55.49","92.99","116.99","37.50","40%","24.00","N/A","https://imgcdn.mckesson.com/CumulusWeb/Images/Item_Detail/1105723_right.jpg"
"gid://shopify/Product/us-3489","825134","CPAP Mask Component CPAP Cushion Amara™ Silicone Full Face Style Large Cushion Adult","CPAP Machines","Respironics","53.27","88.99","111.99","35.72","40%","23.00","N/A","https://imgcdn.mckesson.com/CumulusWeb/Images/Item_Detail/825134.jpg"
"gid://shopify/Product/us-3490","825132","CPAP Mask Component CPAP Cushion Amara™ Silicone Full Face Style Small Cushion Adult","CPAP Machines","Respironics","53.27","88.99","111.99","35.72","40%","23.00","N/A","https://imgcdn.mckesson.com/CumulusWeb/Images/Item_Detail/825132.jpg"
"gid://shopify/Product/us-3491","785589","CPAP Mask Component CPAP Cushion Forma™ Full Face Style Large Cushion","CPAP Machines","Fisher & Paykel","51.78","86.99","108.99","35.21","40%","22.00","N/A","https://imgcdn.mckesson.com/CumulusWeb/Images/Item_Detail/785589.jpg"
"gid://shopify/Product/us-3492","573685","CPAP Mask Component CPAP Cushion FlexiFit™ 431 Full Face Style Medium Cushion","CPAP Machines","Fisher & Paykel","48.33","80.99","101.99","32.66","40%","21.00","N/A","https://imgcdn.mckesson.com/CumulusWeb/Images/Item_Detail/573685_PC.JPG"
"gid://shopify/Product/us-3493","573684","CPAP Mask Component CPAP Cushion FlexiFit™ 431 Full Face Style Large Cushion","CPAP Machines","Fisher & Paykel","48.33","80.99","101.99","32.66","40%","21.00","N/A","https://imgcdn.mckesson.com/CumulusWeb/Images/Item_Detail/573684_PC.jpg"
"gid://shopify/Product/us-3494","573691","CPAP Mask Component CPAP Cushion FlexiFit™ 431 Full Face Style Small Cushion","CPAP Machines","Fisher & Paykel","48.33","80.99","101.99","32.66","40%","21.00","N/A","https://imgcdn.mckesson.com/CumulusWeb/Images/Item_Detail/573691_PC.JPG"
"gid://shopify/Product/us-3495","998068","CPAP Mask Kit CPAP Mask Kit Sunset Deluxe Full Face Style Medium Cushion","CPAP Machines","Sunset Healthcare","47.60","79.99","99.99","32.39","40%","20.00","N/A","https://imgcdn.mckesson.com/CumulusWeb/Images/Item_Detail/998068.jpg"
"gid://shopify/Product/us-3496","1100969","CPAP Mask Kit CPAP Mask Kit Sunset Deluxe Full Face Style Small Cushion Adult","CPAP Machines","Sunset Healthcare","47.60","79.99","99.99","32.39","40%","20.00","N/A","https://imgcdn.mckesson.com/CumulusWeb/Images/Item_Detail/1100969.jpg"
"gid://shopify/Product/us-3497","570521","CPAP Mask Kit CPAP Mask Kit FreeMotion™ Full Face Style / Vented Large Cushion","CPAP Machines","Fisher & Paykel","44.34","73.99","92.99","29.65","40%","19.00","N/A","https://imgcdn.mckesson.com/CumulusWeb/Images/Item_Detail/570521.JPG"
"gid://shopify/Product/us-3498","733767","CPAP Mask Kit BiTrac ED™","CPAP Machines","Pulmodyne","322.35","495.99","619.99","173.64","35%","124.00","N/A","https://imgcdn.mckesson.com/CumulusWeb/Images/Item_Detail/PULMDY_733767.jpg"
"gid://shopify/Product/us-3499","723925","Full Face Mask Forma™","CPAP Machines","Fisher & Paykel","179.52","276.99","346.99","97.47","35%","70.00","N/A","https://imgcdn.mckesson.com/CumulusWeb/Images/Item_Detail/FSHPAY_723925.jpg"
"gid://shopify/Product/us-3500","917183","CPAP Mask Kit Full Face Style","CPAP Machines","Respironics","166.46","256.99","321.99","90.53","35%","65.00","N/A","https://imgcdn.mckesson.com/CumulusWeb/Images/Item_Detail/917183.jpg"
"gid://shopify/Product/us-3501","842272","CPAP Mask Component Reduced Size Frame CPAP Mask Amara™ Silicone Full Face Style","CPAP Machines","Respironics","133.17","204.99","256.99","71.82","35%","52.00","N/A","https://imgcdn.mckesson.com/CumulusWeb/Images/Item_Detail/842272.jpg"
"gid://shopify/Product/us-3502","1264108","CPAP Mask Component F&P Nova Micro™ Nasal Pillow Style Adult","CPAP Machines","Fisher & Paykel","116.00","178.99","223.99","62.99","35%","45.00","N/A","https://imgcdn.mckesson.com/CumulusWeb/Images/Item_Detail/1264108_front.jpg"
"gid://shopify/Product/us-3503","1264132","CPAP Mask Component F&P Nova Micro™ Nasal Pillow Style Adult","CPAP Machines","Fisher & Paykel","116.00","178.99","223.99","62.99","35%","45.00","N/A","https://imgcdn.mckesson.com/CumulusWeb/Images/Item_Detail/1264132_front.jpg"
"gid://shopify/Product/us-3504","1264117","CPAP Mask Component F&P Nova Micro™ Nasal Pillow Style Adult","CPAP Machines","Fisher & Paykel","116.00","178.99","223.99","62.99","35%","45.00","N/A","https://imgcdn.mckesson.com/CumulusWeb/Images/Item_Detail/1264117_front.jpg"
"gid://shopify/Product/us-3505","865132","CPAP Mask Kit Pilairo Q™","CPAP Machines","Fisher & Paykel","110.47","169.99","212.99","59.52","35%","43.00","N/A","https://imgcdn.mckesson.com/CumulusWeb/Images/Item_Detail/865132.jpg"
"gid://shopify/Product/us-3506","1264111","CPAP Mask Component F&P Nova Micro™ Nasal Pillow Style Adult","CPAP Machines","Fisher & Paykel","94.25","157.99","197.99","63.74","40%","40.00","N/A","https://imgcdn.mckesson.com/CumulusWeb/Images/Item_Detail/1264111_right.jpg"
"gid://shopify/Product/us-3507","833832","CPAP Mask Kit CPAP Starter Kit Wisp™ Nasal Style Small / Medium / Large / X-Large","CPAP Machines","Respironics","93.63","156.99","196.99","63.36","40%","40.00","N/A","https://imgcdn.mckesson.com/CumulusWeb/Images/Item_Detail/833832_pdet.jpg"
"gid://shopify/Product/us-3508","1206197","CPAP Mask Component 3B Medical","CPAP Machines","React Health","76.16","126.99","158.99","50.83","40%","32.00","N/A","https://imgcdn.mckesson.com/CumulusWeb/Images/Item_Detail/1206197_right.jpg"
"gid://shopify/Product/us-3509","1018552","CPAP Mask Component DreamWear","CPAP Machines","Respironics","58.26","97.99","122.99","39.73","41%","25.00","N/A","https://imgcdn.mckesson.com/CumulusWeb/Images/Item_Detail/1018552.jpg"
"gid://shopify/Product/us-3510","1018551","CPAP Mask Component DreamWear","CPAP Machines","Respironics","58.26","97.99","122.99","39.73","41%","25.00","N/A","https://imgcdn.mckesson.com/CumulusWeb/Images/Item_Detail/1018551.jpg"
"gid://shopify/Product/us-3511","1018555","CPAP Mask Component DreamWear","CPAP Machines","Respironics","58.26","97.99","122.99","39.73","41%","25.00","N/A","https://imgcdn.mckesson.com/CumulusWeb/Images/Item_Detail/1018555_right.jpg"
"gid://shopify/Product/us-3512","1155486","CPAP Mask Replacement Parts CPAP Mask Seal Vitera™ Adult","CPAP Machines","Fisher & Paykel","53.86","89.99","112.99","36.13","40%","23.00","N/A","https://imgcdn.mckesson.com/CumulusWeb/Images/Item_Detail/1155486_front.jpg"
"gid://shopify/Product/us-3513","1155487","CPAP Mask Replacement Parts CPAP Mask Seal Vitera™ Adult","CPAP Machines","Fisher & Paykel","53.86","89.99","112.99","36.13","40%","23.00","N/A","https://imgcdn.mckesson.com/CumulusWeb/Images/Item_Detail/1155487_front.jpg"
"gid://shopify/Product/us-3514","1155485","CPAP Mask Component CPAP Mask Seal Vitera™ Adult","CPAP Machines","Fisher & Paykel","53.86","89.99","112.99","36.13","40%","23.00","N/A","https://imgcdn.mckesson.com/CumulusWeb/Images/Item_Detail/1155485_front.jpg"
"gid://shopify/Product/us-3515","825133","CPAP Mask Component Amara","CPAP Machines","Respironics","53.27","88.99","111.99","35.72","40%","23.00","N/A","https://imgcdn.mckesson.com/CumulusWeb/Images/Item_Detail/825133.jpg"
"gid://shopify/Product/us-3516","1117222","CPAP Mask Component CPAP Cushion Wisp™ Pediatric Nasal Style Medium Cushion Pediatric","CPAP Machines","Respironics","41.62","69.99","87.99","28.37","41%","18.00","N/A","https://imgcdn.mckesson.com/CumulusWeb/Images/Item_Detail/1117222.jpg"
"gid://shopify/Product/us-3517","871057","CPAP Mask Component CPAP Cushion Simplus™ Full Face Style Medium Cushion","CPAP Machines","Fisher & Paykel","42.81","71.99","89.99","29.18","41%","18.00","N/A","https://imgcdn.mckesson.com/CumulusWeb/Images/Item_Detail/871057.jpg"
"gid://shopify/Product/us-3518","871058","CPAP Mask Component CPAP Cushion Simplus™ Full Face Style Large Cushion","CPAP Machines","Fisher & Paykel","42.81","71.99","89.99","29.18","41%","18.00","N/A","https://imgcdn.mckesson.com/CumulusWeb/Images/Item_Detail/871058.jpg"
"gid://shopify/Product/us-3519","871056","CPAP Mask Component CPAP Cushion Simplus™ Full Face Style Small Cushion","CPAP Machines","Fisher & Paykel","42.81","71.99","89.99","29.18","41%","18.00","N/A","https://imgcdn.mckesson.com/CumulusWeb/Images/Item_Detail/871056.jpg"
"gid://shopify/Product/us-3520","1264115","Assenbly Spare Frame BPAP Machine Parts F&P Nova Micro™ For use with CPAP Mask","CPAP Machines","Fisher & Paykel","40.27","67.99","84.99","27.72","41%","17.00","N/A","https://imgcdn.mckesson.com/CumulusWeb/Images/Item_Detail/1264115_right.jpg"
"gid://shopify/Product/us-3521","1132448","CPAP Mask Component CPAP Cushion DreamWisp Nasal Style Medium Cushion","CPAP Machines","Respironics","34.68","57.99","72.99","23.31","40%","15.00","N/A","https://imgcdn.mckesson.com/CumulusWeb/Images/Item_Detail/1132448.jpg"
"gid://shopify/Product/us-3522","1132449","CPAP Mask Component CPAP Cushion DreamWisp Nasal Style Large Cushion","CPAP Machines","Respironics","34.68","57.99","72.99","23.31","40%","15.00","N/A","https://imgcdn.mckesson.com/CumulusWeb/Images/Item_Detail/1132449.jpg"
"gid://shopify/Product/us-3523","1132447","CPAP Mask Component CPAP Cushion DreamWisp Nasal Style Small Cushion","CPAP Machines","Respironics","34.68","57.99","72.99","23.31","40%","15.00","N/A","https://imgcdn.mckesson.com/CumulusWeb/Images/Item_Detail/1132447.jpg"
"gid://shopify/Product/us-3524","1017181","CPAP Mask Component CPAP Cushion Pico Nasal Style Small-Medium Cushion Adult","CPAP Machines","Respironics","34.68","57.99","72.99","23.31","40%","15.00","N/A","https://imgcdn.mckesson.com/CumulusWeb/Images/Item_Detail/1017181.jpg"
"gid://shopify/Product/us-3525","1017182","CPAP Mask Component CPAP Cushion Pico Nasal Style Large Cushion Adult","CPAP Machines","Respironics","34.68","57.99","72.99","23.31","40%","15.00","N/A","https://imgcdn.mckesson.com/CumulusWeb/Images/Item_Detail/1017182.jpg"
"gid://shopify/Product/us-3526","1017184","CPAP Mask Component CPAP Cushion Pico Nasal Style X-Large Cushion Adult","CPAP Machines","Respironics","34.68","57.99","72.99","23.31","40%","15.00","N/A","https://imgcdn.mckesson.com/CumulusWeb/Images/Item_Detail/1017184.jpg"
"gid://shopify/Product/us-3527","1134522","CPAP Mask Component CPAP Cushion DreamWisp Nasal Style X-Large Cushion","CPAP Machines","Respironics","34.68","57.99","72.99","23.31","40%","15.00","N/A","https://imgcdn.mckesson.com/CumulusWeb/Images/Item_Detail/1134522.jpg"
"gid://shopify/Product/us-3528","771321","CPAP Mask Component CPAP Cushion ComfortGel™ Blue Nasal Style Medium Cushion","CPAP Machines","Respironics","33.29","55.99","69.99","22.70","41%","14.00","N/A","https://imgcdn.mckesson.com/CumulusWeb/Images/Item_Detail/771321_front.jpg"
"gid://shopify/Product/us-3529","771319","CPAP Mask Component CPAP Cushion ComfortGel™ Blue Nasal Style Small Cushion","CPAP Machines","Respironics","33.29","55.99","69.99","22.70","41%","14.00","N/A","https://imgcdn.mckesson.com/CumulusWeb/Images/Item_Detail/771319_front.jpg"
"gid://shopify/Product/us-3530","771320","CPAP Mask Component CPAP Cushion ComfortGel™ Blue Nasal Style Large Cushion","CPAP Machines","Respironics","33.29","55.99","69.99","22.70","41%","14.00","N/A","https://imgcdn.mckesson.com/CumulusWeb/Images/Item_Detail/771320_front.jpg"
"gid://shopify/Product/us-3531","771318","CPAP Mask Component CPAP Cushion ComfortGel™ Blue Nasal Style Petite Cushion","CPAP Machines","Respironics","33.29","55.99","69.99","22.70","41%","14.00","N/A","https://imgcdn.mckesson.com/CumulusWeb/Images/Item_Detail/771318_front.jpg"
"gid://shopify/Product/us-3532","1109823","CPAP Mask Component Frame Wisp Nasal Style Adult","CPAP Machines","Respironics","34.68","57.99","72.99","23.31","40%","15.00","N/A","https://imgcdn.mckesson.com/CumulusWeb/Images/Item_Detail/1109823_right.jpg"
"gid://shopify/Product/us-3533","833837","CPAP Mask Component CPAP Cushion Wisp™ Nasal Style Medium Cushion","CPAP Machines","Respironics","31.21","52.99","66.99","21.78","41%","14.00","N/A","https://imgcdn.mckesson.com/CumulusWeb/Images/Item_Detail/833837_left.jpg"
"gid://shopify/Product/us-3534","833838","CPAP Mask Component CPAP Cushion Wisp™ Nasal Style Large Cushion","CPAP Machines","Respironics","31.21","52.99","66.99","21.78","41%","14.00","N/A","https://imgcdn.mckesson.com/CumulusWeb/Images/Item_Detail/833838.jpg"
"gid://shopify/Product/us-3535","871071","CPAP Mask Component CPAP Cushion Wisp™ Nasal Style X-Large Cushion","CPAP Machines","Respironics","31.21","52.99","66.99","21.78","41%","14.00","N/A","https://imgcdn.mckesson.com/CumulusWeb/Images/Item_Detail/871071.jpg"
"gid://shopify/Product/us-3536","833836","CPAP Mask Component CPAP Cushion Wisp™ Nasal Style Petite Cushion","CPAP Machines","Respironics","31.21","52.99","66.99","21.78","41%","14.00","N/A","https://imgcdn.mckesson.com/CumulusWeb/Images/Item_Detail/833836_side.jpg"
"gid://shopify/Product/us-3537","1206203","CPAP Mask Component CPAP Cushion Siesta Full Face Style Medium Cushion","CPAP Machines","React Health","29.70","53.99","67.99","24.29","45%","14.00","N/A","https://imgcdn.mckesson.com/CumulusWeb/Images/Item_Detail/1206203_right.jpg"
"gid://shopify/Product/us-3538","1206235","CPAP Mask Component CPAP Cushion Siesta Full Face Style Large Cushion","CPAP Machines","React Health","29.70","53.99","67.99","24.29","45%","14.00","N/A","https://imgcdn.mckesson.com/CumulusWeb/Images/Item_Detail/1206235_right.jpg"
"gid://shopify/Product/us-3539","1206238","CPAP Mask Component CPAP Cushion Siesta Full Face Style Small Cushion","CPAP Machines","React Health","29.70","53.99","67.99","24.29","45%","14.00","N/A","https://imgcdn.mckesson.com/CumulusWeb/Images/Item_Detail/1206238_right.jpg"
"gid://shopify/Product/us-3540","1046225","CPAP Mask Component CPAP Cushion Eson™ 2 Nasal Style Large Cushion","CPAP Machines","Fisher & Paykel","29.00","52.99","66.99","23.99","45%","14.00","N/A","https://imgcdn.mckesson.com/CumulusWeb/Images/Item_Detail/1046225.jpg"
"gid://shopify/Product/us-3541","1046223","CPAP Mask Component CPAP Cushion Eson™ 2 Nasal Style Small Cushion","CPAP Machines","Fisher & Paykel","29.00","52.99","66.99","23.99","45%","14.00","N/A","https://imgcdn.mckesson.com/CumulusWeb/Images/Item_Detail/1046223.jpg"
"gid://shopify/Product/us-3542","862206","CPAP Mask Component CPAP Cushion Nuance / Nuance Pro Nasal Style Medium Cushion","CPAP Machines","Respironics","27.74","50.99","63.99","23.25","46%","13.00","N/A","https://imgcdn.mckesson.com/CumulusWeb/Images/Item_Detail/862206_front.jpg"
"gid://shopify/Product/us-3543","871072","CPAP Mask Component CPAP Cushion Nuance / Nuance Pro Nasal Style Small Cushion","CPAP Machines","Respironics","27.74","50.99","63.99","23.25","46%","13.00","N/A","https://imgcdn.mckesson.com/CumulusWeb/Images/Item_Detail/871072_front.jpg"
"gid://shopify/Product/us-3544","862208","CPAP Mask Component CPAP Cushion Nuance / Nuance Pro Nasal Style Large Cushion","CPAP Machines","Respironics","27.74","50.99","63.99","23.25","46%","13.00","N/A","https://imgcdn.mckesson.com/CumulusWeb/Images/Item_Detail/862208_front.jpg"
"gid://shopify/Product/us-3545","833851","CPAP Mask Component CPAP Cushion Eson™ Nasal Style Medium Cushion","CPAP Machines","Fisher & Paykel","26.24","47.99","59.99","21.75","45%","12.00","N/A","https://imgcdn.mckesson.com/CumulusWeb/Images/Item_Detail/833851.jpg"
"gid://shopify/Product/us-3546","833848","CPAP Mask Component CPAP Cushion Eson™ Nasal Style Large Cushion","CPAP Machines","Fisher & Paykel","26.24","47.99","59.99","21.75","45%","12.00","N/A","https://imgcdn.mckesson.com/CumulusWeb/Images/Item_Detail/833848.jpg"
"gid://shopify/Product/us-3547","833852","CPAP Mask Component CPAP Cushion Eson™ Nasal Style Small Cushion","CPAP Machines","Fisher & Paykel","26.24","47.99","59.99","21.75","45%","12.00","N/A","https://imgcdn.mckesson.com/CumulusWeb/Images/Item_Detail/833852.jpg"
"gid://shopify/Product/us-3548","1018391","CPAP Mask Component CPAP Cushion DreamWear Nasal Style Small Cushion Adult","CPAP Machines","Respironics","26.36","47.99","59.99","21.63","45%","12.00","N/A","https://imgcdn.mckesson.com/CumulusWeb/Images/Item_Detail/1018391_front.jpg"
"gid://shopify/Product/us-3549","1018394","CPAP Mask Component CPAP Cushion DreamWear Nasal Style Medium Cushion Adult","CPAP Machines","Respironics","26.36","47.99","59.99","21.63","45%","12.00","N/A","https://imgcdn.mckesson.com/CumulusWeb/Images/Item_Detail/1018394_front.jpg"
"gid://shopify/Product/us-3550","1180835","CPAP Mask Component CPAP Nasal Pillows DreamWear Nasal Pillow Style Small Cushion","CPAP Machines","Respironics","26.36","47.99","59.99","21.63","45%","12.00","N/A","https://imgcdn.mckesson.com/CumulusWeb/Images/Item_Detail/1180835_front.jpg"
"gid://shopify/Product/us-3551","1180836","CPAP Mask Component CPAP Nasal Pillows DreamWear Nasal Pillow Style Medium Cushion","CPAP Machines","Respironics","26.36","47.99","59.99","21.63","45%","12.00","N/A","https://imgcdn.mckesson.com/CumulusWeb/Images/Item_Detail/1180836_front.jpg"
"gid://shopify/Product/us-3552","1018395","CPAP Mask Component CPAP Cushion DreamWear Nasal Style Large Cushion Adult","CPAP Machines","Respironics","26.36","47.99","59.99","21.63","45%","12.00","N/A","https://imgcdn.mckesson.com/CumulusWeb/Images/Item_Detail/1018395_right.jpg"
"gid://shopify/Product/us-3553","1018548","CPAP Mask Component CPAP Cushion DreamWear Nasal Style Medium-Wide Cushion Adult","CPAP Machines","Respironics","26.36","47.99","59.99","21.63","45%","12.00","N/A","https://imgcdn.mckesson.com/CumulusWeb/Images/Item_Detail/1018548_right.jpg"
"gid://shopify/Product/us-3554","1180837","CPAP Mask Component CPAP Nasal Pillows DreamWear Nasal Pillow Style Large Cushion","CPAP Machines","Respironics","26.36","47.99","59.99","21.63","45%","12.00","N/A","https://imgcdn.mckesson.com/CumulusWeb/Images/Item_Detail/1180837_right.jpg"
"gid://shopify/Product/us-3555","1180838","CPAP Mask Component CPAP Nasal Pillows DreamWear Nasal Pillow Style Medium-Wide Cushion","CPAP Machines","Respironics","26.36","47.99","59.99","21.63","45%","12.00","N/A","https://imgcdn.mckesson.com/CumulusWeb/Images/Item_Detail/1180838_right.jpg"
"gid://shopify/Product/us-3556","1206208","CPAP Mask Component CPAP Cushion Siesta Nasal Style Medium Cushion","CPAP Machines","React Health","24.75","44.99","56.99","20.24","45%","12.00","N/A","https://imgcdn.mckesson.com/CumulusWeb/Images/Item_Detail/1206208_right.jpg"
"gid://shopify/Product/us-3557","1206240","CPAP Mask Component CPAP Cushion Siesta Nasal Style Large Cushion","CPAP Machines","React Health","24.75","44.99","56.99","20.24","45%","12.00","N/A","https://imgcdn.mckesson.com/CumulusWeb/Images/Item_Detail/1206240_right.jpg"
"gid://shopify/Product/us-3558","1206243","CPAP Mask Component CPAP Cushion Siesta Nasal Style Small Cushion","CPAP Machines","React Health","24.75","44.99","56.99","20.24","45%","12.00","N/A","https://imgcdn.mckesson.com/CumulusWeb/Images/Item_Detail/1206243_right.jpg"
"gid://shopify/Product/us-3559","1264118","CPAP Headgear Wrap F&P Nova Micro™ One Size Fits Most","CPAP Machines","Fisher & Paykel","27.55","50.99","63.99","23.44","46%","13.00","N/A","https://imgcdn.mckesson.com/CumulusWeb/Images/Item_Detail/1264118_right.jpg"
"gid://shopify/Product/us-3560","1264110","CPAP Bed Pillow F&P Nova Micro™ Medium","CPAP Machines","Fisher & Paykel","26.10","47.99","59.99","21.89","46%","12.00","N/A","https://imgcdn.mckesson.com/CumulusWeb/Images/Item_Detail/1264110_right.jpg"
"gid://shopify/Product/us-3561","1056855","CPAP Mask Component CPAP Nasal Pillows Brevida™ Nasal Pillow Style Medium-Large Cushion","CPAP Machines","Fisher & Paykel","24.86","45.99","57.99","21.13","46%","12.00","N/A","https://imgcdn.mckesson.com/CumulusWeb/Images/Item_Detail/1056855.jpg"
"gid://shopify/Product/us-3562","1056856","CPAP Mask Component CPAP Nasal Pillows Brevida™ Nasal Pillow Style X-Small-Small Cushion","CPAP Machines","Fisher & Paykel","24.86","45.99","57.99","21.13","46%","12.00","N/A","https://imgcdn.mckesson.com/CumulusWeb/Images/Item_Detail/1056856.jpg"
"gid://shopify/Product/us-3563","582393","CPAP Mask Component CPAP Nasal Pillows Opus™ 360 Nasal Pillow Style Large Cushion","CPAP Machines","Fisher & Paykel","24.17","43.99","54.99","19.82","45%","11.00","N/A","https://imgcdn.mckesson.com/CumulusWeb/Images/Item_Detail/FSHPAY_582393.jpg"
"gid://shopify/Product/us-3564","582379","CPAP Mask Component CPAP Nasal Pillows Opus™ 360 Nasal Pillow Style Medium Cushion","CPAP Machines","Fisher & Paykel","24.17","43.99","54.99","19.82","45%","11.00","N/A","https://imgcdn.mckesson.com/CumulusWeb/Images/Item_Detail/FSHPAY_582379.jpg"
"gid://shopify/Product/us-3565","1099635","CPAP Mask Component CPAP Frame DreamWear Full Face Style / Nasal Style / Nasal Pillow Style Adult","CPAP Machines","Respironics","27.74","50.99","63.99","23.25","46%","13.00","N/A","https://imgcdn.mckesson.com/CumulusWeb/Images/Item_Detail/1099635.jpg"
"gid://shopify/Product/us-3566","1111502","CPAP Mask Component CPAP Frame DreamWear Full Face Style / Nasal Style / Nasal Pillow Style Adult","CPAP Machines","Respironics","27.74","50.99","63.99","23.25","46%","13.00","N/A","https://imgcdn.mckesson.com/CumulusWeb/Images/Item_Detail/1111502_right.jpg"
"gid://shopify/Product/us-3567","1109822","CPAP Mask Component CPAP Frame DreamWear Full Face Style / Nasal Style / Nasal Pillow Style Adult","CPAP Machines","Respironics","27.74","50.99","63.99","23.25","46%","13.00","N/A","https://imgcdn.mckesson.com/CumulusWeb/Images/Item_Detail/1109822_right.jpg"
"gid://shopify/Product/us-3568","1027652","CPAP Water Chamber CPAP Water Chambers and Humidifiers DreamStation","CPAP Machines","Respironics","20.40","37.99","47.99","17.59","46%","10.00","N/A","https://imgcdn.mckesson.com/CumulusWeb/Images/Item_Detail/1027652.jpg"
"gid://shopify/Product/us-3569","1206230","CPAP Mask Component CPAP Cushion Rio II Nasal Style Medium Cushion","CPAP Machines","React Health","18.66","33.99","42.99","15.33","45%","9.00","N/A","https://imgcdn.mckesson.com/CumulusWeb/Images/Item_Detail/1206230_right.jpg"
"gid://shopify/Product/us-3570","1206198","CPAP Mask Component CPAP Cushion Rio II Nasal Style Small Cushion","CPAP Machines","React Health","18.66","33.99","42.99","15.33","45%","9.00","N/A","https://imgcdn.mckesson.com/CumulusWeb/Images/Item_Detail/1206198_right.jpg"
"gid://shopify/Product/us-3571","1206199","CPAP Mask Component CPAP Cushion Rio II Nasal Style Large Cushion","CPAP Machines","React Health","18.66","33.99","42.99","15.33","45%","9.00","N/A","https://imgcdn.mckesson.com/CumulusWeb/Images/Item_Detail/1206199_right.jpg"
"gid://shopify/Product/us-3572","1159839","CPAP Headgear Wrap DreamWear","CPAP Machines","Respironics","12.48","22.99","28.99","10.51","46%","6.00","N/A","https://imgcdn.mckesson.com/CumulusWeb/Images/Item_Detail/1159839_pdet.jpg"
"gid://shopify/Product/us-3573","884499","CPAP Filter S9 Series Ultrafine Disposable 2 per Pack White No Tab","CPAP Machines","Drive DeVilbiss Healthcare","0.68","1.99","2.99","1.31","66%","1.00","N/A","https://imgcdn.mckesson.com/CumulusWeb/Images/Item_Detail/884499.jpg"
"gid://shopify/Product/us-3574","1026309","CPAP Filter Respironics® Foam / Pollen Reusable 1 per Pack Blue / White With Frame","CPAP Machines","Respironics","5.44","9.99","12.99","4.55","46%","3.00","N/A","https://imgcdn.mckesson.com/CumulusWeb/Images/Item_Detail/1026309_right.jpg"
"gid://shopify/Product/us-3575","929834","CPAP Filter S9 and AirSense 10 Hypoallergenic Disposable 3 per Pack White No Tab","CPAP Machines","Sunset Healthcare","2.65","4.99","6.99","2.34","47%","2.00","N/A","https://imgcdn.mckesson.com/CumulusWeb/Images/Item_Detail/929834.jpg"
"gid://shopify/Product/us-3576","853938","CPAP Mask Kit CPAP Mask Kit Amara™ Gel Full Face Style Medium Cushion Adult","CPAP Machines","Respironics","133.17","204.99","256.99","71.82","35%","52.00","N/A","https://imgcdn.mckesson.com/CumulusWeb/Images/Item_Detail/853938_left.jpg"
"gid://shopify/Product/us-3577","1286341","CPAP Mask Mask Kit Fisher & Paykel Nova™ Nasal Style Large Size Adult","CPAP Machines","Fisher & Paykel","90.78","151.99","189.99","61.21","40%","38.00","N/A","https://imgcdn.mckesson.com/CumulusWeb/Images/Item_Detail/1286341_front.jpg"
"gid://shopify/Product/us-3578","1062698","CPAP Mask Kit CPAP Starter Kit DreamWear Nasal Pillow Style Small / Medium / Large Cushions","CPAP Machines","Respironics","34.42","57.99","72.99","23.57","41%","15.00","N/A","https://imgcdn.mckesson.com/CumulusWeb/Images/Item_Detail/1062698.jpg"
"gid://shopify/Product/us-3579","862643","CPAP Mask Component CPAP Nasal Pillows Nasal-Aire® II Nasal Pillow Style Large Cushion","CPAP Machines","Sun Med","21.38","38.99","48.99","17.61","45%","10.00","N/A","https://imgcdn.mckesson.com/CumulusWeb/Images/Item_Detail/862643_front.jpg"
"gid://shopify/Product/us-3580","1006273","CPAP Mask Replacement Parts CPAP Mask Filter with Cover","CPAP Machines","Fisher & Paykel","4.59","8.99","11.99","4.40","49%","3.00","N/A","https://imgcdn.mckesson.com/CumulusWeb/Images/Item_Detail/1006273.jpg"
"gid://shopify/Product/us-3581","1053229","CPAP Mask Kit Pulmodyne® GO-PAP™ Full Face Style Adult","CPAP Machines","Pulmodyne","718.36","997.99","1247.99","279.63","28%","250.00","N/A","https://imgcdn.mckesson.com/CumulusWeb/Images/Item_Detail/1053229.jpg"
"gid://shopify/Product/us-3582","1159349","Heat and Moisture Exchanger Pepper Medical 10 mg H₂O/L @ VT 500 mL 1.48 cm H₂O @ 30 LPM Straight","CPAP Machines","Pepper Medical","48.51","80.99","101.99","32.48","40%","21.00","N/A","https://imgcdn.mckesson.com/CumulusWeb/Images/Item_Detail/1159349_front.jpg"
"gid://shopify/Product/us-3583","834976","CPAP Filter ICON Plus Ultrafine Disposable 1 per Pack No Tab","CPAP Machines","Fisher & Paykel","1.38","2.99","3.99","1.61","54%","1.00","N/A","https://imgcdn.mckesson.com/CumulusWeb/Images/Item_Detail/834976.jpg"
"gid://shopify/Product/us-3584","728496","Sleep Study System ARES™ Battery Operated Without Display","CPAP Machines","Watermark Medical","631.03","876.99","1096.99","245.96","28%","220.00","N/A","https://imgcdn.mckesson.com/CumulusWeb/Images/Item_Detail/728496_right.jpg"
"gid://shopify/Product/us-3585","1193907","Sleep Studiy Monitor ARES™ 620 Battery Operarated Digital Display","CPAP Machines","Watermark Medical","595.33","826.99","1033.99","231.66","28%","207.00","N/A","https://imgcdn.mckesson.com/CumulusWeb/Images/Item_Detail/1193907_pkit2.jpg"
"gid://shopify/Product/us-3586","1167871","Bacterial / Viral Filter 8.8 cm H₂O @ 30 LPM","CPAP Machines","Sunset Healthcare","9.79","17.99","22.99","8.20","46%","5.00","N/A","https://imgcdn.mckesson.com/CumulusWeb/Images/Item_Detail/1167871_left.jpg"
"gid://shopify/Product/us-3587","725871","CPAP Filter Foam Reusable 1 per Pack Black No Tab","CPAP Machines","Respironics","2.04","3.99","4.99","1.95","49%","1.00","N/A","https://imgcdn.mckesson.com/CumulusWeb/Images/Item_Detail/725871.jpg"
"gid://shopify/Product/us-3588","1202870","CPAP Filter Dreamstation® Foam / Pollen Disposable 6 per Pack Blue / White With Frame","CPAP Machines","Sunset Healthcare","5.44","9.99","12.99","4.55","46%","3.00","N/A","https://imgcdn.mckesson.com/CumulusWeb/Images/Item_Detail/1202870_left.jpg"
"gid://shopify/Product/us-3589","1209809","CPAP Inline Bacterial Filter","CPAP Machines","Sunset Healthcare","1.36","2.99","3.99","1.63","55%","1.00","N/A","https://imgcdn.mckesson.com/CumulusWeb/Images/Item_Detail/1209809_front_.jpg"
"gid://shopify/Product/us-3590","1223772","CPAP Power Supply CPAP Power Solutions Philips Respironics DreamStation 2","CPAP Machines","Respironics","81.60","135.99","169.99","54.39","40%","34.00","N/A","https://imgcdn.mckesson.com/CumulusWeb/Images/Item_Detail/1223772_front.jpg"
"gid://shopify/Product/us-3591","479200","Cannula Securement Tender Grips® For CPAP Equipment","CPAP Machines","Sun Med","95.27","158.99","198.99","63.72","40%","40.00","N/A","https://imgcdn.mckesson.com/CumulusWeb/Images/Item_Detail/479200_pdet.jpg"
"gid://shopify/Product/us-3592","1206189","CPAP Sanitizing Unit Lumin™ UV Technology","CPAP Machines","React Health","203.32","312.99","391.99","109.67","35%","79.00","N/A","https://imgcdn.mckesson.com/CumulusWeb/Images/Item_Detail/1206189_left.jpg"
"gid://shopify/Product/us-3593","444420","Swivel Exhalation Valve Whisper Swivel II Contour, Gold Seal, and Prolife Lite Masks","CPAP Machines","Respironics","30.75","51.99","64.99","21.24","41%","13.00","N/A","https://imgcdn.mckesson.com/CumulusWeb/Images/Item_Detail/444420_right.jpg"
"gid://shopify/Product/us-3594","1120964","4 Wheel Rollator Lumex® Allura LX Apple Red Adjustable Height / Folding Aluminum Frame","Wheelchairs","Graham-Field","202.73","311.99","389.99","109.26","35%","78.00","N/A","https://imgcdn.mckesson.com/CumulusWeb/Images/Item_Detail/1120964_left.jpg"
"gid://shopify/Product/us-3595","787561","Wheelchair Seat Cushion Incontinence Liner Centurian™ Incontinent 18 X 16 Inch","Wheelchairs","Action Products","39.53","65.99","82.99","26.46","40%","17.00","N/A","https://imgcdn.mckesson.com/CumulusWeb/Images/Item_Detail/787561.jpg"
"gid://shopify/Product/us-3596","787524","Wheelchair Seat Cushion Incontinence Liner Centurian™ Incontinent 16 X 16 Inch","Wheelchairs","Action Products","39.53","65.99","82.99","26.46","40%","17.00","N/A","https://imgcdn.mckesson.com/CumulusWeb/Images/Item_Detail/787524.jpg"
"gid://shopify/Product/us-3597","787562","Wheelchair Seat Cushion Incontinence Liner Centurian™ Incontinent 18 X 18 Inch","Wheelchairs","Action Products","43.49","72.99","91.99","29.50","40%","19.00","N/A","https://imgcdn.mckesson.com/CumulusWeb/Images/Item_Detail/787562.jpg"
"gid://shopify/Product/us-3598","787563","Wheelchair Seat Cushion Incontinence Liner Centurian™ Incontinent 20 X 18 Inch","Wheelchairs","Action Products","43.49","72.99","91.99","29.50","40%","19.00","N/A","https://imgcdn.mckesson.com/CumulusWeb/Images/Item_Detail/787563.jpg"
"gid://shopify/Product/us-3599","1272541","Measuring Wheel with Telescope Handle FEI Non Slip Level","Wheelchairs","Fabrication Enterprises","191.50","294.99","368.99","103.49","35%","74.00","N/A","https://imgcdn.mckesson.com/CumulusWeb/Images/Item_Detail/1272541_side.jpg"
"gid://shopify/Product/us-3600","251422","Wheelchair Torso Support For Wheelchair","Wheelchairs","Tidi Products","25.29","45.99","57.99","20.70","45%","12.00","N/A","https://imgcdn.mckesson.com/CumulusWeb/Images/Item_Detail/1767_3656_2.jpg"
"gid://shopify/Product/us-3601","1215723","Overbed Table McKesson Non-Tilt Top Spring Assisted Lift 28-1/4 to 43-1/4 Inch Height Range","Wheelchairs","McKesson Brand","96.86","161.99","202.99","65.13","40%","41.00","N/A","https://imgcdn.mckesson.com/CumulusWeb/Images/Item_Detail/1215723_right.jpg"
"gid://shopify/Product/us-3602","1215724","Overbed Table McKesson Non-Tilt Top Spring Assisted Lift 28-1/4 to 43-1/4 Inch Height Range","Wheelchairs","McKesson Brand","98.51","164.99","206.99","66.48","40%","42.00","N/A","https://imgcdn.mckesson.com/CumulusWeb/Images/Item_Detail/1215724_left.jpg"
"gid://shopify/Product/us-3603","583695","Overbed Table AmFab™ Non-Tilt Top Automatic Spring Assisted Lift 28 to 45 Inch Height Range","Wheelchairs","AmFab Company","119.57","183.99","229.99","64.42","35%","46.00","N/A","https://imgcdn.mckesson.com/CumulusWeb/Images/Item_Detail/583695.jpg"
"gid://shopify/Product/us-3604","583696","Overbed Table AmFab™ Non-Tilt Top Automatic Spring Assisted Lift 28 to 45 Inch Height Range","Wheelchairs","AmFab Company","123.62","190.99","238.99","67.37","35%","48.00","N/A","https://imgcdn.mckesson.com/CumulusWeb/Images/Item_Detail/583696.jpg"
"gid://shopify/Product/us-3605","1279503","Overbed Table Drive™ Non-Tilt Top Spring Assisted Lift 28 to 45 Inch Height Range","Wheelchairs","Drive DeVilbiss Healthcare","156.87","241.99","302.99","85.12","35%","61.00","N/A","https://imgcdn.mckesson.com/CumulusWeb/Images/Item_Detail/1279503_front.jpg"
"gid://shopify/Product/us-3606","1171675","Overbed Table Drive™ Non-Tilt Top Spring Assisted Lift 28 to 45 Inch Height Range","Wheelchairs","Drive DeVilbiss Healthcare","175.55","270.99","338.99","95.44","35%","68.00","N/A","https://imgcdn.mckesson.com/CumulusWeb/Images/Item_Detail/1171675_side.jpg"
"gid://shopify/Product/us-3607","1091206","Overbed Table Spring Assisted Lift 31 to 41-1/2 Inch Height Range","Wheelchairs","Clinton Industries","175.70","270.99","338.99","95.29","35%","68.00","N/A","https://imgcdn.mckesson.com/CumulusWeb/Images/Item_Detail/1091206.jpg"
"gid://shopify/Product/us-3608","240151","Wheelchair Safety Belt Posey® Medium Hook Fastener","Wheelchairs","Tidi Products","13.78","25.99","32.99","12.21","47%","7.00","N/A","https://imgcdn.mckesson.com/CumulusWeb/Images/Item_Detail/240151_right.jpg"
"gid://shopify/Product/us-3609","240152","Wheelchair Safety Belt Posey® Large Hook Fastener","Wheelchairs","Tidi Products","16.89","30.99","38.99","14.10","45%","8.00","N/A","https://imgcdn.mckesson.com/CumulusWeb/Images/Item_Detail/240152_left.jpg"
"gid://shopify/Product/us-3610","171061","Wheelchair Safety Belt Skil-Care™ One Size Fits Most 2-Strap","Wheelchairs","Skil-Care","17.26","31.99","39.99","14.73","46%","8.00","N/A","https://imgcdn.mckesson.com/CumulusWeb/Images/Item_Detail/171061_ls.jpg"
"gid://shopify/Product/us-3611","251427","Wheelchair Safety Belt Posey® Quick-Release Buckle","Wheelchairs","Tidi Products","18.31","33.99","42.99","15.68","46%","9.00","N/A","https://imgcdn.mckesson.com/CumulusWeb/Images/Item_Detail/251427_left.jpg"
"gid://shopify/Product/us-3612","631960","Wheelchair Safety Belt","Wheelchairs","Skil-Care","23.87","43.99","54.99","20.12","46%","11.00","N/A","https://imgcdn.mckesson.com/CumulusWeb/Images/Item_Detail/631960_front.jpg"
"gid://shopify/Product/us-3613","626255","Replacement Clean Wheel System Caster 5 Inch, Gray","Wheelchairs","R & B Wire Products","19.81","36.99","46.99","17.18","46%","10.00","N/A","https://imgcdn.mckesson.com/CumulusWeb/Images/Item_Detail/626255_1.jpg"
"gid://shopify/Product/us-3614","825221","Replacement Twin Wheel Caster R-4TW Series","Wheelchairs","MJM International","54.57","90.99","113.99","36.42","40%","23.00","N/A","https://imgcdn.mckesson.com/CumulusWeb/Images/Item_Detail/825221.jpg"
"gid://shopify/Product/us-3615","1006887","Overbed Table Drive™ Non-Tilt Top Spring Assisted Lift 28 to 45 Inch Height Range","Wheelchairs","Drive DeVilbiss Healthcare","156.87","241.99","302.99","85.12","35%","61.00","N/A","https://imgcdn.mckesson.com/CumulusWeb/Images/Item_Detail/1006887.jpg"
"gid://shopify/Product/us-3616","829685","Wheelchair Back Support Cover Skil-Care™","Wheelchairs","Skil-Care","21.22","38.99","48.99","17.77","46%","10.00","N/A","https://imgcdn.mckesson.com/CumulusWeb/Images/Item_Detail/829685.jpg"
"gid://shopify/Product/us-3617","170960","Urinary Drainage Bag Holder SkiL-Care® 8 X 13 Inch, Heat Sealed For Wheelchairs, Geri-chairs, Bedrails","Wheelchairs","Skil-Care","8.19","14.99","18.99","6.80","45%","4.00","N/A","https://imgcdn.mckesson.com/CumulusWeb/Images/Item_Detail/170960_back.jpg"
"gid://shopify/Product/us-3618","712614","Urinary Drainage Bag Holder McKesson For Wheelchair, Geri-chair or Bed Rails","Wheelchairs","McKesson Brand","257.42","396.99","496.99","139.57","35%","100.00","N/A","https://imgcdn.mckesson.com/CumulusWeb/Images/Item_Detail/712614_front.jpg"
"gid://shopify/Product/us-3619","665995","Chair Scale Detecto® LCD Display 1000 lbs. / 454 kg Capacity Black / White AC Adapter / Battery Operated","Wheelchairs","Detecto Scale","2230.08","3097.99","3872.99","867.91","28%","775.00","N/A","https://imgcdn.mckesson.com/CumulusWeb/Images/Item_Detail/665995_left_.jpg"
"gid://shopify/Product/us-3620","1169631","Wheelchair Scale Befour Digital Display 1000 lbs. / 454 kg Capacity Black Battery Operated","Wheelchairs","Befour","3349.30","4651.99","5814.99","1302.69","28%","1163.00","N/A","https://imgcdn.mckesson.com/CumulusWeb/Images/Item_Detail/1169631_left.jpg"
"gid://shopify/Product/us-3621","573340","Wheelchair Scale Digital Display 1000 lbs. / 454 kg Capacity Battery Operated","Wheelchairs","Befour","3356.26","4661.99","5827.99","1305.73","28%","1166.00","N/A","https://imgcdn.mckesson.com/CumulusWeb/Images/Item_Detail/573340_right.jpg"
"gid://shopify/Product/us-3622","1086466","Cuevtte Wheel Sensor Dimension® For Dimension System","Wheelchairs","Siemens","113.03","173.99","217.99","60.96","35%","44.00","N/A","https://imgcdn.mckesson.com/CumulusWeb/Images/Item_Detail/Accessory.jpg"
"gid://shopify/Product/us-3623","1191166","Sticker SmileMakers® 100 per Box Hot Wheels Monster Truck 2-1/2 X 2-1/2 Inch","Wheelchairs","SmileMakers","8.19","14.99","18.99","6.80","45%","4.00","N/A","https://imgcdn.mckesson.com/CumulusWeb/Images/Item_Detail/1191166_family.jpg"
"gid://shopify/Product/us-3624","1065228","3-in-1 Commode Chair McKesson Fixed Arms Steel Frame Back Bar 13-1/2 Inch Seat Width 350 lbs. Weight Capacity","Wheelchairs","McKesson Brand","34.45","57.99","72.99","23.54","41%","15.00","N/A","https://imgcdn.mckesson.com/CumulusWeb/Images/Item_Detail/1065228_left.jpg"
"gid://shopify/Product/us-3625","1065227","3-in-1 Commode Chair McKesson Fixed Arms Steel Frame Back Bar 13-3/4 Inch Seat Width 350 lbs. Weight Capacity","Wheelchairs","McKesson Brand","46.90","78.99","98.99","32.09","41%","20.00","N/A","https://imgcdn.mckesson.com/CumulusWeb/Images/Item_Detail/1065227_left.jpg"
"gid://shopify/Product/us-3626","1281541","Commode Chair MedaCure® Padded Drop Arms Steel Frame Back Bar 13-3/4 Inch Seat Width 650 lbs. Weight Capacity","Wheelchairs","Medacure Inc","59.55","99.99","124.99","40.44","40%","25.00","N/A","https://imgcdn.mckesson.com/CumulusWeb/Images/Item_Detail/1281541_left.jpg"
"gid://shopify/Product/us-3627","1205413","Commode Chair McKesson Drop Arms Steel Frame Back Bar 13-3/4 Inch Seat Width 300 lbs. Weight Capacity","Wheelchairs","McKesson Brand","81.36","135.99","169.99","54.63","40%","34.00","N/A","https://imgcdn.mckesson.com/CumulusWeb/Images/Item_Detail/1205413_left.jpg"
"gid://shopify/Product/us-3628","1281540","Commode Chair MedaCure® Padded Drop Arms Steel Frame Back Bar 23-1/4 Inch Seat Width 1,000 lbs. Weight Capacity","Wheelchairs","Medacure Inc","93.74","156.99","196.99","63.25","40%","40.00","N/A","https://imgcdn.mckesson.com/CumulusWeb/Images/Item_Detail/1281540_left.jpg"
"gid://shopify/Product/us-3629","1073633","3-in-1 Commode Chair McKesson Fixed Arms Steel Frame Back Bar 13-1/4 Inch Seat Width 350 lbs. Weight Capacity","Wheelchairs","McKesson Brand","102.36","157.99","197.99","55.63","35%","40.00","N/A","https://imgcdn.mckesson.com/CumulusWeb/Images/Item_Detail/1073633_front.jpg"
"gid://shopify/Product/us-3630","1065225","3-in-1 Commode Chair McKesson Fixed Arms Steel Frame Back Bar 13-3/4 Inch Seat Width 650 lbs. Weight Capacity","Wheelchairs","McKesson Brand","110.22","169.99","212.99","59.77","35%","43.00","N/A","https://imgcdn.mckesson.com/CumulusWeb/Images/Item_Detail/1065225_left.jpg"
"gid://shopify/Product/us-3631","450986","3-in-1 Commode Chair Lumex® Silver Collection Drop Arms Steel Frame Removable Backrest 14 Inch Seat Width 300 lbs. Weight Capacity","Wheelchairs","Graham-Field","121.64","187.99","234.99","66.35","35%","47.00","N/A","https://imgcdn.mckesson.com/CumulusWeb/Images/Item_Detail/450986_right.jpg"
"gid://shopify/Product/us-3632","1073634","3-in-1 Commode Chair McKesson Fixed Arms Steel Frame Back Bar 13-3/4 Inch Seat Width 350 lbs. Weight Capacity","Wheelchairs","McKesson Brand","132.37","203.99","254.99","71.62","35%","51.00","N/A","https://imgcdn.mckesson.com/CumulusWeb/Images/Item_Detail/1073634_front.jpg"
"gid://shopify/Product/us-3633","1065226","Commode Chair McKesson Drop Arms Steel Frame Padded Backrest 23-1/4 Inch Seat Width 1000 lbs. Weight Capacity","Wheelchairs","McKesson Brand","149.87","230.99","288.99","81.12","35%","58.00","N/A","https://imgcdn.mckesson.com/CumulusWeb/Images/Item_Detail/1065226_left_.jpg"
"gid://shopify/Product/us-3634","733320","Commode Chair drive™ Padded Drop Arms Steel Frame Back Bar 13-1/2 Inch Seat Width 300 lbs. Weight Capacity","Wheelchairs","Drive DeVilbiss Healthcare","174.30","268.99","336.99","94.69","35%","68.00","N/A","https://imgcdn.mckesson.com/CumulusWeb/Images/Item_Detail/733320.jpg"
"gid://shopify/Product/us-3635","368330","3-in-1 Commode Chair Lumex® Imperial Collection Drop Arms Steel Frame Removable Backrest 25-1/2 Inch Seat Width 600 lbs. Weight Capacity","Wheelchairs","Graham-Field","209.48","322.99","403.99","113.51","35%","81.00","N/A","https://imgcdn.mckesson.com/CumulusWeb/Images/Item_Detail/368330_left.jpg"
"gid://shopify/Product/us-3636","1086019","Commode Chair Fabrication Enterprises Drop Arms Steel Frame With Backrest 300 lbs. Weight Capacity","Wheelchairs","Fabrication Enterprises","223.00","343.99","429.99","120.99","35%","86.00","N/A","https://imgcdn.mckesson.com/CumulusWeb/Images/Item_Detail/1086019.jpg"
"gid://shopify/Product/us-3637","470513","3-in-1 Commode Chair Lumex® Fixed Arms Aluminum Frame Back Bar 14 Inch Seat Width 400 lbs. Weight Capacity","Wheelchairs","Graham-Field","235.57","362.99","453.99","127.42","35%","91.00","N/A","https://imgcdn.mckesson.com/CumulusWeb/Images/Item_Detail/470513_left.jpg"
"gid://shopify/Product/us-3638","523217","Commode / Shower Chair ipu® Fixed Arms PVC Frame Mesh Backrest 18 Inch Seat Width 300 lbs. Weight Capacity","Wheelchairs","IPU","252.73","388.99","486.99","136.26","35%","98.00","N/A","https://imgcdn.mckesson.com/CumulusWeb/Images/Item_Detail/523217.jpg"
"gid://shopify/Product/us-3639","588008","Commode Chair drive™ Padded Drop Arms Steel Frame Back Bar 14 Inch Seat Width 300 lbs. Weight Capacity","Wheelchairs","Drive DeVilbiss Healthcare","286.56","440.99","551.99","154.43","35%","111.00","N/A","https://imgcdn.mckesson.com/CumulusWeb/Images/Item_Detail/588008.jpg"
"gid://shopify/Product/us-3640","1083265","Commode Chair Gendron Padded Removable Arms Steel Frame Back Bar 30 Inch Seat Width 750 lbs. Weight Capacity","Wheelchairs","Graham-Field","939.30","1304.99","1631.99","365.69","28%","327.00","N/A","https://imgcdn.mckesson.com/CumulusWeb/Images/Item_Detail/1083265_right.jpg"
"gid://shopify/Product/us-3641","943229","Seat Cushion Air Lift 17 W X 17 L Inch Air Cells","Wheelchairs","Skil-Care","23.31","42.99","53.99","19.68","46%","11.00","N/A","https://imgcdn.mckesson.com/CumulusWeb/Images/Item_Detail/943229.jpg"
"gid://shopify/Product/us-3642","252787","Armrest Bolster Skil-Care™ 16 L X 6 D Inch","Wheelchairs","Skil-Care","33.62","56.99","71.99","23.37","41%","15.00","N/A","https://imgcdn.mckesson.com/CumulusWeb/Images/Item_Detail/252787.jpg"
"gid://shopify/Product/us-3643","1009138","Anti-Thrust Seat Cushion Saddle™ 20 W X 18 L X 4-1/2 to 3-1/2 D Inch Foam","Wheelchairs","The Comfort Company","209.69","322.99","403.99","113.30","35%","81.00","N/A","https://imgcdn.mckesson.com/CumulusWeb/Images/Item_Detail/1009138.jpg"
"gid://shopify/Product/us-3644","571952","Beverage Holder For Standard Arm Wheelchair","Wheelchairs","Performance Health","15.45","28.99","36.99","13.54","47%","8.00","N/A","https://imgcdn.mckesson.com/CumulusWeb/Images/Item_Detail/571952_pdet.jpg"
"gid://shopify/Product/us-3645","1104583","Overbed Table Drive™ Non-Tilt Top Spring Assisted Lift 28 to 45 Inch Height Range","Wheelchairs","Drive DeVilbiss Healthcare","135.18","207.99","259.99","72.81","35%","52.00","N/A","https://imgcdn.mckesson.com/CumulusWeb/Images/Item_Detail/1104583.jpg"
"gid://shopify/Product/us-3646","1059744","Overbed Table with Vanity Drive™ Non-Tilt Top Spring Assisted Lift 28 to 45 Inch Height Range","Wheelchairs","Drive DeVilbiss Healthcare","206.37","317.99","397.99","111.62","35%","80.00","N/A","https://imgcdn.mckesson.com/CumulusWeb/Images/Item_Detail/1059744.jpg"
"gid://shopify/Product/us-3647","573338","Wheelchair Scale Digital Display 1000 lbs. / 454 kg Capacity Battery Operated","Wheelchairs","Befour","2638.16","3664.99","4581.99","1026.83","28%","917.00","N/A","https://imgcdn.mckesson.com/CumulusWeb/Images/Item_Detail/573338_right.jpg"
"gid://shopify/Product/us-3648","573339","Wheelchair Scale Digital Display 1000 lbs. / 454 kg Capacity Battery Operated","Wheelchairs","Befour","3150.38","4375.99","5469.99","1225.61","28%","1094.00","N/A","https://imgcdn.mckesson.com/CumulusWeb/Images/Item_Detail/573339_right.jpg"
"gid://shopify/Product/us-3649","701198","Dust Pan Lobby Pro® Upright 12.8 X 11.3 X 5 Inch Black","Wheelchairs","RJ Schinner Co","28.20","51.99","64.99","23.79","46%","13.00","N/A","https://imgcdn.mckesson.com/CumulusWeb/Images/Item_Detail/701198_left.jpg"
"gid://shopify/Product/us-3650","637434","Laundry Cart with Double Pole Rack 100 lbs. Weight Capacity Steel Tubing 5 Inch Clean Wheel System™ Casters","Wheelchairs","R & B Wire Products","331.21","509.99","637.99","178.78","35%","128.00","N/A","https://imgcdn.mckesson.com/CumulusWeb/Images/Item_Detail/637434.jpg"
"gid://shopify/Product/us-3651","725032","Trash Can with Wheels Rubbermaid® Brute® 200 Quart / 50 gal. Gray HDPE","Wheelchairs","RJ Schinner Co","174.11","267.99","334.99","93.88","35%","67.00","N/A","https://imgcdn.mckesson.com/CumulusWeb/Images/Item_Detail/725032.jpg"
"gid://shopify/Product/us-3652","565761","Treatment Cart Mini-Line Steel Frame 18 X 33-3/4 X 18 Inch Beige","Wheelchairs","Harloff","2259.87","3138.99","3923.99","879.12","28%","785.00","N/A","https://imgcdn.mckesson.com/CumulusWeb/Images/Item_Detail/565761_right.jpg"
"gid://shopify/Product/us-3653","1014653","Anesthesia Cart Mini Line 18 X 18 X 34.4 Inch White","Wheelchairs","Harloff","2259.87","3138.99","3923.99","879.12","28%","785.00","N/A","https://imgcdn.mckesson.com/CumulusWeb/Images/Item_Detail/1014653_right.jpg"
"gid://shopify/Product/us-3654","687951","Treatment Cart Mini-Line Steel Frame 18 X 33-3/4 X 18 Inch Navy Blue","Wheelchairs","Harloff","2259.87","3138.99","3923.99","879.12","28%","785.00","N/A","https://imgcdn.mckesson.com/CumulusWeb/Images/Item_Detail/687951_right.jpg"
"gid://shopify/Product/us-3655","1095051","Emergency Cart Mini Line Steel Frame 18 X 18 X 40 Inch Hammertone Blue","Wheelchairs","Harloff","2413.83","3352.99","4191.99","939.16","28%","839.00","N/A","https://imgcdn.mckesson.com/CumulusWeb/Images/Item_Detail/1095051_right.jpg"
"gid://shopify/Product/us-3656","551724","Procedure Cart Mini-Line Steel Frame 18 X 40 X 18 Inch Dark Blue","Wheelchairs","Harloff","2456.99","3412.99","4266.99","956.00","28%","854.00","N/A","https://imgcdn.mckesson.com/CumulusWeb/Images/Item_Detail/551724_right.jpg"
"gid://shopify/Product/us-3657","678295","Treatment Cart Mini-Line Steel Frame 18 X 18 X 40 Inch Beige","Wheelchairs","Harloff","2456.99","3412.99","4266.99","956.00","28%","854.00","N/A","https://imgcdn.mckesson.com/CumulusWeb/Images/Item_Detail/678295_right.jpg"
"gid://shopify/Product/us-3658","1041460","Emergency Cart Mini24 20-1/2 X 30-1/2 X 63-1/55 Inch, Height Includes IV Pole - Extends to 81-3/4 Inch Height","Wheelchairs","Harloff","3015.20","4187.99","5234.99","1172.79","28%","1047.00","N/A","https://imgcdn.mckesson.com/CumulusWeb/Images/Item_Detail/1041460_right.jpg"
"gid://shopify/Product/us-3659","1139254","Disposable IV Stand Floor Stand 2 Hooks 5 Legs with Casters","Wheelchairs","McKesson Brand","166.34","255.99","319.99","89.65","35%","64.00","N/A","https://imgcdn.mckesson.com/CumulusWeb/Images/Item_Detail/1139254_front.jpg"
"gid://shopify/Product/us-3660","1119562","Wedge Seat Cushion Protekt® 20 W X 18 L X 4 to 2 D Inch Polyurethane","Wheelchairs","Proactive Medical Products LLC","21.62","39.99","49.99","18.37","46%","10.00","N/A","https://imgcdn.mckesson.com/CumulusWeb/Images/Item_Detail/1119562_right.jpg"
"gid://shopify/Product/us-3661","671323","Seat Cushion Skil-Care™ 18 W X 16 L X 5 D Inch Convoluted Foam","Wheelchairs","Skil-Care","70.72","117.99","147.99","47.27","40%","30.00","N/A","https://imgcdn.mckesson.com/CumulusWeb/Images/Item_Detail/671323_plineart.jpg"
"gid://shopify/Product/us-3662","647651","Heavy Duty Laundry Cart 2-1/2 Bushel Capacity Steel 5 Inch Clean Wheel System™ Casters","Wheelchairs","R & B Wire Products","200.51","308.99","386.99","108.48","35%","78.00","N/A","https://imgcdn.mckesson.com/CumulusWeb/Images/Item_Detail/647651.jpg"
"gid://shopify/Product/us-3663","930081","Recliner LC-358 Model Chestnut Faux Leather Without Wheels 600 lbs. Weight Capacity","Wheelchairs","Pride Health Care","1108.04","1538.99","1923.99","430.95","28%","385.00","N/A","https://imgcdn.mckesson.com/CumulusWeb/Images/Item_Detail/930081_pdet.jpg"
"gid://shopify/Product/us-3664","1280846","Massage Wheel Chirp 4 Inch Diameter X 5 inch Width","Wheelchairs","Chirp Innovation LLC","15.53","28.99","36.99","13.46","46%","8.00","N/A","https://imgcdn.mckesson.com/CumulusWeb/Images/Item_Detail/1280846_front.jpg"
"gid://shopify/Product/us-3665","1280845","Hand-Held Massager Chirp 5 Inch Wheel Length X 15-1/2 Inch Roller","Wheelchairs","Chirp Innovation LLC","22.94","41.99","52.99","19.05","45%","11.00","N/A","https://imgcdn.mckesson.com/CumulusWeb/Images/Item_Detail/1280845_pkit.jpg"
"gid://shopify/Product/us-3666","1280843","Massage Wheel Chirp 7 Inch Width X 10 Inch Diameter","Wheelchairs","Chirp Innovation LLC","37.54","62.99","78.99","25.45","40%","16.00","N/A","https://imgcdn.mckesson.com/CumulusWeb/Images/Item_Detail/1280843_right.jpg"
"gid://shopify/Product/us-3667","1280842","Massage Wheel Set Chirp 4 / 6 / 10 Inch Diameter","Wheelchairs","Chirp Innovation LLC","52.01","86.99","108.99","34.98","40%","22.00","N/A","https://imgcdn.mckesson.com/CumulusWeb/Images/Item_Detail/1280842_right.jpg"
"gid://shopify/Product/us-3668","1280841","Massage Wheel Set Chirp 4 / 6/ 10 Inch Diameter X 5 Inch Width","Wheelchairs","Chirp Innovation LLC","66.76","111.99","139.99","45.23","40%","28.00","N/A","https://imgcdn.mckesson.com/CumulusWeb/Images/Item_Detail/1280841_right.jpg"
"gid://shopify/Product/us-3669","844149","Wheelchair Seat Cushion Cover Skil-Care™ Universal 18 X 16 X 3 to 4 Inch","Wheelchairs","Skil-Care","15.47","28.99","36.99","13.52","47%","8.00","N/A","https://imgcdn.mckesson.com/CumulusWeb/Images/Item_Detail/844149.jpg"
"gid://shopify/Product/us-3670","823347","Level Seat Cushion with Pommel Slide Guard 20 W X 16 L X 2 D Inch Foam","Wheelchairs","Skil-Care","69.60","115.99","144.99","46.39","40%","29.00","N/A","https://imgcdn.mckesson.com/CumulusWeb/Images/Item_Detail/823347.jpg"
"gid://shopify/Product/us-3671","977405","Twin Wheel Caster","Wheelchairs","MJM International","53.02","88.99","111.99","35.97","40%","23.00","N/A","https://imgcdn.mckesson.com/CumulusWeb/Images/Item_Detail/977405.jpg"
"gid://shopify/Product/us-3672","515077","Wheelchair Arm Tray For Premier Wheelchair","Wheelchairs","Alimed","77.55","129.99","162.99","52.44","40%","33.00","N/A","https://imgcdn.mckesson.com/CumulusWeb/Images/Item_Detail/515077.jpg"
"gid://shopify/Product/us-3673","702387","Wheelchair Ramp For Wheelchair","Wheelchairs","Drive DeVilbiss Healthcare","145.80","224.99","281.99","79.19","35%","57.00","N/A","https://imgcdn.mckesson.com/CumulusWeb/Images/Item_Detail/702387.jpg"
"gid://shopify/Product/us-3674","1001826","Commode Chair Pinniped Padded Fixed Arms Steel Frame With Backrest 13 Inch Seat Width 250 lbs. Weight Capacity","Wheelchairs","Medical Grade","279.30","429.99","537.99","150.69","35%","108.00","N/A","https://imgcdn.mckesson.com/CumulusWeb/Images/Item_Detail/1001826.jpg"
"gid://shopify/Product/us-3675","1167023","Oxygen Cylinder Cart Nova Steel Frame 10 L X 11 W X 38-1/2 to 43 H Inch Silver","Wheelchairs","Nova Ortho-Med","68.32","113.99","142.99","45.67","40%","29.00","N/A","https://imgcdn.mckesson.com/CumulusWeb/Images/Item_Detail/1167023_left.jpg"
"gid://shopify/Product/us-3676","1057118","Isolation Station 15 X 17 X 45 Inch","Wheelchairs","Medical Grade","254.75","391.99","489.99","137.24","35%","98.00","N/A","https://imgcdn.mckesson.com/CumulusWeb/Images/Item_Detail/1057118_left.jpg"
"gid://shopify/Product/us-3677","1116104","Midmark® Workstation Secure Laptop Workstation with Mouse Tray Without Drawers Without Shelves","Wheelchairs","Midmark","1815.19","2521.99","3152.99","706.80","28%","631.00","N/A","https://imgcdn.mckesson.com/CumulusWeb/Images/Item_Detail/1116104_right.jpg"
"gid://shopify/Product/us-3678","1116163","Midmark® Workstation Procedure Workstation Without Drawers Without Shelves","Wheelchairs","Midmark","2065.42","2868.99","3586.99","803.57","28%","718.00","N/A","https://imgcdn.mckesson.com/CumulusWeb/Images/Item_Detail/1116163_front.jpg"
"gid://shopify/Product/us-3679","1116168","Midmark® Workstation Procedure Workstation Without Drawers Without Shelves","Wheelchairs","Midmark","2127.33","2954.99","3693.99","827.66","28%","739.00","N/A","https://imgcdn.mckesson.com/CumulusWeb/Images/Item_Detail/1116168_front.jpg"
"gid://shopify/Product/us-3680","1116172","Midmark® Workstation Procedure Workstation Without Drawers Without Shelves","Wheelchairs","Midmark","2127.33","2954.99","3693.99","827.66","28%","739.00","N/A","https://imgcdn.mckesson.com/CumulusWeb/Images/Item_Detail/1116172_front.jpg"
"gid://shopify/Product/us-3681","784786","Armrest Bolster 7-1/2 X 16 Inch Foam","Wheelchairs","The Comfort Company","49.56","82.99","103.99","33.43","40%","21.00","N/A","https://imgcdn.mckesson.com/CumulusWeb/Images/Item_Detail/784786.jpg"
"gid://shopify/Product/us-3682","1217700","Push Glove Hatch Half-Finger X-Large Black Hand Specific Pair","Wheelchairs","Performance Health","16.84","30.99","38.99","14.15","46%","8.00","N/A","https://imgcdn.mckesson.com/CumulusWeb/Images/Item_Detail/1217700_pdet.jpg"
"gid://shopify/Product/us-3683","1217698","Push Glove Hatch Half-Finger Large Black Hand Specific Pair","Wheelchairs","Performance Health","16.84","30.99","38.99","14.15","46%","8.00","N/A","https://imgcdn.mckesson.com/CumulusWeb/Images/Item_Detail/1217698_pdet.jpg"
"gid://shopify/Product/us-3684","574563","Push Glove Hatch Half-Finger Small Black Hand Specific Pair","Wheelchairs","Performance Health","16.84","30.99","38.99","14.15","46%","8.00","N/A","https://imgcdn.mckesson.com/CumulusWeb/Images/Item_Detail/574563_group.jpg"
"gid://shopify/Product/us-3685","1061332","Wheelchair Scale with Seat Health O Meter® LCD Display 1000 lbs. / 454 kg Capacity Gray AC Adapter / Battery Operated","Wheelchairs","Health O Meter","4299.17","5971.99","7464.99","1672.82","28%","1493.00","N/A","https://imgcdn.mckesson.com/CumulusWeb/Images/Item_Detail/1061332_right.jpg"
"gid://shopify/Product/us-3686","893929","Seat Cushion 18 W X 16 L X 2 D Inch Convoluted Foam","Wheelchairs","Graham-Field","9.46","17.99","22.99","8.53","47%","5.00","N/A","https://imgcdn.mckesson.com/CumulusWeb/Images/Item_Detail/893929_right.jpg"
"gid://shopify/Product/us-3687","1042703","E Cylinder Carrier For Wheelchair / Scooter","Wheelchairs","Sunset Healthcare","8.75","15.99","19.99","7.24","45%","4.00","N/A","https://imgcdn.mckesson.com/CumulusWeb/Images/Item_Detail/1042703_front.jpg"
"gid://shopify/Product/us-3688","1141068","Wheelchair Oxygen Bag McKesson Fits D or E Cylinders","Wheelchairs","McKesson Brand","10.06","18.99","23.99","8.93","47%","5.00","N/A","https://imgcdn.mckesson.com/CumulusWeb/Images/Item_Detail/1141068_front.jpg"
"gid://shopify/Product/us-3689","1281645","Commode Chair MedaCure® Padded Fixed Arms Steel Frame Back Bar 13-1/4 Inch Seat Width 350 lbs. Weight Capacity","Wheelchairs","Medacure Inc","30.53","50.99","63.99","20.46","40%","13.00","N/A","https://imgcdn.mckesson.com/CumulusWeb/Images/Item_Detail/1281645_left.jpg"
"gid://shopify/Product/us-3690","1281644","Commode Chair MedaCure® Padded Drop Arms Steel Frame Back Bar 20 Inch Seat Width 300 lbs. Weight Capacity","Wheelchairs","Medacure Inc","65.48","109.99","137.99","44.51","40%","28.00","N/A","https://imgcdn.mckesson.com/CumulusWeb/Images/Item_Detail/1281644_left.jpg"
"gid://shopify/Product/us-3691","1054096","Display Head Health O Meter® For 2700KL Digital Wheelchair Scale","Wheelchairs","Health O Meter","428.48","659.99","824.99","231.51","35%","165.00","N/A","https://imgcdn.mckesson.com/CumulusWeb/Images/Item_Detail/1054096_front.jpg"
"gid://shopify/Product/us-3692","1268174","Diagnostic Certified ADA Compliance Kit Health O Meter® For Gray 2600KL and 2610KL Wheelchair Scales","Wheelchairs","Health O Meter","705.49","979.99","1224.99","274.50","28%","245.00","N/A","https://imgcdn.mckesson.com/CumulusWeb/Images/Item_Detail/1268174_front_.jpg"
"gid://shopify/Product/us-3693","1017547","Wheelchair Hand Rail For 6702 Wheelchair Scale","Wheelchairs","Welch Allyn","748.98","1040.99","1301.99","292.01","28%","261.00","N/A","https://imgcdn.mckesson.com/CumulusWeb/Images/Item_Detail/ImageNotAvailable_gray_.jpg"
"gid://shopify/Product/us-3694","842536","Digital Weight Indicator For 6495 Wheelchair Scale","Wheelchairs","Detecto Scale","989.76","1374.99","1718.99","385.23","28%","344.00","N/A","https://imgcdn.mckesson.com/CumulusWeb/Images/Item_Detail/842536_front.jpg"
"gid://shopify/Product/us-3695","580337","Chair Sensor Pad SkiL-Care™ 7 X 15 Inch","Wheelchairs","Skil-Care","26.10","47.99","59.99","21.89","46%","12.00","N/A","https://imgcdn.mckesson.com/CumulusWeb/Images/Item_Detail/580337_ls.jpg"
"gid://shopify/Product/us-3696","844147","Seat Cushion Air Lift 19 W X 19 L Inch Air Cells","Wheelchairs","Skil-Care","28.58","51.99","64.99","23.41","45%","13.00","N/A","https://imgcdn.mckesson.com/CumulusWeb/Images/Item_Detail/844147.jpg"
"gid://shopify/Product/us-3697","836193","Wheelchair Seat Cushion Cover Support Pro Anti-Thrust 18 X 18 Inch","Wheelchairs","The Comfort Company","38.76","64.99","81.99","26.23","40%","17.00","N/A","https://imgcdn.mckesson.com/CumulusWeb/Images/Item_Detail/836193.jpg"
"gid://shopify/Product/us-3698","1016357","Wheelchair Seat Cushion Incontinence Liner Incontinent Cover Pilot™ 16 X 18 Inch","Wheelchairs","Action Products","39.53","65.99","82.99","26.46","40%","17.00","N/A","https://imgcdn.mckesson.com/CumulusWeb/Images/Item_Detail/1016357.jpg"
"gid://shopify/Product/us-3699","1027481","Wheelchair Seat Cushion Incontinence Liner Incontinent Cover Pilot™ 20 X 20 Inch","Wheelchairs","Action Products","43.49","72.99","91.99","29.50","40%","19.00","N/A","https://imgcdn.mckesson.com/CumulusWeb/Images/Item_Detail/1027481.jpg"
"gid://shopify/Product/us-3700","549201","Alarm Belt Sensor Posey® 21 to 44 Inch Length","Wheelchairs","Tidi Products","66.74","111.99","139.99","45.25","40%","28.00","N/A","https://imgcdn.mckesson.com/CumulusWeb/Images/Item_Detail/549201_ls.jpg"
"gid://shopify/Product/us-3701","649526","Belt Alarm For Wheelchair","Wheelchairs","Skil-Care","68.28","113.99","142.99","45.71","40%","29.00","N/A","https://imgcdn.mckesson.com/CumulusWeb/Images/Item_Detail/649526_ls.jpg"
"gid://shopify/Product/us-3702","665153","Alarm Belt Sensor Posey® Up to 115 Inch Length","Wheelchairs","Tidi Products","77.01","128.99","161.99","51.98","40%","33.00","N/A","https://imgcdn.mckesson.com/CumulusWeb/Images/Item_Detail/ImageNotAvailable_gray_.jpg"
"gid://shopify/Product/us-3703","842064","Seat Cushion The Equalizer® 22 W X 18 L X 3-1/2 D Inch Foam / Polymer","Wheelchairs","Span America","1095.08","1520.99","1901.99","425.91","28%","381.00","N/A","https://imgcdn.mckesson.com/CumulusWeb/Images/Item_Detail/842064.jpg"
"gid://shopify/Product/us-3704","824224","Overbed Table Tilt-Top 25-1/2 to 38-1/2 Inch Height Range","Wheelchairs","Mabis Healthcare","82.16","136.99","171.99","54.83","40%","35.00","N/A","https://imgcdn.mckesson.com/CumulusWeb/Images/Item_Detail/824224.JPG"
"gid://shopify/Product/us-3705","1267877","Overbed Table Lumex® Non-Tilt Top Gas Cylinder Lift 28 to 44 Inch Height Range","Wheelchairs","Graham-Field","647.31","899.99","1124.99","252.68","28%","225.00","N/A","https://imgcdn.mckesson.com/CumulusWeb/Images/Item_Detail/1267877_side.jpg"
"gid://shopify/Product/us-3706","1281703","Overbed Table MedaCure® Non-Tilt Top Spring Assisted Lift 32 to 46 Inch Height Range","Wheelchairs","Medacure Inc","57.90","96.99","121.99","39.09","40%","25.00","N/A","https://imgcdn.mckesson.com/CumulusWeb/Images/Item_Detail/1281703_right.jpg"
"gid://shopify/Product/us-3707","1281702","Overbed Table MedaCure® Non-Tilt Top Spring Assisted Lift 32 to 46 Inch Height Range","Wheelchairs","Medacure Inc","57.90","96.99","121.99","39.09","40%","25.00","N/A","https://imgcdn.mckesson.com/CumulusWeb/Images/Item_Detail/1281702_right.jpg"
"gid://shopify/Product/us-3708","1281704","Overbed Table MedaCure® Non-Tilt Top Spring Assisted Lift 32 to 46 Inch Height Range","Wheelchairs","Medacure Inc","57.90","96.99","121.99","39.09","40%","25.00","N/A","https://imgcdn.mckesson.com/CumulusWeb/Images/Item_Detail/1281704_right.jpg"
"gid://shopify/Product/us-3709","1281701","Overbed Table MedaCure® Non-Tilt Top Spring Assisted Lift 30 to 42 Inch Height Range","Wheelchairs","Medacure Inc","67.55","112.99","141.99","45.44","40%","29.00","N/A","https://imgcdn.mckesson.com/CumulusWeb/Images/Item_Detail/1281701_right.jpg"
"gid://shopify/Product/us-3710","1281700","Overbed Table MedaCure® Non-Tilt Top Spring Assisted Lift 30 to 42 Inch Height Range","Wheelchairs","Medacure Inc","67.55","112.99","141.99","45.44","40%","29.00","N/A","https://imgcdn.mckesson.com/CumulusWeb/Images/Item_Detail/1281700_left.jpg"
"gid://shopify/Product/us-3711","1281698","Overbed Table MedaCure® Non-Tilt Top Spring Assisted Lift 28 to 45 Inch Height Range","Wheelchairs","Medacure Inc","85.47","142.99","178.99","57.52","40%","36.00","N/A","https://imgcdn.mckesson.com/CumulusWeb/Images/Item_Detail/1281698_right.jpg"
"gid://shopify/Product/us-3712","1281697","Overbed Table MedaCure® Non-Tilt Top Spring Assisted Lift 28 to 45 Inch Height Range","Wheelchairs","Medacure Inc","85.47","142.99","178.99","57.52","40%","36.00","N/A","https://imgcdn.mckesson.com/CumulusWeb/Images/Item_Detail/1281697_right.jpg"
"gid://shopify/Product/us-3713","1281696","Overbed Table MedaCure® Non-Tilt Top Spring Assisted Lift 28 to 45 Inch Height Range","Wheelchairs","Medacure Inc","85.47","142.99","178.99","57.52","40%","36.00","N/A","https://imgcdn.mckesson.com/CumulusWeb/Images/Item_Detail/1281696_right.jpg"
"gid://shopify/Product/us-3714","1281699","Overbed Table MedaCure® Non-Tilt Top Spring Assisted Lift 28 to 45 Inch Height Range","Wheelchairs","Medacure Inc","85.47","142.99","178.99","57.52","40%","36.00","N/A","https://imgcdn.mckesson.com/CumulusWeb/Images/Item_Detail/1281699_right.jpg"
"gid://shopify/Product/us-3715","961132","Overbed Table Drive™ Non-Tilt Top Spring Assisted Lift 28 to 45 Inch Height Range","Wheelchairs","Drive DeVilbiss Healthcare","131.39","202.99","253.99","71.60","35%","51.00","N/A","https://imgcdn.mckesson.com/CumulusWeb/Images/Item_Detail/961132.jpg"
"gid://shopify/Product/us-3716","1168022","Overbed Table Drive™ Non-Tilt Top Spring Assisted Lift 28 to 45 Inch Height Range","Wheelchairs","Drive DeVilbiss Healthcare","159.47","245.99","307.99","86.52","35%","62.00","N/A","https://imgcdn.mckesson.com/CumulusWeb/Images/Item_Detail/1168022_front.jpg"
"gid://shopify/Product/us-3717","1266319","Overbed Table Drive™ Non-Tilt Top Spring Assisted Lift 28 to 45 Inch Height Range","Wheelchairs","Drive DeVilbiss Healthcare","178.48","274.99","343.99","96.51","35%","69.00","N/A","https://imgcdn.mckesson.com/CumulusWeb/Images/Item_Detail/1266319_front.jpg"
"gid://shopify/Product/us-3718","961134","Overbed Table with Vanity Drive™ Non-Tilt Top Spring Assisted Lift 28 to 45 Inch Height Range","Wheelchairs","Drive DeVilbiss Healthcare","219.42","337.99","422.99","118.57","35%","85.00","N/A","https://imgcdn.mckesson.com/CumulusWeb/Images/Item_Detail/961134.jpg"
"gid://shopify/Product/us-3719","959798","Seat Cushion Express Comfort Foam 18 W X 16 L X 2 D Inch Foam","Wheelchairs","The Comfort Company","28.53","51.99","64.99","23.46","45%","13.00","N/A","https://imgcdn.mckesson.com/CumulusWeb/Images/Item_Detail/959798.jpg"
"gid://shopify/Product/us-3720","822651","Seat Cushion Pressure-Check 18 W X 16 L X 4 D Inch Foam","Wheelchairs","Skil-Care","31.88","53.99","67.99","22.11","41%","14.00","N/A","https://imgcdn.mckesson.com/CumulusWeb/Images/Item_Detail/822651.jpg"
"gid://shopify/Product/us-3721","1108332","Foot Pad For Wheelchair","Wheelchairs","Performance Health","37.65","62.99","78.99","25.34","40%","16.00","N/A","https://imgcdn.mckesson.com/CumulusWeb/Images/Item_Detail/1108332.jpg"
"gid://shopify/Product/us-3722","785959","Shower Stool Lumex® Without Arms Aluminum Frame Without Backrest 13 Inch Seat Width 300 lbs. Weight Capacity","Wheelchairs","Graham-Field","44.60","74.99","93.99","30.39","41%","19.00","N/A","https://imgcdn.mckesson.com/CumulusWeb/Images/Item_Detail/785959_left.jpg"
"gid://shopify/Product/us-3723","843926","Pommel Seat Cushion E-Z Transfer Slider Pommel 20 W X 16 L X 1 D Inch Foam","Wheelchairs","Skil-Care","45.48","75.99","94.99","30.51","40%","19.00","N/A","https://imgcdn.mckesson.com/CumulusWeb/Images/Item_Detail/843926.jpg"
"gid://shopify/Product/us-3724","822472","Seat Cushion Classic Gel-Foam 16 W X 16 L X 2-1/2 D Inch Foam / Gel","Wheelchairs","Skil-Care","64.10","106.99","133.99","42.89","40%","27.00","N/A","https://imgcdn.mckesson.com/CumulusWeb/Images/Item_Detail/822472.jpg"
"gid://shopify/Product/us-3725","962255","Seat Cushion Shear Smart® 18 W X 16 L X 9/16 D Inch Polymer","Wheelchairs","Action Products","91.32","152.99","191.99","61.67","40%","39.00","N/A","https://imgcdn.mckesson.com/CumulusWeb/Images/Item_Detail/962255.jpg"
"gid://shopify/Product/us-3726","1063281","Wheelchair Foot Protection Pillow Protekt® Foot Pillow One Size Fits Most Gray","Wheelchairs","Proactive Medical Products LLC","18.04","32.99","41.99","14.95","45%","9.00","N/A","https://imgcdn.mckesson.com/CumulusWeb/Images/Item_Detail/1063281_group.jpg"
"gid://shopify/Product/us-3727","252786","Armrest Bolster Skil-Care™","Wheelchairs","Skil-Care","28.18","51.99","64.99","23.81","46%","13.00","N/A","https://imgcdn.mckesson.com/CumulusWeb/Images/Item_Detail/252786.jpg"
"gid://shopify/Product/us-3728","866788","Armrest Bolster Skil-Care™ 11 L X 5 D Inch Foam","Wheelchairs","Skil-Care","28.75","52.99","66.99","24.24","46%","14.00","N/A","https://imgcdn.mckesson.com/CumulusWeb/Images/Item_Detail/866788.jpg"
"gid://shopify/Product/us-3729","582941","Lap Top Cushion For 18 Inch Half Arm Wheelchair","Wheelchairs","Skil-Care","34.59","57.99","72.99","23.40","40%","15.00","N/A","https://imgcdn.mckesson.com/CumulusWeb/Images/Item_Detail/582941_ls.jpg"
"gid://shopify/Product/us-3730","638730","Wheelchair Arm Support Tray For Full Arm Wheelchair","Wheelchairs","Skil-Care","38.05","63.99","79.99","25.94","41%","16.00","N/A","https://imgcdn.mckesson.com/CumulusWeb/Images/Item_Detail/638730.jpg"
"gid://shopify/Product/us-3731","468609","Headrest For 14 and 18 Inch Reclining Wheelchair","Wheelchairs","Skil-Care","42.25","70.99","88.99","28.74","40%","18.00","N/A","https://imgcdn.mckesson.com/CumulusWeb/Images/Item_Detail/468609.jpg"
"gid://shopify/Product/us-3732","582947","Headrest For 14 and 18 Inch Reclining Wheelchair","Wheelchairs","Skil-Care","42.25","70.99","88.99","28.74","40%","18.00","N/A","https://imgcdn.mckesson.com/CumulusWeb/Images/Item_Detail/582947.jpg"
"gid://shopify/Product/us-3733","579119","Wedge Seat Cushion with Pommel Skil-Care™ 18 W X 16 L X 4 to 1-1/2 D Inch Foam","Wheelchairs","Skil-Care","69.05","115.99","144.99","46.94","40%","29.00","N/A","https://imgcdn.mckesson.com/CumulusWeb/Images/Item_Detail/579119.jpg"
"gid://shopify/Product/us-3734","580286","Pommel Seat Cushion Skil-Care™ 18 W X 16 L X 3-1/2 D Inch Foam","Wheelchairs","Skil-Care","71.34","118.99","148.99","47.65","40%","30.00","N/A","https://imgcdn.mckesson.com/CumulusWeb/Images/Item_Detail/580286_plineart.jpg"
"gid://shopify/Product/us-3735","654073","Pommel Seat Cushion Skil-Care™ 18 W X 16 L X 4 D Inch Foam / Gel","Wheelchairs","Skil-Care","116.03","178.99","223.99","62.96","35%","45.00","N/A","https://imgcdn.mckesson.com/CumulusWeb/Images/Item_Detail/654073.jpg"
"gid://shopify/Product/us-3736","574026","Lateral Support Arm Trough For Wheelchair","Wheelchairs","Performance Health","132.07","203.99","254.99","71.92","35%","51.00","N/A","https://imgcdn.mckesson.com/CumulusWeb/Images/Item_Detail/574026.jpg"
"gid://shopify/Product/us-3737","252799","Wedge Seat Cushion with Pommel Slide Guard 18 W X 16 L X 4 to 1-1/2 D Inch Foam / Gel","Wheelchairs","Skil-Care","139.27","214.99","268.99","75.72","35%","54.00","N/A","https://imgcdn.mckesson.com/CumulusWeb/Images/Item_Detail/252799_pdet.jpg"
"gid://shopify/Product/us-3738","934056","Bed Mattress Gravity™ 9 Pressure Redistribution Type 6 H X 36 W X 76 L Inch","Wheelchairs","Drive DeVilbiss Healthcare","261.92","402.99","503.99","141.07","35%","101.00","N/A","https://imgcdn.mckesson.com/CumulusWeb/Images/Item_Detail/934056_left.jpg"
"gid://shopify/Product/us-3739","583433","Mobile Chart Rack IPU® PVC Frame 15 X 48 X 65 White","Wheelchairs","IPU","565.07","784.99","981.99","219.92","28%","197.00","N/A","https://imgcdn.mckesson.com/CumulusWeb/Images/Item_Detail/583433_left.jpg"
"gid://shopify/Product/us-3740","1161301","Mobile Chart Rack Mov-it Elite Series I Steel Frame 19 X 51-3/4 Inch X 72-1/4 Inch Oak Finish","Wheelchairs","First Healthcare Products","1749.36","2429.99","3037.99","680.63","28%","608.00","N/A","https://imgcdn.mckesson.com/CumulusWeb/Images/Item_Detail/1161301_dim.jpg"
"gid://shopify/Product/us-3741","710095","Wheelchair Armrest Pad For Wheelchair","Wheelchairs","Graham-Field","15.41","28.99","36.99","13.58","47%","8.00","N/A","https://imgcdn.mckesson.com/CumulusWeb/Images/Item_Detail/710095.jpg"
"gid://shopify/Product/us-3742","486847","Cable And Housing Assembly 9000XT Recliner Wheelchair","Wheelchairs","Invacare","29.19","53.99","67.99","24.80","46%","14.00","N/A","https://imgcdn.mckesson.com/CumulusWeb/Images/Item_Detail/486847.jpg"
"gid://shopify/Product/us-3743","1282989","Wheelchair Oxygen Cylinder Holder For Wheelchair","Wheelchairs","New York Orthopedic","12.11","22.99","28.99","10.88","47%","6.00","N/A","https://imgcdn.mckesson.com/CumulusWeb/Images/Item_Detail/1282989_right.jpg"
"gid://shopify/Product/us-3744","957687","Basket","Wheelchairs","Drive DeVilbiss Healthcare","18.62","33.99","42.99","15.37","45%","9.00","N/A","https://imgcdn.mckesson.com/CumulusWeb/Images/Item_Detail/957687.jpg"
"gid://shopify/Product/us-3745","977130","Front Caster Wheel For Rollator","Wheelchairs","Drive DeVilbiss Healthcare","27.34","49.99","62.99","22.65","45%","13.00","N/A","https://imgcdn.mckesson.com/CumulusWeb/Images/Item_Detail/977130.jpg"
"gid://shopify/Product/us-3746","1281769","4 Wheel Rollator MedaCure® Red Adjustable Height Steel Frame","Wheelchairs","Medacure Inc","55.28","92.99","116.99","37.71","41%","24.00","N/A","https://imgcdn.mckesson.com/CumulusWeb/Images/Item_Detail/1281769_left.jpg"
"gid://shopify/Product/us-3747","1281767","4 Wheel Rollator MedaCure® Black Adjustable Height Steel Frame","Wheelchairs","Medacure Inc","55.28","92.99","116.99","37.71","41%","24.00","N/A","https://imgcdn.mckesson.com/CumulusWeb/Images/Item_Detail/1281767_left.jpg"
"gid://shopify/Product/us-3748","1281768","4 Wheel Rollator MedaCure® Blue Adjustable Height Steel Frame","Wheelchairs","Medacure Inc","55.28","92.99","116.99","37.71","41%","24.00","N/A","https://imgcdn.mckesson.com/CumulusWeb/Images/Item_Detail/1281768_left.jpg"
"gid://shopify/Product/us-3749","1205409","4 Wheel Rollator McKesson Blue Adjustable Height Aluminum Frame","Wheelchairs","McKesson Brand","76.29","127.99","159.99","51.70","40%","32.00","N/A","https://imgcdn.mckesson.com/CumulusWeb/Images/Item_Detail/1205409_right.jpg"
"gid://shopify/Product/us-3750","677099","4 Wheel Rollator Lumex® Walkabout Lite Royal Blue Adjustable Height / Lightweight / Folding Aluminum Frame","Wheelchairs","Graham-Field","81.09","135.99","169.99","54.90","40%","34.00","N/A","https://imgcdn.mckesson.com/CumulusWeb/Images/Item_Detail/677099_right.jpg"
"gid://shopify/Product/us-3751","725050","4 Wheel Rollator Lumex® Walkabout Lite Pink Adjustable Height / Lightweight / Folding Aluminum Frame","Wheelchairs","Graham-Field","81.09","135.99","169.99","54.90","40%","34.00","N/A","https://imgcdn.mckesson.com/CumulusWeb/Images/Item_Detail/725050_right.jpg"
"gid://shopify/Product/us-3752","638763","4 Wheel Rollator Lumex® Walkabout Lite Burgundy Adjustable Height / Lightweight / Folding Aluminum Frame","Wheelchairs","Graham-Field","81.09","135.99","169.99","54.90","40%","34.00","N/A","https://imgcdn.mckesson.com/CumulusWeb/Images/Item_Detail/638763_PC.jpg"
"gid://shopify/Product/us-3753","733025","4 Wheel Rollator Lumex® Walkabout Lite Black Adjustable Height / Lightweight / Folding Aluminum Frame","Wheelchairs","Graham-Field","81.09","135.99","169.99","54.90","40%","34.00","N/A","https://imgcdn.mckesson.com/CumulusWeb/Images/Item_Detail/733025_right.jpg"
"gid://shopify/Product/us-3754","946371","4 Wheel Rollator Lumex® Set N Go Blue Adjustable Height / Folding Aluminum Frame","Wheelchairs","Graham-Field","87.85","146.99","183.99","59.14","40%","37.00","N/A","https://imgcdn.mckesson.com/CumulusWeb/Images/Item_Detail/946371_right.jpg"
"gid://shopify/Product/us-3755","576170","4 Wheel Rollator Lumex® Walkabout Junior Burgundy Adjustable Height / Lightweight / Folding Aluminum Frame","Wheelchairs","Graham-Field","87.85","146.99","183.99","59.14","40%","37.00","N/A","https://imgcdn.mckesson.com/CumulusWeb/Images/Item_Detail/576170_right.jpg"
"gid://shopify/Product/us-3756","738947","4 Wheel Rollator Lumex® Walkabout Hemi Royal Blue Adjustable Height / Folding Aluminum Frame","Wheelchairs","Graham-Field","87.85","146.99","183.99","59.14","40%","37.00","N/A","https://imgcdn.mckesson.com/CumulusWeb/Images/Item_Detail/738947_right.jpg"
"gid://shopify/Product/us-3757","738946","4 Wheel Rollator Lumex® Walkabout Hemi Burgundy Adjustable Height / Folding Aluminum Frame","Wheelchairs","Graham-Field","87.85","146.99","183.99","59.14","40%","37.00","N/A","https://imgcdn.mckesson.com/CumulusWeb/Images/Item_Detail/738946_right.jpg"
"gid://shopify/Product/us-3758","1205411","Bariatric 4 Wheel Rollator McKesson Blue Adjustable Height / Folding Steel Frame","Wheelchairs","McKesson Brand","89.17","148.99","186.99","59.82","40%","38.00","N/A","https://imgcdn.mckesson.com/CumulusWeb/Images/Item_Detail/1205411_left_.jpg"
"gid://shopify/Product/us-3759","1205410","4 Wheel Rollator McKesson Red Adjustable Height Aluminum Frame","Wheelchairs","McKesson Brand","91.23","152.99","191.99","61.76","40%","39.00","N/A","https://imgcdn.mckesson.com/CumulusWeb/Images/Item_Detail/1205410_right.jpg"
"gid://shopify/Product/us-3760","1281770","Bariatric 4 Wheel Rollator MedaCure® Red Adjustable Height Steel Frame","Wheelchairs","Medacure Inc","94.22","157.99","197.99","63.77","40%","40.00","N/A","https://imgcdn.mckesson.com/CumulusWeb/Images/Item_Detail/1281770_left.jpg"
"gid://shopify/Product/us-3761","983541","4 Wheel Rollator Lumex® Set N Go Burgundy Adjustable Height / Wide / Folding Aluminum Frame","Wheelchairs","Graham-Field","101.36","155.99","194.99","54.63","35%","39.00","N/A","https://imgcdn.mckesson.com/CumulusWeb/Images/Item_Detail/983541_right.jpg"
"gid://shopify/Product/us-3762","983542","4 Wheel Rollator Lumex® Set N Go Blue Adjustable Height / Wide / Folding Aluminum Frame","Wheelchairs","Graham-Field","101.36","155.99","194.99","54.63","35%","39.00","N/A","https://imgcdn.mckesson.com/CumulusWeb/Images/Item_Detail/983542_right.jpg"
"gid://shopify/Product/us-3763","983607","4 Wheel Rollator Lumex® Set N Go Silver Adjustable Height / Wide / Folding Aluminum Frame","Wheelchairs","Graham-Field","101.36","155.99","194.99","54.63","35%","39.00","N/A","https://imgcdn.mckesson.com/CumulusWeb/Images/Item_Detail/983607_right.jpg"
"gid://shopify/Product/us-3764","842787","4 Wheel Rollator Lumex® Walkabout Royal Blue Adjustable Height / Wide / Folding Aluminum Frame","Wheelchairs","Graham-Field","114.88","176.99","221.99","62.11","35%","45.00","N/A","https://imgcdn.mckesson.com/CumulusWeb/Images/Item_Detail/842787_right.jpg"
"gid://shopify/Product/us-3765","1205412","Bariatric 4 Wheel Rollator McKesson Red Adjustable Height / Folding Steel Frame","Wheelchairs","McKesson Brand","124.52","191.99","239.99","67.47","35%","48.00","N/A","https://imgcdn.mckesson.com/CumulusWeb/Images/Item_Detail/1205412_left.jpg"
"gid://shopify/Product/us-3766","1213040","3 Wheel Rollator drive™ Winnie Lite Supreme / Go Lite Tan Folding Aluminum Frame","Wheelchairs","Drive DeVilbiss Healthcare","134.87","207.99","259.99","73.12","35%","52.00","N/A","https://imgcdn.mckesson.com/CumulusWeb/Images/Item_Detail/1213040_left.jpg"
"gid://shopify/Product/us-3767","671286","Bariatric 4 Wheel Rollator Lumex® Walkabout Contour Imperial Burgundy Adjustable Height / Folding Aluminum Frame","Wheelchairs","Graham-Field","135.15","207.99","259.99","72.84","35%","52.00","N/A","https://imgcdn.mckesson.com/CumulusWeb/Images/Item_Detail/671286_right.jpg"
"gid://shopify/Product/us-3768","1102596","Bariatric 4 Wheel Rollator Lumex® Walkabout Contour Imperial Imperial Blue Adjustable Height / Folding Aluminum Frame","Wheelchairs","Graham-Field","135.15","207.99","259.99","72.84","35%","52.00","N/A","https://imgcdn.mckesson.com/CumulusWeb/Images/Item_Detail/1102596_right.jpg"
"gid://shopify/Product/us-3769","1188022","3 Wheel Rollator drive™ Nitro Red Adjustable Height / Lightweight / Folding Aluminum Frame","Wheelchairs","Drive DeVilbiss Healthcare","174.32","268.99","336.99","94.67","35%","68.00","N/A","https://imgcdn.mckesson.com/CumulusWeb/Images/Item_Detail/1188022_left.jpg"
"gid://shopify/Product/us-3770","1239760","4 Wheel Rollator drive™ Nitro Sprint Red Folding Aluminum Frame","Wheelchairs","Drive DeVilbiss Healthcare","264.33","406.99","508.99","142.66","35%","102.00","N/A","https://imgcdn.mckesson.com/CumulusWeb/Images/Item_Detail/1239760_left.jpg"
"gid://shopify/Product/us-3771","980577","4 Wheel Rollator drive™ Nitro Hemi Black Adjustable Height / Folding Aluminum Frame","Wheelchairs","Drive DeVilbiss Healthcare","285.01","438.99","548.99","153.98","35%","110.00","N/A","https://imgcdn.mckesson.com/CumulusWeb/Images/Item_Detail/980577.jpg"
"gid://shopify/Product/us-3772","949918","4 Wheel Rollator drive™ Nitro Red Adjustable Height / Tall / Folding Aluminum Frame","Wheelchairs","Drive DeVilbiss Healthcare","288.35","443.99","554.99","155.64","35%","111.00","N/A","https://imgcdn.mckesson.com/CumulusWeb/Images/Item_Detail/949918_left.jpg"
"gid://shopify/Product/us-3773","1151609","4 Wheel Rollator drive™ Nitro DLX Blue Adjustable Height / Lightweight / Folding Aluminum Frame","Wheelchairs","Drive DeVilbiss Healthcare","316.66","487.99","609.99","171.33","35%","122.00","N/A","https://imgcdn.mckesson.com/CumulusWeb/Images/Item_Detail/1151609_left.jpg"
"gid://shopify/Product/us-3774","1268175","Warrantly Health O Meter® 2 Year Warranty For 2600KL and 2610KL Wheelchair Scales","Wheelchairs","Health O Meter","355.66","547.99","684.99","192.33","35%","137.00","N/A","https://imgcdn.mckesson.com/CumulusWeb/Images/Item_Detail/1268175_warranty.jpg"
"gid://shopify/Product/us-3775","1261167","Linen Cart 4 Shelves PVC MRI 3 Inch Twin-Wheel Locking Casters","Wheelchairs","IPU","855.51","1188.99","1486.99","333.48","28%","298.00","N/A","https://imgcdn.mckesson.com/CumulusWeb/Images/Item_Detail/1261167_right.jpg"
"gid://shopify/Product/us-3776","1128906","Bath Bench McKesson Without Arms Aluminum Frame Without Backrest 19-1/4 Inch Seat Width 300 lbs. Weight Capacity","Wheelchairs","McKesson Brand","24.41","44.99","56.99","20.58","46%","12.00","N/A","https://imgcdn.mckesson.com/CumulusWeb/Images/Item_Detail/1128906_left.jpg"
"gid://shopify/Product/us-3777","1065209","Bath Bench McKesson Without Arms Aluminum Frame Without Backrest 19-1/4 Inch Seat Width 300 lbs. Weight Capacity","Wheelchairs","McKesson Brand","24.46","44.99","56.99","20.53","46%","12.00","N/A","https://imgcdn.mckesson.com/CumulusWeb/Images/Item_Detail/1065209_front.jpg"
"gid://shopify/Product/us-3778","1095251","Shower Stool McKesson Without Arms Aluminum Frame Without Backrest 13 Inch Seat Width 300 lbs. Weight Capacity","Wheelchairs","McKesson Brand","25.11","45.99","57.99","20.88","45%","12.00","N/A","https://imgcdn.mckesson.com/CumulusWeb/Images/Item_Detail/1095251.jpg"
"gid://shopify/Product/us-3779","1128905","Bath Bench McKesson Without Arms Aluminum Frame Removable Backrest 19-1/4 Inch Seat Width 300 lbs. Weight Capacity","Wheelchairs","McKesson Brand","26.58","48.99","61.99","22.41","46%","13.00","N/A","https://imgcdn.mckesson.com/CumulusWeb/Images/Item_Detail/1128905_left.jpg"
"gid://shopify/Product/us-3780","1281711","Bath Bench Without Arms Aluminum Frame With Backrest 19-1/4 Inch Seat Width 300 lbs. Weight Capacity","Wheelchairs","Medacure Inc","29.36","53.99","67.99","24.63","46%","14.00","N/A","https://imgcdn.mckesson.com/CumulusWeb/Images/Item_Detail/1281711_left.jpg"
"gid://shopify/Product/us-3781","1065208","Bath Bench McKesson Without Arms Aluminum Frame Removable Backrest 19-1/4 Inch Seat Width 300 lbs. Weight Capacity","Wheelchairs","McKesson Brand","32.84","54.99","68.99","22.15","40%","14.00","N/A","https://imgcdn.mckesson.com/CumulusWeb/Images/Item_Detail/1065208_front.jpg"
"gid://shopify/Product/us-3782","1281712","Shower Chair Without Arms Aluminum Frame With Backrest 20 Inch Seat Width 500 lbs. Weight Capacity","Wheelchairs","Medacure Inc","41.29","68.99","86.99","27.70","40%","18.00","N/A","https://imgcdn.mckesson.com/CumulusWeb/Images/Item_Detail/1281712_left.jpg"
"gid://shopify/Product/us-3783","803762","Shower Stool HealthSmart™ Without Arms Plastic Frame Without Backrest 16 Inch Seat Width 400 lbs. Weight Capacity","Wheelchairs","Mabis Healthcare","45.21","75.99","94.99","30.78","41%","19.00","N/A","https://imgcdn.mckesson.com/CumulusWeb/Images/Item_Detail/803762_front.jpg"
"gid://shopify/Product/us-3784","1065204","Bath Bench McKesson Removable Arms Plastic Frame Removable Backrest 21-1/4 Inch Seat Width 350 lbs. Weight Capacity","Wheelchairs","McKesson Brand","46.14","76.99","96.99","30.85","40%","20.00","N/A","https://imgcdn.mckesson.com/CumulusWeb/Images/Item_Detail/1065204_front.jpg"
"gid://shopify/Product/us-3785","1205414","Bath Bench McKesson Without Arms Aluminum Frame With Backrest 20 Inch Seat Width 500 lbs. Weight Capacity","Wheelchairs","McKesson Brand","56.80","94.99","118.99","38.19","40%","24.00","N/A","https://imgcdn.mckesson.com/CumulusWeb/Images/Item_Detail/1205414_left.jpg"
"gid://shopify/Product/us-3786","812101","Bath Bench drive™ Without Arms Aluminum Frame Without Backrest 20 Inch Seat Width 500 lbs. Weight Capacity","Wheelchairs","Drive DeVilbiss Healthcare","65.76","109.99","137.99","44.23","40%","28.00","N/A","https://imgcdn.mckesson.com/CumulusWeb/Images/Item_Detail/812101_left.jpg"
"gid://shopify/Product/us-3787","1044327","Shower Chair drive™ Without Arms Plastic Frame With Backrest 21-1/2 Inch Seat Width 300 lbs. Weight Capacity","Wheelchairs","Drive DeVilbiss Healthcare","66.59","110.99","138.99","44.40","40%","28.00","N/A","https://imgcdn.mckesson.com/CumulusWeb/Images/Item_Detail/1044327.jpg"
"gid://shopify/Product/us-3788","824178","Shower Chair HealthSmart™ Without Arms Steel Frame Without Backrest 16-1/4 Inch Seat Width 250 lbs. Weight Capacity","Wheelchairs","Mabis Healthcare","66.66","111.99","139.99","45.33","40%","28.00","N/A","https://imgcdn.mckesson.com/CumulusWeb/Images/Item_Detail/824178_front.jpg"
"gid://shopify/Product/us-3789","1032859","Bath Bench drive™ Padded Removable Arms Aluminum Frame With Backrest 16 Inch Seat Width 300 lbs. Weight Capacity","Wheelchairs","Drive DeVilbiss Healthcare","67.70","112.99","141.99","45.29","40%","29.00","N/A","https://imgcdn.mckesson.com/CumulusWeb/Images/Item_Detail/1032859_left_.jpg"
"gid://shopify/Product/us-3790","803775","Bath Bench HealthSmart™ Without Arms Aluminum Frame With Backrest 17 Inch Seat Width 325 lbs. Weight Capacity","Wheelchairs","Mabis Healthcare","68.55","114.99","143.99","46.44","40%","29.00","N/A","https://imgcdn.mckesson.com/CumulusWeb/Images/Item_Detail/803775_left.jpg"
"gid://shopify/Product/us-3791","1219043","Shower Chair Lumex® Without Arms Aluminum Frame Padded Backrest 16 Inch Seat Width 300 lbs. Weight Capacity","Wheelchairs","Graham-Field","86.31","143.99","179.99","57.68","40%","36.00","N/A","https://imgcdn.mckesson.com/CumulusWeb/Images/Item_Detail/1219043_pkit.jpg"
"gid://shopify/Product/us-3792","1295686","Shower Stool Etac® Edge Without Arms Plastic Frame Without Backrest","Wheelchairs","DT Davis Enterprises Ltd","87.85","146.99","183.99","59.14","40%","37.00","N/A","https://imgcdn.mckesson.com/CumulusWeb/Images/Item_Detail/1295686_left.jpg"
"gid://shopify/Product/us-3793","1295690","Shower Stool Etac® Smart Without Arms Plastic Frame Without Backrest 15/17 Inch Seat Width 352 lbs. Weight Capacity","Wheelchairs","DT Davis Enterprises Ltd","91.17","151.99","189.99","60.82","40%","38.00","N/A","https://imgcdn.mckesson.com/CumulusWeb/Images/Item_Detail/1295690_left.jpg"
"gid://shopify/Product/us-3794","1073632","Bath Bench McKesson Without Arms Aluminum Frame Without Backrest 19-1/4 Inch Seat Width 300 lbs. Weight Capacity","Wheelchairs","McKesson Brand","93.77","156.99","196.99","63.22","40%","40.00","N/A","https://imgcdn.mckesson.com/CumulusWeb/Images/Item_Detail/1073632_front.jpg"
"gid://shopify/Product/us-3795","1248525","IPU® Shower Chair Caster Set For Shower Chair","Wheelchairs","Medical Grade","96.00","159.99","199.99","63.99","40%","40.00","N/A","https://imgcdn.mckesson.com/CumulusWeb/Images/Item_Detail/1248525_pkit.jpg"
"gid://shopify/Product/us-3796","1073631","Bath Bench McKesson Without Arms Aluminum Frame Removable Backrest 19-1/4 Inch Seat Width 300 lbs. Weight Capacity","Wheelchairs","McKesson Brand","103.84","159.99","199.99","56.15","35%","40.00","N/A","https://imgcdn.mckesson.com/CumulusWeb/Images/Item_Detail/1073631_left.jpg"
"gid://shopify/Product/us-3797","1172913","Shower Chair Nova Without Arms Aluminum Frame Removable Backrest 20 Inch Seat Width 300 lbs. Weight Capacity","Wheelchairs","Nova Ortho-Med","103.94","159.99","199.99","56.05","35%","40.00","N/A","https://imgcdn.mckesson.com/CumulusWeb/Images/Item_Detail/1172913_right.jpg"
"gid://shopify/Product/us-3798","1295685","Shower Chair Etac® Swift Fixed Arms Plastic Frame With Backrest","Wheelchairs","DT Davis Enterprises Ltd","118.14","181.99","227.99","63.85","35%","46.00","N/A","https://imgcdn.mckesson.com/CumulusWeb/Images/Item_Detail/1295685_left.jpg"
"gid://shopify/Product/us-3799","844032","Shower Chair HealthSmart™ Without Arms Aluminum Frame With Backrest 21 Inch Seat Width 500 lbs. Weight Capacity","Wheelchairs","Mabis Healthcare","126.97","195.99","244.99","69.02","35%","49.00","N/A","https://imgcdn.mckesson.com/CumulusWeb/Images/Item_Detail/844032_front.jpg"
"gid://shopify/Product/us-3800","1192765","Bath Bench PreserveTech Swivel Padded Flip-Back Arms Aluminum Frame With Backrest 18 Inch Seat Width 350 lbs. Weight Capacity","Wheelchairs","Drive DeVilbiss Healthcare","127.12","195.99","244.99","68.87","35%","49.00","N/A","https://imgcdn.mckesson.com/CumulusWeb/Images/Item_Detail/1192765_left.jpg"
"gid://shopify/Product/us-3801","624878","Bath Bench drive™ Without Arms Aluminum Frame With Backrest 16-1/2 Inch Seat Width 600 lbs. Weight Capacity","Wheelchairs","Drive DeVilbiss Healthcare","151.96","233.99","292.99","82.03","35%","59.00","N/A","https://imgcdn.mckesson.com/CumulusWeb/Images/Item_Detail/624878.jpg"
"gid://shopify/Product/us-3802","1060942","Shower Stool drive™ Without Arms Plastic Frame Without Backrest 14 Inch Seat Width 450 lbs. Weight Capacity","Wheelchairs","Drive DeVilbiss Healthcare","187.16","287.99","359.99","100.83","35%","72.00","N/A","https://imgcdn.mckesson.com/CumulusWeb/Images/Item_Detail/1060942.jpg"
"gid://shopify/Product/us-3803","547974","Shower Stool Without Arms PVC Frame Without Backrest 900 lbs. Weight Capacity","Wheelchairs","IPU","235.16","361.99","452.99","126.83","35%","91.00","N/A","https://imgcdn.mckesson.com/CumulusWeb/Images/Item_Detail/IPU_547974.jpg"
"gid://shopify/Product/us-3804","938176","Bath Chair Otter Without Arms Plastic Frame Reclining Backrest 14-1/2 Inch Seat Width 160 lbs. Weight Capacity","Wheelchairs","Medical Grade","273.61","420.99","526.99","147.38","35%","106.00","N/A","https://imgcdn.mckesson.com/CumulusWeb/Images/Item_Detail/938176_right.jpg"
"gid://shopify/Product/us-3805","944260","Bath Chair Otter Without Arms Plastic Frame Reclining Backrest 14-1/2 Inch Seat Width 120 lbs. Weight Capacity","Wheelchairs","Medical Grade","325.62","500.99","626.99","175.37","35%","126.00","N/A","https://imgcdn.mckesson.com/CumulusWeb/Images/Item_Detail/944260.jpg"
"gid://shopify/Product/us-3806","1277494","Commode / Shower Chair Sentinel Steel Frame With Backrest 18 Inch Seat Width 300 lbs. Weight Capacity","Wheelchairs","Broda Enterprises Inc","1315.02","1826.99","2283.99","511.97","28%","457.00","N/A","https://imgcdn.mckesson.com/CumulusWeb/Images/Item_Detail/1277494_left.jpg"
"gid://shopify/Product/us-3807","1277493","Commode / Shower Chair Sentinel Steel Frame With Backrest 18 Inch Seat Width 300 lbs. Weight Capacity","Wheelchairs","Broda Enterprises Inc","1596.14","2216.99","2771.99","620.85","28%","555.00","N/A","https://imgcdn.mckesson.com/CumulusWeb/Images/Item_Detail/1277493_left.jpg"
"gid://shopify/Product/us-3808","1277496","Commode / Shower Chair Sentinel Steel Frame With Backrest 20 Inch Seat Width 300 lbs. Weight Capacity","Wheelchairs","Broda Enterprises Inc","1605.60","2229.99","2787.99","624.39","28%","558.00","N/A","https://imgcdn.mckesson.com/CumulusWeb/Images/Item_Detail/1277496_left.jpg"
"gid://shopify/Product/us-3809","1277498","Commode / Shower Chair Sentinel Steel Frame With Backrest 22 Inch Seat Width 300 lbs. Weight Capacity","Wheelchairs","Broda Enterprises Inc","1677.23","2329.99","2912.99","652.76","28%","583.00","N/A","https://imgcdn.mckesson.com/CumulusWeb/Images/Item_Detail/1277498_left.jpg"
"gid://shopify/Product/us-3810","1277495","Commode / Shower Chair Sentinel Steel Frame With Backrest 20 Inch Seat Width 300 lbs. Weight Capacity","Wheelchairs","Broda Enterprises Inc","1886.72","2620.99","3276.99","734.27","28%","656.00","N/A","https://imgcdn.mckesson.com/CumulusWeb/Images/Item_Detail/1277495_left.jpg"
"gid://shopify/Product/us-3811","1277497","Commode / Shower Chair Sentinel Steel Frame With Backrest 22 Inch Seat Width 300 lbs. Weight Capacity","Wheelchairs","Broda Enterprises Inc","1958.35","2719.99","3399.99","761.64","28%","680.00","N/A","https://imgcdn.mckesson.com/CumulusWeb/Images/Item_Detail/1277497_left.jpg"
"gid://shopify/Product/us-3812","1277491","Commode / Shower Chair Revive Steel Frame 22 Inch Seat Width 400 lbs. Weight Capacity","Wheelchairs","Broda Enterprises Inc","2812.50","3906.99","4883.99","1094.49","28%","977.00","N/A","https://imgcdn.mckesson.com/CumulusWeb/Images/Item_Detail/1277491_left.jpg"
"gid://shopify/Product/us-3813","1277490","Commode / Shower Chair Revive Steel Frame 18 Inch Seat Width 400 lbs. Weight Capacity","Wheelchairs","Broda Enterprises Inc","2812.50","3906.99","4883.99","1094.49","28%","977.00","N/A","https://imgcdn.mckesson.com/CumulusWeb/Images/Item_Detail/1277490_left.jpg"
"gid://shopify/Product/us-3814","1277492","Commode / Shower Chair Revive Bariatric Steel Frame 27 Inch Seat Width 800 lbs. Weight Capacity","Wheelchairs","Broda Enterprises Inc","5772.32","8017.99","10022.99","2245.67","28%","2005.00","N/A","https://imgcdn.mckesson.com/CumulusWeb/Images/Item_Detail/1277492_left.jpg"
"gid://shopify/Product/us-3815","876605","Shower Stool drive™ Without Arms Aluminum Frame Without Backrest 13-1/2 Inch Seat Width 300 lbs. Weight Capacity","Wheelchairs","Drive DeVilbiss Healthcare","29.21","53.99","67.99","24.78","46%","14.00","N/A","https://imgcdn.mckesson.com/CumulusWeb/Images/Item_Detail/876605_pkgleft.jpg"
"gid://shopify/Product/us-3816","407036","Exam Stool McKesson Without Backrest Pneumatic Height Adjustment 5 Casters Black","Wheelchairs","McKesson Brand","227.22","349.99","437.99","122.77","35%","88.00","N/A","https://imgcdn.mckesson.com/CumulusWeb/Images/Item_Detail/407036_front_.jpg"
"gid://shopify/Product/us-3817","407058","Exam Stool McKesson With Backrest Pneumatic Height Adjustment 5 Casters Black","Wheelchairs","McKesson Brand","360.23","554.99","693.99","194.76","35%","139.00","N/A","https://imgcdn.mckesson.com/CumulusWeb/Images/Item_Detail/407058_left.jpg"
"gid://shopify/Product/us-3818","407104","Exam Stool McKesson With Backrest Pneumatic Height Adjustment 5 Casters Black","Wheelchairs","McKesson Brand","400.59","616.99","771.99","216.40","35%","155.00","N/A","https://imgcdn.mckesson.com/CumulusWeb/Images/Item_Detail/407104_left1.jpg"
"gid://shopify/Product/us-3819","1284693","All Purpose Stool Acton® Contoured Backrest Pneumatic Height Adjustment 5 Wheels Navy Blue","Wheelchairs","Market Lab Inc","742.46","1031.99","1289.99","289.53","28%","258.00","N/A","https://imgcdn.mckesson.com/CumulusWeb/Images/Item_Detail/1284693_left.jpg"
"gid://shopify/Product/us-3820","1126886","Evacuation Stair Chair","Wheelchairs","Fabrication Enterprises","424.19","652.99","816.99","228.80","35%","164.00","N/A","https://imgcdn.mckesson.com/CumulusWeb/Images/Item_Detail/1126886.jpg"
"gid://shopify/Product/us-3821","1134783","Evacuation Stair Chair","Wheelchairs","Fabrication Enterprises","1186.13","1647.99","2059.99","461.86","28%","412.00","N/A","https://imgcdn.mckesson.com/CumulusWeb/Images/Item_Detail/1134783.jpg"
"gid://shopify/Product/us-3822","1110648","Transport Stretcher Stryker® M-Series 1015 Adjustable Height 700 lbs. Weight Capacity","Wheelchairs","Gumbo Medical","2567.88","3566.99","4458.99","999.11","28%","892.00","N/A","https://imgcdn.mckesson.com/CumulusWeb/Images/Item_Detail/1110648_left.jpg"
"gid://shopify/Product/us-3823","1261871","Refurbished Stretcher Stryker® Prime Adjustable Height 700 lbs. Weight Capacity","Wheelchairs","Soma Technology","5004.46","6950.99","8688.99","1946.53","28%","1738.00","N/A","https://imgcdn.mckesson.com/CumulusWeb/Images/Item_Detail/1261871_left.jpg"
"gid://shopify/Product/us-3824","1277489","Wheelchair Traversa Transport Black Upholstery 20 Inch Seat Width Adult 450 lbs. Weight Capacity","Wheelchairs","Broda Enterprises Inc","7095.46","9854.99","12318.99","2759.53","28%","2464.00","N/A","https://imgcdn.mckesson.com/CumulusWeb/Images/Item_Detail/1277489_left.jpg"
"gid://shopify/Product/us-3825","1220192","Caster Wheel Med-Mizer Bed","Wheelchairs","Med-Mizer","74.60","124.99","156.99","50.39","40%","32.00","N/A","https://imgcdn.mckesson.com/CumulusWeb/Images/Item_Detail/1220192_front.jpg"
"gid://shopify/Product/us-3826","1228594","Reusable Underpad Cardinal Health™ Essentials 18 X 18 Inch Super Absorbent Core Moderate Absorbency","Wheelchairs","Cardinal","5.55","10.99","13.99","5.44","49%","3.00","N/A","https://imgcdn.mckesson.com/CumulusWeb/Images/Item_Detail/1228594_front.jpg"
"gid://shopify/Product/us-3827","1045753","Wheelchair Seat Cushion Incontinence Liner Incontinent Cover Pilot™ 18 X 18 Inch","Wheelchairs","Action Products","36.48","60.99","76.99","24.51","40%","16.00","N/A","https://imgcdn.mckesson.com/CumulusWeb/Images/Item_Detail/1045753.jpg"
"gid://shopify/Product/us-3828","1218110","Wheeled Stand for Vein Finder NextVein For NextVein Visualization System","Wheelchairs","NextVein LLC","826.28","1147.99","1434.99","321.71","28%","287.00","N/A","https://imgcdn.mckesson.com/CumulusWeb/Images/Item_Detail/1218110_side.jpg"
"gid://shopify/Product/us-3829","579669","Wheelchair Safety Vest For Wheelchair","Wheelchairs","Skil-Care","16.42","29.99","37.99","13.57","45%","8.00","N/A","https://imgcdn.mckesson.com/CumulusWeb/Images/Item_Detail/579669.jpg"
"gid://shopify/Product/us-3830","1076177","McKesson Walker Wheel For 1-inch Frame Diameter Walkers","Wheelchairs","McKesson Brand","7.19","13.99","17.99","6.80","49%","4.00","N/A","https://imgcdn.mckesson.com/CumulusWeb/Images/Item_Detail/1076177_ppkgleft.jpg"
"gid://shopify/Product/us-3831","338382","Walker Wheels, Fixed For Walker","Wheelchairs","Graham-Field","9.80","17.99","22.99","8.19","46%","5.00","N/A","https://imgcdn.mckesson.com/CumulusWeb/Images/Item_Detail/338382_left.jpg"
"gid://shopify/Product/us-3832","1078681","Rear Wheel Replacement","Wheelchairs","Graham-Field","10.41","18.99","23.99","8.58","45%","5.00","N/A","https://imgcdn.mckesson.com/CumulusWeb/Images/Item_Detail/1078681.jpg"
"gid://shopify/Product/us-3833","875591","drive™ Wheel Assembly For 726 Rollator","Wheelchairs","Drive DeVilbiss Healthcare","12.88","23.99","29.99","11.11","46%","6.00","N/A","https://imgcdn.mckesson.com/CumulusWeb/Images/Item_Detail/875591.jpg"
"gid://shopify/Product/us-3834","718382","Rear Wheel For Rollator","Wheelchairs","Drive DeVilbiss Healthcare","13.24","24.99","31.99","11.75","47%","7.00","N/A","https://imgcdn.mckesson.com/CumulusWeb/Images/Item_Detail/718382.jpg"
"gid://shopify/Product/us-3835","1049036","Rollator Handbrake and Cable For 10257 Four Wheel Rollator Walker with Fold Up Removable Back Support","Wheelchairs","Drive DeVilbiss Healthcare","15.56","28.99","36.99","13.43","46%","8.00","N/A","https://imgcdn.mckesson.com/CumulusWeb/Images/Item_Detail/1049036_side.jpg"
"gid://shopify/Product/us-3836","1180769","Walker Wheel For Walker","Wheelchairs","Nova Ortho-Med","16.22","29.99","37.99","13.77","46%","8.00","N/A","https://imgcdn.mckesson.com/CumulusWeb/Images/Item_Detail/1180769_group.jpg"
"gid://shopify/Product/us-3837","455161","Walker Wheels For Walker","Wheelchairs","Graham-Field","18.92","34.99","43.99","16.07","46%","9.00","N/A","https://imgcdn.mckesson.com/CumulusWeb/Images/Item_Detail/455161_left.jpg"
"gid://shopify/Product/us-3838","732978","drive™ Extension Leg with Wheel For Walker","Wheelchairs","Drive DeVilbiss Healthcare","20.60","37.99","47.99","17.39","46%","10.00","N/A","https://imgcdn.mckesson.com/CumulusWeb/Images/Item_Detail/732978_pkgleft.jpg"
"gid://shopify/Product/us-3839","740957","Lumex® Fixed Wheel For Walker","Wheelchairs","Graham-Field","22.98","41.99","52.99","19.01","45%","11.00","N/A","https://imgcdn.mckesson.com/CumulusWeb/Images/Item_Detail/740957_right.jpg"
"gid://shopify/Product/us-3840","1027782","Rollator Handle Bar Assembly For R800 steel Rollator With 6 Inch Wheel","Wheelchairs","Drive DeVilbiss Healthcare","23.39","42.99","53.99","19.60","46%","11.00","N/A","https://imgcdn.mckesson.com/CumulusWeb/Images/Item_Detail/1027782.jpg"
"gid://shopify/Product/us-3841","1027780","2M Serial # Rollator Brake Assembly For R800 steel Rollator With 6 Inch Wheel","Wheelchairs","Drive DeVilbiss Healthcare","23.39","42.99","53.99","19.60","46%","11.00","N/A","https://imgcdn.mckesson.com/CumulusWeb/Images/Item_Detail/1027780.jpg"
"gid://shopify/Product/us-3842","628258","drive™ Wheel With Brake For Walker","Wheelchairs","Drive DeVilbiss Healthcare","24.92","45.99","57.99","21.07","46%","12.00","N/A","https://imgcdn.mckesson.com/CumulusWeb/Images/Item_Detail/628258.jpg"
"gid://shopify/Product/us-3843","691932","drive™ Walker Wheels For Bariatric Walker","Wheelchairs","Drive DeVilbiss Healthcare","25.96","47.99","59.99","22.03","46%","12.00","N/A","https://imgcdn.mckesson.com/CumulusWeb/Images/Item_Detail/691932_left.jpg"
"gid://shopify/Product/us-3844","686749","drive™ Swivel Wheel For Walker","Wheelchairs","Drive DeVilbiss Healthcare","29.35","53.99","67.99","24.64","46%","14.00","N/A","https://imgcdn.mckesson.com/CumulusWeb/Images/Item_Detail/686749_1.jpg"
"gid://shopify/Product/us-3845","852331","4 Wheel Rollator drive™ Blue Adjustable Height / Folding Aluminum Frame","Wheelchairs","Drive DeVilbiss Healthcare","91.68","152.99","191.99","61.31","40%","39.00","N/A","https://imgcdn.mckesson.com/CumulusWeb/Images/Item_Detail/852331_left.jpg"
"gid://shopify/Product/us-3846","811729","3 Wheel Rollator drive™ Deluxe Flame Blue Adjustable Height / Folding Aluminum Frame","Wheelchairs","Drive DeVilbiss Healthcare","112.40","172.99","216.99","60.59","35%","44.00","N/A","https://imgcdn.mckesson.com/CumulusWeb/Images/Item_Detail/811729_left.jpg"
"gid://shopify/Product/us-3847","1018845","Wheelchair Tote Bag 2M Serial # For 795 Duet Transport Wheelchair Rollator Walker","Wheelchairs","Drive DeVilbiss Healthcare","16.69","30.99","38.99","14.30","46%","8.00","N/A","https://imgcdn.mckesson.com/CumulusWeb/Images/Item_Detail/1018845.jpg"
"gid://shopify/Product/us-3848","1281765","Dual Trigger Release Folding Walker with Wheels Adjustable Height MedaCure® Aluminum Frame 350 lbs. Weight Capacity 25 to 32 Inch Height","Wheelchairs","Medacure Inc","22.19","40.99","51.99","18.80","46%","11.00","N/A","https://imgcdn.mckesson.com/CumulusWeb/Images/Item_Detail/1281765_left.jpg"
"gid://shopify/Product/us-3849","1281764","Dual Release Walker with Wheels MedaCure® Aluminum Frame 350 lbs. Weight Capacity 25 to 32 Inch Height","Wheelchairs","Medacure Inc","23.37","42.99","53.99","19.62","46%","11.00","N/A","https://imgcdn.mckesson.com/CumulusWeb/Images/Item_Detail/1281764_left.jpg"
"gid://shopify/Product/us-3850","1281762","Dual Release Folding Walker MedaCure®","Wheelchairs","Medacure Inc","24.12","43.99","54.99","19.87","45%","11.00","N/A","https://imgcdn.mckesson.com/CumulusWeb/Images/Item_Detail/1281762_left.jpg"
"gid://shopify/Product/us-3851","1281756","Dual Release Walker with Wheels Paddle Type MedaCure® Aluminum Frame 400 lbs. Weight Capacity 30 to 39 Inch Height","Wheelchairs","Medacure Inc","25.23","45.99","57.99","20.76","45%","12.00","N/A","https://imgcdn.mckesson.com/CumulusWeb/Images/Item_Detail/1281756_left.jpg"
"gid://shopify/Product/us-3852","1128908","Dual Release Folding Walker with Wheels Adjustable Height McKesson Aluminum Frame 350 lbs. Weight Capacity 25 to 32-1/4 Inch Height","Wheelchairs","McKesson Brand","28.18","51.99","64.99","23.81","46%","13.00","N/A","https://imgcdn.mckesson.com/CumulusWeb/Images/Item_Detail/1128908_left_.jpg"
"gid://shopify/Product/us-3853","1076176","Dual Release Folding Walker with Wheels Adjustable Height McKesson Aluminum Frame 350 lbs. Weight Capacity 32 to 39 Inch Height","Wheelchairs","McKesson Brand","29.90","54.99","68.99","25.09","46%","14.00","N/A","https://imgcdn.mckesson.com/CumulusWeb/Images/Item_Detail/1076176_left.jpg"
"gid://shopify/Product/us-3854","1281804","Dual Release Walker with Wheels Paddle Type MedaCure® Aluminum Frame 300 lbs. Weight Capacity 30 to 37 Inch Height","Wheelchairs","Medacure Inc","31.98","53.99","67.99","22.01","41%","14.00","N/A","https://imgcdn.mckesson.com/CumulusWeb/Images/Item_Detail/1281804_left.jpg"
"gid://shopify/Product/us-3855","1281803","Dual Release Walker with Wheels Paddle Type MedaCure® Aluminum Frame 300 lbs. Weight Capacity 30 to 37 Inch Height","Wheelchairs","Medacure Inc","31.98","53.99","67.99","22.01","41%","14.00","N/A","https://imgcdn.mckesson.com/CumulusWeb/Images/Item_Detail/1281803_left.jpg"
"gid://shopify/Product/us-3856","1281801","Dual Release Walker with Wheels Paddle Type MedaCure® Aluminum Frame 300 lbs. Weight Capacity 30 to 37 Inch Height","Wheelchairs","Medacure Inc","31.98","53.99","67.99","22.01","41%","14.00","N/A","https://imgcdn.mckesson.com/CumulusWeb/Images/Item_Detail/1281801_left.jpg"
"gid://shopify/Product/us-3857","1281802","Dual Release Walker with Wheels Paddle Type MedaCure® Aluminum Frame 300 lbs. Weight Capacity 30 to 37 Inch Height","Wheelchairs","Medacure Inc","31.98","53.99","67.99","22.01","41%","14.00","N/A","https://imgcdn.mckesson.com/CumulusWeb/Images/Item_Detail/12818021_left.jpg"
"gid://shopify/Product/us-3858","1281763","Bariatric Dual Release Folding Walker MedaCure®","Wheelchairs","Medacure Inc","34.12","56.99","71.99","22.87","40%","15.00","N/A","https://imgcdn.mckesson.com/CumulusWeb/Images/Item_Detail/1281763_left.jpg"
"gid://shopify/Product/us-3859","1281760","Dual Release Folding Walker with Wheels Paddle Type MedaCure® Aluminum Frame 400 lbs. Weight Capacity 30 to 39 Inch Height","Wheelchairs","Medacure Inc","35.57","59.99","74.99","24.42","41%","15.00","N/A","https://imgcdn.mckesson.com/CumulusWeb/Images/Item_Detail/1281760_back.jpg"
"gid://shopify/Product/us-3860","1281759","Dual Release Folding Walker with Wheels Paddle Type MedaCure® Aluminum Frame 400 lbs. Weight Capacity 30 to 39 Inch Height","Wheelchairs","Medacure Inc","35.57","59.99","74.99","24.42","41%","15.00","N/A","https://imgcdn.mckesson.com/CumulusWeb/Images/Item_Detail/1281759_back.jpg"
"gid://shopify/Product/us-3861","1281758","Dual Release Folding Walker with Wheels Paddle Type MedaCure® Aluminum Frame 400 lbs. Weight Capacity 30 to 39 Inch Height","Wheelchairs","Medacure Inc","35.57","59.99","74.99","24.42","41%","15.00","N/A","https://imgcdn.mckesson.com/CumulusWeb/Images/Item_Detail/1281758_back.jpg"
"gid://shopify/Product/us-3862","1281761","Dual Release Folding Walker with Wheels Paddle Type MedaCure® Aluminum Frame 400 lbs. Weight Capacity 30 to 39 Inch Height","Wheelchairs","Medacure Inc","35.57","59.99","74.99","24.42","41%","15.00","N/A","https://imgcdn.mckesson.com/CumulusWeb/Images/Item_Detail/1281761_back.jpg"
"gid://shopify/Product/us-3863","1281757","Bariatric Dual Release Folding Walker with Wheels MedaCure® Steel Frame 600 lbs. Weight Capacity 32 to 39 Inch Height","Wheelchairs","Medacure Inc","37.57","62.99","78.99","25.42","40%","16.00","N/A","https://imgcdn.mckesson.com/CumulusWeb/Images/Item_Detail/1281757_left.jpg"
"gid://shopify/Product/us-3864","797414","Dual Release Folding Walker Paddle Type Carex® Aluminum Frame 300 lbs. Weight Capacity 30 to 37 Inch Height","Wheelchairs","Medical Grade","38.15","63.99","79.99","25.84","40%","16.00","N/A","https://imgcdn.mckesson.com/CumulusWeb/Images/Item_Detail/797414_1.jpg"
"gid://shopify/Product/us-3865","741917","Dual Trigger Release Folding Walker with Wheels Adjustable Height drive™ Aluminum Frame 350 lbs. Weight Capacity 32 to 39 Inch Height","Wheelchairs","Drive DeVilbiss Healthcare","38.75","64.99","81.99","26.24","40%","17.00","N/A","https://imgcdn.mckesson.com/CumulusWeb/Images/Item_Detail/741917_left.jpg"
"gid://shopify/Product/us-3866","950847","4 Wheel Rollator Blue Folding Steel Frame","Wheelchairs","Drive DeVilbiss Healthcare","42.44","70.99","88.99","28.55","40%","18.00","N/A","https://imgcdn.mckesson.com/CumulusWeb/Images/Item_Detail/950847_left.jpg"
"gid://shopify/Product/us-3867","1055317","Dual Release Folding Walker with Wheels Adjustable Height Carex® Aluminum Frame 300 lbs. Weight Capacity 30 to 37 Inch Height","Wheelchairs","Medical Grade","43.32","72.99","91.99","29.67","41%","19.00","N/A","https://imgcdn.mckesson.com/CumulusWeb/Images/Item_Detail/1055317.jpg"
"gid://shopify/Product/us-3868","1027532","Dual Release Folding Walker with Wheels and Seat Adjustable Height drive™ Aluminum Frame 300 lbs. Weight Capacity 29 to 38 Inch Height","Wheelchairs","Drive DeVilbiss Healthcare","50.24","83.99","104.99","33.75","40%","21.00","N/A","https://imgcdn.mckesson.com/CumulusWeb/Images/Item_Detail/1027532_left.jpg"
"gid://shopify/Product/us-3869","937899","Measuring Wheel Feet and Meters","Wheelchairs","Performance Health","53.38","88.99","111.99","35.61","40%","23.00","N/A","https://imgcdn.mckesson.com/CumulusWeb/Images/Item_Detail/937899.jpg"
"gid://shopify/Product/us-3870","860336","Dual Release Folding Walker with Wheels Adjustable Height Lumex® Everyday Aluminum Frame 300 lbs. Weight Capacity 32 to 39 Inch Height","Wheelchairs","Graham-Field","54.06","90.99","113.99","36.93","41%","23.00","N/A","https://imgcdn.mckesson.com/CumulusWeb/Images/Item_Detail/860336_right.jpg"
"gid://shopify/Product/us-3871","1065262","Bariatric Dual Release Folding Walker Adjustable Height McKesson Steel Frame 500 lbs. Weight Capacity 32-1/2 to 39 Inch Height","Wheelchairs","McKesson Brand","59.91","99.99","124.99","40.08","40%","25.00","N/A","https://imgcdn.mckesson.com/CumulusWeb/Images/Item_Detail/1065262_left.jpg"
"gid://shopify/Product/us-3872","1196512","4 Wheel Rollator drive™ Blue Adjustable Height / Folding Steel Frame","Wheelchairs","Drive DeVilbiss Healthcare","60.63","101.99","127.99","41.36","41%","26.00","N/A","https://imgcdn.mckesson.com/CumulusWeb/Images/Item_Detail/1196512_left.jpg"
"gid://shopify/Product/us-3873","1065268","4 Wheel Rollator McKesson Red Adjustable Height / Folding Steel Frame","Wheelchairs","McKesson Brand","62.75","104.99","131.99","42.24","40%","27.00","N/A","https://imgcdn.mckesson.com/CumulusWeb/Images/Item_Detail/1065268_left.jpg"
"gid://shopify/Product/us-3874","1065269","4 Wheel Rollator McKesson Blue Adjustable Height / Folding Steel Frame","Wheelchairs","McKesson Brand","62.75","104.99","131.99","42.24","40%","27.00","N/A","https://imgcdn.mckesson.com/CumulusWeb/Images/Item_Detail/1065269_right_.jpg"
"gid://shopify/Product/us-3875","802176","Dual Release Folding Walker with Wheels Adjustable Height Lumex® Everyday Aluminum Frame 300 lbs. Weight Capacity 25-1/2 to 32-1/2 Inch Height","Wheelchairs","Graham-Field","66.22","110.99","138.99","44.77","40%","28.00","N/A","https://imgcdn.mckesson.com/CumulusWeb/Images/Item_Detail/802176_right.jpg"
"gid://shopify/Product/us-3876","1065265","4 Wheel Rollator McKesson Green Adjustable Height / Folding Aluminum Frame","Wheelchairs","McKesson Brand","67.86","113.99","142.99","46.13","40%","29.00","N/A","https://imgcdn.mckesson.com/CumulusWeb/Images/Item_Detail/1065265_front.jpg"
"gid://shopify/Product/us-3877","1065263","4 Wheel Rollator McKesson Red Adjustable Height / Folding Aluminum Frame","Wheelchairs","McKesson Brand","68.02","113.99","142.99","45.97","40%","29.00","N/A","https://imgcdn.mckesson.com/CumulusWeb/Images/Item_Detail/1065263_left.jpg"
"gid://shopify/Product/us-3878","1234395","Dual Release Folding Walker Protekt® Steel Frame 350 lbs. Weight Capacity","Wheelchairs","Proactive Medical Products LLC","68.03","113.99","142.99","45.96","40%","29.00","N/A","https://imgcdn.mckesson.com/CumulusWeb/Images/Item_Detail/1234395_left.jpg"
"gid://shopify/Product/us-3879","1065264","4 Wheel Rollator McKesson Blue Adjustable Height / Folding Aluminum Frame","Wheelchairs","McKesson Brand","68.35","113.99","142.99","45.64","40%","29.00","N/A","https://imgcdn.mckesson.com/CumulusWeb/Images/Item_Detail/1065264_left.jpg"
"gid://shopify/Product/us-3880","1065266","4 Wheel Rollator McKesson Black Adjustable Height / Folding Aluminum Frame","Wheelchairs","McKesson Brand","68.71","114.99","143.99","46.28","40%","29.00","N/A","https://imgcdn.mckesson.com/CumulusWeb/Images/Item_Detail/1065266_right.jpg"
"gid://shopify/Product/us-3881","1065267","4 Wheel Rollator McKesson Silver Adjustable Height / Folding Aluminum Frame","Wheelchairs","McKesson Brand","74.82","124.99","156.99","50.17","40%","32.00","N/A","https://imgcdn.mckesson.com/CumulusWeb/Images/Item_Detail/1065267_left.jpg"
"gid://shopify/Product/us-3882","798886","Dual Release Folding Walker with Wheels Adjustable Height Aluminum Frame 350 lbs. Weight Capacity 32 to 39 Inch Height","Wheelchairs","Fabrication Enterprises","77.04","128.99","161.99","51.95","40%","33.00","N/A","https://imgcdn.mckesson.com/CumulusWeb/Images/Item_Detail/798886.jpg"
"gid://shopify/Product/us-3883","1055301","4 Wheel Rollator Carex® Classics Blue Adjustable Height / Folding Aluminum Frame","Wheelchairs","Medical Grade","78.54","130.99","163.99","52.45","40%","33.00","N/A","https://imgcdn.mckesson.com/CumulusWeb/Images/Item_Detail/1055301.jpg"
"gid://shopify/Product/us-3884","1065261","Bariatric Dual Release Folding Walker with Wheels Adjustable Height McKesson Steel Frame 500 lbs. Weight Capacity 32 to 39 Inch Height","Wheelchairs","McKesson Brand","79.98","133.99","167.99","54.01","40%","34.00","N/A","https://imgcdn.mckesson.com/CumulusWeb/Images/Item_Detail/1065261_left.jpg"
"gid://shopify/Product/us-3885","797022","Dual Release Folding Walker with Wheels Adjustable Height Lumex® ColorSelect® Aluminum Frame 300 lbs. Weight Capacity 32 to 39 Inch Height","Wheelchairs","Graham-Field","86.50","144.99","181.99","58.49","40%","37.00","N/A","https://imgcdn.mckesson.com/CumulusWeb/Images/Item_Detail/797022_right.jpg"
"gid://shopify/Product/us-3886","1095248","4 Wheel Rollator McKesson Red Adjustable Height / Folding Aluminum Frame","Wheelchairs","McKesson Brand","87.09","145.99","182.99","58.90","40%","37.00","N/A","https://imgcdn.mckesson.com/CumulusWeb/Images/Item_Detail/1095248_left.jpg"
"gid://shopify/Product/us-3887","988491","Bariatric Dual Release Folding Walker with Wheels Adjustable Height Lumex® Imperial Collection Aluminum Frame 600 lbs. Weight Capacity 33 to 40 Inch Height","Wheelchairs","Graham-Field","87.85","146.99","183.99","59.14","40%","37.00","N/A","https://imgcdn.mckesson.com/CumulusWeb/Images/Item_Detail/988491.jpg"
"gid://shopify/Product/us-3888","1128891","Dual Release Folding Walker with Wheels Adjustable Height McKesson Steel Frame 350 lbs. Weight Capacity 32 to 39 Inch Height","Wheelchairs","McKesson Brand","90.77","151.99","189.99","61.22","40%","38.00","N/A","https://imgcdn.mckesson.com/CumulusWeb/Images/Item_Detail/1128891_left_.jpg"
"gid://shopify/Product/us-3889","1129939","Bariatric Dual Release Folding Walker with Wheels Adjustable Height drive™ Steel Frame 500 lbs. Weight Capacity 32 to 39 Inch Height","Wheelchairs","Drive DeVilbiss Healthcare","91.11","151.99","189.99","60.88","40%","38.00","N/A","https://imgcdn.mckesson.com/CumulusWeb/Images/Item_Detail/1129939_left1.jpg"
"gid://shopify/Product/us-3890","809610","3 Wheel Rollator drive™ Deluxe Flame Red Adjustable Height / Folding Aluminum Frame","Wheelchairs","Drive DeVilbiss Healthcare","95.21","158.99","198.99","63.78","40%","40.00","N/A","https://imgcdn.mckesson.com/CumulusWeb/Images/Item_Detail/809610_left.jpg"
"gid://shopify/Product/us-3891","1065270","Bariatric 4 Wheel Rollator McKesson Blue Adjustable Height / Heavy Duty / Folding Steel Frame","Wheelchairs","McKesson Brand","96.77","161.99","202.99","65.22","40%","41.00","N/A","https://imgcdn.mckesson.com/CumulusWeb/Images/Item_Detail/1065270_right.jpg"
"gid://shopify/Product/us-3892","950969","3 Wheel Rollator Carex® Marbled Blue Adjustable Height / Lightweight / Folding Aluminum Frame","Wheelchairs","Medical Grade","100.85","155.99","194.99","55.14","35%","39.00","N/A","https://imgcdn.mckesson.com/CumulusWeb/Images/Item_Detail/950969.jpg"
"gid://shopify/Product/us-3893","583547","Dual Trigger Release Folding Walker with Wheels and Seat Adjustable Height Clever-Lite LS Aluminum Frame 300 lbs. Weight Capacity 29-1/2 to 39 Inch Height","Wheelchairs","Drive DeVilbiss Healthcare","102.03","156.99","196.99","54.96","35%","40.00","N/A","https://imgcdn.mckesson.com/CumulusWeb/Images/Item_Detail/583547_left.jpg"
"gid://shopify/Product/us-3894","1088077","Dual Release Folding Walker with Wheels Adjustable Height McKesson Aluminum Frame 350 lbs. Weight Capacity 25 to 32-1/4 Inch Height","Wheelchairs","McKesson Brand","104.97","161.99","202.99","57.02","35%","41.00","N/A","https://imgcdn.mckesson.com/CumulusWeb/Images/Item_Detail/1088077_left.jpg"
"gid://shopify/Product/us-3895","1065271","Bariatric 4 Wheel Rollator McKesson Red Adjustable Height / Heavy Duty / Folding Steel Frame","Wheelchairs","McKesson Brand","108.88","167.99","209.99","59.11","35%","42.00","N/A","https://imgcdn.mckesson.com/CumulusWeb/Images/Item_Detail/1065271_right.jpg"
"gid://shopify/Product/us-3896","930809","Folding Walker with Wheels Adjustable Height EZ Fold-N-Go Aluminum Frame 400 lbs. Weight Capacity 32 to 38-1/2 Inch Height","Wheelchairs","Stander","109.69","168.99","211.99","59.30","35%","43.00","N/A","https://imgcdn.mckesson.com/CumulusWeb/Images/Item_Detail/930809.jpg"
"gid://shopify/Product/us-3897","679356","Dual Release Folding Walker with Wheels and Seat Adjustable Height Cruiser II Aluminum Frame 250 lbs. Weight Capacity 31 to 35-1/4 Inch Height","Wheelchairs","Nova Ortho-Med","112.18","172.99","216.99","60.81","35%","44.00","N/A","https://imgcdn.mckesson.com/CumulusWeb/Images/Item_Detail/679356.jpg"
"gid://shopify/Product/us-3898","700917","4 Wheel Rollator drive™ Red Adjustable Height / Folding Aluminum Frame","Wheelchairs","Drive DeVilbiss Healthcare","116.98","179.99","224.99","63.01","35%","45.00","N/A","https://imgcdn.mckesson.com/CumulusWeb/Images/Item_Detail/700917.jpg"
"gid://shopify/Product/us-3899","1130381","3 Wheel Rollator Traveler® Black Adjustable Height / Folding Aluminum Frame","Wheelchairs","Nova Ortho-Med","117.58","180.99","226.99","63.41","35%","46.00","N/A","https://imgcdn.mckesson.com/CumulusWeb/Images/Item_Detail/1130381_right.jpg"
"gid://shopify/Product/us-3900","1168334","3 Wheel Rollator Traveler® Blue Adjustable Height / Folding Aluminum Frame","Wheelchairs","Nova Ortho-Med","117.58","180.99","226.99","63.41","35%","46.00","N/A","https://imgcdn.mckesson.com/CumulusWeb/Images/Item_Detail/1168334_right.jpg"
"gid://shopify/Product/us-3901","709425","4 Wheel Rollator GetGO Petite Blue Adjustable Height / Folding Aluminum Frame","Wheelchairs","Nova Ortho-Med","120.28","185.99","232.99","65.71","35%","47.00","N/A","https://imgcdn.mckesson.com/CumulusWeb/Images/Item_Detail/709425_right.jpg"
"gid://shopify/Product/us-3902","670424","Dual Release Folding Walker with Wheels Adjustable Height Lumex® Everyday Aluminum Frame 300 lbs. Weight Capacity 32 to 39 Inch Height","Wheelchairs","Graham-Field","121.64","187.99","234.99","66.35","35%","47.00","N/A","https://imgcdn.mckesson.com/CumulusWeb/Images/Item_Detail/670424_right.jpg"
"gid://shopify/Product/us-3903","1031618","Dual Release Folding Walker with Wheels Adjustable Height drive™ Steel Frame 350 lbs. Weight Capacity 21 to 32 Inch Height","Wheelchairs","Drive DeVilbiss Healthcare","123.46","189.99","237.99","66.53","35%","48.00","N/A","https://imgcdn.mckesson.com/CumulusWeb/Images/Item_Detail/1031618.jpg"
"gid://shopify/Product/us-3904","934440","4 Wheel Rollator GetGO Classic Blue Adjustable Height / Folding Aluminum Frame","Wheelchairs","Nova Ortho-Med","124.34","191.99","239.99","67.65","35%","48.00","N/A","https://imgcdn.mckesson.com/CumulusWeb/Images/Item_Detail/934440_left.jpg"
"gid://shopify/Product/us-3905","1095352","4 Wheel Rollator HealthSmart® Gateway Purple Adjustable Height / Lightweight / Folding Aluminum Frame","Wheelchairs","Mabis Healthcare","126.75","194.99","243.99","68.24","35%","49.00","N/A","https://imgcdn.mckesson.com/CumulusWeb/Images/Item_Detail/1095352_right.jpg"
"gid://shopify/Product/us-3906","526314","4 Wheel Rollator Carex® Red Adjustable Height / Folding Aluminum Frame","Wheelchairs","Medical Grade","128.11","197.99","247.99","69.88","35%","50.00","N/A","https://imgcdn.mckesson.com/CumulusWeb/Images/Item_Detail/526314.jpg"
"gid://shopify/Product/us-3907","1073638","Dual Release Folding Walker with Wheels Adjustable Height McKesson Aluminum Frame 350 lbs. Weight Capacity 32 to 39 Inch Height","Wheelchairs","McKesson Brand","129.79","199.99","249.99","70.20","35%","50.00","N/A","https://imgcdn.mckesson.com/CumulusWeb/Images/Item_Detail/1073638_left.jpg"
"gid://shopify/Product/us-3908","835134","Dual Release Folding Walker with Wheels Adjustable Height Carex® Classics Aluminum Frame 300 lbs. Weight Capacity 31-3/4 to 37-3/4 Inch Height","Wheelchairs","Medical Grade","132.23","203.99","254.99","71.76","35%","51.00","N/A","https://imgcdn.mckesson.com/CumulusWeb/Images/Item_Detail/835134_1.jpg"
"gid://shopify/Product/us-3909","1160543","4 Wheel Rollator Zoom 22 Black Adjustable Height / Folding Aluminum Frame","Wheelchairs","Nova Ortho-Med","141.91","218.99","273.99","77.08","35%","55.00","N/A","https://imgcdn.mckesson.com/CumulusWeb/Images/Item_Detail/1160543_left.jpg"
"gid://shopify/Product/us-3910","1146643","4 Wheel Rollator Zoom 20 Purple Adjustable Height / Folding Aluminum Frame","Wheelchairs","Nova Ortho-Med","141.91","218.99","273.99","77.08","35%","55.00","N/A","https://imgcdn.mckesson.com/CumulusWeb/Images/Item_Detail/1146643_left.jpg"
"gid://shopify/Product/us-3911","1128894","Knee Walker Adjustable Height McKesson Steel Frame 350 lbs. Weight Capacity 31 to 40 Inch Height","Wheelchairs","McKesson Brand","151.63","233.99","292.99","82.36","35%","59.00","N/A","https://imgcdn.mckesson.com/CumulusWeb/Images/Item_Detail/1128894_left.jpg"
"gid://shopify/Product/us-3912","1109905","4 Wheel Rollator Luxe White Adjustable Height / Lightweight / Wide / Folding","Wheelchairs","Medline","155.87","239.99","299.99","84.12","35%","60.00","N/A","https://imgcdn.mckesson.com/CumulusWeb/Images/Item_Detail/1109905.jpg"
"gid://shopify/Product/us-3913","796564","Bariatric Dual Release Folding Walker with Wheels Adjustable Height Standard Aluminum Frame 500 lbs. Weight Capacity 33-1/2 to 43-1/2 Inch Height","Wheelchairs","Medline","157.28","241.99","302.99","84.71","35%","61.00","N/A","https://imgcdn.mckesson.com/CumulusWeb/Images/Item_Detail/796564_right.jpg"
"gid://shopify/Product/us-3914","706032","4 Wheel Rollator drive™ Clever-Lite Blue Adjustable Height / Folding Aluminum Frame","Wheelchairs","Drive DeVilbiss Healthcare","157.84","242.99","303.99","85.15","35%","61.00","N/A","https://imgcdn.mckesson.com/CumulusWeb/Images/Item_Detail/706032.jpg"
"gid://shopify/Product/us-3915","693600","4 Wheel Rollator / Transport Chair drive™ Duet Blue Adjustable Height / Transport / Folding Aluminum Frame","Wheelchairs","Drive DeVilbiss Healthcare","176.83","272.99","341.99","96.16","35%","69.00","N/A","https://imgcdn.mckesson.com/CumulusWeb/Images/Item_Detail/693600_left.jpg"
"gid://shopify/Product/us-3916","680185","4 Wheel Rollator / Transport Chair drive™ Duet Black Adjustable Height / Transport / Folding Aluminum Frame","Wheelchairs","Drive DeVilbiss Healthcare","176.83","272.99","341.99","96.16","35%","69.00","N/A","https://imgcdn.mckesson.com/CumulusWeb/Images/Item_Detail/680185_left.jpg"
"gid://shopify/Product/us-3917","507636","Dual Release Folding Walker with Wheels Adjustable Height Medline Aluminum Frame 300 lbs. Weight Capacity 32-1/2 to 38-1/2 Inch Height","Wheelchairs","Medline","177.74","273.99","342.99","96.25","35%","69.00","N/A","https://imgcdn.mckesson.com/CumulusWeb/Images/Item_Detail/507636_front.jpg"
"gid://shopify/Product/us-3918","851757","4 Wheel Rollator / Transport Chair drive™ Duet Burgundy Adjustable Height / Transport / Folding Aluminum Frame","Wheelchairs","Drive DeVilbiss Healthcare","177.79","273.99","342.99","96.20","35%","69.00","N/A","https://imgcdn.mckesson.com/CumulusWeb/Images/Item_Detail/851757_left.jpg"
"gid://shopify/Product/us-3919","1095350","4 Wheel Rollator DMI® Burgundy Adjustable Height / Lightweight / Wide / Heavy Duty / Folding Aluminum Frame","Wheelchairs","Mabis Healthcare","206.17","317.99","397.99","111.82","35%","80.00","N/A","https://imgcdn.mckesson.com/CumulusWeb/Images/Item_Detail/1095350_right.jpg"
"gid://shopify/Product/us-3920","1219801","4 Wheel Rollator drive™ Upright Walker Blue Adjustable Height Aluminum Frame","Wheelchairs","Drive DeVilbiss Healthcare","220.68","339.99","424.99","119.31","35%","85.00","N/A","https://imgcdn.mckesson.com/CumulusWeb/Images/Item_Detail/1219801_left.jpg"
"gid://shopify/Product/us-3921","876606","4 Wheel Rollator drive™ Nitro Black Adjustable Height / Folding Aluminum Frame","Wheelchairs","Drive DeVilbiss Healthcare","241.79","371.99","464.99","130.20","35%","93.00","N/A","https://imgcdn.mckesson.com/CumulusWeb/Images/Item_Detail/876606_left_.jpg"
"gid://shopify/Product/us-3922","873746","4 Wheel Rollator drive™ Nitro Red Adjustable Height / Folding Aluminum Frame","Wheelchairs","Drive DeVilbiss Healthcare","241.79","371.99","464.99","130.20","35%","93.00","N/A","https://imgcdn.mckesson.com/CumulusWeb/Images/Item_Detail/873746_left.jpg"
"gid://shopify/Product/us-3923","852911","Knee Walker Adjustable Height Nova Aluminum Frame 300 lbs. Weight Capacity 31-1/4 to 37-1/4 Inch Height","Wheelchairs","Nova Ortho-Med","243.27","374.99","468.99","131.72","35%","94.00","N/A","https://imgcdn.mckesson.com/CumulusWeb/Images/Item_Detail/852911_right.jpg"
"gid://shopify/Product/us-3924","515034","Dual Release Folding Walker with Wheels Adjustable Height Lumex® Aluminum Frame 300 lbs. Weight Capacity 34-1/2 to 41-1/2 Inch Height","Wheelchairs","Graham-Field","256.79","395.99","494.99","139.20","35%","99.00","N/A","https://imgcdn.mckesson.com/CumulusWeb/Images/Item_Detail/515034_right.jpg"
"gid://shopify/Product/us-3925","948135","Dual Release Folding Walker with Wheels Adjustable Height Aluminum Frame 350 lbs. Weight Capacity 32 to 39 Inch Height","Wheelchairs","Fabrication Enterprises","285.85","439.99","549.99","154.14","35%","110.00","N/A","https://imgcdn.mckesson.com/CumulusWeb/Images/Item_Detail/948135.jpg"
"gid://shopify/Product/us-3926","1113849","Posterior Walker with Wheels Adjustable Height Nimbo Aluminum Frame 190 lbs. Weight Capacity 28 to 36 Inch Height","Wheelchairs","Drive DeVilbiss Healthcare","289.37","445.99","557.99","156.62","35%","112.00","N/A","https://imgcdn.mckesson.com/CumulusWeb/Images/Item_Detail/1113849_left.jpg"
"gid://shopify/Product/us-3927","1042696","4 Wheel Rollator drive™ Nitro DLX Champagne Adjustable Height / Lightweight / Folding Aluminum Frame","Wheelchairs","Drive DeVilbiss Healthcare","316.66","487.99","609.99","171.33","35%","122.00","N/A","https://imgcdn.mckesson.com/CumulusWeb/Images/Item_Detail/1042696.jpg"
"gid://shopify/Product/us-3928","558451","Bariatric Dual Release Folding Walker with Wheels Adjustable Height Tuffcare Aluminum Frame 700 lbs. Weight Capacity 34 to 38 Inch Height","Wheelchairs","Performance Health","324.50","499.99","624.99","175.49","35%","125.00","N/A","https://imgcdn.mckesson.com/CumulusWeb/Images/Item_Detail/558451.jpg"
"gid://shopify/Product/us-3929","930810","Folding Walker with Wheels Adjustable Height EZ Fold-N-Go Aluminum Frame 400 lbs. Weight Capacity 32 to 38-1/2 Inch Height","Wheelchairs","Stander","329.08","506.99","633.99","177.91","35%","127.00","N/A","https://imgcdn.mckesson.com/CumulusWeb/Images/Item_Detail/930810.jpg"
"gid://shopify/Product/us-3930","930807","Folding Walker with Wheels Adjustable Height EZ Fold-N-Go Aluminum Frame 400 lbs. Weight Capacity 32 to 38-1/2 Inch Height","Wheelchairs","Stander","329.08","506.99","633.99","177.91","35%","127.00","N/A","https://imgcdn.mckesson.com/CumulusWeb/Images/Item_Detail/930807.jpg"
"gid://shopify/Product/us-3931","499820","Bariatric Anterior Walker with Wheels Adjustable Height drive™ Anterior Safety Roller Steel Frame 500 lbs. Weight Capacity 29 to 36 Inch Height","Wheelchairs","Medical Grade","339.39","522.99","653.99","183.60","35%","131.00","N/A","https://imgcdn.mckesson.com/CumulusWeb/Images/Item_Detail/499820.jpg"
"gid://shopify/Product/us-3932","1057547","Posterior Walker with Wheels and Seat Adjustable Height Nimbo Aluminum Frame 190 lbs. Weight Capacity 28 to 36 Inch Height","Wheelchairs","Drive DeVilbiss Healthcare","394.01","606.99","758.99","212.98","35%","152.00","N/A","https://imgcdn.mckesson.com/CumulusWeb/Images/Item_Detail/1057547.jpg"
"gid://shopify/Product/us-3933","1081351","Bariatric 4 Wheel Rollator drive™ Nitro HD Black Adjustable Height / Lightweight / Folding Aluminum Frame","Wheelchairs","Drive DeVilbiss Healthcare","414.65","637.99","797.99","223.34","35%","160.00","N/A","https://imgcdn.mckesson.com/CumulusWeb/Images/Item_Detail/1081351_left.jpg"
"gid://shopify/Product/us-3934","780787","Platform Walker with Wheels Adjustable Height 400 Series PVC Frame 38 to 50 Inch Height","Wheelchairs","MJM International","417.99","643.99","804.99","226.00","35%","161.00","N/A","https://imgcdn.mckesson.com/CumulusWeb/Images/Item_Detail/780787.jpg"
"gid://shopify/Product/us-3935","832156","Walker Chair Adjustable Height Combo Walker PVC Frame 300 lbs. Weight Capacity 37-1/2 to 44-1/2 Inch Height","Wheelchairs","IPU","454.11","698.99","873.99","244.88","35%","175.00","N/A","https://imgcdn.mckesson.com/CumulusWeb/Images/Item_Detail/832156_left.jpg"
"gid://shopify/Product/us-3936","692164","Walker Chair Adjustable Height Ultimate PVC Frame 300 lbs. Weight Capacity 29 to 35 Inch Height","Wheelchairs","IPU","460.87","709.99","887.99","249.12","35%","178.00","N/A","https://imgcdn.mckesson.com/CumulusWeb/Images/Item_Detail/692164_left.jpg"
"gid://shopify/Product/us-3937","707153","Seat Cushion Span America 16 W X 16 L X 3 D Inch Polyurethane","Wheelchairs","Span America","8.51","15.99","19.99","7.48","47%","4.00","N/A","https://imgcdn.mckesson.com/CumulusWeb/Images/Item_Detail/707153_right.jpg"
"gid://shopify/Product/us-3938","1180869","Foot Elevator For Wheelchair","Wheelchairs","Nova Ortho-Med","10.14","18.99","23.99","8.85","47%","5.00","N/A","https://imgcdn.mckesson.com/CumulusWeb/Images/Item_Detail/1180869_right.jpg"
"gid://shopify/Product/us-3939","1218743","Seat Cushion Protekt® 18 W X 16 L X 2 D Inch Polyurethane","Wheelchairs","Proactive Medical Products LLC","11.68","21.99","27.99","10.31","47%","6.00","N/A","https://imgcdn.mckesson.com/CumulusWeb/Images/Item_Detail/1218743_right.jpg"
"gid://shopify/Product/us-3940","1065579","Seat Cushion McKesson 16 W X 16 L X 3 D Inch Polyurethane","Wheelchairs","McKesson Brand","13.70","24.99","31.99","11.29","45%","7.00","N/A","https://imgcdn.mckesson.com/CumulusWeb/Images/Item_Detail/1065579_front.jpg"
"gid://shopify/Product/us-3941","1137949","Coccyx Relief Seat Cushion Protekt® 20 W X 18 L X 3 D Inch Foam","Wheelchairs","Proactive Medical Products LLC","15.03","27.99","34.99","12.96","46%","7.00","N/A","https://imgcdn.mckesson.com/CumulusWeb/Images/Item_Detail/1137949_right.jpg"
"gid://shopify/Product/us-3942","1065553","Seat Cushion McKesson 20 W X 16 L X 3 D Inch Polyurethane","Wheelchairs","McKesson Brand","15.53","28.99","36.99","13.46","46%","8.00","N/A","https://imgcdn.mckesson.com/CumulusWeb/Images/Item_Detail/1065553_left.jpg"
"gid://shopify/Product/us-3943","1065570","Seat Cushion McKesson 18 W X 18 L X 3 D Inch Polyurethane","Wheelchairs","McKesson Brand","15.60","28.99","36.99","13.39","46%","8.00","N/A","https://imgcdn.mckesson.com/CumulusWeb/Images/Item_Detail/1065570.jpg"
"gid://shopify/Product/us-3944","1281542","Seat Cushion MedaCure® 16 W X 16 L X 2 H Inch Foam","Wheelchairs","Medacure Inc","15.85","28.99","36.99","13.14","45%","8.00","N/A","https://imgcdn.mckesson.com/CumulusWeb/Images/Item_Detail/1281542_left.jpg"
"gid://shopify/Product/us-3945","1281543","Seat Cushion MedaCure® 16 W X 18 L X 2 H Inch Foam","Wheelchairs","Medacure Inc","15.85","28.99","36.99","13.14","45%","8.00","N/A","https://imgcdn.mckesson.com/CumulusWeb/Images/Item_Detail/1281543_left.jpg"
"gid://shopify/Product/us-3946","1065552","Seat Cushion McKesson 18 W X 16 L X 3 D Inch Polyurethane","Wheelchairs","McKesson Brand","15.93","28.99","36.99","13.06","45%","8.00","N/A","https://imgcdn.mckesson.com/CumulusWeb/Images/Item_Detail/1065552_pkgfront.jpg"
"gid://shopify/Product/us-3947","1154500","Coccyx Relief Seat Cushion Protekt® 18 W X 16 L X 4 D Inch Foam","Wheelchairs","Proactive Medical Products LLC","16.70","30.99","38.99","14.29","46%","8.00","N/A","https://imgcdn.mckesson.com/CumulusWeb/Images/Item_Detail/1154500_right.jpg"
"gid://shopify/Product/us-3948","1065584","Seat Cushion McKesson 20 W X 18 L X 3 D Inch Polyurethane","Wheelchairs","McKesson Brand","17.20","31.99","39.99","14.79","46%","8.00","N/A","https://imgcdn.mckesson.com/CumulusWeb/Images/Item_Detail/1065584.jpg"
"gid://shopify/Product/us-3949","1281545","Seat Cushion MedaCure® 18 W X 18 L X 2 H Inch Foam","Wheelchairs","Medacure Inc","17.23","31.99","39.99","14.76","46%","8.00","N/A","https://imgcdn.mckesson.com/CumulusWeb/Images/Item_Detail/1281545_left.jpg"
"gid://shopify/Product/us-3950","1281544","Seat Cushion MedaCure® 18 W X 16 L X 3 H Inch Foam","Wheelchairs","Medacure Inc","17.23","31.99","39.99","14.76","46%","8.00","N/A","https://imgcdn.mckesson.com/CumulusWeb/Images/Item_Detail/1281544_left.jpg"
"gid://shopify/Product/us-3951","913560","Wheelchair Seat Upholstery For Drive Silver Sport 2 Wheelchair","Wheelchairs","Drive DeVilbiss Healthcare","17.48","31.99","39.99","14.51","45%","8.00","N/A","https://imgcdn.mckesson.com/CumulusWeb/Images/Item_Detail/913560_front.jpg"
"gid://shopify/Product/us-3952","976974","Seat Cushion Premier One 16 W X 16 L X 3 D Inch Foam","Wheelchairs","Drive DeVilbiss Healthcare","17.72","32.99","41.99","15.27","46%","9.00","M8063","https://imgcdn.mckesson.com/CumulusWeb/Images/Item_Detail/976974_left.jpg"
"gid://shopify/Product/us-3953","976957","Seat Cushion Premier One 18 W X 16 L X 3 D Inch Foam","Wheelchairs","Drive DeVilbiss Healthcare","18.02","32.99","41.99","14.97","45%","9.00","M8064","https://imgcdn.mckesson.com/CumulusWeb/Images/Item_Detail/976957_left.jpg"
"gid://shopify/Product/us-3954","1229013","Seat Cushion DMI® 20 W X 16 L X 2 D Inch Foam / Gel","Wheelchairs","Mabis Healthcare","18.25","33.99","42.99","15.74","46%","9.00","N/A","https://imgcdn.mckesson.com/CumulusWeb/Images/Item_Detail/1229013_left.jpg"
"gid://shopify/Product/us-3955","1281547","Seat Cushion MedaCure® 20 W X 16 L X 3 H Inch Foam","Wheelchairs","Medacure Inc","18.61","33.99","42.99","15.38","45%","9.00","N/A","https://imgcdn.mckesson.com/CumulusWeb/Images/Item_Detail/1281547_left.jpg"
"gid://shopify/Product/us-3956","1281546","Seat Cushion MedaCure® 20 W X 16 L X 3 H Inch Foam","Wheelchairs","Medacure Inc","18.61","33.99","42.99","15.38","45%","9.00","N/A","https://imgcdn.mckesson.com/CumulusWeb/Images/Item_Detail/12815461_left.jpg"
"gid://shopify/Product/us-3957","1281548","Seat Cushion MedaCure® 20 W X 18 L X 2 H Inch Foam","Wheelchairs","Medacure Inc","18.61","33.99","42.99","15.38","45%","9.00","N/A","https://imgcdn.mckesson.com/CumulusWeb/Images/Item_Detail/1281548_left.jpg"
"gid://shopify/Product/us-3958","1065554","Seat Cushion McKesson 22 W X 18 L X 3 D Inch Polyurethane","Wheelchairs","McKesson Brand","18.66","33.99","42.99","15.33","45%","9.00","N/A","https://imgcdn.mckesson.com/CumulusWeb/Images/Item_Detail/1065554.jpg"
"gid://shopify/Product/us-3959","854839","Wheelchair Seat Upholstery For Drive Silver Sport 2 Wheelchair","Wheelchairs","Drive DeVilbiss Healthcare","19.56","35.99","44.99","16.43","46%","9.00","N/A","https://imgcdn.mckesson.com/CumulusWeb/Images/Item_Detail/854839.jpg"
"gid://shopify/Product/us-3960","813747","Seat Cushion NYOrtho 18 W X 16 L X 2 D Inch Foam / Gel","Wheelchairs","New York Orthopedic","19.76","35.99","44.99","16.23","45%","9.00","N/A","https://imgcdn.mckesson.com/CumulusWeb/Images/Item_Detail/813747_top.jpg"
"gid://shopify/Product/us-3961","1065573","Seat Cushion McKesson 18 W X 16 L X 2 D Inch Foam / Gel","Wheelchairs","McKesson Brand","19.79","35.99","44.99","16.20","45%","9.00","N/A","https://imgcdn.mckesson.com/CumulusWeb/Images/Item_Detail/1065573_front.jpg"
"gid://shopify/Product/us-3962","1065558","Seat Cushion McKesson 16 W X 16 L X 2 D Inch Foam / Gel","Wheelchairs","McKesson Brand","19.93","36.99","46.99","17.06","46%","10.00","N/A","https://imgcdn.mckesson.com/CumulusWeb/Images/Item_Detail/1065558_front.jpg"
"gid://shopify/Product/us-3963","1281557","Seat Cushion MedaCure® 18 W X 16 L X 2 H Inch Gel","Wheelchairs","Medacure Inc","19.99","36.99","46.99","17.00","46%","10.00","N/A","https://imgcdn.mckesson.com/CumulusWeb/Images/Item_Detail/1281557_left.jpg"
"gid://shopify/Product/us-3964","1281559","Seat Cushion MedaCure® 18 W X 18 L X 2 H Inch Gel","Wheelchairs","Medacure Inc","19.99","36.99","46.99","17.00","46%","10.00","N/A","https://imgcdn.mckesson.com/CumulusWeb/Images/Item_Detail/1281559_left.jpg"
"gid://shopify/Product/us-3965","1281549","Seat Cushion MedaCure® 20 W X 18 L X 3 H Inch Foam","Wheelchairs","Medacure Inc","19.99","36.99","46.99","17.00","46%","10.00","N/A","https://imgcdn.mckesson.com/CumulusWeb/Images/Item_Detail/1281549_left.jpg"
"gid://shopify/Product/us-3966","1281561","Seat Cushion MedaCure® 20 W X 16 L X 2 H Inch Gel","Wheelchairs","Medacure Inc","19.99","36.99","46.99","17.00","46%","10.00","N/A","https://imgcdn.mckesson.com/CumulusWeb/Images/Item_Detail/1281561_left.jpg"
"gid://shopify/Product/us-3967","1281555","Seat Cushion MedaCure® 16 W X 16 L X 2 H Inch Gel","Wheelchairs","Medacure Inc","19.99","36.99","46.99","17.00","46%","10.00","N/A","https://imgcdn.mckesson.com/CumulusWeb/Images/Item_Detail/1281555_left.jpg"
"gid://shopify/Product/us-3968","1281571","Seat Cushion MedaCure® 16 W X 17 L X 2-1/2 H Inch","Wheelchairs","Medacure Inc","19.99","36.99","46.99","17.00","46%","10.00","N/A","https://imgcdn.mckesson.com/CumulusWeb/Images/Item_Detail/1281571_front.jpg"
"gid://shopify/Product/us-3969","976969","Seat Cushion Premier One 20 W X 16 L X 3 D Inch Foam","Wheelchairs","Drive DeVilbiss Healthcare","20.25","36.99","46.99","16.74","45%","10.00","M8065","https://imgcdn.mckesson.com/CumulusWeb/Images/Item_Detail/976969.jpg"
"gid://shopify/Product/us-3970","1090409","Wedge Seat Cushion Protekt® 20 W X 16 L X 3 to 1-1/2 D Inch Polyurethane","Wheelchairs","Proactive Medical Products LLC","20.43","37.99","47.99","17.56","46%","10.00","N/A","https://imgcdn.mckesson.com/CumulusWeb/Images/Item_Detail/1090409_right.jpg"
"gid://shopify/Product/us-3971","1065559","Seat Cushion McKesson 20 W X 16 L X 2 D Inch Foam / Gel","Wheelchairs","McKesson Brand","20.51","37.99","47.99","17.48","46%","10.00","N/A","https://imgcdn.mckesson.com/CumulusWeb/Images/Item_Detail/1065559_front.jpg"
"gid://shopify/Product/us-3972","813744","Seat Cushion NYOrtho 16 W X 16 L X 3 D Inch Foam / Gel","Wheelchairs","New York Orthopedic","20.52","37.99","47.99","17.47","46%","10.00","N/A","https://imgcdn.mckesson.com/CumulusWeb/Images/Item_Detail/813744_top.jpg"
"gid://shopify/Product/us-3973","1281550","Seat Cushion MedaCure® 22 W X 16 L X 3 H Inch Foam","Wheelchairs","Medacure Inc","20.68","37.99","47.99","17.31","46%","10.00","N/A","https://imgcdn.mckesson.com/CumulusWeb/Images/Item_Detail/1281550_left.jpg"
"gid://shopify/Product/us-3974","1065574","Seat Cushion McKesson 18 W X 16 L X 3 D Inch Foam / Gel","Wheelchairs","McKesson Brand","20.79","37.99","47.99","17.20","45%","10.00","N/A","https://imgcdn.mckesson.com/CumulusWeb/Images/Item_Detail/1065574_right.jpg"
"gid://shopify/Product/us-3975","1065560","Seat Cushion McKesson 16 W X 16 L X 3 D Inch Foam / Gel","Wheelchairs","McKesson Brand","20.93","38.99","48.99","18.06","46%","10.00","N/A","https://imgcdn.mckesson.com/CumulusWeb/Images/Item_Detail/1065560_left.jpg"
"gid://shopify/Product/us-3976","1281572","Seat Cushion MedaCure® 18 W X 17 L X 2-1/2 H Inch","Wheelchairs","Medacure Inc","21.02","38.99","48.99","17.97","46%","10.00","N/A","https://imgcdn.mckesson.com/CumulusWeb/Images/Item_Detail/1281572_front.jpg"
"gid://shopify/Product/us-3977","813748","Seat Cushion NYOrtho 18 W X 16 L X 3 D Inch Foam / Gel","Wheelchairs","New York Orthopedic","21.22","38.99","48.99","17.77","46%","10.00","N/A","https://imgcdn.mckesson.com/CumulusWeb/Images/Item_Detail/813748_top.jpg"
"gid://shopify/Product/us-3978","1288503","Seat Cushion Protekt® 18 W X 18 L X 3 H Inch Foam","Wheelchairs","Proactive Medical Products LLC","21.29","38.99","48.99","17.70","45%","10.00","N/A","https://imgcdn.mckesson.com/CumulusWeb/Images/Item_Detail/1288503_right.jpg"
"gid://shopify/Product/us-3979","1281551","Seat Cushion MedaCure® 28 W X 18 L X 3 H Inch Foam","Wheelchairs","Medacure Inc","21.37","38.99","48.99","17.62","45%","10.00","N/A","https://imgcdn.mckesson.com/CumulusWeb/Images/Item_Detail/1281551_left.jpg"
"gid://shopify/Product/us-3980","1152480","Seat Cushion Protekt® Foam Bariatric 24 W X 20 L X 3 D Inch Polyurethane","Wheelchairs","Proactive Medical Products LLC","21.42","38.99","48.99","17.57","45%","10.00","N/A","https://imgcdn.mckesson.com/CumulusWeb/Images/Item_Detail/1152480_right_.jpg"
"gid://shopify/Product/us-3981","1065561","Seat Cushion McKesson 18 W X 18 L X 3 D Inch Foam / Gel","Wheelchairs","McKesson Brand","21.67","39.99","49.99","18.32","46%","10.00","N/A","https://imgcdn.mckesson.com/CumulusWeb/Images/Item_Detail/1065561_left.jpg"
"gid://shopify/Product/us-3982","880647","Wheelchair Seat Upholstery For Sentra Wheelchair","Wheelchairs","Drive DeVilbiss Healthcare","21.73","39.99","49.99","18.26","46%","10.00","N/A","https://imgcdn.mckesson.com/CumulusWeb/Images/Item_Detail/880647.JPG"
"gid://shopify/Product/us-3983","1288501","Seat Cushion Protekt® 16 W X 16 L X 3 H Inch Foam","Wheelchairs","Proactive Medical Products LLC","21.89","39.99","49.99","18.10","45%","10.00","N/A","https://imgcdn.mckesson.com/CumulusWeb/Images/Item_Detail/1288501_right.jpg"
"gid://shopify/Product/us-3984","1095670","Seat Cushion APEX™ 16 W X 16 L X 2 D Inch Foam","Wheelchairs","New York Orthopedic","22.15","40.99","51.99","18.84","46%","11.00","N/A","https://imgcdn.mckesson.com/CumulusWeb/Images/Item_Detail/1095670_left.jpg"
"gid://shopify/Product/us-3985","1065588","Seat Back Cushion McKesson 16 W X 17 L Inch Foam","Wheelchairs","McKesson Brand","22.20","40.99","51.99","18.79","46%","11.00","N/A","https://imgcdn.mckesson.com/CumulusWeb/Images/Item_Detail/1065588_front.jpg"
"gid://shopify/Product/us-3986","1213687","Wedge Seat Cushion Protekt® 18 W X 16 L X 3 to 1-1/2 D Inch Foam / Gel","Wheelchairs","Proactive Medical Products LLC","22.27","40.99","51.99","18.72","46%","11.00","N/A","https://imgcdn.mckesson.com/CumulusWeb/Images/Item_Detail/1213687_pdet_.jpg"
"gid://shopify/Product/us-3987","1228259","Wedge Seat Cushion Protekt® 16 W X 16 L X 3 to 1-1/2 D Inch Foam / Gel","Wheelchairs","Proactive Medical Products LLC","22.27","40.99","51.99","18.72","46%","11.00","N/A","https://imgcdn.mckesson.com/CumulusWeb/Images/Item_Detail/1228259_pdet.jpg"
"gid://shopify/Product/us-3988","816787","Seat Cushion NYOrtho 18 W X 18 L X 3 D Inch Foam / Gel","Wheelchairs","New York Orthopedic","22.36","40.99","51.99","18.63","45%","11.00","N/A","https://imgcdn.mckesson.com/CumulusWeb/Images/Item_Detail/816787_top.jpg"
"gid://shopify/Product/us-3989","1281573","Seat Cushion MedaCure® 20 W X 17 L X 2-1/2 H Inch","Wheelchairs","Medacure Inc","22.40","40.99","51.99","18.59","45%","11.00","N/A","https://imgcdn.mckesson.com/CumulusWeb/Images/Item_Detail/1281573_front.jpg"
"gid://shopify/Product/us-3990","1281560","Seat Cushion MedaCure® 18 W X 18 L X 3 H Inch Gel","Wheelchairs","Medacure Inc","22.75","41.99","52.99","19.24","46%","11.00","N/A","https://imgcdn.mckesson.com/CumulusWeb/Images/Item_Detail/1281560_left.jpg"
"gid://shopify/Product/us-3991","1281556","Seat Cushion MedaCure® 16 W X 16 L X 3 H Inch Gel","Wheelchairs","Medacure Inc","22.75","41.99","52.99","19.24","46%","11.00","N/A","https://imgcdn.mckesson.com/CumulusWeb/Images/Item_Detail/1281556_left.jpg"
"gid://shopify/Product/us-3992","1281562","Seat Cushion MedaCure® 20 W X 16 L X 3 H Inch Gel","Wheelchairs","Medacure Inc","22.75","41.99","52.99","19.24","46%","11.00","N/A","https://imgcdn.mckesson.com/CumulusWeb/Images/Item_Detail/1281562_left.jpg"
"gid://shopify/Product/us-3993","1281558","Seat Cushion MedaCure® 18 W X 16 L X 3 H Inch Gel","Wheelchairs","Medacure Inc","22.75","41.99","52.99","19.24","46%","11.00","N/A","https://imgcdn.mckesson.com/CumulusWeb/Images/Item_Detail/1281558_left.jpg"
"gid://shopify/Product/us-3994","1065550","Seat Back Cushion McKesson 18 W X 17 L Inch Foam","Wheelchairs","McKesson Brand","22.84","41.99","52.99","19.15","46%","11.00","N/A","https://imgcdn.mckesson.com/CumulusWeb/Images/Item_Detail/1065550_left.jpg"
"gid://shopify/Product/us-3995","840534","Contoured Seat Cushion Premier One 16 W X 6 L X 1-3/4 D Inch Molded Foam","Wheelchairs","Drive DeVilbiss Healthcare","23.03","41.99","52.99","18.96","45%","11.00","N/A","https://imgcdn.mckesson.com/CumulusWeb/Images/Item_Detail/840534.jpg"
"gid://shopify/Product/us-3996","1065562","Seat Cushion McKesson 20 W X 18 L X 3 D Inch Foam / Gel","Wheelchairs","McKesson Brand","23.18","42.99","53.99","19.81","46%","11.00","N/A","https://imgcdn.mckesson.com/CumulusWeb/Images/Item_Detail/1065562_pkgleft.jpg"
"gid://shopify/Product/us-3997","1065585","Seat Cushion McKesson 20 W X 16 L X 3 D Inch Foam / Gel","Wheelchairs","McKesson Brand","23.27","42.99","53.99","19.72","46%","11.00","N/A","https://imgcdn.mckesson.com/CumulusWeb/Images/Item_Detail/1065585_left.jpg"
"gid://shopify/Product/us-3998","341559","Seat Cushion Waffle® Original 17 W X 17 L X 1-1/2 D Inch Air Cells","Wheelchairs","EHOB","23.27","42.99","53.99","19.72","46%","11.00","N/A","https://imgcdn.mckesson.com/CumulusWeb/Images/Item_Detail/341559_front.jpg"
"gid://shopify/Product/us-3999","1065555","Contoured Seat Cushion McKesson 18 W X 16 L X 3 D Inch Molded Foam","Wheelchairs","McKesson Brand","23.33","42.99","53.99","19.66","46%","11.00","N/A","https://imgcdn.mckesson.com/CumulusWeb/Images/Item_Detail/1065555_ppkgleft.jpg"
"gid://shopify/Product/us-4000","1281574","Seat Cushion MedaCure® 22 W X 17 L X 2-1/2 H Inch","Wheelchairs","Medacure Inc","23.44","42.99","53.99","19.55","45%","11.00","N/A","https://imgcdn.mckesson.com/CumulusWeb/Images/Item_Detail/1281574_front.jpg"
"gid://shopify/Product/us-4001","913721","Seat Cushion Gel-U-Seat™ Lite 18 W X 16 L X 2 D Inch Foam / Gel","Wheelchairs","Drive DeVilbiss Healthcare","23.51","42.99","53.99","19.48","45%","11.00","N/A","https://imgcdn.mckesson.com/CumulusWeb/Images/Item_Detail/913721_left.jpg"
"gid://shopify/Product/us-4002","1288505","Seat Cushion Protekt® 20 W X 18 L X 3 H Inch Foam","Wheelchairs","Proactive Medical Products LLC","23.65","42.99","53.99","19.34","45%","11.00","N/A","https://imgcdn.mckesson.com/CumulusWeb/Images/Item_Detail/1288505_right.jpg"
"gid://shopify/Product/us-4003","864749","Contoured Seat Cushion drive™ 20 W X 16 L X 2 D Inch Molded Foam","Wheelchairs","Drive DeVilbiss Healthcare","23.72","43.99","54.99","20.27","46%","11.00","N/A","https://imgcdn.mckesson.com/CumulusWeb/Images/Item_Detail/864749.jpg"
"gid://shopify/Product/us-4004","691962","Contoured Seat Cushion drive™ 18 W X 16 L X 2 D Inch Molded Foam","Wheelchairs","Drive DeVilbiss Healthcare","23.98","43.99","54.99","20.01","45%","11.00","N/A","https://imgcdn.mckesson.com/CumulusWeb/Images/Item_Detail/691962_left1.jpg"
"gid://shopify/Product/us-4005","1065569","Seat Back Cushion McKesson 20 W X 19 L Inch Foam","Wheelchairs","McKesson Brand","24.12","43.99","54.99","19.87","45%","11.00","N/A","https://imgcdn.mckesson.com/CumulusWeb/Images/Item_Detail/1065569_pdet.jpg"
"gid://shopify/Product/us-4006","1281552","Seat Cushion MedaCure® 24 W X 18 W X 3 H Inch Foam","Wheelchairs","Medacure Inc","24.12","43.99","54.99","19.87","45%","11.00","N/A","https://imgcdn.mckesson.com/CumulusWeb/Images/Item_Detail/1281552_left.jpg"
"gid://shopify/Product/us-4007","1281564","Seat Cushion MedaCure® 20 W X 18 L X 3 H Inch Gel","Wheelchairs","Medacure Inc","24.12","43.99","54.99","19.87","45%","11.00","N/A","https://imgcdn.mckesson.com/CumulusWeb/Images/Item_Detail/1281564_left.jpg"
"gid://shopify/Product/us-4008","1065580","Contoured Seat Cushion McKesson 18 W X 18 L X 3 D Inch Molded Foam","Wheelchairs","McKesson Brand","24.23","44.99","56.99","20.76","46%","12.00","N/A","https://imgcdn.mckesson.com/CumulusWeb/Images/Item_Detail/1065580.jpg"
"gid://shopify/Product/us-4009","816789","Seat Cushion NYOrtho 20 W X 18 L X 3 D Inch Foam / Gel","Wheelchairs","New York Orthopedic","24.28","44.99","56.99","20.71","46%","12.00","N/A","https://imgcdn.mckesson.com/CumulusWeb/Images/Item_Detail/816789_top.jpg"
"gid://shopify/Product/us-4010","711495","Seat Cushion Gel E 18 W X 16 L X 3 D Inch Foam / Gel","Wheelchairs","Drive DeVilbiss Healthcare","24.59","44.99","56.99","20.40","45%","12.00","N/A","https://imgcdn.mckesson.com/CumulusWeb/Images/Item_Detail/711495_left.jpg"
"gid://shopify/Product/us-4011","1065551","Seat Back Cushion McKesson 22 W X 19 L Inch Foam","Wheelchairs","McKesson Brand","24.69","44.99","56.99","20.30","45%","12.00","N/A","https://imgcdn.mckesson.com/CumulusWeb/Images/Item_Detail/1065551_pdet.jpg"
"gid://shopify/Product/us-4012","1065556","Contoured Seat Cushion McKesson 20 W X 16 L X 3 D Inch Molded Foam","Wheelchairs","McKesson Brand","24.70","44.99","56.99","20.29","45%","12.00","N/A","https://imgcdn.mckesson.com/CumulusWeb/Images/Item_Detail/1065556_right.jpg"
"gid://shopify/Product/us-4013","880830","Wheelchair Seat Upholstery For Cruiser III 4S Wheelchair","Wheelchairs","Drive DeVilbiss Healthcare","24.72","44.99","56.99","20.27","45%","12.00","N/A","https://imgcdn.mckesson.com/CumulusWeb/Images/Item_Detail/880830.jpg"
"gid://shopify/Product/us-4014","1281565","Seat Cushion MedaCure® 22 W X 16 L X 3 H Inch Gel","Wheelchairs","Medacure Inc","24.81","45.99","57.99","21.18","46%","12.00","N/A","https://imgcdn.mckesson.com/CumulusWeb/Images/Item_Detail/1281565_left.jpg"
"gid://shopify/Product/us-4015","1281563","Seat Cushion MedaCure® 20 W X 18 L X 2 H Inch Gel","Wheelchairs","Medacure Inc","24.81","45.99","57.99","21.18","46%","12.00","N/A","https://imgcdn.mckesson.com/CumulusWeb/Images/Item_Detail/12815631_left.jpg"
"gid://shopify/Product/us-4016","824724","Seat Cushion Comfort Cushion 20 W X 18 L X 3 D Inch Foam","Wheelchairs","Graham-Field","25.00","45.99","57.99","20.99","46%","12.00","N/A","https://imgcdn.mckesson.com/CumulusWeb/Images/Item_Detail/824724_right.jpg"
"gid://shopify/Product/us-4017","824722","Seat Cushion Comfort Cushion 18 W X 18 L X 3 D Inch Foam","Wheelchairs","Graham-Field","25.00","45.99","57.99","20.99","46%","12.00","N/A","https://imgcdn.mckesson.com/CumulusWeb/Images/Item_Detail/824722_right.jpg"
"gid://shopify/Product/us-4018","854840","Wheelchair Seat Upholstery For Drive Silver Sport 2 Wheelchair","Wheelchairs","Drive DeVilbiss Healthcare","25.62","46.99","58.99","21.37","45%","12.00","N/A","https://imgcdn.mckesson.com/CumulusWeb/Images/Item_Detail/854840.jpg"
"gid://shopify/Product/us-4019","1229016","Seat Cushion DMI® 18 W X 16 L X 2 D Inch Foam / Gel","Wheelchairs","Mabis Healthcare","25.64","46.99","58.99","21.35","45%","12.00","N/A","https://imgcdn.mckesson.com/CumulusWeb/Images/Item_Detail/1229016_left.jpg"
"gid://shopify/Product/us-4020","1065575","Seat Cushion McKesson 22 W X 18 L X 3 D Inch Foam / Gel","Wheelchairs","McKesson Brand","25.78","46.99","58.99","21.21","45%","12.00","N/A","https://imgcdn.mckesson.com/CumulusWeb/Images/Item_Detail/1065575_front.jpg"
"gid://shopify/Product/us-4021","1065563","Seat Cushion McKesson 24 W X 18 L X 3 D Inch Foam / Gel","Wheelchairs","McKesson Brand","26.05","47.99","59.99","21.94","46%","12.00","N/A","https://imgcdn.mckesson.com/CumulusWeb/Images/Item_Detail/1065563_front.jpg"
"gid://shopify/Product/us-4022","1281566","Seat Cushion MedaCure® 22 W X 18 L X 3 H Inch Gel","Wheelchairs","Medacure Inc","26.19","47.99","59.99","21.80","45%","12.00","N/A","https://imgcdn.mckesson.com/CumulusWeb/Images/Item_Detail/1281566_left.jpg"
"gid://shopify/Product/us-4023","824497","Lumbar Support Cushion Everest & Jennings® 17 W X 16 L X 2 D Inch Foam","Wheelchairs","Graham-Field","26.52","48.99","61.99","22.47","46%","13.00","N/A","https://imgcdn.mckesson.com/CumulusWeb/Images/Item_Detail/824497.jpg"
"gid://shopify/Product/us-4024","913723","Seat Cushion Gel-U-Seat™ Lite 18 W X 18 D X 2 H Inch Foam / Gel","Wheelchairs","Drive DeVilbiss Healthcare","26.87","48.99","61.99","22.12","45%","13.00","N/A","https://imgcdn.mckesson.com/CumulusWeb/Images/Item_Detail/913723_right.jpg"
"gid://shopify/Product/us-4025","826455","Seat Cushion Premier One Bariatric 22 W X 18 L X 3 D Inch Foam","Wheelchairs","Drive DeVilbiss Healthcare","27.01","49.99","62.99","22.98","46%","13.00","M8077","https://imgcdn.mckesson.com/CumulusWeb/Images/Item_Detail/826455_left.jpg"
"gid://shopify/Product/us-4026","913722","Seat Cushion Gel-U-Seat™ Lite 20 W X 18 L X 2 D Inch Foam / Gel","Wheelchairs","Drive DeVilbiss Healthcare","27.07","49.99","62.99","22.92","46%","13.00","N/A","https://imgcdn.mckesson.com/CumulusWeb/Images/Item_Detail/913722_right.jpg"
"gid://shopify/Product/us-4027","1281567","Seat Cushion MedaCure® 24 W X 18 L X 3 H Inch Gel","Wheelchairs","Medacure Inc","27.57","50.99","63.99","23.42","46%","13.00","N/A","https://imgcdn.mckesson.com/CumulusWeb/Images/Item_Detail/1281567_left.jpg"
"gid://shopify/Product/us-4028","822653","Seat Cushion Pressure-Check 18 W X 16 L X 3 D Inch Foam","Wheelchairs","Skil-Care","27.91","50.99","63.99","23.08","45%","13.00","N/A","https://imgcdn.mckesson.com/CumulusWeb/Images/Item_Detail/822653.jpg"
"gid://shopify/Product/us-4029","1080837","Level Seat Cushion NYOrtho Solid Seat Insert 18 W X 16 L X 1/2 D Inch Polyethylene","Wheelchairs","New York Orthopedic","28.99","52.99","66.99","24.00","45%","14.00","N/A","https://imgcdn.mckesson.com/CumulusWeb/Images/Item_Detail/1080837_top.jpg"
"gid://shopify/Product/us-4030","1194687","Seat Cushion Protekt® 14 W X 14 L X 3 D Inch Foam / Gel","Wheelchairs","Proactive Medical Products LLC","29.19","53.99","67.99","24.80","46%","14.00","N/A","https://imgcdn.mckesson.com/CumulusWeb/Images/Item_Detail/1194687_pdet.jpg"
"gid://shopify/Product/us-4031","706912","Wheelchair Seat Cushion Cover Pilot™ 16 X 16 Inch","Wheelchairs","Action Products","30.11","50.99","63.99","20.88","41%","13.00","N/A","https://imgcdn.mckesson.com/CumulusWeb/Images/Item_Detail/706912.jpg"
"gid://shopify/Product/us-4032","1095681","Wheelchair Lap Cushion NYOrtho 27 W X 10 L X 3 D Inch Foam","Wheelchairs","New York Orthopedic","30.37","50.99","63.99","20.62","40%","13.00","N/A","https://imgcdn.mckesson.com/CumulusWeb/Images/Item_Detail/1095681_pdet.jpg"
"gid://shopify/Product/us-4033","864754","Contoured Seat Cushion drive™ 20 W X 18 L X 2 D Inch Molded Foam","Wheelchairs","Drive DeVilbiss Healthcare","30.60","51.99","64.99","21.39","41%","13.00","N/A","https://imgcdn.mckesson.com/CumulusWeb/Images/Item_Detail/864754.jpg"
"gid://shopify/Product/us-4034","1102487","Coccyx Relief Seat Cushion Protekt® 26 W X 18 L X 3 D Inch Foam / Gel","Wheelchairs","Proactive Medical Products LLC","30.63","51.99","64.99","21.36","41%","13.00","N/A","https://imgcdn.mckesson.com/CumulusWeb/Images/Item_Detail/1102487_pdet.jpg"
"gid://shopify/Product/us-4035","691963","Seat Cushion Gel E 18 W X 16 L X 2 D Inch Foam / Gel","Wheelchairs","Drive DeVilbiss Healthcare","30.85","51.99","64.99","21.14","41%","13.00","N/A","https://imgcdn.mckesson.com/CumulusWeb/Images/Item_Detail/691963.jpg"
"gid://shopify/Product/us-4036","1093068","Wedge Seat Cushion NYOrtho 18 W X 16 L X 4 to 2 D Inch Foam / Gel","Wheelchairs","New York Orthopedic","31.00","51.99","64.99","20.99","40%","13.00","N/A","https://imgcdn.mckesson.com/CumulusWeb/Images/Item_Detail/1093068_left.jpg"
"gid://shopify/Product/us-4037","1281553","Seat Cushion MedaCure® 26 W X 18 L X 3 H Inch Foam","Wheelchairs","Medacure Inc","31.02","51.99","64.99","20.97","40%","13.00","N/A","https://imgcdn.mckesson.com/CumulusWeb/Images/Item_Detail/1281553_left.jpg"
"gid://shopify/Product/us-4038","1111657","Solid Insert Cushion NYOrtho For use with Wheelchair","Wheelchairs","New York Orthopedic","31.07","51.99","64.99","20.92","40%","13.00","N/A","https://imgcdn.mckesson.com/CumulusWeb/Images/Item_Detail/1111657_right.jpg"
"gid://shopify/Product/us-4039","983244","Seat Cushion Express Comfort Gel 16 W X 16 L X 2 D Inch Foam / Gel","Wheelchairs","The Comfort Company","31.38","52.99","66.99","21.61","41%","14.00","N/A","https://imgcdn.mckesson.com/CumulusWeb/Images/Item_Detail/983244.jpg"
"gid://shopify/Product/us-4040","1106178","Seat Cushion Protekt® 24 W X 20 L X 2 D Inch Foam / Gel","Wheelchairs","Proactive Medical Products LLC","32.11","53.99","67.99","21.88","41%","14.00","N/A","https://imgcdn.mckesson.com/CumulusWeb/Images/Item_Detail/1106178_pdet_.jpg"
"gid://shopify/Product/us-4041","1288502","Seat Cushion Protekt® 18 W X 16 L X 3 H Inch Foam","Wheelchairs","Proactive Medical Products LLC","32.44","54.99","68.99","22.55","41%","14.00","N/A","https://imgcdn.mckesson.com/CumulusWeb/Images/Item_Detail/1288502_right.jpg"
"gid://shopify/Product/us-4042","1093067","Wedge Seat Cushion NYOrtho 18 W X 18 L X 4 to 2 D Inch Foam / Gel","Wheelchairs","New York Orthopedic","32.49","54.99","68.99","22.50","41%","14.00","N/A","https://imgcdn.mckesson.com/CumulusWeb/Images/Item_Detail/1093067_left.jpg"
"gid://shopify/Product/us-4043","252804","Seat Cushion Skil-Care™ Comfort Foam 16 W X 18 L X 2 D Inch Foam","Wheelchairs","Skil-Care","32.57","54.99","68.99","22.42","41%","14.00","N/A","https://imgcdn.mckesson.com/CumulusWeb/Images/Item_Detail/252804_pdet.jpg"
"gid://shopify/Product/us-4044","877370","Seat Cushion Express Comfort Gel 18 W X 16 L X 2 D Inch Foam / Gel","Wheelchairs","The Comfort Company","33.32","55.99","69.99","22.67","40%","14.00","N/A","https://imgcdn.mckesson.com/CumulusWeb/Images/Item_Detail/877370.jpg"
"gid://shopify/Product/us-4045","1288504","Seat Cushion Protekt® 20 W X 16 L X 3 H Inch Foam","Wheelchairs","Proactive Medical Products LLC","33.79","56.99","71.99","23.20","41%","15.00","N/A","https://imgcdn.mckesson.com/CumulusWeb/Images/Item_Detail/1288504_right.jpg"
"gid://shopify/Product/us-4046","587464","Seat Back Cushion drive™ 18 W X 17 L X 2-1/2 D Inch Foam","Wheelchairs","Drive DeVilbiss Healthcare","33.81","56.99","71.99","23.18","41%","15.00","N/A","https://imgcdn.mckesson.com/CumulusWeb/Images/Item_Detail/587464_left.jpg"
"gid://shopify/Product/us-4047","1065587","Contoured Seat Cushion McKesson 24 W X 18 L X 3 D Inch Molded Foam","Wheelchairs","McKesson Brand","34.46","57.99","72.99","23.53","41%","15.00","N/A","https://imgcdn.mckesson.com/CumulusWeb/Images/Item_Detail/1065587_right.jpg"
"gid://shopify/Product/us-4048","1106179","Seat Cushion Protekt® 26 W X 20 L X 2 D Inch Foam / Gel","Wheelchairs","Proactive Medical Products LLC","35.03","58.99","73.99","23.96","41%","15.00","N/A","https://imgcdn.mckesson.com/CumulusWeb/Images/Item_Detail/1106179_pdet_.jpg"
"gid://shopify/Product/us-4049","625720","Seat Cushion Sittin Pretty™ Comfort 18 W X 16 L X 2 D Inch Foam","Wheelchairs","Skil-Care","35.07","58.99","73.99","23.92","41%","15.00","N/A","https://imgcdn.mckesson.com/CumulusWeb/Images/Item_Detail/625720_plineart.jpg"
"gid://shopify/Product/us-4050","691964","Seat Cushion Gel E 16 W X 16 L X 3 D Inch Foam / Gel","Wheelchairs","Drive DeVilbiss Healthcare","35.13","58.99","73.99","23.86","40%","15.00","N/A","https://imgcdn.mckesson.com/CumulusWeb/Images/Item_Detail/691964_right.jpg"
"gid://shopify/Product/us-4051","1110822","Seat Cushion Protekt® Gel Bariatric 26 W X 18 L X 4 D Inch Foam / Gel","Wheelchairs","Proactive Medical Products LLC","35.14","58.99","73.99","23.85","40%","15.00","N/A","https://imgcdn.mckesson.com/CumulusWeb/Images/Item_Detail/1110822_pdet.jpg"
"gid://shopify/Product/us-4052","580072","Seat Cushion Econo-Gel Thin-Line 16 W X 16 L X 1-1/2 D Inch Foam / Gel","Wheelchairs","Skil-Care","36.36","60.99","76.99","24.63","40%","16.00","N/A","https://imgcdn.mckesson.com/CumulusWeb/Images/Item_Detail/SKLCRE_580072.jpg"
"gid://shopify/Product/us-4053","1095043","Wedge Seat Cushion with Pommel Protekt® 18 W X 16 L X 4 to 2 D Inch Foam / Gel","Wheelchairs","Proactive Medical Products LLC","36.49","60.99","76.99","24.50","40%","16.00","N/A","https://imgcdn.mckesson.com/CumulusWeb/Images/Item_Detail/1095043_pdet.jpg"
"gid://shopify/Product/us-4054","1189304","Seat Cushion Protekt® Gel Bariatric 26 W X 20 L X 4 D Inch Foam / Gel","Wheelchairs","Proactive Medical Products LLC","36.49","60.99","76.99","24.50","40%","16.00","N/A","https://imgcdn.mckesson.com/CumulusWeb/Images/Item_Detail/1189304_pdet.jpg"
"gid://shopify/Product/us-4055","1094404","Wedge Seat Cushion NYOrtho 20 W X 18 L X 4 to 2 D Inch Foam / Gel","Wheelchairs","New York Orthopedic","36.95","61.99","77.99","25.04","40%","16.00","N/A","https://imgcdn.mckesson.com/CumulusWeb/Images/Item_Detail/1094404_left.jpg"
"gid://shopify/Product/us-4056","582960","Wedge Seat Cushion Skil-Care™ 18 W X 16 L X 6 to 3 D Inch Foam","Wheelchairs","Skil-Care","37.98","63.99","79.99","26.01","41%","16.00","N/A","https://imgcdn.mckesson.com/CumulusWeb/Images/Item_Detail/582960.jpg"
"gid://shopify/Product/us-4057","1281554","Seat Cushion MedaCure® 28 W X 18 L X 3 H Inch Foam","Wheelchairs","Medacure Inc","38.60","64.99","81.99","26.39","41%","17.00","N/A","https://imgcdn.mckesson.com/CumulusWeb/Images/Item_Detail/1281554_left.jpg"
"gid://shopify/Product/us-4058","823353","Wedge Seat Cushion Skil-Care™ 20 W X 16 L X 4 to 2 D Inch Foam","Wheelchairs","Skil-Care","39.13","65.99","82.99","26.86","41%","17.00","N/A","https://imgcdn.mckesson.com/CumulusWeb/Images/Item_Detail/823353.jpg"
"gid://shopify/Product/us-4059","824727","Seat Cushion Dura-Gel™ Base 2G 18 W X 16 L X 2 D Inch Foam / Gel","Wheelchairs","Graham-Field","40.07","66.99","83.99","26.92","40%","17.00","N/A","https://imgcdn.mckesson.com/CumulusWeb/Images/Item_Detail/824727_pdet.jpg"
"gid://shopify/Product/us-4060","578936","Seat Cushion Econo-Gel 18 W X 16 L X 2 D Inch Foam / Gel","Wheelchairs","Skil-Care","40.48","67.99","84.99","27.51","40%","17.00","N/A","https://imgcdn.mckesson.com/CumulusWeb/Images/Item_Detail/578936_pdet.jpg"
"gid://shopify/Product/us-4061","1281568","Seat Cushion MedaCure® 26 W X 18 L X 3 H Inch Gel","Wheelchairs","Medacure Inc","40.67","67.99","84.99","27.32","40%","17.00","N/A","https://imgcdn.mckesson.com/CumulusWeb/Images/Item_Detail/1281568_left.jpg"
"gid://shopify/Product/us-4062","823354","Wedge Seat Cushion Skil-Care™ 18 W X 16 L X 4 to 2 D Inch Foam","Wheelchairs","Skil-Care","40.88","68.99","86.99","28.11","41%","18.00","N/A","https://imgcdn.mckesson.com/CumulusWeb/Images/Item_Detail/823354.jpg"
"gid://shopify/Product/us-4063","913725","Seat Cushion Gel-U-Seat™ Lite 22 W X 18 L X 2 D Inch Foam / Gel","Wheelchairs","Drive DeVilbiss Healthcare","41.08","68.99","86.99","27.91","40%","18.00","N/A","https://imgcdn.mckesson.com/CumulusWeb/Images/Item_Detail/913725.jpg"
"gid://shopify/Product/us-4064","1094403","Wedge Seat Cushion NYOrtho 22 W X 18 L X 4 to 2 D Inch Foam / Gel","Wheelchairs","New York Orthopedic","41.41","69.99","87.99","28.58","41%","18.00","N/A","https://imgcdn.mckesson.com/CumulusWeb/Images/Item_Detail/1094403_left.jpg"
"gid://shopify/Product/us-4065","580284","Level Seat Cushion Skil-Care™ 18 W X 16 D Inch Foam","Wheelchairs","Skil-Care","41.42","69.99","87.99","28.57","41%","18.00","N/A","https://imgcdn.mckesson.com/CumulusWeb/Images/Item_Detail/580284.jpg"
"gid://shopify/Product/us-4066","1063177","Seat Cushion 16 W X 18 L X 2 D Inch Gel","Wheelchairs","Fabrication Enterprises","41.66","69.99","87.99","28.33","40%","18.00","N/A","https://imgcdn.mckesson.com/CumulusWeb/Images/Item_Detail/1063177.jpg"
"gid://shopify/Product/us-4067","824728","Seat Cushion Dura-Gel™ Base 2G 18 W X 18 L X 2 D Inch Foam / Gel","Wheelchairs","Graham-Field","41.83","69.99","87.99","28.16","40%","18.00","N/A","https://imgcdn.mckesson.com/CumulusWeb/Images/Item_Detail/824728_pdet.jpg"
"gid://shopify/Product/us-4068","1294720","Solid Seat Insert For Wheelchairs","Wheelchairs","New York Orthopedic","41.90","69.99","87.99","28.09","40%","18.00","N/A","https://imgcdn.mckesson.com/CumulusWeb/Images/Item_Detail/1294720_front.jpg"
"gid://shopify/Product/us-4069","1102662","Pommel Seat Cushion NYOrtho 20 W X 18 L X 3 D Inch Foam","Wheelchairs","New York Orthopedic","42.37","70.99","88.99","28.62","40%","18.00","N/A","https://imgcdn.mckesson.com/CumulusWeb/Images/Item_Detail/1102662_left.jpg"
"gid://shopify/Product/us-4070","1149858","Seat / Seat Back Cushion Combination Protekt® 16 W X 16 L X 3 D Inch Seat / 16 W X 32 L X 3 to 1 D Inch Back Foam","Wheelchairs","Proactive Medical Products LLC","43.25","72.99","91.99","29.74","41%","19.00","N/A","https://imgcdn.mckesson.com/CumulusWeb/Images/Item_Detail/1149858_right.jpg"
"gid://shopify/Product/us-4071","1149860","Seat / Seat Back Cushion Combination Protekt® 18 W X 16 L X 3 D Inch Seat / 18 W X 32 L X 3 to 1 D Inch Back Foam","Wheelchairs","Proactive Medical Products LLC","43.25","72.99","91.99","29.74","41%","19.00","N/A","https://imgcdn.mckesson.com/CumulusWeb/Images/Item_Detail/1149860_right.jpg"
"gid://shopify/Product/us-4072","458365","Wheelchair Armrest Pad For Reclining Wheelchair","Wheelchairs","Skil-Care","43.38","72.99","91.99","29.61","41%","19.00","N/A","https://imgcdn.mckesson.com/CumulusWeb/Images/Item_Detail/458365.jpg"
"gid://shopify/Product/us-4073","824731","Seat Cushion Dura-Gel™ Base 3G 16 W X 16 L X 3 D Inch Foam / Gel","Wheelchairs","Graham-Field","43.38","72.99","91.99","29.61","41%","19.00","N/A","https://imgcdn.mckesson.com/CumulusWeb/Images/Item_Detail/824731_pdet.jpg"
"gid://shopify/Product/us-4074","824730","Seat Cushion Dura-Gel™ Base 2G 20 W X 18 L X 2 D Inch Foam / Gel","Wheelchairs","Graham-Field","43.72","72.99","91.99","29.27","40%","19.00","N/A","https://imgcdn.mckesson.com/CumulusWeb/Images/Item_Detail/824730_pdet.jpg"
"gid://shopify/Product/us-4075","253486","Seat Cushion Geo-Matt® 16 W X 18 L X 4 D Inch Foam","Wheelchairs","Span America","44.18","73.99","92.99","29.81","40%","19.00","N/A","https://imgcdn.mckesson.com/CumulusWeb/Images/Item_Detail/253486_right.jpg"
"gid://shopify/Product/us-4076","1081234","Seat Overlay NYOrtho Comfort Seat 17 W X 47 L Inch Fiber-Filled","Wheelchairs","New York Orthopedic","44.60","74.99","93.99","30.39","41%","19.00","N/A","https://imgcdn.mckesson.com/CumulusWeb/Images/Item_Detail/1081234_left.jpg"
"gid://shopify/Product/us-4077","1281569","Seat Cushion MedaCure® 28 W X 18 L X 3 H Inch Gel","Wheelchairs","Medacure Inc","44.80","74.99","93.99","30.19","40%","19.00","N/A","https://imgcdn.mckesson.com/CumulusWeb/Images/Item_Detail/1281569_left.jpg"
"gid://shopify/Product/us-4078","653069","Seat Cushion Dura-Gel™ Base 3G 18 W X 16 L X 3 D Inch Foam / Gel","Wheelchairs","Graham-Field","45.01","75.99","94.99","30.98","41%","19.00","N/A","https://imgcdn.mckesson.com/CumulusWeb/Images/Item_Detail/653069_pdet.jpg"
"gid://shopify/Product/us-4079","1065564","Contoured Seat Cushion McKesson 18 W X 16 L X 3 D Inch Foam / Gel","Wheelchairs","McKesson Brand","45.60","75.99","94.99","30.39","40%","19.00","N/A","https://imgcdn.mckesson.com/CumulusWeb/Images/Item_Detail/1065564_right.jpg"
"gid://shopify/Product/us-4080","1190865","Wedge Seat Cushion with Pommel Protekt® 24 W X 18 L X 4 to 2 D Inch Foam / Gel","Wheelchairs","Proactive Medical Products LLC","45.95","76.99","96.99","31.04","40%","20.00","N/A","https://imgcdn.mckesson.com/CumulusWeb/Images/Item_Detail/1190865_pdet.jpg"
"gid://shopify/Product/us-4081","1209793","Seat Cushion Protekt® Gel Bariatric 30 W X 20 L X 4 D Inch Foam / Gel","Wheelchairs","Proactive Medical Products LLC","46.71","77.99","97.99","31.28","40%","20.00","N/A","https://imgcdn.mckesson.com/CumulusWeb/Images/Item_Detail/1209793_pdet.jpg"
"gid://shopify/Product/us-4082","824749","Seat Cushion Dura-Gel™ Base 3G 18 W X 18 L X 3 D Inch Foam / Gel","Wheelchairs","Graham-Field","46.76","77.99","97.99","31.23","40%","20.00","N/A","https://imgcdn.mckesson.com/CumulusWeb/Images/Item_Detail/824749_pdet.jpg"
"gid://shopify/Product/us-4083","777100","Contoured Seat Cushion Comfort Curve® 20 W X 18 L X 2-3/4 D Inch Molded Foam","Wheelchairs","The Comfort Company","46.99","78.99","98.99","32.00","41%","20.00","N/A","https://imgcdn.mckesson.com/CumulusWeb/Images/Item_Detail/777100.jpg"
"gid://shopify/Product/us-4084","780036","Contoured Seat Cushion Comfort Curve® 18 W X 18 L X 2-3/4 D Inch Molded Foam","Wheelchairs","The Comfort Company","46.99","78.99","98.99","32.00","41%","20.00","N/A","https://imgcdn.mckesson.com/CumulusWeb/Images/Item_Detail/780036.jpg"
"gid://shopify/Product/us-4085","969685","Seat Cushion Comfort Curve® 20 W X 20 L X 2-3/4 Inch Foam","Wheelchairs","The Comfort Company","46.99","78.99","98.99","32.00","41%","20.00","N/A","https://imgcdn.mckesson.com/CumulusWeb/Images/Item_Detail/969685.jpg"
"gid://shopify/Product/us-4086","847074","Seat Cushion Elements with Gel 20 W X 16 L X 2 D Inch Foam / Gel","Wheelchairs","The Comfort Company","47.08","78.99","98.99","31.91","40%","20.00","N/A","https://imgcdn.mckesson.com/CumulusWeb/Images/Item_Detail/847074.jpg"
"gid://shopify/Product/us-4087","1065576","Contoured Seat Cushion McKesson 18 W X 18 L X 3 D Inch Foam / Gel","Wheelchairs","McKesson Brand","47.32","78.99","98.99","31.67","40%","20.00","N/A","https://imgcdn.mckesson.com/CumulusWeb/Images/Item_Detail/1065576_right.jpg"
"gid://shopify/Product/us-4088","1094405","Wedge Seat Cushion NYOrtho 24 W X 18 L X 4 to 2 D Inch Foam / Gel","Wheelchairs","New York Orthopedic","47.36","78.99","98.99","31.63","40%","20.00","N/A","https://imgcdn.mckesson.com/CumulusWeb/Images/Item_Detail/1094405_left.jpg"
"gid://shopify/Product/us-4089","723552","Seat Cushion Econo-Gel 20 W X 16 L X 2 D Inch Foam / Gel","Wheelchairs","Skil-Care","47.71","79.99","99.99","32.28","40%","20.00","N/A","https://imgcdn.mckesson.com/CumulusWeb/Images/Item_Detail/SKLCRE_723552.jpg"
"gid://shopify/Product/us-4090","458364","Wheelchair Armrest Pad SkiL-Care™ For Reclining Wheelchair","Wheelchairs","Skil-Care","47.98","79.99","99.99","32.01","40%","20.00","N/A","https://imgcdn.mckesson.com/CumulusWeb/Images/Item_Detail/458364_ls.jpg"
"gid://shopify/Product/us-4091","1281570","Seat Cushion MedaCure® 30 W X 18 L X 3 H Inch Gel","Wheelchairs","Medacure Inc","48.25","80.99","101.99","32.74","40%","21.00","N/A","https://imgcdn.mckesson.com/CumulusWeb/Images/Item_Detail/1281570_left.jpg"
"gid://shopify/Product/us-4092","777099","Contoured Seat Cushion Comfort Curve® 20 W X 16 L X 2-3/4 D Inch Molded Foam","Wheelchairs","The Comfort Company","48.40","80.99","101.99","32.59","40%","21.00","N/A","https://imgcdn.mckesson.com/CumulusWeb/Images/Item_Detail/777099.jpg"
"gid://shopify/Product/us-4093","824751","Seat Cushion Dura-Gel™ Base 3G 20 W X 18 L X 3 D Inch Foam / Gel","Wheelchairs","Graham-Field","48.52","80.99","101.99","32.47","40%","21.00","N/A","https://imgcdn.mckesson.com/CumulusWeb/Images/Item_Detail/824751_pdet.jpg"
"gid://shopify/Product/us-4094","847073","Seat Cushion Elements with Gel 18 W X 16 L X 2 D Inch Foam / Gel","Wheelchairs","The Comfort Company","48.54","80.99","101.99","32.45","40%","21.00","N/A","https://imgcdn.mckesson.com/CumulusWeb/Images/Item_Detail/847073.jpg"
"gid://shopify/Product/us-4095","847072","Seat Cushion Elements with Gel 16 W X 16 L X 2 D Inch Foam / Gel","Wheelchairs","The Comfort Company","48.54","80.99","101.99","32.45","40%","21.00","N/A","https://imgcdn.mckesson.com/CumulusWeb/Images/Item_Detail/847072.jpg"
"gid://shopify/Product/us-4096","987906","Seat Cushion Elements with Gel 16 W X 16 L X 2 D Inch Foam / Gel","Wheelchairs","The Comfort Company","48.54","80.99","101.99","32.45","40%","21.00","N/A","https://imgcdn.mckesson.com/CumulusWeb/Images/Item_Detail/987906.jpg"
"gid://shopify/Product/us-4097","1118389","Anti-Thrust Seat Cushion Protekt® 18 W X 18 L X 5 to 3 D Inch Foam / Gel","Wheelchairs","Proactive Medical Products LLC","48.65","81.99","102.99","33.34","41%","21.00","N/A","https://imgcdn.mckesson.com/CumulusWeb/Images/Item_Detail/1118389_pdet_.jpg"
"gid://shopify/Product/us-4098","650471","Seat Cushion Comfort Foam E-Z Rise 18 W X 16 L X 6 D Inch Foam","Wheelchairs","Skil-Care","48.86","81.99","102.99","33.13","40%","21.00","N/A","https://imgcdn.mckesson.com/CumulusWeb/Images/Item_Detail/650471.jpg"
"gid://shopify/Product/us-4099","777466","Contoured Seat Cushion Comfort Curve® 22 W X 18 L X 2-3/4 D Inch Foam","Wheelchairs","The Comfort Company","49.42","82.99","103.99","33.57","40%","21.00","N/A","https://imgcdn.mckesson.com/CumulusWeb/Images/Item_Detail/777466.jpg"
"gid://shopify/Product/us-4100","1083906","Contoured Seat Cushion Comfort Curve® 22 W X 20 L X 2-3/4 D Inch Molded Foam","Wheelchairs","The Comfort Company","49.42","82.99","103.99","33.57","40%","21.00","N/A","https://imgcdn.mckesson.com/CumulusWeb/Images/Item_Detail/1083906.jpg"
"gid://shopify/Product/us-4101","1162273","Seat / Seat Back Cushion Combination Protekt® 18 W X 18 L X 3 D Inch Seat / 20 W X 32 L X 3 to 1 D Inch Back Foam","Wheelchairs","Proactive Medical Products LLC","49.63","82.99","103.99","33.36","40%","21.00","N/A","https://imgcdn.mckesson.com/CumulusWeb/Images/Item_Detail/1162273_right.jpg"
"gid://shopify/Product/us-4102","780039","Contoured Seat Cushion Comfort Curve® 16 W X 18 L X 2-3/4 D Inch Molded Foam","Wheelchairs","The Comfort Company","49.90","83.99","104.99","34.09","41%","21.00","N/A","https://imgcdn.mckesson.com/CumulusWeb/Images/Item_Detail/780039.jpg"
"gid://shopify/Product/us-4103","824752","Seat Cushion Dura-Gel™ Base 3G 22 W X 18 L X 3 D Inch Foam / Gel","Wheelchairs","Graham-Field","49.97","83.99","104.99","34.02","41%","21.00","N/A","https://imgcdn.mckesson.com/CumulusWeb/Images/Item_Detail/824752_pdet.jpg"
"gid://shopify/Product/us-4104","1065586","Contoured Seat Cushion McKesson 20 W X 18 L X 3 D Inch Foam / Gel","Wheelchairs","McKesson Brand","50.74","84.99","106.99","34.25","40%","22.00","N/A","https://imgcdn.mckesson.com/CumulusWeb/Images/Item_Detail/1065586_right.jpg"
"gid://shopify/Product/us-4105","825263","Seat Cushion Comfort Curve® 24 W X 20 L X 2-3/4 D Inch Foam","Wheelchairs","The Comfort Company","50.91","84.99","106.99","34.08","40%","22.00","N/A","https://imgcdn.mckesson.com/CumulusWeb/Images/Item_Detail/825263.jpg"
"gid://shopify/Product/us-4106","1256559","Anti-Thrust Seat Cushion Protekt® 26 X 18 X 5 Inch Foam / Gel","Wheelchairs","Proactive Medical Products LLC","51.09","85.99","107.99","34.90","41%","22.00","N/A","https://imgcdn.mckesson.com/CumulusWeb/Images/Item_Detail/1256559_pdet.jpg"
"gid://shopify/Product/us-4107","1101053","Anti-Thrust Seat Cushion Protekt® 16 W X 16 L X 5 to 3 D Inch Foam / Gel","Wheelchairs","Proactive Medical Products LLC","51.09","85.99","107.99","34.90","41%","22.00","N/A","https://imgcdn.mckesson.com/CumulusWeb/Images/Item_Detail/1101053_pdet.jpg"
"gid://shopify/Product/us-4108","1207491","Anti-Thrust Seat Cushion Protekt® 20 W X 18 L X 5 to 3 D Inch Foam / Gel","Wheelchairs","Proactive Medical Products LLC","51.36","85.99","107.99","34.63","40%","22.00","N/A","https://imgcdn.mckesson.com/CumulusWeb/Images/Item_Detail/1207491_pdet.jpg"
"gid://shopify/Product/us-4109","824753","Seat Cushion Dura-Gel™ Base 3G 24 W X 18 L X 3 D Inch Foam / Gel","Wheelchairs","Graham-Field","51.97","86.99","108.99","35.02","40%","22.00","N/A","https://imgcdn.mckesson.com/CumulusWeb/Images/Item_Detail/824753_pdet.jpg"
"gid://shopify/Product/us-4110","816786","Seat Overlay NYOrtho Comfort Seat 17 W X 54 L Inch Fiber-Filled","Wheelchairs","New York Orthopedic","52.78","87.99","109.99","35.21","40%","22.00","N/A","https://imgcdn.mckesson.com/CumulusWeb/Images/Item_Detail/816786.jpg"
"gid://shopify/Product/us-4111","826694","Pommel Seat Cushion Titanium™ 16 W X 16 L X 3-1/2 D Inch Foam / Gel","Wheelchairs","Drive DeVilbiss Healthcare","53.52","89.99","112.99","36.47","41%","23.00","N/A","https://imgcdn.mckesson.com/CumulusWeb/Images/Item_Detail/826694.jpg"
"gid://shopify/Product/us-4112","1065577","Contoured Seat Cushion McKesson 24 W X 18 L X 3 D Inch Foam / Gel","Wheelchairs","McKesson Brand","54.17","90.99","113.99","36.82","40%","23.00","N/A","https://imgcdn.mckesson.com/CumulusWeb/Images/Item_Detail/1065577.jpg"
"gid://shopify/Product/us-4113","630520","Seat Cushion Econo-Gel 20 W X 16 L X 2 D Inch Foam / Gel","Wheelchairs","Skil-Care","55.61","92.99","116.99","37.38","40%","24.00","N/A","https://imgcdn.mckesson.com/CumulusWeb/Images/Item_Detail/SKLCRE_630520.jpg"
"gid://shopify/Product/us-4114","871450","Seat Cushion Cross Cut 18 W X 18 L X 3 D Inch Foam","Wheelchairs","Span America","55.81","93.99","117.99","38.18","41%","24.00","N/A","https://imgcdn.mckesson.com/CumulusWeb/Images/Item_Detail/871450_pdet.jpg"
"gid://shopify/Product/us-4115","1102567","Anti-Thrust Seat Cushion Protekt® 22 W X 18 L X 5 to 3 D Inch Foam / Gel","Wheelchairs","Proactive Medical Products LLC","56.76","94.99","118.99","38.23","40%","24.00","N/A","https://imgcdn.mckesson.com/CumulusWeb/Images/Item_Detail/1102567_pdet.jpg"
"gid://shopify/Product/us-4116","1150926","Contoured Seat Cushion Protekt® Supreme Bariatric 14 W X 14 L X 3 D Inch Molded Foam","Wheelchairs","Proactive Medical Products LLC","56.93","94.99","118.99","38.06","40%","24.00","N/A","https://imgcdn.mckesson.com/CumulusWeb/Images/Item_Detail/1150926_right.jpg"
"gid://shopify/Product/us-4117","826695","Pommel Seat Cushion Titanium™ 18 W X 16 L X 3-1/2 D Inch Foam / Gel","Wheelchairs","Drive DeVilbiss Healthcare","57.71","96.99","121.99","39.28","40%","25.00","N/A","https://imgcdn.mckesson.com/CumulusWeb/Images/Item_Detail/826695.jpg"
"gid://shopify/Product/us-4118","722377","Seat Cushion Air Lift 28 W X 22 L Inch Air Cells","Wheelchairs","Skil-Care","58.25","97.99","122.99","39.74","41%","25.00","N/A","https://imgcdn.mckesson.com/CumulusWeb/Images/Item_Detail/722377_family.jpg"
"gid://shopify/Product/us-4119","1079104","Seat Cushion Elements with Gel 18 W X 16 L X 3 D Inch Foam / Gel","Wheelchairs","The Comfort Company","60.65","101.99","127.99","41.34","41%","26.00","N/A","https://imgcdn.mckesson.com/CumulusWeb/Images/Item_Detail/1079104_left.jpg"
"gid://shopify/Product/us-4120","1079105","Seat Cushion Elements with Gel 20 W X 16 L X 3 D Inch Foam / Gel","Wheelchairs","The Comfort Company","60.65","101.99","127.99","41.34","41%","26.00","N/A","https://imgcdn.mckesson.com/CumulusWeb/Images/Item_Detail/1079105.jpg"
"gid://shopify/Product/us-4121","1079103","Seat Cushion Elements with Gel 16 W X 16 L X 3 D Inch Foam / Gel","Wheelchairs","The Comfort Company","60.65","101.99","127.99","41.34","41%","26.00","N/A","https://imgcdn.mckesson.com/CumulusWeb/Images/Item_Detail/1079103.jpg"
"gid://shopify/Product/us-4122","783545","Wedge Seat Cushion AliMed® Basic 18 W X 16 L X 3 to 1 D Inch Polyurethane","Wheelchairs","Alimed","60.86","101.99","127.99","41.13","40%","26.00","N/A","https://imgcdn.mckesson.com/CumulusWeb/Images/Item_Detail/783545.jpg"
"gid://shopify/Product/us-4123","1207492","Anti-Thrust Seat Cushion Protekt® 24 W X 18 L X 5 to 3 D Inch Foam / Gel","Wheelchairs","Proactive Medical Products LLC","62.17","103.99","129.99","41.82","40%","26.00","N/A","https://imgcdn.mckesson.com/CumulusWeb/Images/Item_Detail/1207492_pdet.jpg"
"gid://shopify/Product/us-4124","346096","Seat Cushion Geo-Matt® 18 W X 16 L X 4 D Inch Foam","Wheelchairs","Span America","62.64","104.99","131.99","42.35","40%","27.00","N/A","https://imgcdn.mckesson.com/CumulusWeb/Images/Item_Detail/346096_right.jpg"
"gid://shopify/Product/us-4125","826697","Pommel Seat Cushion Titanium™ Bariatric 22 W X 18 L X 3-1/2 D Inch Foam / Gel","Wheelchairs","Drive DeVilbiss Healthcare","65.82","109.99","137.99","44.17","40%","28.00","N/A","https://imgcdn.mckesson.com/CumulusWeb/Images/Item_Detail/826697.jpg"
"gid://shopify/Product/us-4126","822304","Seat Cushion Gel-Foam Thin-Line 18 W X 16 L X 1-1/2 D Inch Foam / Gel","Wheelchairs","Skil-Care","67.91","113.99","142.99","46.08","40%","29.00","N/A","https://imgcdn.mckesson.com/CumulusWeb/Images/Item_Detail/822304.jpg"
"gid://shopify/Product/us-4127","773669","Seat Cushion Gel-Foam Ultra-Thin 16 W X 16 L X 1 D Inch Foam / Gel","Wheelchairs","Skil-Care","68.18","113.99","142.99","45.81","40%","29.00","N/A","https://imgcdn.mckesson.com/CumulusWeb/Images/Item_Detail/773669.jpg"
"gid://shopify/Product/us-4128","822473","Seat Cushion Classic Gel-Foam 18 W X 16 L X 2-1/2 D Inch Foam / Gel","Wheelchairs","Skil-Care","68.93","114.99","143.99","46.06","40%","29.00","N/A","https://imgcdn.mckesson.com/CumulusWeb/Images/Item_Detail/822473.jpg"
"gid://shopify/Product/us-4129","583989","Seat Cushion ROHO® Mosaic® 16 W X 16 L X 3 D Inch PVC Air Cells","Wheelchairs","Crown Therapeutics","70.31","117.99","147.99","47.68","40%","30.00","N/A","https://imgcdn.mckesson.com/CumulusWeb/Images/Item_Detail/583989_left.jpg"
"gid://shopify/Product/us-4130","583990","Seat Cushion ROHO® Mosaic® 18 W X 16 L X 3 D Inch PVC Air Cells","Wheelchairs","Crown Therapeutics","70.31","117.99","147.99","47.68","40%","30.00","N/A","https://imgcdn.mckesson.com/CumulusWeb/Images/Item_Detail/583990_left.jpg"
"gid://shopify/Product/us-4131","629044","Seat Cushion ROHO® Mosaic® 18 W X 18 L X 3 D Inch PVC Air Cells","Wheelchairs","Crown Therapeutics","70.31","117.99","147.99","47.68","40%","30.00","N/A","https://imgcdn.mckesson.com/CumulusWeb/Images/Item_Detail/629044_ppkgright.jpg"
"gid://shopify/Product/us-4132","1092708","Seat Cushion ROHO® Mosaic® 20 W X 18 L X 3 D Inch PVC Air Cells","Wheelchairs","Crown Therapeutics","70.31","117.99","147.99","47.68","40%","30.00","N/A","https://imgcdn.mckesson.com/CumulusWeb/Images/Item_Detail/1092708.jpg"
"gid://shopify/Product/us-4133","746739","Seat Cushion Gel-Foam Ultra-Thin 18 W X 16 L X 1 D Inch Foam / Gel","Wheelchairs","Skil-Care","70.95","118.99","148.99","48.04","40%","30.00","N/A","https://imgcdn.mckesson.com/CumulusWeb/Images/Item_Detail/SKLCRE_746739.jpg"
"gid://shopify/Product/us-4134","1198976","Seat Cushion Commuter™ 18 W X 16 L X 2-1/4 D Inch Foam / Polymer","Wheelchairs","Action Products","71.59","119.99","149.99","48.40","40%","30.00","N/A","https://imgcdn.mckesson.com/CumulusWeb/Images/Item_Detail/1198976_left.jpg"
"gid://shopify/Product/us-4135","1182223","Seat Cushion Titanium™ 18 W X 18 L X 3-1/2 D Inch Foam / Gel","Wheelchairs","Drive DeVilbiss Healthcare","73.20","122.99","153.99","49.79","40%","31.00","N/A","https://imgcdn.mckesson.com/CumulusWeb/Images/Item_Detail/1182223_left.jpg"
"gid://shopify/Product/us-4136","582961","Anti-Thrust Seat Cushion Skil-Care™ 16 W X 18 L Inch Foam","Wheelchairs","Skil-Care","73.93","123.99","154.99","50.06","40%","31.00","N/A","https://imgcdn.mckesson.com/CumulusWeb/Images/Item_Detail/582961_pdet.jpg"
"gid://shopify/Product/us-4137","746738","Seat Cushion Gel-Foam Ultra-Thin 20 W X 16 L X 1 D Inch Foam / Gel","Wheelchairs","Skil-Care","74.40","124.99","156.99","50.59","40%","32.00","N/A","https://imgcdn.mckesson.com/CumulusWeb/Images/Item_Detail/SKLCRE_746738.jpg"
"gid://shopify/Product/us-4138","823363","Anti-Thrust Seat Cushion Skil-Care™ 16 W X 18 L Inch Foam","Wheelchairs","Skil-Care","74.94","124.99","156.99","50.05","40%","32.00","N/A","https://imgcdn.mckesson.com/CumulusWeb/Images/Item_Detail/823363.jpg"
"gid://shopify/Product/us-4139","822474","Seat Cushion Classic Gel-Foam 20 W X 16 L X 2-1/2 D Inch Foam / Gel","Wheelchairs","Skil-Care","75.62","126.99","158.99","51.37","40%","32.00","N/A","https://imgcdn.mckesson.com/CumulusWeb/Images/Item_Detail/822474.jpg"
"gid://shopify/Product/us-4140","1154033","Seat Cushion Titanium™ 20 W X 18 L X 3-1/2 D Inch Foam / Gel","Wheelchairs","Drive DeVilbiss Healthcare","76.49","127.99","159.99","51.50","40%","32.00","N/A","https://imgcdn.mckesson.com/CumulusWeb/Images/Item_Detail/1154033_left.jpg"
"gid://shopify/Product/us-4141","580273","Seat Cushion ConForm 18 W X 16 L X 2 D Inch Foam","Wheelchairs","Skil-Care","76.63","127.99","159.99","51.36","40%","32.00","N/A","https://imgcdn.mckesson.com/CumulusWeb/Images/Item_Detail/580273_pdet.jpg"
"gid://shopify/Product/us-4142","691969","Seat Cushion Gel E 22 W X 18 L X 4 D Inch Foam / Gel","Wheelchairs","Drive DeVilbiss Healthcare","77.01","128.99","161.99","51.98","40%","33.00","N/A","https://imgcdn.mckesson.com/CumulusWeb/Images/Item_Detail/691969_right.jpg"
"gid://shopify/Product/us-4143","984281","Pommel Seat Cushion APEX CORE™ 18 W X 16 L X 3 D Inch Foam / Gel","Wheelchairs","New York Orthopedic","77.31","128.99","161.99","51.68","40%","33.00","N/A","https://imgcdn.mckesson.com/CumulusWeb/Images/Item_Detail/984281.jpg"
"gid://shopify/Product/us-4144","572321","Wedge Seat Cushion Geo-Matt® Wedge 16 W X 16 L X 4 to 2 D Inch Foam","Wheelchairs","Span America","79.83","133.99","167.99","54.16","40%","34.00","N/A","https://imgcdn.mckesson.com/CumulusWeb/Images/Item_Detail/572321.jpg"
"gid://shopify/Product/us-4145","572453","Wedge Seat Cushion Geo-Matt® Wedge 18 W X 16 L X 4 to 2 D Inch Foam","Wheelchairs","Span America","79.85","133.99","167.99","54.14","40%","34.00","N/A","https://imgcdn.mckesson.com/CumulusWeb/Images/Item_Detail/572453.jpg"
"gid://shopify/Product/us-4146","822507","Anti-Thrust Seat Cushion Skil-Care™ 16 W X 16 L Inch Foam / Gel","Wheelchairs","Skil-Care","80.01","133.99","167.99","53.98","40%","34.00","N/A","https://imgcdn.mckesson.com/CumulusWeb/Images/Item_Detail/822507.jpg"
"gid://shopify/Product/us-4147","822504","Seat Cushion Gel-Foam X-Cushion 16 W X 16 L X 2-1/2 D Inch Foam / Gel","Wheelchairs","Skil-Care","80.42","134.99","168.99","54.57","40%","34.00","N/A","https://imgcdn.mckesson.com/CumulusWeb/Images/Item_Detail/822504.jpg"
"gid://shopify/Product/us-4148","572324","Seat Cushion Geo-Matt® PRT 16 W X 16 L X 3 D Inch Foam","Wheelchairs","Span America","81.33","135.99","169.99","54.66","40%","34.00","N/A","https://imgcdn.mckesson.com/CumulusWeb/Images/Item_Detail/572324.jpg"
"gid://shopify/Product/us-4149","788469","Seat Cushion ROHO® Mosaic® 18 W X 16 L X 3 D Inch PVC Air Cells","Wheelchairs","Crown Therapeutics","81.56","135.99","169.99","54.43","40%","34.00","N/A","https://imgcdn.mckesson.com/CumulusWeb/Images/Item_Detail/788469.jpg"
"gid://shopify/Product/us-4150","788470","Seat Cushion ROHO® Mosaic® 18 W X 18 L X 3 D Inch PVC Air Cells","Wheelchairs","Crown Therapeutics","81.56","135.99","169.99","54.43","40%","34.00","N/A","https://imgcdn.mckesson.com/CumulusWeb/Images/Item_Detail/788470.jpg"
"gid://shopify/Product/us-4151","572457","Wedge Seat Cushion Geo-Matt® Wedge 18 W X 18 L X 4 to 2 D Inch Foam","Wheelchairs","Span America","82.10","136.99","171.99","54.89","40%","35.00","N/A","https://imgcdn.mckesson.com/CumulusWeb/Images/Item_Detail/572457.jpg"
"gid://shopify/Product/us-4152","510977","Wedge Seat Cushion Geo-Matt® Wedge 20 W X 18 L X 4 to 2 D Inch Foam","Wheelchairs","Span America","82.10","136.99","171.99","54.89","40%","35.00","N/A","https://imgcdn.mckesson.com/CumulusWeb/Images/Item_Detail/510977.jpg"
"gid://shopify/Product/us-4153","823355","Wedge Seat Cushion Skil-Care™ Ultra-Wedge 20 W X 16 L X 4 to 1-1/2 D Inch Foam","Wheelchairs","Skil-Care","82.10","136.99","171.99","54.89","40%","35.00","N/A","https://imgcdn.mckesson.com/CumulusWeb/Images/Item_Detail/823355.jpg"
"gid://shopify/Product/us-4154","824699","Seat Cushion Dura-Gel™ SP III 18 W X 16 L X 3 D Inch Foam / Gel","Wheelchairs","Graham-Field","84.20","140.99","176.99","56.79","40%","36.00","N/A","https://imgcdn.mckesson.com/CumulusWeb/Images/Item_Detail/824699_left.jpg"
"gid://shopify/Product/us-4155","824700","Seat Cushion Dura-Gel™ SP III 18 W X 18 L X 3 D Inch Foam / Gel","Wheelchairs","Graham-Field","87.38","145.99","182.99","58.61","40%","37.00","N/A","https://imgcdn.mckesson.com/CumulusWeb/Images/Item_Detail/824700_left.jpg"
"gid://shopify/Product/us-4156","822505","Coccyx Relief Seat Cushion Gel-Foam X-Cushion 16 W X 16 L X 2-1/2 D Inch Foam / Gel","Wheelchairs","Skil-Care","88.32","147.99","184.99","59.67","40%","37.00","N/A","https://imgcdn.mckesson.com/CumulusWeb/Images/Item_Detail/822505.jpg"
"gid://shopify/Product/us-4157","761196","Coccyx Relief Seat Cushion Gel-Foam X-Cushion 18 W X 16 L X 2-1/2 D Inch Foam / Gel","Wheelchairs","Skil-Care","88.32","147.99","184.99","59.67","40%","37.00","N/A","https://imgcdn.mckesson.com/CumulusWeb/Images/Item_Detail/SKLCRE_761196.jpg"
"gid://shopify/Product/us-4158","1110289","Wheelchair Footrest Cushion Comfort Foot® For Wheelchair","Wheelchairs","The Comfort Company","88.63","147.99","184.99","59.36","40%","37.00","N/A","https://imgcdn.mckesson.com/CumulusWeb/Images/Item_Detail/1110289.jpg"
"gid://shopify/Product/us-4159","824754","Seat Cushion Dura-Gel™ SPP 18 W X 16 L X 4-1/2 D Inch Foam / Gel","Wheelchairs","Graham-Field","89.00","148.99","186.99","59.99","40%","38.00","N/A","https://imgcdn.mckesson.com/CumulusWeb/Images/Item_Detail/824754_pdet.jpg"
"gid://shopify/Product/us-4160","787519","Seat Cushion Centurian® 18 W X 16 L X 1-1/4 D Inch Foam / Polymer","Wheelchairs","Action Products","91.32","152.99","191.99","61.67","40%","39.00","N/A","https://imgcdn.mckesson.com/CumulusWeb/Images/Item_Detail/787519.jpg"
"gid://shopify/Product/us-4161","876018","Seat Cushion Gel-U-Seat™ Lite 16 W X 16 L X 2 D Inch Foam / Gel","Wheelchairs","Drive DeVilbiss Healthcare","93.54","155.99","194.99","62.45","40%","39.00","N/A","https://imgcdn.mckesson.com/CumulusWeb/Images/Item_Detail/876018_pkgfront.jpg"
"gid://shopify/Product/us-4162","824755","Seat Cushion Dura-Gel™ SPP 18 W X 18 L X 4-1/2 D Inch Foam / Gel","Wheelchairs","Graham-Field","93.80","156.99","196.99","63.19","40%","40.00","N/A","https://imgcdn.mckesson.com/CumulusWeb/Images/Item_Detail/824755_left.jpg"
"gid://shopify/Product/us-4163","761197","Coccyx Relief Seat Cushion Gel-Foam X-Cushion 20 W X 16 L X 2-1/2 D Inch Foam / Gel","Wheelchairs","Skil-Care","93.86","156.99","196.99","63.13","40%","40.00","N/A","https://imgcdn.mckesson.com/CumulusWeb/Images/Item_Detail/SKLCRE_761197.jpg"
"gid://shopify/Product/us-4164","824841","Seat Cushion Dura-Gel™ SPP 20 W X 18 L X 4-1/2 D Inch Foam / Gel","Wheelchairs","Graham-Field","95.35","158.99","198.99","63.64","40%","40.00","N/A","https://imgcdn.mckesson.com/CumulusWeb/Images/Item_Detail/824841_pdet.jpg"
"gid://shopify/Product/us-4165","824706","Seat Cushion Dura-Gel™ SP III 24 W X 18 L X 3 D Inch Foam / Gel","Wheelchairs","Graham-Field","95.35","158.99","198.99","63.64","40%","40.00","N/A","https://imgcdn.mckesson.com/CumulusWeb/Images/Item_Detail/824706_left.jpg"
"gid://shopify/Product/us-4166","583161","Seat Cushion Geo-Matt® PRT 20 W X 18 L X 3 D Inch Foam","Wheelchairs","Span America","95.65","159.99","199.99","64.34","40%","40.00","N/A","https://imgcdn.mckesson.com/CumulusWeb/Images/Item_Detail/583161.jpg"
"gid://shopify/Product/us-4167","626813","Seat Cushion Geo-Matt® PRT 18 X 16 X 3 Inch Foam","Wheelchairs","Span America","95.66","159.99","199.99","64.33","40%","40.00","N/A","https://imgcdn.mckesson.com/CumulusWeb/Images/Item_Detail/626813.jpg"
"gid://shopify/Product/us-4168","572326","Seat Cushion Geo-Matt® PRT 18 W X 18 L X 3 D Inch Foam","Wheelchairs","Span America","95.66","159.99","199.99","64.33","40%","40.00","N/A","https://imgcdn.mckesson.com/CumulusWeb/Images/Item_Detail/572326.jpg"
"gid://shopify/Product/us-4169","867950","Seat Cushion Gel-U-Seat™ 18 W X 16 L X 3 D Inch Foam / Gel","Wheelchairs","Drive DeVilbiss Healthcare","95.70","159.99","199.99","64.29","40%","40.00","N/A","https://imgcdn.mckesson.com/CumulusWeb/Images/Item_Detail/867950_left.jpg"
"gid://shopify/Product/us-4170","987912","Seat Cushion Elements with Gel 22 W X 18 L X 2 D Inch Foam / Gel","Wheelchairs","The Comfort Company","96.15","160.99","201.99","64.84","40%","41.00","N/A","https://imgcdn.mckesson.com/CumulusWeb/Images/Item_Detail/987912.jpg"
"gid://shopify/Product/us-4171","961140","Seat Cushion Gel-U-Seat™ Lite 20 W X 16 L X 2 D Inch Foam / Gel","Wheelchairs","Drive DeVilbiss Healthcare","97.90","163.99","204.99","66.09","40%","41.00","N/A","https://imgcdn.mckesson.com/CumulusWeb/Images/Item_Detail/961140_left.jpg"
"gid://shopify/Product/us-4172","625201","Anti-Thrust Seat Cushion Skil-Care™ 16 W X 18 L Inch Foam / Gel","Wheelchairs","Skil-Care","99.40","165.99","207.99","66.59","40%","42.00","N/A","https://imgcdn.mckesson.com/CumulusWeb/Images/Item_Detail/625201.jpg"
"gid://shopify/Product/us-4173","913748","Seat Cushion Gel-U-Seat™ Lite 20 W X 16 L X 3 D Inch Foam / Gel","Wheelchairs","Drive DeVilbiss Healthcare","99.65","166.99","208.99","67.34","40%","42.00","N/A","https://imgcdn.mckesson.com/CumulusWeb/Images/Item_Detail/913748_right.jpg"
"gid://shopify/Product/us-4174","824843","Seat Cushion Dura-Gel™ SPP 22 W X 18 L X 4-1/2 D Inch Foam / Gel","Wheelchairs","Graham-Field","100.15","154.99","193.99","54.84","35%","39.00","N/A","https://imgcdn.mckesson.com/CumulusWeb/Images/Item_Detail/824843_pdet.jpg"
"gid://shopify/Product/us-4175","571557","Seat Cushion EZ-Dish® 18 W X 16 L X 3 D Inch Foam","Wheelchairs","Span America","100.42","154.99","193.99","54.57","35%","39.00","N/A","https://imgcdn.mckesson.com/CumulusWeb/Images/Item_Detail/571557.jpg"
"gid://shopify/Product/us-4176","571904","Seat Cushion EZ-Dish® 16 W X 16 L X 3 D Inch Foam","Wheelchairs","Span America","100.42","154.99","193.99","54.57","35%","39.00","N/A","https://imgcdn.mckesson.com/CumulusWeb/Images/Item_Detail/571904.jpg"
"gid://shopify/Product/us-4177","824845","Seat Cushion Dura-Gel™ SPP 24 W X 18 L X 4-1/2 D Inch Foam / Gel","Wheelchairs","Graham-Field","101.77","156.99","196.99","55.22","35%","40.00","N/A","https://imgcdn.mckesson.com/CumulusWeb/Images/Item_Detail/824845_pdet.jpg"
"gid://shopify/Product/us-4178","742954","Seat Cushion Gel-Foam X-Cushion 18 W X 16 L X 3-1/2 D Inch Foam / Gel","Wheelchairs","Skil-Care","103.12","158.99","198.99","55.87","35%","40.00","N/A","https://imgcdn.mckesson.com/CumulusWeb/Images/Item_Detail/SKLCRE_742954.jpg"
"gid://shopify/Product/us-4179","816790","Seat Cushion NYOrtho 26 W X 18 L X 3 D Inch Foam / Gel","Wheelchairs","New York Orthopedic","104.07","160.99","201.99","56.92","35%","41.00","N/A","https://imgcdn.mckesson.com/CumulusWeb/Images/Item_Detail/816790_top.jpg"
"gid://shopify/Product/us-4180","816791","Seat Cushion NYOrtho 28 W X 18 L X 3 D Inch Foam / Gel","Wheelchairs","New York Orthopedic","104.07","160.99","201.99","56.92","35%","41.00","N/A","https://imgcdn.mckesson.com/CumulusWeb/Images/Item_Detail/816791_top.jpg"
"gid://shopify/Product/us-4181","252820","Seat Cushion Level Ultra 18 W X 16 L X 4 D Inch Foam / Gel","Wheelchairs","Skil-Care","107.85","165.99","207.99","58.14","35%","42.00","N/A","https://imgcdn.mckesson.com/CumulusWeb/Images/Item_Detail/252820.jpg"
"gid://shopify/Product/us-4182","572693","Contoured Seat Cushion Geo-Matt® Contour 16 W X 16 L X 3 D Inch Molded Foam","Wheelchairs","Span America","109.20","167.99","209.99","58.79","35%","42.00","N/A","https://imgcdn.mckesson.com/CumulusWeb/Images/Item_Detail/572693.jpg"
"gid://shopify/Product/us-4183","573110","Contoured Seat Cushion Geo-Matt® Contour 16 W X 16 L X 3 D Inch Molded Foam","Wheelchairs","Span America","109.22","168.99","211.99","59.77","35%","43.00","N/A","https://imgcdn.mckesson.com/CumulusWeb/Images/Item_Detail/573110.jpg"
"gid://shopify/Product/us-4184","649298","Seat Cushion Geo-Matt® Contour 18 W X 16 L X 3 D Inch Foam","Wheelchairs","Span America","109.23","168.99","211.99","59.76","35%","43.00","N/A","https://imgcdn.mckesson.com/CumulusWeb/Images/Item_Detail/649298.jpg"
"gid://shopify/Product/us-4185","571550","Seat Cushion Gel-T® 20 W X 17 L X 2-1/2 Inch Foam / Gel","Wheelchairs","Span America","110.72","170.99","213.99","60.27","35%","43.00","N/A","https://imgcdn.mckesson.com/CumulusWeb/Images/Item_Detail/571550.jpg"
"gid://shopify/Product/us-4186","641380","Seat Cushion Gel-T® 19 W X 19 L X 2-1/2 D Inch Foam / Gel","Wheelchairs","Span America","110.72","170.99","213.99","60.27","35%","43.00","N/A","https://imgcdn.mckesson.com/CumulusWeb/Images/Item_Detail/SPAMME_641380.jpg"
"gid://shopify/Product/us-4187","571548","Seat Cushion Gel-T® 18 W X 18 L X 2-1/2 D Inch Foam / Gel","Wheelchairs","Span America","110.73","170.99","213.99","60.26","35%","43.00","N/A","https://imgcdn.mckesson.com/CumulusWeb/Images/Item_Detail/571548_pdet.jpg"
"gid://shopify/Product/us-4188","572452","Seat Cushion Gel-T® 18 W X 16 L X 2-1/2 D Inch Foam / Gel","Wheelchairs","Span America","110.73","170.99","213.99","60.26","35%","43.00","N/A","https://imgcdn.mckesson.com/CumulusWeb/Images/Item_Detail/SPAMME_572452.jpg"
"gid://shopify/Product/us-4189","572367","Seat Cushion Gel-T® 16 W X 16 L X 2-1/2 D Inch Foam / Gel","Wheelchairs","Span America","110.73","170.99","213.99","60.26","35%","43.00","N/A","https://imgcdn.mckesson.com/CumulusWeb/Images/Item_Detail/572367.jpg"
"gid://shopify/Product/us-4190","571547","Seat Cushion Gel-T® 17 W X 17 L X 2-1/2 D Inch Foam / Gel","Wheelchairs","Span America","110.73","170.99","213.99","60.26","35%","43.00","N/A","https://imgcdn.mckesson.com/CumulusWeb/Images/Item_Detail/571547.jpg"
"gid://shopify/Product/us-4191","816792","Seat Cushion NYOrtho 30 W X 18 L X 3 D Inch Foam / Gel","Wheelchairs","New York Orthopedic","111.50","171.99","214.99","60.49","35%","43.00","N/A","https://imgcdn.mckesson.com/CumulusWeb/Images/Item_Detail/816792_top.jpg"
"gid://shopify/Product/us-4192","571912","Seat Cushion EZ-Dish® 20 W X 18 L X 3 D Inch Foam","Wheelchairs","Span America","115.95","178.99","223.99","63.04","35%","45.00","N/A","https://imgcdn.mckesson.com/CumulusWeb/Images/Item_Detail/571912.jpg"
"gid://shopify/Product/us-4193","629029","Seat Cushion EZ-Dish® 18 W X 18 L X 3 D Inch Foam","Wheelchairs","Span America","115.95","178.99","223.99","63.04","35%","45.00","N/A","https://imgcdn.mckesson.com/CumulusWeb/Images/Item_Detail/629029.jpg"
"gid://shopify/Product/us-4194","1228321","Seat Cushion 16 W X 18 L X 4 D Inch Foam","Wheelchairs","Medline","117.27","180.99","226.99","63.72","35%","46.00","N/A","https://imgcdn.mckesson.com/CumulusWeb/Images/Item_Detail/1228321_left.jpg"
"gid://shopify/Product/us-4195","633214","Seat Cushion Geo-Matt® PRT 24 W X 18 L X 4 D Inch Foam","Wheelchairs","Span America","123.50","189.99","237.99","66.49","35%","48.00","N/A","https://imgcdn.mckesson.com/CumulusWeb/Images/Item_Detail/SPAMME_633214.jpg"
"gid://shopify/Product/us-4196","573190","Seat Cushion Geo-Matt® PRT 22 W X 18 L X 4 D Inch Foam","Wheelchairs","Span America","123.54","190.99","238.99","67.45","35%","48.00","N/A","https://imgcdn.mckesson.com/CumulusWeb/Images/Item_Detail/SPAMME_573190.jpg"
"gid://shopify/Product/us-4197","573180","Seat Cushion Gel-T® 24 W X 18 L X 2-1/2 D Inch Foam / Gel","Wheelchairs","Span America","126.54","194.99","243.99","68.45","35%","49.00","N/A","https://imgcdn.mckesson.com/CumulusWeb/Images/Item_Detail/SPAMME_573180.jpg"
"gid://shopify/Product/us-4198","631740","Seat Cushion Gel-T® 22 W X 18 L X 2-1/2 D Inch Foam / Gel","Wheelchairs","Span America","126.56","194.99","243.99","68.43","35%","49.00","N/A","https://imgcdn.mckesson.com/CumulusWeb/Images/Item_Detail/SPAMME_631740.jpg"
"gid://shopify/Product/us-4199","640390","Seat / Seat Back Cushion Combination Short-Wave™ 16 Inch Width Foam","Wheelchairs","Span America","127.79","196.99","246.99","69.20","35%","50.00","N/A","https://imgcdn.mckesson.com/CumulusWeb/Images/Item_Detail/SPAMME_640390.jpg"
"gid://shopify/Product/us-4200","649299","Seat Cushion Geo-Matt® Contour 20 W X 18 L X 3 D Inch Foam","Wheelchairs","Span America","128.03","196.99","246.99","68.96","35%","50.00","N/A","https://imgcdn.mckesson.com/CumulusWeb/Images/Item_Detail/649299.jpg"
"gid://shopify/Product/us-4201","1063268","Seat Cushion Protekt® O2 18 W X 16 L X 4 D Inch PVC Air Cells","Wheelchairs","Proactive Medical Products LLC","128.39","197.99","247.99","69.60","35%","50.00","N/A","https://imgcdn.mckesson.com/CumulusWeb/Images/Item_Detail/1063268_left.jpg"
"gid://shopify/Product/us-4202","1063260","Seat Cushion Protekt® O2 Low Profile 16 W X 16 L X 2 D Inch PVC Air Cells","Wheelchairs","Proactive Medical Products LLC","128.39","197.99","247.99","69.60","35%","50.00","N/A","https://imgcdn.mckesson.com/CumulusWeb/Images/Item_Detail/1063260_left.jpg"
"gid://shopify/Product/us-4203","1063261","Seat Cushion Protekt® O2 Low Profile 18 W X 16 L X 2 D Inch PVC Air Cells","Wheelchairs","Proactive Medical Products LLC","128.39","197.99","247.99","69.60","35%","50.00","N/A","https://imgcdn.mckesson.com/CumulusWeb/Images/Item_Detail/1063261_left.jpg"
"gid://shopify/Product/us-4204","822299","Seat Cushion Skil-Care™ 20 W X 16 L X 4 D Inch Foam","Wheelchairs","Skil-Care","134.95","207.99","259.99","73.04","35%","52.00","N/A","https://imgcdn.mckesson.com/CumulusWeb/Images/Item_Detail/822299_pdet.jpg"
"gid://shopify/Product/us-4205","1063263","Seat Cushion Protekt® O2 Low Profile 20 W X 16 L X 2 D Inch PVC Air Cells","Wheelchairs","Proactive Medical Products LLC","135.15","207.99","259.99","72.84","35%","52.00","N/A","https://imgcdn.mckesson.com/CumulusWeb/Images/Item_Detail/1063263_left.jpg"
"gid://shopify/Product/us-4206","1063262","Seat Cushion Protekt® O2 Low Profile 18 W X 18 L X 2 D Inch PVC Air Cells","Wheelchairs","Proactive Medical Products LLC","135.15","207.99","259.99","72.84","35%","52.00","N/A","https://imgcdn.mckesson.com/CumulusWeb/Images/Item_Detail/1063262_left.jpg"
"gid://shopify/Product/us-4207","1063270","Seat Cushion Protekt® O2 20 W X 16 L X 4 D Inch PVC Air Cells","Wheelchairs","Proactive Medical Products LLC","135.15","207.99","259.99","72.84","35%","52.00","N/A","https://imgcdn.mckesson.com/CumulusWeb/Images/Item_Detail/1063270_left.jpg"
"gid://shopify/Product/us-4208","1063269","Seat Cushion Protekt® O2 18 W X 18 L X 4 D Inch PVC Air Cells","Wheelchairs","Proactive Medical Products LLC","135.15","207.99","259.99","72.84","35%","52.00","N/A","https://imgcdn.mckesson.com/CumulusWeb/Images/Item_Detail/1063269_left.jpg"
"gid://shopify/Product/us-4209","699453","Seat Cushion Gel-U-Seat™ Lite 20 W X 18 L X 3 D Inch Foam / Gel","Wheelchairs","Drive DeVilbiss Healthcare","135.21","208.99","261.99","73.78","35%","53.00","N/A","https://imgcdn.mckesson.com/CumulusWeb/Images/Item_Detail/699453.jpg"
"gid://shopify/Product/us-4210","1063267","Seat Cushion Protekt® O2 16 W X 16 L X 4 D Inch PVC Air Cells","Wheelchairs","Proactive Medical Products LLC","138.67","213.99","267.99","75.32","35%","54.00","N/A","https://imgcdn.mckesson.com/CumulusWeb/Images/Item_Detail/1063267_left.jpg"
"gid://shopify/Product/us-4211","929210","Seat Cushion McKesson 18 W X 16 L X 3 D Inch Convoluted Foam","Wheelchairs","McKesson Brand","142.41","219.99","274.99","77.58","35%","55.00","N/A","https://imgcdn.mckesson.com/CumulusWeb/Images/Item_Detail/929210_pdet.jpg"
"gid://shopify/Product/us-4212","628504","Seat / Seat Back Cushion Combination Short-Wave™ 20 Inch Width Foam","Wheelchairs","Span America","146.04","224.99","281.99","78.95","35%","57.00","N/A","https://imgcdn.mckesson.com/CumulusWeb/Images/Item_Detail/SPAMME_628504.jpg"
"gid://shopify/Product/us-4213","1083907","Zero Elevation Seat Cushion Support Pro™ 7 Series 22 W X 20 L Inch Foam","Wheelchairs","The Comfort Company","151.45","232.99","291.99","81.54","35%","59.00","N/A","https://imgcdn.mckesson.com/CumulusWeb/Images/Item_Detail/1083907.jpg"
"gid://shopify/Product/us-4214","1063264","Seat Cushion Protekt® O2 Low Profile 20 W X 18 L X 2 D Inch PVC Air Cells","Wheelchairs","Proactive Medical Products LLC","155.42","239.99","299.99","84.57","35%","60.00","N/A","https://imgcdn.mckesson.com/CumulusWeb/Images/Item_Detail/1063264_left.jpg"
"gid://shopify/Product/us-4215","1063271","Seat Cushion Protekt® O2 20 W X 18 L X 4 D Inch PVC Air Cells","Wheelchairs","Proactive Medical Products LLC","155.42","239.99","299.99","84.57","35%","60.00","N/A","https://imgcdn.mckesson.com/CumulusWeb/Images/Item_Detail/1063271_left.jpg"
"gid://shopify/Product/us-4216","801906","Wedge Seat Cushion Support Pro™ 18 W X 18 L X 4 to 2 D Inch Foam / Gel","Wheelchairs","The Comfort Company","164.13","252.99","316.99","88.86","35%","64.00","N/A","https://imgcdn.mckesson.com/CumulusWeb/Images/Item_Detail/801906.jpg"
"gid://shopify/Product/us-4217","1115304","Anti-Thrust Seat Cushion M2 20 W X 18 L X 2-3/4 D Inch Foam / Gel","Wheelchairs","The Comfort Company","164.38","252.99","316.99","88.61","35%","64.00","N/A","https://imgcdn.mckesson.com/CumulusWeb/Images/Item_Detail/1115304.jpg"
"gid://shopify/Product/us-4218","695176","Seat Cushion Skil-Care™ 26 W X 18 L X 3 D Inch Foam / Gel","Wheelchairs","Skil-Care","173.13","266.99","333.99","93.86","35%","67.00","N/A","https://imgcdn.mckesson.com/CumulusWeb/Images/Item_Detail/SKLCRE_695176.jpg"
"gid://shopify/Product/us-4219","1063265","Seat Cushion Protekt® O2 Low Profile 22 W X 18 L X 2 D Inch PVC Air Cells","Wheelchairs","Proactive Medical Products LLC","175.70","270.99","338.99","95.29","35%","68.00","N/A","https://imgcdn.mckesson.com/CumulusWeb/Images/Item_Detail/1063265_left.jpg"
"gid://shopify/Product/us-4220","1120334","Seat Cushion Gel E 18 W X 18 L X 3 H Inch Foam / Gel","Wheelchairs","Drive DeVilbiss Healthcare","179.64","276.99","346.99","97.35","35%","70.00","N/A","https://imgcdn.mckesson.com/CumulusWeb/Images/Item_Detail/1120334.jpg"
"gid://shopify/Product/us-4221","822297","Seat Cushion Bari-Gel™ 26 W X 20 L X 3 D Inch Foam / Gel","Wheelchairs","Skil-Care","181.10","278.99","348.99","97.89","35%","70.00","N/A","https://imgcdn.mckesson.com/CumulusWeb/Images/Item_Detail/822297.jpg"
"gid://shopify/Product/us-4222","695175","Seat Cushion Skil-Care™ 28 W X 20 L X 3 D Inch Foam / Gel","Wheelchairs","Skil-Care","187.52","288.99","361.99","101.47","35%","73.00","N/A","https://imgcdn.mckesson.com/CumulusWeb/Images/Item_Detail/SKLCRE_695175.jpg"
"gid://shopify/Product/us-4223","1063272","Seat Cushion Protekt® O2 22 W X 18 L X 4 D Inch PVC Air Cells","Wheelchairs","Proactive Medical Products LLC","189.75","291.99","364.99","102.24","35%","73.00","N/A","https://imgcdn.mckesson.com/CumulusWeb/Images/Item_Detail/1063272_left.jpg"
"gid://shopify/Product/us-4224","572317","Seat Cushion The Equalizer® 16 W X 16 L X 3-1/2 D Inch Foam / Polymer","Wheelchairs","Span America","197.65","304.99","381.99","107.34","35%","77.00","N/A","https://imgcdn.mckesson.com/CumulusWeb/Images/Item_Detail/572317.jpg"
"gid://shopify/Product/us-4225","571555","Seat Cushion The Equalizer® 18 W X 16 L X 3-1/2 D Inch Foam / Polymer","Wheelchairs","Span America","199.89","307.99","384.99","108.10","35%","77.00","N/A","https://imgcdn.mckesson.com/CumulusWeb/Images/Item_Detail/571555.jpg"
"gid://shopify/Product/us-4226","1083905","Anti-Thrust Seat Cushion Comfort Shield 18 W X 16 L X 3 D Inch Foam","Wheelchairs","The Comfort Company","201.29","309.99","387.99","108.70","35%","78.00","N/A","https://imgcdn.mckesson.com/CumulusWeb/Images/Item_Detail/1083905.jpg"
"gid://shopify/Product/us-4227","1078775","Anti-Thrust Seat Cushion Saddle™ 18 W X 16 L X 4-1/2 to 3-1/2 D Inch Gel","Wheelchairs","The Comfort Company","210.89","324.99","406.99","114.10","35%","82.00","N/A","https://imgcdn.mckesson.com/CumulusWeb/Images/Item_Detail/1078775.jpg"
"gid://shopify/Product/us-4228","826414","Seat Cushion Balanced Aire™ 16 W X 16 L X 4 D Inch Air Cells","Wheelchairs","Drive DeVilbiss Healthcare","218.76","336.99","421.99","118.23","35%","85.00","N/A","https://imgcdn.mckesson.com/CumulusWeb/Images/Item_Detail/826414.jpg"
"gid://shopify/Product/us-4229","1057956","Seat Cushion Medline 30 W X 22 L X 4 D Inch Foam / Gel","Wheelchairs","Medline","220.03","338.99","423.99","118.96","35%","85.00","N/A","https://imgcdn.mckesson.com/CumulusWeb/Images/Item_Detail/1057956.jpg"
"gid://shopify/Product/us-4230","826416","Seat Cushion Balanced Aire™ 18 W X 16 L X 4 D Inch Air Cells","Wheelchairs","Drive DeVilbiss Healthcare","222.10","341.99","427.99","119.89","35%","86.00","N/A","https://imgcdn.mckesson.com/CumulusWeb/Images/Item_Detail/826416_left.jpg"
"gid://shopify/Product/us-4231","387569","Seat Cushion Geo-Matt® PRT 18 W X 16 L X 3 D Inch Foam","Wheelchairs","Span America","223.70","344.99","431.99","121.29","35%","87.00","N/A","https://imgcdn.mckesson.com/CumulusWeb/Images/Item_Detail/387569_front.jpg"
"gid://shopify/Product/us-4232","572378","Seat Cushion The Equalizer® 20 W X 18 L X 3-1/2 D Inch Foam / Polymer","Wheelchairs","Span America","227.47","349.99","437.99","122.52","35%","88.00","N/A","https://imgcdn.mckesson.com/CumulusWeb/Images/Item_Detail/572378.jpg"
"gid://shopify/Product/us-4233","571556","Seat Cushion The Equalizer® 18 W X 18 L X 3-1/2 D Inch Foam / Polymer","Wheelchairs","Span America","227.49","349.99","437.99","122.50","35%","88.00","N/A","https://imgcdn.mckesson.com/CumulusWeb/Images/Item_Detail/571556.jpg"
"gid://shopify/Product/us-4234","826418","Seat Cushion Balanced Aire™ 20 W X 16 L X 4 D Inch Air Cells","Wheelchairs","Drive DeVilbiss Healthcare","231.81","356.99","446.99","125.18","35%","90.00","N/A","https://imgcdn.mckesson.com/CumulusWeb/Images/Item_Detail/826418_left.jpg"
"gid://shopify/Product/us-4235","312300","Seat Cushion Geo-Matt® 18 W X 16 L X 4 D Inch Foam","Wheelchairs","Span America","238.00","366.99","458.99","128.99","35%","92.00","N/A","https://imgcdn.mckesson.com/CumulusWeb/Images/Item_Detail/312300_right.jpg"
"gid://shopify/Product/us-4236","842177","Anti-Thrust Seat Cushion Saddle™ 18 W X 18 L X 4-1/2 to 3-1/2 D Inch Foam / Gel","Wheelchairs","The Comfort Company","241.72","371.99","464.99","130.27","35%","93.00","N/A","https://imgcdn.mckesson.com/CumulusWeb/Images/Item_Detail/842177.jpg"
"gid://shopify/Product/us-4237","826417","Seat Cushion Balanced Aire™ 18 W X 16 L X 2 D Inch Air Cells","Wheelchairs","Drive DeVilbiss Healthcare","251.83","387.99","484.99","136.16","35%","97.00","N/A","https://imgcdn.mckesson.com/CumulusWeb/Images/Item_Detail/826417.jpg"
"gid://shopify/Product/us-4238","1280224","Chair Pad AliMed® T-Gel™ 18 W X 20 D Inch Gel","Wheelchairs","Alimed","252.45","388.99","486.99","136.54","35%","98.00","N/A","https://imgcdn.mckesson.com/CumulusWeb/Images/Item_Detail/1280224_front.jpg"
"gid://shopify/Product/us-4239","826419","Seat Cushion Balanced Aire™ 20 W X 16 L X 2 D Inch Air Cells","Wheelchairs","Drive DeVilbiss Healthcare","265.56","408.99","511.99","143.43","35%","103.00","N/A","https://imgcdn.mckesson.com/CumulusWeb/Images/Item_Detail/826419.jpg"
"gid://shopify/Product/us-4240","974623","Seat Cushion Balanced Aire™ 18 W X 18 L X 4 D Inch Air Cells","Wheelchairs","Drive DeVilbiss Healthcare","274.59","422.99","528.99","148.40","35%","106.00","N/A","https://imgcdn.mckesson.com/CumulusWeb/Images/Item_Detail/974623.jpg"
"gid://shopify/Product/us-4241","583137","Seat Cushion The Equalizer® 24 W X 18 L X 3-1/2 D Inch Foam / Polymer","Wheelchairs","Span America","293.89","452.99","566.99","159.10","35%","114.00","N/A","https://imgcdn.mckesson.com/CumulusWeb/Images/Item_Detail/SPAMME_583137.jpg"
"gid://shopify/Product/us-4242","573258","Seat Cushion The Equalizer® 22 W X 18 L X 3-1/2 D Inch Foam / Polymer","Wheelchairs","Span America","293.89","452.99","566.99","159.10","35%","114.00","N/A","https://imgcdn.mckesson.com/CumulusWeb/Images/Item_Detail/SPAMME_573258.jpg"
"gid://shopify/Product/us-4243","865197","Seat Cushion Waffle® Original 17 W X 17 L X 1-1/2 D Inch Air Cells","Wheelchairs","EHOB","298.38","459.99","574.99","161.61","35%","115.00","N/A","https://imgcdn.mckesson.com/CumulusWeb/Images/Item_Detail/865197.jpg"
"gid://shopify/Product/us-4244","1063258","Alternating Pressure Seat Cushion Protekt® Seat Relief 18 W X 16 L X 3 D Inch Foam / Air Cells","Wheelchairs","Proactive Medical Products LLC","310.85","478.99","598.99","168.14","35%","120.00","N/A","https://imgcdn.mckesson.com/CumulusWeb/Images/Item_Detail/1063258_front.jpg"
"gid://shopify/Product/us-4245","1139517","Seat Cushion EquaGel® Protector 20 W X 18 L X 2-1/2 D Inch Gel","Wheelchairs","Performance Health","314.27","483.99","604.99","169.72","35%","121.00","N/A","https://imgcdn.mckesson.com/CumulusWeb/Images/Item_Detail/1139517.jpg"
"gid://shopify/Product/us-4246","630953","Seat Cushion ROHO® Quadtro Select® High Profile® 18 W X 18 L X 4-1/4 D Inch Neoprene Air Cells","Wheelchairs","Crown Therapeutics","335.16","515.99","644.99","180.83","35%","129.00","N/A","https://imgcdn.mckesson.com/CumulusWeb/Images/Item_Detail/630953.jpg"
"gid://shopify/Product/us-4247","703058","Seat Cushion ROHO® High Profile® Single Compartment 18 W X 20 L X 4-1/4 D Inch Neoprene Air Cells","Wheelchairs","Crown Therapeutics","335.16","515.99","644.99","180.83","35%","129.00","N/A","https://imgcdn.mckesson.com/CumulusWeb/Images/Item_Detail/703058_PC.jpg"
"gid://shopify/Product/us-4248","640366","Seat Cushion ROHO® High Profile® Single Compartment 16 W X 16 L X 4-1/4 D Inch Neoprene Air Cells","Wheelchairs","Crown Therapeutics","335.16","515.99","644.99","180.83","35%","129.00","N/A","https://imgcdn.mckesson.com/CumulusWeb/Images/Item_Detail/640366.jpg"
"gid://shopify/Product/us-4249","695189","Seat Cushion ROHO® Quadtro Select® High Profile® 16 W X 18 L X 4-1/4 D Inch Neoprene Air Cells","Wheelchairs","Crown Therapeutics","335.16","515.99","644.99","180.83","35%","129.00","N/A","https://imgcdn.mckesson.com/CumulusWeb/Images/Item_Detail/695189.jpg"
"gid://shopify/Product/us-4250","710615","Seat Cushion ROHO® Low Profile® Single Compartment 18 W X 20 L X 2-1/4 D Inch Neoprene Air Cells","Wheelchairs","Crown Therapeutics","335.16","515.99","644.99","180.83","35%","129.00","N/A","https://imgcdn.mckesson.com/CumulusWeb/Images/Item_Detail/ROHO_710615.jpg"
"gid://shopify/Product/us-4251","584767","Seat Cushion ROHO® Low Profile® Single Compartment 18 W X 18 L X 2-1/4 D Inch Neoprene Air Cells","Wheelchairs","Crown Therapeutics","335.16","515.99","644.99","180.83","35%","129.00","N/A","https://imgcdn.mckesson.com/CumulusWeb/Images/Item_Detail/584767.jpg"
"gid://shopify/Product/us-4252","639552","Seat Cushion ROHO® Quadtro Select® Low Profile® 18 W X 18 L X 2-1/4 D Inch Neoprene Air Cells","Wheelchairs","Crown Therapeutics","335.16","515.99","644.99","180.83","35%","129.00","N/A","https://imgcdn.mckesson.com/CumulusWeb/Images/Item_Detail/639552.jpg"
"gid://shopify/Product/us-4253","583991","Seat Cushion ROHO® High Profile® Single Compartment 18 W X 18 L X 4-1/4 D Inch Neoprene Air Cells","Wheelchairs","Crown Therapeutics","335.16","515.99","644.99","180.83","35%","129.00","N/A","https://imgcdn.mckesson.com/CumulusWeb/Images/Item_Detail/583991.jpg"
"gid://shopify/Product/us-4254","647116","Seat Cushion ROHO® Quadtro Select® Low Profile® 18 W X 16 L X 2-1/4 D Inch Neoprene Air Cells","Wheelchairs","Crown Therapeutics","335.16","515.99","644.99","180.83","35%","129.00","N/A","https://imgcdn.mckesson.com/CumulusWeb/Images/Item_Detail/647116.jpg"
"gid://shopify/Product/us-4255","581559","Seat Cushion ROHO® Low Profile® Single Compartment 16 W X 18 L X 2-1/4 D Inch Neoprene Air Cells","Wheelchairs","Crown Therapeutics","335.16","515.99","644.99","180.83","35%","129.00","N/A","https://imgcdn.mckesson.com/CumulusWeb/Images/Item_Detail/581559.jpg"
"gid://shopify/Product/us-4256","726349","Seat Cushion ROHO® Enhancer® 18 W X 16 L X 2-1/4 to 4-1/4 D Inch Neoprene Air Cells","Wheelchairs","Crown Therapeutics","335.16","515.99","644.99","180.83","35%","129.00","N/A","https://imgcdn.mckesson.com/CumulusWeb/Images/Item_Detail/726349.JPG"
"gid://shopify/Product/us-4257","577301","Seat Cushion ROHO® Quadtro Select® Low Profile® 16 W X 16 L X 2-1/4 D Inch Neoprene Air Cells","Wheelchairs","Crown Therapeutics","335.16","515.99","644.99","180.83","35%","129.00","N/A","https://imgcdn.mckesson.com/CumulusWeb/Images/Item_Detail/577301.jpg"
"gid://shopify/Product/us-4258","695148","Seat Cushion ROHO® Quadtro Select® Low Profile® 16 W X 18 L X 2-1/4 D Inch Neoprene Air Cells","Wheelchairs","Crown Therapeutics","335.16","515.99","644.99","180.83","35%","129.00","N/A","https://imgcdn.mckesson.com/CumulusWeb/Images/Item_Detail/695148.jpg"
"gid://shopify/Product/us-4259","630199","Seat Cushion ROHO® Quadtro Select® High Profile® 16 W X 16 L X 4-1/4 D Inch Neoprene Air Cells","Wheelchairs","Crown Therapeutics","335.16","515.99","644.99","180.83","35%","129.00","N/A","https://imgcdn.mckesson.com/CumulusWeb/Images/Item_Detail/630199.jpg"
"gid://shopify/Product/us-4260","624240","Seat Cushion ROHO® Low Profile® Single Compartment 20 W X 20 L X 2-1/4 D Inch Neoprene Air Cells","Wheelchairs","Crown Therapeutics","335.16","515.99","644.99","180.83","35%","129.00","N/A","https://imgcdn.mckesson.com/CumulusWeb/Images/Item_Detail/ROHO_624240.jpg"
"gid://shopify/Product/us-4261","839671","Seat Cushion ROHO® Contour Select® 20 W X 18 L X 2-1/4 to 4-1/4 D Inch Neoprene Air Cells","Wheelchairs","Crown Therapeutics","335.16","515.99","644.99","180.83","35%","129.00","N/A","https://imgcdn.mckesson.com/CumulusWeb/Images/Item_Detail/839671.jpg"
"gid://shopify/Product/us-4262","711781","Seat Cushion ROHO® Quadtro Select® High Profile® 20 W X 22 L X 4-1/4 D Inch Neoprene Air Cells","Wheelchairs","Crown Therapeutics","335.16","515.99","644.99","180.83","35%","129.00","N/A","https://imgcdn.mckesson.com/CumulusWeb/Images/Item_Detail/ROHO_711781.jpg"
"gid://shopify/Product/us-4263","583391","Seat Cushion ROHO® Contour Select® 18 W X 18 L X 2-1/4 to 4-1/4 D Inch Neoprene Air Cells","Wheelchairs","Crown Therapeutics","335.16","515.99","644.99","180.83","35%","129.00","N/A","https://imgcdn.mckesson.com/CumulusWeb/Images/Item_Detail/583391.jpg"
"gid://shopify/Product/us-4264","1063259","Alternating Pressure Seat Cushion Protekt® Seat Relief 20 W X 16 L X 3 D Inch Foam / Air Cells","Wheelchairs","Proactive Medical Products LLC","337.88","519.99","649.99","182.11","35%","130.00","N/A","https://imgcdn.mckesson.com/CumulusWeb/Images/Item_Detail/1063259_front.jpg"
"gid://shopify/Product/us-4265","579212","Seat Cushion ROHO® Low Profile® Single Compartment 18 W X 16 L X 2-1/4 D Inch Neoprene Air Cells","Wheelchairs","Crown Therapeutics","342.94","527.99","659.99","185.05","35%","132.00","N/A","https://imgcdn.mckesson.com/CumulusWeb/Images/Item_Detail/579212.jpg"
"gid://shopify/Product/us-4266","695967","Seat Cushion ROHO® High Profile® Single Compartment 20 W X 20 L X 4-1/4 D Inch Neoprene Air Cells","Wheelchairs","Crown Therapeutics","345.22","531.99","664.99","186.77","35%","133.00","N/A","https://imgcdn.mckesson.com/CumulusWeb/Images/Item_Detail/695967.jpg"
"gid://shopify/Product/us-4267","586362","Seat Cushion ROHO® High Profile® Single Compartment 16 W X 18 L X 4-1/4 D Inch Neoprene Air Cells","Wheelchairs","Crown Therapeutics","345.22","531.99","664.99","186.77","35%","133.00","N/A","https://imgcdn.mckesson.com/CumulusWeb/Images/Item_Detail/586362.jpg"
"gid://shopify/Product/us-4268","860060","Seat Cushion ROHO® High Profile® Single Compartment 16 W X 20 L X 4-1/4 D Inch Neoprene Air Cells","Wheelchairs","Crown Therapeutics","345.22","531.99","664.99","186.77","35%","133.00","N/A","https://imgcdn.mckesson.com/CumulusWeb/Images/Item_Detail/860060.JPG"
"gid://shopify/Product/us-4269","691977","Seat Cushion ROHO® Contour Select® 18 W X 16 L X 2-1/4 to 4-1/4 D Inch Neoprene Air Cells","Wheelchairs","Crown Therapeutics","345.22","531.99","664.99","186.77","35%","133.00","N/A","https://imgcdn.mckesson.com/CumulusWeb/Images/Item_Detail/691977.jpg"
"gid://shopify/Product/us-4270","712130","Seat Cushion ROHO® High Profile® Single Compartment 20 W X 18 L X 4-1/4 D Inch Neoprene Air Cells","Wheelchairs","Crown Therapeutics","352.99","543.99","679.99","191.00","35%","136.00","N/A","https://imgcdn.mckesson.com/CumulusWeb/Images/Item_Detail/ROHO_712130.jpg"
"gid://shopify/Product/us-4271","571905","Seat Cushion Cross Cut 18 W X 16 L X 3 D Inch Foam","Wheelchairs","Span America","379.10","583.99","729.99","204.89","35%","146.00","N/A","https://imgcdn.mckesson.com/CumulusWeb/Images/Item_Detail/571905_left.jpg"
"gid://shopify/Product/us-4272","707018","Seat Cushion ROHO® High Profile® Single Compartment 24 W X 18 L X 4-1/4 D Inch Neoprene Air Cells","Wheelchairs","Crown Therapeutics","384.00","590.99","738.99","206.99","35%","148.00","N/A","https://imgcdn.mckesson.com/CumulusWeb/Images/Item_Detail/707018.jpg"
"gid://shopify/Product/us-4273","346097","Seat Cushion Geo-Matt® PRT 18 W X 16 L X 3 D Inch Foam","Wheelchairs","Span America","389.40","599.99","749.99","210.59","35%","150.00","N/A","https://imgcdn.mckesson.com/CumulusWeb/Images/Item_Detail/346097.jpg"
"gid://shopify/Product/us-4274","572459","Wedge Seat Cushion Geo-Matt® Wedge 18 W X 16 L X 4 to 2 D Inch Foam","Wheelchairs","Span America","419.54","645.99","807.99","226.45","35%","162.00","N/A","https://imgcdn.mckesson.com/CumulusWeb/Images/Item_Detail/572459__pdet.jpg"
"gid://shopify/Product/us-4275","1281179","Seat Cushion Sedans 500 20 W X 16 L X 4 Inch Nylon / PU Foam","Wheelchairs","Wellell America Corporation","431.13","663.99","829.99","232.86","35%","166.00","N/A","https://imgcdn.mckesson.com/CumulusWeb/Images/Item_Detail/1281179_right.jpg"
"gid://shopify/Product/us-4276","1281180","Seat Cushion Sedans 500 18 W X 20 L X 4 H Inch Nylon / PU Foam","Wheelchairs","Wellell America Corporation","431.13","663.99","829.99","232.86","35%","166.00","N/A","https://imgcdn.mckesson.com/CumulusWeb/Images/Item_Detail/1281180_right.jpg"
"gid://shopify/Product/us-4277","1281177","Seat Cushion Sedans 500 17 W X 17 L X 4 H Inch Nylon / PU Foam","Wheelchairs","Wellell America Corporation","431.13","663.99","829.99","232.86","35%","166.00","N/A","https://imgcdn.mckesson.com/CumulusWeb/Images/Item_Detail/1281177_right.jpg"
"gid://shopify/Product/us-4278","1281182","Seat Cushion Sedans 500 18 W X 18 L X 4 H Inch Nylon / PU Foam","Wheelchairs","Wellell America Corporation","431.13","663.99","829.99","232.86","35%","166.00","N/A","https://imgcdn.mckesson.com/CumulusWeb/Images/Item_Detail/1281182_right.jpg"
"gid://shopify/Product/us-4279","1281181","Seat Cushion Sedans 500 16 w X 16 L X 4 H Inch Nylon / PU Foam","Wheelchairs","Wellell America Corporation","431.13","663.99","829.99","232.86","35%","166.00","N/A","https://imgcdn.mckesson.com/CumulusWeb/Images/Item_Detail/1281181_right.jpg"
"gid://shopify/Product/us-4280","1281178","Seat Cushion Sedans 500 18 W X 16 L X 4 H Inch Nylon / PU Foam","Wheelchairs","Wellell America Corporation","431.13","663.99","829.99","232.86","35%","166.00","N/A","https://imgcdn.mckesson.com/CumulusWeb/Images/Item_Detail/1281178_right.jpg"
"gid://shopify/Product/us-4281","688398","Wedge Seat Cushion Geo-Matt® Wedge 20 W X 18 L X 4 to 2 D Inch Foam","Wheelchairs","Span America","435.35","669.99","837.99","234.64","35%","168.00","N/A","https://imgcdn.mckesson.com/CumulusWeb/Images/Item_Detail/688398_pdet.jpg"
"gid://shopify/Product/us-4282","572323","Seat Cushion Geo-Matt® PRT 16 W X 16 L X 3 D Inch Foam","Wheelchairs","Span America","483.55","743.99","929.99","260.44","35%","186.00","N/A","https://imgcdn.mckesson.com/CumulusWeb/Images/Item_Detail/572323.jpg"
"gid://shopify/Product/us-4283","572325","Seat Cushion Geo-Matt® PRT 18 W X 18 L X 3 D Inch Foam","Wheelchairs","Span America","503.13","698.99","873.99","195.86","28%","175.00","N/A","https://imgcdn.mckesson.com/CumulusWeb/Images/Item_Detail/572325_pdet.jpg"
"gid://shopify/Product/us-4284","529530","Seat Cushion Geo-Matt® PRT 20 W X 18 L X 3 D Inch Foam","Wheelchairs","Span America","516.67","717.99","897.99","201.32","28%","180.00","N/A","https://imgcdn.mckesson.com/CumulusWeb/Images/Item_Detail/529530.jpg"
"gid://shopify/Product/us-4285","583139","Seat Cushion EZ-Dish® 18 W X 16 L X 3 D Inch Foam","Wheelchairs","Span America","551.89","766.99","958.99","215.10","28%","192.00","N/A","https://imgcdn.mckesson.com/CumulusWeb/Images/Item_Detail/SPAMME_583139.jpg"
"gid://shopify/Product/us-4286","571558","Seat Cushion Geo-Matt® Contour 18 W X 16 L X 3 D Inch Foam","Wheelchairs","Span America","601.02","834.99","1043.99","233.97","28%","209.00","N/A","https://imgcdn.mckesson.com/CumulusWeb/Images/Item_Detail/571558_pdet.jpg"
"gid://shopify/Product/us-4287","649294","Seat Cushion Geo-Matt® PRT 22 W X 18 L X 4 D Inch Foam","Wheelchairs","Span America","652.26","905.99","1132.99","253.73","28%","227.00","N/A","https://imgcdn.mckesson.com/CumulusWeb/Images/Item_Detail/SPAMME_649294.jpg"
"gid://shopify/Product/us-4288","572318","Seat Cushion The Equalizer® 16 W X 16 L X 3-1/2 D Inch Foam / Polymer","Wheelchairs","Span America","735.36","1021.99","1277.99","286.63","28%","256.00","N/A","https://imgcdn.mckesson.com/CumulusWeb/Images/Item_Detail/572318.jpg"
"gid://shopify/Product/us-4289","632640","Seat Cushion The Equalizer® 18 W X 16 L X 3-1/2 D Inch Foam / Polymer","Wheelchairs","Span America","745.81","1035.99","1294.99","290.18","28%","259.00","N/A","https://imgcdn.mckesson.com/CumulusWeb/Images/Item_Detail/632640.jpg"
"gid://shopify/Product/us-4290","798695","Seat Cushion ROHO® High Profile® Single Compartment 20 W X 18 L X 4-1/4 D Inch Neoprene Air Cells","Wheelchairs","Alimed","791.74","1099.99","1374.99","308.25","28%","275.00","N/A","https://imgcdn.mckesson.com/CumulusWeb/Images/Item_Detail/798695.jpg"
"gid://shopify/Product/us-4291","572383","Seat Cushion The Equalizer® 18 W X 18 L X 3-1/2 D Inch Foam / Polymer","Wheelchairs","Span America","842.74","1170.99","1463.99","328.25","28%","293.00","N/A","https://imgcdn.mckesson.com/CumulusWeb/Images/Item_Detail/572383.jpg"
"gid://shopify/Product/us-4292","830391","Seat Cushion ROHO® Low Profile® Single Compartment 18 W X 16 L X 2-1/4 D Inch Neoprene Air Cells","Wheelchairs","Alimed","843.37","1171.99","1464.99","328.62","28%","293.00","N/A","https://imgcdn.mckesson.com/CumulusWeb/Images/Item_Detail/830391.jpg"
"gid://shopify/Product/us-4293","572320","Seat Cushion Geo-Matt® Contour 18 W X 18 L X 3 D Inch Foam","Wheelchairs","Span America","862.39","1197.99","1497.99","335.60","28%","300.00","N/A","https://imgcdn.mckesson.com/CumulusWeb/Images/Item_Detail/572320_pdet.jpg"
"gid://shopify/Product/us-4294","580700","Wheelchair Armrest Pad Invacare® For Wheelchair","Wheelchairs","Invacare","4.03","7.99","9.99","3.96","50%","2.00","N/A","https://imgcdn.mckesson.com/CumulusWeb/Images/Item_Detail/580700_right.jpg"
"gid://shopify/Product/us-4295","580702","Wheelchair Armrest Pad For Wheelchair","Wheelchairs","Invacare","4.03","7.99","9.99","3.96","50%","2.00","N/A","https://imgcdn.mckesson.com/CumulusWeb/Images/Item_Detail/580702.jpg"
"gid://shopify/Product/us-4296","850079","Wheelchair Bag Mabis™ For Wheelchair","Wheelchairs","Mabis Healthcare","4.28","7.99","9.99","3.71","46%","2.00","N/A","https://imgcdn.mckesson.com/CumulusWeb/Images/Item_Detail/850079_front.jpg"
"gid://shopify/Product/us-4297","579318","Rubber Tip For Wheelchair Brakes","Wheelchairs","Invacare","5.18","9.99","12.99","4.81","48%","3.00","N/A","https://imgcdn.mckesson.com/CumulusWeb/Images/Item_Detail/579318.jpg"
"gid://shopify/Product/us-4298","580701","Wheelchair Armrest Pad For Wheelchair","Wheelchairs","Invacare","5.76","10.99","13.99","5.23","48%","3.00","N/A","https://imgcdn.mckesson.com/CumulusWeb/Images/Item_Detail/580701.jpg"
"gid://shopify/Product/us-4299","580698","Wheelchair Armrest Pad For Wheelchair","Wheelchairs","Invacare","5.76","10.99","13.99","5.23","48%","3.00","N/A","https://imgcdn.mckesson.com/CumulusWeb/Images/Item_Detail/580698.jpg"
"gid://shopify/Product/us-4300","580699","Wheelchair Armrest Pad For Wheelchair","Wheelchairs","Invacare","5.76","10.99","13.99","5.23","48%","3.00","N/A","https://imgcdn.mckesson.com/CumulusWeb/Images/Item_Detail/580699.jpg"
"gid://shopify/Product/us-4301","517901","Wheelchair Hand Grip For Wheelchair","Wheelchairs","Invacare","5.84","10.99","13.99","5.15","47%","3.00","N/A","https://imgcdn.mckesson.com/CumulusWeb/Images/Item_Detail/517901.jpg"
"gid://shopify/Product/us-4302","481485","Flange Bearing For Wheelchair","Wheelchairs","Invacare","6.01","10.99","13.99","4.98","45%","3.00","N/A","https://imgcdn.mckesson.com/CumulusWeb/Images/Item_Detail/481485.jpg"
"gid://shopify/Product/us-4303","1180851","Heel Protector nova One Size Fits Most Beige","Wheelchairs","Nova Ortho-Med","6.26","11.99","14.99","5.73","48%","3.00","N/A","https://imgcdn.mckesson.com/CumulusWeb/Images/Item_Detail/1180851_group.jpg"
"gid://shopify/Product/us-4304","1221003","Wheelchair Universal Push To Lock Wheel Lock Assembly For Wheelchair","Wheelchairs","Proactive Medical Products LLC","6.61","12.99","16.99","6.38","49%","4.00","N/A","https://imgcdn.mckesson.com/CumulusWeb/Images/Item_Detail/1221003_left.jpg"
"gid://shopify/Product/us-4305","1221002","Wheelchair Universal Push To Lock Wheel Lock Assembly For Wheelchair","Wheelchairs","Proactive Medical Products LLC","6.61","12.99","16.99","6.38","49%","4.00","N/A","https://imgcdn.mckesson.com/CumulusWeb/Images/Item_Detail/1221002_left.jpg"
"gid://shopify/Product/us-4306","579923","Wheel Lock Extension drive™ For Wheelchair","Wheelchairs","Drive DeVilbiss Healthcare","7.22","13.99","17.99","6.77","48%","4.00","N/A","https://imgcdn.mckesson.com/CumulusWeb/Images/Item_Detail/579923_1.jpg"
"gid://shopify/Product/us-4307","786619","Wheelchair Joystick Rubber Knob For Wheelchair","Wheelchairs","Invacare","7.30","13.99","17.99","6.69","48%","4.00","N/A","https://imgcdn.mckesson.com/CumulusWeb/Images/Item_Detail/786619.jpg"
"gid://shopify/Product/us-4308","829635","Footrest Separator For 16 to 20 Inch Wheelchair","Wheelchairs","SKIL-CARE CORPOR","7.64","13.99","17.99","6.35","45%","4.00","N/A","https://imgcdn.mckesson.com/CumulusWeb/Images/Item_Detail/829635.jpg"
"gid://shopify/Product/us-4309","577701","Seat Belt drive™ For Wheelchair","Wheelchairs","Drive DeVilbiss Healthcare","9.89","17.99","22.99","8.10","45%","5.00","N/A","https://imgcdn.mckesson.com/CumulusWeb/Images/Item_Detail/577701.jpg"
"gid://shopify/Product/us-4310","884580","Wheelchair Front Rigging Storage Bag For Wheelchair","Wheelchairs","After Market Group","10.93","19.99","24.99","9.06","45%","5.00","N/A","https://imgcdn.mckesson.com/CumulusWeb/Images/Item_Detail/884580.jpg"
"gid://shopify/Product/us-4311","631145","Wheelchair Caster drive™ For Sentra Reclining, Viper GT Reclining, Viper, Viper Plus GT, CruiserIII Wheelchair","Wheelchairs","Drive DeVilbiss Healthcare","11.11","20.99","26.99","9.88","47%","6.00","N/A","https://imgcdn.mckesson.com/CumulusWeb/Images/Item_Detail/631145.jpg"
"gid://shopify/Product/us-4312","718383","Front Wheel For Rollator","Wheelchairs","Drive DeVilbiss Healthcare","11.43","20.99","26.99","9.56","46%","6.00","N/A","https://imgcdn.mckesson.com/CumulusWeb/Images/Item_Detail/718383.jpg"
"gid://shopify/Product/us-4313","824251","Wheelchair Wheel Lock Extension For Chrome Sport, Viper GT, Cruiser III, Rebel, and Silver Sport 1 & 2 (Excluding Serial # 3J) Wheelchair","Wheelchairs","Drive DeVilbiss Healthcare","12.34","22.99","28.99","10.65","46%","6.00","N/A","https://imgcdn.mckesson.com/CumulusWeb/Images/Item_Detail/824251_front.jpg"
"gid://shopify/Product/us-4314","581423","Seat Belt drive™ For Wheelchair","Wheelchairs","Drive DeVilbiss Healthcare","12.65","22.99","28.99","10.34","45%","6.00","N/A","https://imgcdn.mckesson.com/CumulusWeb/Images/Item_Detail/581423.jpg"
"gid://shopify/Product/us-4315","987748","Wheelchair Anti Tipper For Silver Sport Reclining Wheelchair with Detachable Desk Length Arms and Elevating Legrest","Wheelchairs","Drive DeVilbiss Healthcare","12.77","23.99","29.99","11.22","47%","6.00","N/A","https://imgcdn.mckesson.com/CumulusWeb/Images/Item_Detail/987748_front.jpg"
"gid://shopify/Product/us-4316","899410","Chair Seat Rail Guide For Poly-Fly High Strength Lightweight Wheelchair/Flyweight Transport Chair","Wheelchairs","Drive DeVilbiss Healthcare","13.00","23.99","29.99","10.99","46%","6.00","N/A","https://imgcdn.mckesson.com/CumulusWeb/Images/Item_Detail/899410.jpg"
"gid://shopify/Product/us-4317","875456","Wheelchair Wheel Bearing drive™ For Silver Sport Wheelchair","Wheelchairs","Drive DeVilbiss Healthcare","13.02","23.99","29.99","10.97","46%","6.00","N/A","https://imgcdn.mckesson.com/CumulusWeb/Images/Item_Detail/875456.JPG"
"gid://shopify/Product/us-4318","880651","drive™ Transport Chair Rear Caster Wheel For Transport Chair","Wheelchairs","Drive DeVilbiss Healthcare","13.02","23.99","29.99","10.97","46%","6.00","N/A","https://imgcdn.mckesson.com/CumulusWeb/Images/Item_Detail/880651.jpg"
"gid://shopify/Product/us-4319","768212","Wheelchair Release Handle For Silver Sport Reclining Wheelchair","Wheelchairs","Drive DeVilbiss Healthcare","13.04","23.99","29.99","10.95","46%","6.00","N/A","https://imgcdn.mckesson.com/CumulusWeb/Images/Item_Detail/768212.jpg"
"gid://shopify/Product/us-4320","1015849","Wheelchair Brake Assembly For BlueStreak Wheelchair","Wheelchairs","Drive DeVilbiss Healthcare","13.07","23.99","29.99","10.92","46%","6.00","N/A","https://imgcdn.mckesson.com/CumulusWeb/Images/Item_Detail/1015849.jpg"
"gid://shopify/Product/us-4321","733318","Wheel Lock Assembly For Sentra HD Wheelchair","Wheelchairs","Drive DeVilbiss Healthcare","13.07","23.99","29.99","10.92","46%","6.00","N/A","https://imgcdn.mckesson.com/CumulusWeb/Images/Item_Detail/733318.jpg"
"gid://shopify/Product/us-4322","733317","Wheel Lock Assembly For Sentra HD Wheelchair","Wheelchairs","Drive DeVilbiss Healthcare","13.07","23.99","29.99","10.92","46%","6.00","N/A","https://imgcdn.mckesson.com/CumulusWeb/Images/Item_Detail/733317.jpg"
"gid://shopify/Product/us-4323","693779","Heel Loop For Wheelchair","Wheelchairs","Drive DeVilbiss Healthcare","13.12","23.99","29.99","10.87","45%","6.00","N/A","https://imgcdn.mckesson.com/CumulusWeb/Images/Item_Detail/693779.jpg"
"gid://shopify/Product/us-4324","604980","Wheelchair Anti Tipper For Wheelchair","Wheelchairs","Invacare","13.24","24.99","31.99","11.75","47%","7.00","N/A","https://imgcdn.mckesson.com/CumulusWeb/Images/Item_Detail/604980.jpg"
"gid://shopify/Product/us-4325","700594","Wheelchair Armrest Pad drive™ For Wheelchair","Wheelchairs","Drive DeVilbiss Healthcare","13.26","24.99","31.99","11.73","47%","7.00","N/A","https://imgcdn.mckesson.com/CumulusWeb/Images/Item_Detail/700594.jpg"
"gid://shopify/Product/us-4326","800649","Wheelchair Tinnerman Nuts For Silver Sport 1 Wheelchair with Full Arms and Swing away Removable Footrest","Wheelchairs","Drive DeVilbiss Healthcare","13.31","24.99","31.99","11.68","47%","7.00","N/A","https://imgcdn.mckesson.com/CumulusWeb/Images/Item_Detail/800649.jpg"
"gid://shopify/Product/us-4327","649999","Wheelchair Hand Grip For Wheelchair","Wheelchairs","Drive DeVilbiss Healthcare","13.31","24.99","31.99","11.68","47%","7.00","N/A","https://imgcdn.mckesson.com/CumulusWeb/Images/Item_Detail/649999.jpg"
"gid://shopify/Product/us-4328","761618","Wheelchair Brake Assembly drive™ For Wheelchair","Wheelchairs","Drive DeVilbiss Healthcare","13.34","24.99","31.99","11.65","47%","7.00","N/A","https://imgcdn.mckesson.com/CumulusWeb/Images/Item_Detail/761618.jpg"
"gid://shopify/Product/us-4329","580124","Wheelchair Anti Tipper drive™ For Cruiser III Wheelchair","Wheelchairs","Drive DeVilbiss Healthcare","13.36","24.99","31.99","11.63","47%","7.00","N/A","https://imgcdn.mckesson.com/CumulusWeb/Images/Item_Detail/580124_right.jpg"
"gid://shopify/Product/us-4330","998758","Wheelchair Wheel Lock drive™ For Silver Sport Reclining Wheelchair, Left Side","Wheelchairs","Drive DeVilbiss Healthcare","13.46","24.99","31.99","11.53","46%","7.00","N/A","https://imgcdn.mckesson.com/CumulusWeb/Images/Item_Detail/998758_left.jpg"
"gid://shopify/Product/us-4331","880649","Front Caster Wheel For Bariatric Steel Transport Chair, BTR-20","Wheelchairs","Drive DeVilbiss Healthcare","13.50","24.99","31.99","11.49","46%","7.00","N/A","https://imgcdn.mckesson.com/CumulusWeb/Images/Item_Detail/880649.jpg"
"gid://shopify/Product/us-4332","981957","Wheelchair Footrest Bag For Wheelchair","Wheelchairs","New York Orthopedic","14.06","25.99","32.99","11.93","46%","7.00","N/A","https://imgcdn.mckesson.com/CumulusWeb/Images/Item_Detail/981957_pdet.jpg"
"gid://shopify/Product/us-4333","1224168","Wheelchair Seat For Wheelchair","Wheelchairs","Proactive Medical Products LLC","14.38","26.99","33.99","12.61","47%","7.00","N/A","https://imgcdn.mckesson.com/CumulusWeb/Images/Item_Detail/1224168_front.jpg"
"gid://shopify/Product/us-4334","1224167","Wheelchair Seat For Wheelchair","Wheelchairs","Proactive Medical Products LLC","14.38","26.99","33.99","12.61","47%","7.00","N/A","https://imgcdn.mckesson.com/CumulusWeb/Images/Item_Detail/1224167_front.jpg"
"gid://shopify/Product/us-4335","1224122","Replacement Seat Vinyl For Wheelchair","Wheelchairs","Proactive Medical Products LLC","14.80","26.99","33.99","12.19","45%","7.00","N/A","https://imgcdn.mckesson.com/CumulusWeb/Images/Item_Detail/1224122_front.jpg"
"gid://shopify/Product/us-4336","988995","U Bolt Safe•t mate® For use with Quickie Breezy Ultra 4 and 510, Invacare Insignia, as well as other models with larger diameter tubing","Wheelchairs","210 Innovations LLC","14.87","27.99","34.99","13.12","47%","7.00","N/A","https://imgcdn.mckesson.com/CumulusWeb/Images/Item_Detail/988995_pkit.jpg"
"gid://shopify/Product/us-4337","670640","Wheelchair Wheel Lock For Sentra EC Wheelchair","Wheelchairs","Drive DeVilbiss Healthcare","15.07","27.99","34.99","12.92","46%","7.00","N/A","https://imgcdn.mckesson.com/CumulusWeb/Images/Item_Detail/670640.jpg"
"gid://shopify/Product/us-4338","867925","Wheelchair Fork For TR37E-SV-DDA Steel Transport Chair","Wheelchairs","Drive DeVilbiss Healthcare","15.43","28.99","36.99","13.56","47%","8.00","N/A","https://imgcdn.mckesson.com/CumulusWeb/Images/Item_Detail/867925.jpg"
"gid://shopify/Product/us-4339","954057","Replacement Brake drive™ For Viper Wheelchair","Wheelchairs","Drive DeVilbiss Healthcare","15.47","28.99","36.99","13.52","47%","8.00","N/A","https://imgcdn.mckesson.com/CumulusWeb/Images/Item_Detail/954057.jpg"
"gid://shopify/Product/us-4340","954058","Replacement Brake drive™ For Viper Wheelchair","Wheelchairs","Drive DeVilbiss Healthcare","15.47","28.99","36.99","13.52","47%","8.00","N/A","https://imgcdn.mckesson.com/CumulusWeb/Images/Item_Detail/954058.jpg"
"gid://shopify/Product/us-4341","880653","Wheelchair Arm Pad For Viper / Sentra Wheelchair Models","Wheelchairs","Drive DeVilbiss Healthcare","16.56","30.99","38.99","14.43","47%","8.00","N/A","https://imgcdn.mckesson.com/CumulusWeb/Images/Item_Detail/880653.jpg"
"gid://shopify/Product/us-4342","670639","Wheelchair Wheel Lock For Sentra EC Wheelchair","Wheelchairs","Drive DeVilbiss Healthcare","16.57","30.99","38.99","14.42","47%","8.00","N/A","https://imgcdn.mckesson.com/CumulusWeb/Images/Item_Detail/670639.jpg"
"gid://shopify/Product/us-4343","1046645","Wheelchair Foot Friend Cushion For Wheelchair","Wheelchairs","Alex Ortho","16.60","30.99","38.99","14.39","46%","8.00","N/A","https://imgcdn.mckesson.com/CumulusWeb/Images/Item_Detail/1046645_left.jpg"
"gid://shopify/Product/us-4344","803144","Arm Pad drive™ For Wheelchair","Wheelchairs","Drive DeVilbiss Healthcare","16.91","30.99","38.99","14.08","45%","8.00","N/A","https://imgcdn.mckesson.com/CumulusWeb/Images/Item_Detail/803144_1.jpg"
"gid://shopify/Product/us-4345","913706","Wheelchair Armrest drive™ For Silver Sport 1 Wheelchair","Wheelchairs","Drive DeVilbiss Healthcare","17.06","31.99","39.99","14.93","47%","8.00","N/A","https://imgcdn.mckesson.com/CumulusWeb/Images/Item_Detail/913706.jpg"
"gid://shopify/Product/us-4346","913705","Wheelchair Armrest drive™ For Silver Sport 1 Wheelchair","Wheelchairs","Drive DeVilbiss Healthcare","17.06","31.99","39.99","14.93","47%","8.00","N/A","https://imgcdn.mckesson.com/CumulusWeb/Images/Item_Detail/913705.jpg"
"gid://shopify/Product/us-4347","890672","Transport Chair Seat Belt drive™ For Transport Chair","Wheelchairs","Drive DeVilbiss Healthcare","17.29","31.99","39.99","14.70","46%","8.00","N/A","https://imgcdn.mckesson.com/CumulusWeb/Images/Item_Detail/890672.jpg"
"gid://shopify/Product/us-4348","951908","Wheelchair Universal Replacement Arm Pad Sammons Preston For Most Standard Manual Wheelchairs","Wheelchairs","Performance Health","17.72","32.99","41.99","15.27","46%","9.00","N/A","https://imgcdn.mckesson.com/CumulusWeb/Images/Item_Detail/951908.jpg"
"gid://shopify/Product/us-4349","768143","Wheelchair Anti Tipper For Advantage Wheelchair","Wheelchairs","Graham-Field","18.52","33.99","42.99","15.47","46%","9.00","N/A","https://imgcdn.mckesson.com/CumulusWeb/Images/Item_Detail/768143.jpg"
"gid://shopify/Product/us-4350","825496","Wheelchair Safety Strap For Wheelchair, Transport chair, Household chair","Wheelchairs","Mabis Healthcare","19.48","35.99","44.99","16.51","46%","9.00","N/A","https://imgcdn.mckesson.com/CumulusWeb/Images/Item_Detail/825496_front.jpg"
"gid://shopify/Product/us-4351","861456","Wheelchair Anti Tipper drive™ For Silver Sport 1 and Silver Sport 2, Rebel and Chrome Sport Wheelchair","Wheelchairs","Drive DeVilbiss Healthcare","20.21","36.99","46.99","16.78","45%","10.00","N/A","https://imgcdn.mckesson.com/CumulusWeb/Images/Item_Detail/861456_side.jpg"
"gid://shopify/Product/us-4352","989896","Wheelchair Wheel Lock For Viper Plus GT Wheelchair with Flip Back Removable Adjustable Arm","Wheelchairs","Drive DeVilbiss Healthcare","20.39","37.99","47.99","17.60","46%","10.00","N/A","https://imgcdn.mckesson.com/CumulusWeb/Images/Item_Detail/989896.jpg"
"gid://shopify/Product/us-4353","690535","Seat Rail Extension Kit Sentra Wheelchairs","Wheelchairs","Drive DeVilbiss Healthcare","20.58","37.99","47.99","17.41","46%","10.00","N/A","https://imgcdn.mckesson.com/CumulusWeb/Images/Item_Detail/DRVMED_690535.jpg"
"gid://shopify/Product/us-4354","461018","Wheelchair Armrest Pad For Wheelchair","Wheelchairs","Invacare","21.05","38.99","48.99","17.94","46%","10.00","N/A","https://imgcdn.mckesson.com/CumulusWeb/Images/Item_Detail/461018.jpg"
"gid://shopify/Product/us-4355","1298796","Wheelchair Anti-Tipper For K1, K2 Reclining","Wheelchairs","Dynarex","21.29","38.99","48.99","17.70","45%","10.00","N/A","https://imgcdn.mckesson.com/CumulusWeb/Images/Item_Detail/1298796_front.jpg"
"gid://shopify/Product/us-4356","1115761","Upholstery Back For Recliner Wheelchair","Wheelchairs","Drive DeVilbiss Healthcare","21.99","39.99","49.99","18.00","45%","10.00","N/A","https://imgcdn.mckesson.com/CumulusWeb/Images/Item_Detail/1115761.jpg"
"gid://shopify/Product/us-4357","896033","Wheelchair Seat Upholstery For Bariatric Sentra Extra Heavy Duty Wheelchair","Wheelchairs","Drive DeVilbiss Healthcare","22.61","41.99","52.99","19.38","46%","11.00","N/A","https://imgcdn.mckesson.com/CumulusWeb/Images/Item_Detail/896033.jpg"
"gid://shopify/Product/us-4358","936938","Wheelchair Back Upholstery For Bariatric Sentra EC heavy duty wheelchair with dual cross brace","Wheelchairs","Drive DeVilbiss Healthcare","23.08","41.99","52.99","18.91","45%","11.00","N/A","https://imgcdn.mckesson.com/CumulusWeb/Images/Item_Detail/936938.jpg"
"gid://shopify/Product/us-4359","875955","Wheelchair Reclining Piston For Silver Sport Reclining Wheelchair","Wheelchairs","Drive DeVilbiss Healthcare","23.44","42.99","53.99","19.55","45%","11.00","N/A","https://imgcdn.mckesson.com/CumulusWeb/Images/Item_Detail/875955.jpg"
"gid://shopify/Product/us-4360","875954","Wheelchair Reclining Piston For Silver Sport Reclining Wheelchair","Wheelchairs","Drive DeVilbiss Healthcare","23.44","42.99","53.99","19.55","45%","11.00","N/A","https://imgcdn.mckesson.com/CumulusWeb/Images/Item_Detail/875954.jpg"
"gid://shopify/Product/us-4361","648440","Wheelchair Wheel Lock For Wheelchair","Wheelchairs","Invacare","23.73","43.99","54.99","20.26","46%","11.00","A1576","https://imgcdn.mckesson.com/CumulusWeb/Images/Item_Detail/648440.jpg"
"gid://shopify/Product/us-4362","1011792","Wheelchair Seat Upholstery For Cruiser III Light Weight Wheelchair","Wheelchairs","Drive DeVilbiss Healthcare","24.62","44.99","56.99","20.37","45%","12.00","N/A","https://imgcdn.mckesson.com/CumulusWeb/Images/Item_Detail/1011792.jpg"
"gid://shopify/Product/us-4363","706024","Wheelchair Bar For 16 to 24 Inch Wheelchair","Wheelchairs","Graham-Field","24.67","44.99","56.99","20.32","45%","12.00","N/A","https://imgcdn.mckesson.com/CumulusWeb/Images/Item_Detail/706024_pdet.jpg"
"gid://shopify/Product/us-4364","917149","Wheelchair Arm Assembly For Cruiser III 4S Wheelchair","Wheelchairs","Drive DeVilbiss Healthcare","24.81","45.99","57.99","21.18","46%","12.00","N/A","https://imgcdn.mckesson.com/CumulusWeb/Images/Item_Detail/917149.JPG"
"gid://shopify/Product/us-4365","917150","Wheelchair Arm Assembly drive™ For Cruiser III Wheelchair","Wheelchairs","Drive DeVilbiss Healthcare","24.81","45.99","57.99","21.18","46%","12.00","N/A","https://imgcdn.mckesson.com/CumulusWeb/Images/Item_Detail/917150.jpg"
"gid://shopify/Product/us-4366","1064049","Wheel Chair Oxygen Tank Bracket For Wheelchair","Wheelchairs","210 Innovations LLC","25.68","46.99","58.99","21.31","45%","12.00","N/A","https://imgcdn.mckesson.com/CumulusWeb/Images/Item_Detail/1064049_right.jpg"
"gid://shopify/Product/us-4367","580438","Arm Pad Kit For Wheelchair","Wheelchairs","Medical Grade","26.27","47.99","59.99","21.72","45%","12.00","N/A","https://imgcdn.mckesson.com/CumulusWeb/Images/Item_Detail/580438_pkit.jpg"
"gid://shopify/Product/us-4368","992962","Wheelchair Caster For Bariatric Sentra EC heavy duty wheelchair with dual cross brace","Wheelchairs","Drive DeVilbiss Healthcare","26.50","48.99","61.99","22.49","46%","13.00","N/A","https://imgcdn.mckesson.com/CumulusWeb/Images/Item_Detail/992962.jpg"
"gid://shopify/Product/us-4369","922102","Limb Support For Blue Streak, Silver Sport 1 & 2, Chrome Sport, Bariatric Sentra EC Heavy Duty, Bariatric Sentra Heavy Duty, Sentra Full Reclining, Cruiser III, Cirrus IV, Viper, Viper Plus GT, Viper Plus Reclining Wheelchair","Wheelchairs","Drive DeVilbiss Healthcare","28.58","51.99","64.99","23.41","45%","13.00","N/A","https://imgcdn.mckesson.com/CumulusWeb/Images/Item_Detail/922102.jpg"
"gid://shopify/Product/us-4370","886373","Limb Support drive™ For Blue Streak, Silver Sport I & II, Chrome Sport, Bariatric Sentra EC Heavy Duty, Bariatric Sentra Heavy Duty, Sentra Full Reclining, Cruiser III, Cirrus IV, Viper, Viper Plus GT, Viper Plus Reclining. Wheelchair","Wheelchairs","Drive DeVilbiss Healthcare","28.58","51.99","64.99","23.41","45%","13.00","N/A","https://imgcdn.mckesson.com/CumulusWeb/Images/Item_Detail/886373_1.jpg"
"gid://shopify/Product/us-4371","880827","Wheelchair Arm Assembly For Cruiser III 4S Wheelchair","Wheelchairs","Drive DeVilbiss Healthcare","28.76","52.99","66.99","24.23","46%","14.00","N/A","https://imgcdn.mckesson.com/CumulusWeb/Images/Item_Detail/880827.jpg"
"gid://shopify/Product/us-4372","943721","Lateral Support Skil-Care™ Snug Support 6 H (Front), 15 H (Back) X 16 L X 1-1/2 W Inch Foam","Wheelchairs","Skil-Care","28.79","52.99","66.99","24.20","46%","14.00","N/A","https://imgcdn.mckesson.com/CumulusWeb/Images/Item_Detail/943721_ls.jpg"
"gid://shopify/Product/us-4373","880828","Wheelchair Arm Assembly For Cruiser III 4S Wheelchair","Wheelchairs","Drive DeVilbiss Healthcare","29.42","53.99","67.99","24.57","46%","14.00","N/A","https://imgcdn.mckesson.com/CumulusWeb/Images/Item_Detail/880828.jpg"
"gid://shopify/Product/us-4374","579436","Oxygen Cylinder Holder SkiL-Care™ For 16 to 24 Inch Wheelchair","Wheelchairs","Skil-Care","29.60","53.99","67.99","24.39","45%","14.00","N/A","https://imgcdn.mckesson.com/CumulusWeb/Images/Item_Detail/579436_ls_.jpg"
"gid://shopify/Product/us-4375","763856","Handy Bag For Wheelchair, Walker","Wheelchairs","Skil-Care","30.49","50.99","63.99","20.50","40%","13.00","N/A","https://imgcdn.mckesson.com/CumulusWeb/Images/Item_Detail/763856.jpg"
"gid://shopify/Product/us-4376","765821","Footrest drive™ For Wheelchair","Wheelchairs","Drive DeVilbiss Healthcare","33.07","55.99","69.99","22.92","41%","14.00","N/A","https://imgcdn.mckesson.com/CumulusWeb/Images/Item_Detail/765821_front.jpg"
"gid://shopify/Product/us-4377","1146570","Leg Bolster For Wheelchair","Wheelchairs","Skil-Care","34.13","56.99","71.99","22.86","40%","15.00","N/A","https://imgcdn.mckesson.com/CumulusWeb/Images/Item_Detail/1146570.jpg"
"gid://shopify/Product/us-4378","927650","Full Armrest For Silver Sport 1 Wheelchair","Wheelchairs","Drive DeVilbiss Healthcare","34.88","58.99","73.99","24.11","41%","15.00","N/A","https://imgcdn.mckesson.com/CumulusWeb/Images/Item_Detail/927650.jpg"
"gid://shopify/Product/us-4379","927649","Full Armrest For Silver Sport 1 Wheelchair","Wheelchairs","Drive DeVilbiss Healthcare","34.88","58.99","73.99","24.11","41%","15.00","N/A","https://imgcdn.mckesson.com/CumulusWeb/Images/Item_Detail/927649.jpg"
"gid://shopify/Product/us-4380","767940","Wheelchair Seat Upholstery For Bariatric Sentra EC heavy duty wheelchair with dual cross brace","Wheelchairs","Drive DeVilbiss Healthcare","35.40","58.99","73.99","23.59","40%","15.00","N/A","https://imgcdn.mckesson.com/CumulusWeb/Images/Item_Detail/767940.jpg"
"gid://shopify/Product/us-4381","686750","drive™ Swivel Wheel For Walker","Wheelchairs","Drive DeVilbiss Healthcare","35.52","59.99","74.99","24.47","41%","15.00","N/A","https://imgcdn.mckesson.com/CumulusWeb/Images/Item_Detail/686750_1.jpg"
"gid://shopify/Product/us-4382","695561","Wheelchair Armrest Pad Kit For 900 Series Wheelchair","Wheelchairs","Invacare","35.68","59.99","74.99","24.31","41%","15.00","N/A","https://imgcdn.mckesson.com/CumulusWeb/Images/Item_Detail/695561.jpg"
"gid://shopify/Product/us-4383","798524","Wheelchair Anti Tipper drive™ For Sentra, Sentra EC, Sentra Heavy Duty, Sentra Reclining and Winnie Series Wheelchair","Wheelchairs","Drive DeVilbiss Healthcare","36.63","61.99","77.99","25.36","41%","16.00","N/A","https://imgcdn.mckesson.com/CumulusWeb/Images/Item_Detail/798524.jpg"
"gid://shopify/Product/us-4384","812183","Elevating Legrest drive™ For drive™ Power Wheelchair","Wheelchairs","Drive DeVilbiss Healthcare","38.71","64.99","81.99","26.28","40%","17.00","N/A","https://imgcdn.mckesson.com/CumulusWeb/Images/Item_Detail/812183_group.jpg"
"gid://shopify/Product/us-4385","841697","Armrest Bolster 5-1/2 X 10 Inch Foam","Wheelchairs","The Comfort Company","39.63","66.99","83.99","27.36","41%","17.00","N/A","https://imgcdn.mckesson.com/CumulusWeb/Images/Item_Detail/841697.jpg"
"gid://shopify/Product/us-4386","1131023","Wheelchair Bag For Wheelchair","Wheelchairs","Skil-Care","39.80","66.99","83.99","27.19","41%","17.00","N/A","https://imgcdn.mckesson.com/CumulusWeb/Images/Item_Detail/1131023.jpg"
"gid://shopify/Product/us-4387","690120","Seat Upholstery Kit For Wheelchair","Wheelchairs","Medical Grade","40.14","66.99","83.99","26.85","40%","17.00","N/A","https://imgcdn.mckesson.com/CumulusWeb/Images/Item_Detail/INVHEA_690120.jpg"
"gid://shopify/Product/us-4388","1112090","Wheelchair Bag For Wheelchair","Wheelchairs","Medline","41.55","69.99","87.99","28.44","41%","18.00","N/A","https://imgcdn.mckesson.com/CumulusWeb/Images/Item_Detail/1112090_front.jpg"
"gid://shopify/Product/us-4389","801914","Footrest Bag For Wheelchair","Wheelchairs","Skil-Care","42.64","71.99","89.99","29.35","41%","18.00","N/A","https://imgcdn.mckesson.com/CumulusWeb/Images/Item_Detail/801914.jpg"
"gid://shopify/Product/us-4390","831314","Economy Hemi Footrest For Wheelchair","Wheelchairs","Invacare","43.81","73.99","92.99","30.18","41%","19.00","N/A","https://imgcdn.mckesson.com/CumulusWeb/Images/Item_Detail/831314.jpg"
"gid://shopify/Product/us-4391","1126177","Calf Bumper Pad For Wheelchair","Wheelchairs","Alimed","44.07","73.99","92.99","29.92","40%","19.00","N/A","https://imgcdn.mckesson.com/CumulusWeb/Images/Item_Detail/1126177_pdet.jpg"
"gid://shopify/Product/us-4392","832054","Wheelchair Headrest For Wheelchair","Wheelchairs","Skil-Care","44.40","73.99","92.99","29.59","40%","19.00","N/A","https://imgcdn.mckesson.com/CumulusWeb/Images/Item_Detail/832054.jpg"
"gid://shopify/Product/us-4393","535528","Wheel Lock Assembly For Wheelchair","Wheelchairs","Invacare","44.52","74.99","93.99","30.47","41%","19.00","N/A","https://imgcdn.mckesson.com/CumulusWeb/Images/Item_Detail/535528.jpg"
"gid://shopify/Product/us-4394","535529","Wheel Lock Assembly For Wheelchair","Wheelchairs","Invacare","44.52","74.99","93.99","30.47","41%","19.00","N/A","https://imgcdn.mckesson.com/CumulusWeb/Images/Item_Detail/535529.jpg"
"gid://shopify/Product/us-4395","833634","Wheelchair Rear Wheel with Handrim For Traveler® SE Wheelchair","Wheelchairs","Graham-Field","44.67","74.99","93.99","30.32","40%","19.00","N/A","https://imgcdn.mckesson.com/CumulusWeb/Images/Item_Detail/833634.jpg"
"gid://shopify/Product/us-4396","453651","Footrest / Legrest For Wheelchair","Wheelchairs","Invacare","46.99","78.99","98.99","32.00","41%","20.00","N/A","https://imgcdn.mckesson.com/CumulusWeb/Images/Item_Detail/453651.jpg"
"gid://shopify/Product/us-4397","650588","Foot Support For 16 to 20 Inch Wheelchair","Wheelchairs","Skil-Care","47.44","79.99","99.99","32.55","41%","20.00","N/A","https://imgcdn.mckesson.com/CumulusWeb/Images/Item_Detail/650588.jpg"
"gid://shopify/Product/us-4398","581589","Foot Support For 16 to 20 Inch Wheelchair","Wheelchairs","Skil-Care","47.44","79.99","99.99","32.55","41%","20.00","N/A","https://imgcdn.mckesson.com/CumulusWeb/Images/Item_Detail/581589.jpg"
"gid://shopify/Product/us-4399","632300","Wheelchair Footrest For Viper GT Wheelchair","Wheelchairs","Drive DeVilbiss Healthcare","47.51","79.99","99.99","32.48","41%","20.00","N/A","https://imgcdn.mckesson.com/CumulusWeb/Images/Item_Detail/632300.jpg"
"gid://shopify/Product/us-4400","689430","Wheelchair Armrest For Sentra Wheelchair","Wheelchairs","Drive DeVilbiss Healthcare","48.99","81.99","102.99","33.00","40%","21.00","N/A","https://imgcdn.mckesson.com/CumulusWeb/Images/Item_Detail/689430.jpg"
"gid://shopify/Product/us-4401","585539","Wheelchair Armrest For Sentra EC Wheelchair","Wheelchairs","Drive DeVilbiss Healthcare","51.03","85.99","107.99","34.96","41%","22.00","N/A","https://imgcdn.mckesson.com/CumulusWeb/Images/Item_Detail/585539.jpg"
"gid://shopify/Product/us-4402","1020687","Wheelchair Foam Cushion and Backrest For Wheelchair","Wheelchairs","Skil-Care","51.23","85.99","107.99","34.76","40%","22.00","N/A","https://imgcdn.mckesson.com/CumulusWeb/Images/Item_Detail/1020687.jpg"
"gid://shopify/Product/us-4403","518945","IV Pole For Wheelchair","Wheelchairs","Graham-Field","51.29","85.99","107.99","34.70","40%","22.00","N/A","https://imgcdn.mckesson.com/CumulusWeb/Images/Item_Detail/518945_pdet.jpg"
"gid://shopify/Product/us-4404","583657","Wheelchair Anti Theft Device For Wheelchair","Wheelchairs","Drive DeVilbiss Healthcare","51.67","86.99","108.99","35.32","41%","22.00","N/A","https://imgcdn.mckesson.com/CumulusWeb/Images/Item_Detail/583657.jpg"
"gid://shopify/Product/us-4405","718854","Seat Upholstery Kit For Wheelchair","Wheelchairs","Medical Grade","51.82","86.99","108.99","35.17","40%","22.00","N/A","https://imgcdn.mckesson.com/CumulusWeb/Images/Item_Detail/INVHEA_718854.jpg"
"gid://shopify/Product/us-4406","999447","Wheelchair Molded Arm Support For Wheelchair","Wheelchairs","The Comfort Company","52.01","86.99","108.99","34.98","40%","22.00","N/A","https://imgcdn.mckesson.com/CumulusWeb/Images/Item_Detail/999447.jpg"
"gid://shopify/Product/us-4407","582950","Side Wings For Wheelchair","Wheelchairs","Skil-Care","53.52","89.99","112.99","36.47","41%","23.00","N/A","https://imgcdn.mckesson.com/CumulusWeb/Images/Item_Detail/582950.jpg"
"gid://shopify/Product/us-4408","797365","Wheelchair Footrest For Traveler® SE Wheelchair","Wheelchairs","Graham-Field","53.93","89.99","112.99","36.06","40%","23.00","N/A","https://imgcdn.mckesson.com/CumulusWeb/Images/Item_Detail/797365_left.jpg"
"gid://shopify/Product/us-4409","583370","Wheelchair Rear Anti Tipper For Wheelchair Fork Wheel 8 Inch","Wheelchairs","Invacare","54.01","90.99","113.99","36.98","41%","23.00","N/A","https://imgcdn.mckesson.com/CumulusWeb/Images/Item_Detail/583370.jpg"
"gid://shopify/Product/us-4410","886372","Wheelchair Anti Tipper drive™ For 12 and 14 Inch Viper / Winnie II / Infinity / Super Hemi Kit (Item #STDSSHK)","Wheelchairs","Drive DeVilbiss Healthcare","54.44","90.99","113.99","36.55","40%","23.00","N/A","https://imgcdn.mckesson.com/CumulusWeb/Images/Item_Detail/886372.jpg"
"gid://shopify/Product/us-4411","736832","Wheelchair Anti Tipper drive™ For Sentra Reclining, Silver Sport 1 & 2, Chrome Sport, Bariatric Sentra EC Heavy Duty Wheelchair","Wheelchairs","Drive DeVilbiss Healthcare","54.58","90.99","113.99","36.41","40%","23.00","N/A","https://imgcdn.mckesson.com/CumulusWeb/Images/Item_Detail/736832.jpg"
"gid://shopify/Product/us-4412","998817","Hand Grip Extensions Safe•t mate® For use with Low Wheelchair","Wheelchairs","210 Innovations LLC","55.41","92.99","116.99","37.58","40%","24.00","N/A","https://imgcdn.mckesson.com/CumulusWeb/Images/Item_Detail/998817_right.jpg"
"gid://shopify/Product/us-4413","635062","Wheelchair Contracture Accommodation Kit For 16 to 18 Inch Wheelchair","Wheelchairs","Skil-Care","56.31","93.99","117.99","37.68","40%","24.00","N/A","https://imgcdn.mckesson.com/CumulusWeb/Images/Item_Detail/635062_group.jpg"
"gid://shopify/Product/us-4414","892716","Adjustable Front Anti-Tippers Safe•t mate® For both 7/8 and 1 frame diameter","Wheelchairs","210 Innovations LLC","56.76","94.99","118.99","38.23","40%","24.00","N/A","https://imgcdn.mckesson.com/CumulusWeb/Images/Item_Detail/892716_pdet.jpg"
"gid://shopify/Product/us-4415","1001682","Wheelchair Footrest For Wheelchair","Wheelchairs","Graham-Field","57.03","95.99","119.99","38.96","41%","24.00","N/A","https://imgcdn.mckesson.com/CumulusWeb/Images/Item_Detail/1001682_left.jpg"
"gid://shopify/Product/us-4416","989380","Wheelchair Footrest For Traveler® HD Wheelchair","Wheelchairs","Graham-Field","57.03","95.99","119.99","38.96","41%","24.00","N/A","https://imgcdn.mckesson.com/CumulusWeb/Images/Item_Detail/989380.jpg"
"gid://shopify/Product/us-4417","831315","Hemi Elevating Legrest For Wheelchair","Wheelchairs","Invacare","58.84","98.99","123.99","40.15","41%","25.00","N/A","https://imgcdn.mckesson.com/CumulusWeb/Images/Item_Detail/831315.jpg"
"gid://shopify/Product/us-4418","1077080","Wheelchair Seat Cushion Cover Sure-Chek 17 X 36 Inch","Wheelchairs","New York Orthopedic","60.95","101.99","127.99","41.04","40%","26.00","N/A","https://imgcdn.mckesson.com/CumulusWeb/Images/Item_Detail/1077080_left.jpg"
"gid://shopify/Product/us-4419","580118","Wheelchair Elevating Legrest Sentra HD For Wheelchair","Wheelchairs","Drive DeVilbiss Healthcare","61.87","103.99","129.99","42.12","41%","26.00","N/A","https://imgcdn.mckesson.com/CumulusWeb/Images/Item_Detail/580118_1.jpg"
"gid://shopify/Product/us-4420","582948","Wheelchair Footrest Extender For 16 to 18 Inch Wheelchair","Wheelchairs","Skil-Care","64.33","107.99","134.99","43.66","40%","27.00","N/A","https://imgcdn.mckesson.com/CumulusWeb/Images/Item_Detail/582948_ls.jpg"
"gid://shopify/Product/us-4421","1056466","Wheelchair Oxygen Cylinder Holder For Wheelchair","Wheelchairs","Graham-Field","64.87","108.99","136.99","44.12","40%","28.00","N/A","https://imgcdn.mckesson.com/CumulusWeb/Images/Item_Detail/1056466_back.jpg"
"gid://shopify/Product/us-4422","554122","Lateral / Lumbar Support For Wheelchair","Wheelchairs","Skil-Care","65.71","109.99","137.99","44.28","40%","28.00","N/A","https://imgcdn.mckesson.com/CumulusWeb/Images/Item_Detail/SKLCRE_554122.jpg"
"gid://shopify/Product/us-4423","775342","Footrest Extender For Wheelchair","Wheelchairs","Skil-Care","70.51","117.99","147.99","47.48","40%","30.00","N/A","https://imgcdn.mckesson.com/CumulusWeb/Images/Item_Detail/775342.jpg"
"gid://shopify/Product/us-4424","519183","Caster Assembly For Lift Patient","Wheelchairs","Invacare","72.25","120.99","151.99","48.74","40%","31.00","N/A","https://imgcdn.mckesson.com/CumulusWeb/Images/Item_Detail/519183.jpg"
"gid://shopify/Product/us-4425","802937","Wheelchair Wheel For Drive Wheelchair","Wheelchairs","Drive DeVilbiss Healthcare","74.44","124.99","156.99","50.55","40%","32.00","N/A","https://imgcdn.mckesson.com/CumulusWeb/Images/Item_Detail/802937.jpg"
"gid://shopify/Product/us-4426","566482","Lap Tray For 20 to 22 Inch Wheelchair","Wheelchairs","Skil-Care","77.44","129.99","162.99","52.55","40%","33.00","N/A","https://imgcdn.mckesson.com/CumulusWeb/Images/Item_Detail/566482_ls.jpg"
"gid://shopify/Product/us-4427","741107","Footrest Extender For Bariatric Wheelchair","Wheelchairs","Skil-Care","78.46","130.99","163.99","52.53","40%","33.00","N/A","https://imgcdn.mckesson.com/CumulusWeb/Images/Item_Detail/741107.jpg"
"gid://shopify/Product/us-4428","774393","Wheelchair Elevating Legrest For Traveler® SE Wheelchair","Wheelchairs","Graham-Field","84.74","141.99","177.99","57.25","40%","36.00","N/A","https://imgcdn.mckesson.com/CumulusWeb/Images/Item_Detail/774393_left.jpg"
"gid://shopify/Product/us-4429","649153","Wheelchair Footrest Extender For 16 to 18 Inch Wheelchair","Wheelchairs","Skil-Care","87.44","145.99","182.99","58.55","40%","37.00","N/A","https://imgcdn.mckesson.com/CumulusWeb/Images/Item_Detail/649153.jpg"
"gid://shopify/Product/us-4430","768797","Wheelchair Legrest For Wheelchair","Wheelchairs","Graham-Field","87.85","146.99","183.99","59.14","40%","37.00","N/A","https://imgcdn.mckesson.com/CumulusWeb/Images/Item_Detail/768797_left.jpg"
"gid://shopify/Product/us-4431","843939","Wheelchair Footrest Extender Econo® For Bariatric Wheelchair","Wheelchairs","Skil-Care","90.69","151.99","189.99","61.30","40%","38.00","N/A","https://imgcdn.mckesson.com/CumulusWeb/Images/Item_Detail/843939.jpg"
"gid://shopify/Product/us-4432","847566","Wheelchair Arm Support Comfort Arm® For Wheelchair","Wheelchairs","The Comfort Company","92.58","154.99","193.99","62.41","40%","39.00","N/A","https://imgcdn.mckesson.com/CumulusWeb/Images/Item_Detail/847566.jpg"
"gid://shopify/Product/us-4433","582949","Lift Away Lap Tray For 16 to 18 Inch Wheelchair","Wheelchairs","Skil-Care","92.78","154.99","193.99","62.21","40%","39.00","N/A","https://imgcdn.mckesson.com/CumulusWeb/Images/Item_Detail/582949.jpg"
"gid://shopify/Product/us-4434","552229","Wheelchair O2 / IV Holder Lumex® For Wheelchair","Wheelchairs","Graham-Field","98.59","164.99","206.99","66.40","40%","42.00","N/A","https://imgcdn.mckesson.com/CumulusWeb/Images/Item_Detail/552229_right.jpg"
"gid://shopify/Product/us-4435","995523","Wheelchair Legrest For Wheelchair","Wheelchairs","Skil-Care","98.63","164.99","206.99","66.36","40%","42.00","N/A","https://imgcdn.mckesson.com/CumulusWeb/Images/Item_Detail/995523.jpg"
"gid://shopify/Product/us-4436","844346","Wheelchair Half Lap Tray For Wheelchair","Wheelchairs","The Comfort Company","99.23","165.99","207.99","66.76","40%","42.00","N/A","https://imgcdn.mckesson.com/CumulusWeb/Images/Item_Detail/844346.jpg"
"gid://shopify/Product/us-4437","869881","Wheelchair Half Lap Tray For Wheelchair","Wheelchairs","The Comfort Company","99.23","165.99","207.99","66.76","40%","42.00","N/A","https://imgcdn.mckesson.com/CumulusWeb/Images/Item_Detail/869881.jpg"
"gid://shopify/Product/us-4438","1295371","Chest Harness For Kanga Wheelchair","Wheelchairs","Drive DeVilbiss Healthcare","101.63","156.99","196.99","55.36","35%","40.00","N/A","https://imgcdn.mckesson.com/CumulusWeb/Images/Item_Detail/1295371_front.jpg"
"gid://shopify/Product/us-4439","252773","Footrest For Wheelchair","Wheelchairs","Skil-Care","103.19","158.99","198.99","55.80","35%","40.00","N/A","https://imgcdn.mckesson.com/CumulusWeb/Images/Item_Detail/252773.jpg"
"gid://shopify/Product/us-4440","1048778","Wheelchair Arm and Hand Elevator Skillbuilders® For Wheelchair","Wheelchairs","Fabrication Enterprises","104.00","159.99","199.99","55.99","35%","40.00","N/A","https://imgcdn.mckesson.com/CumulusWeb/Images/Item_Detail/1048778.jpg"
"gid://shopify/Product/us-4441","212691","Foot Extender For 20 to 22 Inch Wheelchair","Wheelchairs","Skil-Care","112.85","173.99","217.99","61.14","35%","44.00","N/A","https://imgcdn.mckesson.com/CumulusWeb/Images/Item_Detail/212691.jpg"
"gid://shopify/Product/us-4442","700441","Drop Seat Cushion Skil-Care™ 18 X 16 X 3 Inch Foam","Wheelchairs","Skil-Care","114.14","175.99","219.99","61.85","35%","44.00","N/A","https://imgcdn.mckesson.com/CumulusWeb/Images/Item_Detail/700441.JPG"
"gid://shopify/Product/us-4443","518753","Lap Tray For 24 to 26 Inch Wheelchair","Wheelchairs","Skil-Care","115.69","177.99","222.99","62.30","35%","45.00","N/A","https://imgcdn.mckesson.com/CumulusWeb/Images/Item_Detail/518753.jpg"
"gid://shopify/Product/us-4444","876633","Wheelchair Ramp drive™ For Scooter / Wheelchair","Wheelchairs","Drive DeVilbiss Healthcare","118.08","181.99","227.99","63.91","35%","46.00","N/A","https://imgcdn.mckesson.com/CumulusWeb/Images/Item_Detail/876633.jpg"
"gid://shopify/Product/us-4445","777444","Footrest drive™ For Bariatric Sentra EC Heavy Duty (Deluxe) Extra-Extra Wide STDS26 - STD30 Series","Wheelchairs","Drive DeVilbiss Healthcare","124.57","191.99","239.99","67.42","35%","48.00","N/A","https://imgcdn.mckesson.com/CumulusWeb/Images/Item_Detail/777444.jpg"
"gid://shopify/Product/us-4446","998037","Wheelchair Foot Plate For Bariatric Sentra EC heavy duty, extra-extra-wide wheelchair","Wheelchairs","Drive DeVilbiss Healthcare","135.50","208.99","261.99","73.49","35%","53.00","N/A","https://imgcdn.mckesson.com/CumulusWeb/Images/Item_Detail/998037.jpg"
"gid://shopify/Product/us-4447","682621","Arm and Trunk Support For Wheelchair","Wheelchairs","Performance Health","139.44","214.99","268.99","75.55","35%","54.00","N/A","https://imgcdn.mckesson.com/CumulusWeb/Images/Item_Detail/682621.jpg"
"gid://shopify/Product/us-4448","996419","Wheelchair Side Hugger For 20 Inch Wheelchair","Wheelchairs","The Comfort Company","140.69","216.99","271.99","76.30","35%","55.00","N/A","https://imgcdn.mckesson.com/CumulusWeb/Images/Item_Detail/996419.jpg"
"gid://shopify/Product/us-4449","1153454","Wheelchair Footrest Extender For Wheelchair","Wheelchairs","Skil-Care","142.86","219.99","274.99","77.13","35%","55.00","N/A","https://imgcdn.mckesson.com/CumulusWeb/Images/Item_Detail/1153454.jpg"
"gid://shopify/Product/us-4450","867533","Wheelchair Anti Rollback Device Safe•t mate® For Wheelchair","Wheelchairs","210 Innovations LLC","158.13","243.99","304.99","85.86","35%","61.00","N/A","https://imgcdn.mckesson.com/CumulusWeb/Images/Item_Detail/867533_right.jpg"
"gid://shopify/Product/us-4451","959735","Wheelchair Anti Rollback Device Safe•t mate® For Wheelchair","Wheelchairs","210 Innovations LLC","159.48","245.99","307.99","86.51","35%","62.00","N/A","https://imgcdn.mckesson.com/CumulusWeb/Images/Item_Detail/959735_right.jpg"
"gid://shopify/Product/us-4452","1148459","Transport Chair 17-1/2 Inch Seat Width Desk Length Arm Swing-Away Footrest Steel Frame","Wheelchairs","Nova Ortho-Med","162.18","249.99","312.99","87.81","35%","63.00","N/A","https://imgcdn.mckesson.com/CumulusWeb/Images/Item_Detail/1148459.jpg"
"gid://shopify/Product/us-4453","1113786","Wheelchair Lateral Support Assembly For Wheelchair","Wheelchairs","The Comfort Company","167.40","257.99","322.99","90.59","35%","65.00","N/A","https://imgcdn.mckesson.com/CumulusWeb/Images/Item_Detail/1113786.jpg"
"gid://shopify/Product/us-4454","499819","Wheelchair Elevating Legrest Sentra For Sentra Heavy Duty, Extra Wide Wheelchair","Wheelchairs","Drive DeVilbiss Healthcare","180.14","277.99","347.99","97.85","35%","70.00","N/A","https://imgcdn.mckesson.com/CumulusWeb/Images/Item_Detail/499819_front.jpg"
"gid://shopify/Product/us-4455","1058791","Wheelchair Back Support Elements® For 15-21 Inch Wheel Chair","Wheelchairs","The Comfort Company","183.50","282.99","353.99","99.49","35%","71.00","N/A","https://imgcdn.mckesson.com/CumulusWeb/Images/Item_Detail/1058791.jpg"
"gid://shopify/Product/us-4456","1046678","Wheelchair Half Lap Tray Durasoft For Wheelchair","Wheelchairs","The Comfort Company","186.04","286.99","358.99","100.95","35%","72.00","N/A","https://imgcdn.mckesson.com/CumulusWeb/Images/Item_Detail/1046678.jpg"
"gid://shopify/Product/us-4457","1090421","Wheelchair Lateral Support For Wheelchair","Wheelchairs","Performance Health","204.80","315.99","394.99","111.19","35%","79.00","N/A","https://imgcdn.mckesson.com/CumulusWeb/Images/Item_Detail/1090421.jpg"
"gid://shopify/Product/us-4458","984596","Wheelchair Lateral Support Assembly Lacura™ For Wheelchair","Wheelchairs","Performance Health","210.94","324.99","406.99","114.05","35%","82.00","N/A","https://imgcdn.mckesson.com/CumulusWeb/Images/Item_Detail/984596.jpg"
"gid://shopify/Product/us-4459","972350","Wheelchair One Arm Drive For Viper Plus GT Wheelchair with Flip Back Removable Adjustable Arm","Wheelchairs","Drive DeVilbiss Healthcare","211.54","325.99","407.99","114.45","35%","82.00","N/A","https://imgcdn.mckesson.com/CumulusWeb/Images/Item_Detail/972350_pdet.jpg"
"gid://shopify/Product/us-4460","474100","Cushion Cover For Wheelchair","Wheelchairs","Span America","259.98","399.99","499.99","140.01","35%","100.00","N/A","https://imgcdn.mckesson.com/CumulusWeb/Images/Item_Detail/474100.jpg"
"gid://shopify/Product/us-4461","746858","Wheelchair Ramps drive™ For Wheelchair","Wheelchairs","Drive DeVilbiss Healthcare","269.88","415.99","519.99","146.11","35%","104.00","N/A","https://imgcdn.mckesson.com/CumulusWeb/Images/Item_Detail/746858_1.jpg"
"gid://shopify/Product/us-4462","695557","Wheelchair Legrest For All Gendron Wheelchair","Wheelchairs","Graham-Field","385.18","592.99","741.99","207.81","35%","149.00","N/A","https://imgcdn.mckesson.com/CumulusWeb/Images/Item_Detail/GENDRN_695557.jpg"
"gid://shopify/Product/us-4463","634534","Wheelchair Anti Rollback System Safe•t mate® For Sling-Seat Wheelchair","Wheelchairs","Alimed","391.49","602.99","753.99","211.50","35%","151.00","N/A","https://imgcdn.mckesson.com/CumulusWeb/Images/Item_Detail/634534.jpg"
"gid://shopify/Product/us-4464","1268856","4 Wheel Electric Scooter Scout LT 300 lbs. Weight Capacity Red / Blue","Wheelchairs","Drive DeVilbiss Healthcare","870.55","1209.99","1512.99","339.44","28%","303.00","N/A","https://imgcdn.mckesson.com/CumulusWeb/Images/Item_Detail/1268856_left.jpg"
"gid://shopify/Product/us-4465","1199681","4 Wheel Electric Scooter Go-Go® Ultra X 300 lbs. Weight Capacity Black","Wheelchairs","Pride Health Care","983.81","1366.99","1708.99","383.18","28%","342.00","N/A","https://imgcdn.mckesson.com/CumulusWeb/Images/Item_Detail/1199681_left.jpg"
"gid://shopify/Product/us-4466","1103857","4 Wheel Electric Scooter Victory® 10 400 lbs. Weight Capacity Candy Apple Red","Wheelchairs","Pride Health Care","1844.62","2561.99","3202.99","717.37","28%","641.00","N/A","https://imgcdn.mckesson.com/CumulusWeb/Images/Item_Detail/1103857_left.jpg"
"gid://shopify/Product/us-4467","823161","4 Wheel Electric Scooter Maxima 500 lbs. Weight Capacity Red / Blue","Wheelchairs","Pride Health Care","3154.96","4381.99","5477.99","1227.03","28%","1096.00","N/A","https://imgcdn.mckesson.com/CumulusWeb/Images/Item_Detail/823161.jpg"
"gid://shopify/Product/us-4468","1009680","Wheelchair Urinary Drain Bag Holder NYOrtho For Wheelchair","Wheelchairs","New York Orthopedic","4.18","7.99","9.99","3.81","48%","2.00","N/A","https://imgcdn.mckesson.com/CumulusWeb/Images/Item_Detail/1009680_front.jpg"
"gid://shopify/Product/us-4469","848598","Legrest Lock AMG For Front Riggings of wheelchair","Wheelchairs","After Market Group","5.18","9.99","12.99","4.81","48%","3.00","N/A","https://imgcdn.mckesson.com/CumulusWeb/Images/Item_Detail/848598.jpg"
"gid://shopify/Product/us-4470","797703","Wheelchair H-Block For Wheelchair","Wheelchairs","Invacare","8.03","14.99","18.99","6.96","46%","4.00","N/A","https://imgcdn.mckesson.com/CumulusWeb/Images/Item_Detail/797703.jpg"
"gid://shopify/Product/us-4471","1156938","Brake Pull-To-Lock For Cruiser Wheelchair","Wheelchairs","Drive DeVilbiss Healthcare","11.68","21.99","27.99","10.31","47%","6.00","N/A","https://imgcdn.mckesson.com/CumulusWeb/Images/Item_Detail/1156938.jpg"
"gid://shopify/Product/us-4472","797540","Casters For Drive Wheelchair","Wheelchairs","Drive DeVilbiss Healthcare","13.47","24.99","31.99","11.52","46%","7.00","N/A","https://imgcdn.mckesson.com/CumulusWeb/Images/Item_Detail/797540.jpg"
"gid://shopify/Product/us-4473","880829","Wheelchair Back Upholstery For Cruiser III 4S Wheelchair","Wheelchairs","Drive DeVilbiss Healthcare","13.87","25.99","32.99","12.12","47%","7.00","N/A","https://imgcdn.mckesson.com/CumulusWeb/Images/Item_Detail/880829.jpg"
"gid://shopify/Product/us-4474","944517","Wheelchair Seat Cushion Cover Skil-Care™ 3-4 X 16 X 16 Inch","Wheelchairs","Skil-Care","15.94","28.99","36.99","13.05","45%","8.00","N/A","https://imgcdn.mckesson.com/CumulusWeb/Images/Item_Detail/944517.jpg"
"gid://shopify/Product/us-4475","944499","Wheelchair Seat Cushion Cover Skil-Care™ 1-2 X 16 X 20 Inch","Wheelchairs","Skil-Care","17.12","31.99","39.99","14.87","46%","8.00","N/A","https://imgcdn.mckesson.com/CumulusWeb/Images/Item_Detail/944499.jpg"
"gid://shopify/Product/us-4476","854126","Caster Wheel For Sentra Reclining Wheelchair","Wheelchairs","Drive DeVilbiss Healthcare","21.64","39.99","49.99","18.35","46%","10.00","N/A","https://imgcdn.mckesson.com/CumulusWeb/Images/Item_Detail/854126_front.jpg"
"gid://shopify/Product/us-4477","823350","Wedge Seat Cushion Skil-Care™ 16 W X 16 L X 6 to 3 D Inch Foam","Wheelchairs","Skil-Care","33.59","55.99","69.99","22.40","40%","14.00","N/A","https://imgcdn.mckesson.com/CumulusWeb/Images/Item_Detail/823350.jpg"
"gid://shopify/Product/us-4478","1081367","Wheelchair Heavy Duty Anti-Fold Bar For 24 to 30 Inch Seat Widths Wheelchair","Wheelchairs","Drive DeVilbiss Healthcare","41.83","69.99","87.99","28.16","40%","18.00","N/A","https://imgcdn.mckesson.com/CumulusWeb/Images/Item_Detail/1081367.jpg"
"gid://shopify/Product/us-4479","892717","Universal Rear Anti-Tippers Safe•t mate® For Universal Wheelchair use","Wheelchairs","210 Innovations LLC","41.90","69.99","87.99","28.09","40%","18.00","N/A","https://imgcdn.mckesson.com/CumulusWeb/Images/Item_Detail/892717_pdet.jpg"
"gid://shopify/Product/us-4480","692155","Wheelchair Wheel For Wheelchair","Wheelchairs","Drive DeVilbiss Healthcare","67.12","111.99","139.99","44.87","40%","28.00","N/A","https://imgcdn.mckesson.com/CumulusWeb/Images/Item_Detail/692155.jpg"
"gid://shopify/Product/us-4481","581588","Wheelchair Footrest Extender For 16 to 18 Inch Wheelchair","Wheelchairs","Skil-Care","79.94","133.99","167.99","54.05","40%","34.00","N/A","https://imgcdn.mckesson.com/CumulusWeb/Images/Item_Detail/581588.jpg"
"gid://shopify/Product/us-4482","252781","Wheelchair Armrest Trough For Wheelchair","Wheelchairs","Skil-Care","80.69","134.99","168.99","54.30","40%","34.00","N/A","https://imgcdn.mckesson.com/CumulusWeb/Images/Item_Detail/252781.jpg"
"gid://shopify/Product/us-4483","1065255","Transport Chair McKesson 19 Inch Seat Width Full Length Arm Swing-Away Footrest Steel Frame with Silver Vein Finish","Wheelchairs","McKesson Brand","92.32","153.99","192.99","61.67","40%","39.00","N/A","https://imgcdn.mckesson.com/CumulusWeb/Images/Item_Detail/1065255_left.jpg"
"gid://shopify/Product/us-4484","877330","Seat Cushion Premier One 20 W X 18 L X 3 D Inch Foam","Wheelchairs","Drive DeVilbiss Healthcare","92.38","153.99","192.99","61.61","40%","39.00","M8070","https://imgcdn.mckesson.com/CumulusWeb/Images/Item_Detail/877330.jpg"
"gid://shopify/Product/us-4485","904876","Wheelchair Anti Theft Device drive™ For Wheelchair","Wheelchairs","Drive DeVilbiss Healthcare","92.43","154.99","193.99","62.56","40%","39.00","N/A","https://imgcdn.mckesson.com/CumulusWeb/Images/Item_Detail/904876.jpg"
"gid://shopify/Product/us-4486","699193","Reclining Mechanism Assembly For 6065A / 6065DA Recliner Wheelchair","Wheelchairs","Invacare","97.07","161.99","202.99","64.92","40%","41.00","N/A","https://imgcdn.mckesson.com/CumulusWeb/Images/Item_Detail/699193.jpg"
"gid://shopify/Product/us-4487","1281778","Transport Chair MedaCure® 19 Inch Seat Width Fixed Arm Height Swing-Away Footrest Steel Frame with Silver Vein Finish","Wheelchairs","Medacure Inc","99.26","165.99","207.99","66.73","40%","42.00","N/A","https://imgcdn.mckesson.com/CumulusWeb/Images/Item_Detail/1281778_left.jpg"
"gid://shopify/Product/us-4488","1234298","Wheelchair Chariot II Dual Axle Full Length Arm Swing-Away Footrest Black Upholstery 18 Inch Seat Width Adult 300 lbs. Weight Capacity","Wheelchairs","Proactive Medical Products LLC","103.78","159.99","199.99","56.21","35%","40.00","N/A","https://imgcdn.mckesson.com/CumulusWeb/Images/Item_Detail/1234298_left.jpg"
"gid://shopify/Product/us-4489","802517","Wheelchair Molded Armrest Lacura™ For Wheelchair","Wheelchairs","Performance Health","104.31","160.99","201.99","56.68","35%","41.00","N/A","https://imgcdn.mckesson.com/CumulusWeb/Images/Item_Detail/802517.jpg"
"gid://shopify/Product/us-4490","852876","Wheelchair Extended Width Armrest AliMed® For Wheelchair","Wheelchairs","Alimed","105.05","161.99","202.99","56.94","35%","41.00","N/A","https://imgcdn.mckesson.com/CumulusWeb/Images/Item_Detail/852876.jpg"
"gid://shopify/Product/us-4491","1234297","Wheelchair Chariot II Dual Axle Full Length Arm Elevating Legrest Black Upholstery 18 Inch Seat Width Adult 300 lbs. Weight Capacity","Wheelchairs","Proactive Medical Products LLC","113.80","175.99","219.99","62.19","35%","44.00","N/A","https://imgcdn.mckesson.com/CumulusWeb/Images/Item_Detail/1234297_left.jpg"
"gid://shopify/Product/us-4492","896171","Transport Chair Everest & Jennings® 19 Inch Seat Width Full Length Arm Swing-Away Footrest Steel Frame with Silver Vein Finish","Wheelchairs","Graham-Field","114.88","176.99","221.99","62.11","35%","45.00","N/A","https://imgcdn.mckesson.com/CumulusWeb/Images/Item_Detail/896171_right.jpg"
"gid://shopify/Product/us-4493","1128892","Lightweight Wheelchair McKesson Dual Axle Desk Length Arm Swing-Away Footrest Black Upholstery 18 Inch Seat Width Adult 300 lbs. Weight Capacity","Wheelchairs","McKesson Brand","117.58","180.99","226.99","63.41","35%","46.00","N/A","https://imgcdn.mckesson.com/CumulusWeb/Images/Item_Detail/1128892_left.jpg"
"gid://shopify/Product/us-4494","1281780","Wheelchair MedaCure® Swing-Away Footrest 16 Inch Seat Width","Wheelchairs","Medacure Inc","121.31","186.99","233.99","65.68","35%","47.00","W1616","https://imgcdn.mckesson.com/CumulusWeb/Images/Item_Detail/1281780_left.jpg"
"gid://shopify/Product/us-4495","1281786","Wheelchair MedaCure® Swing-Away Footrest 20 Inch Seat Width","Wheelchairs","Medacure Inc","121.31","186.99","233.99","65.68","35%","47.00","W2016","https://imgcdn.mckesson.com/CumulusWeb/Images/Item_Detail/1281786_left.jpg"
"gid://shopify/Product/us-4496","1281783","Wheelchair MedaCure® Swing-Away Footrest 18 Inch Seat Width","Wheelchairs","Medacure Inc","121.31","186.99","233.99","65.68","35%","47.00","W1816","https://imgcdn.mckesson.com/CumulusWeb/Images/Item_Detail/1281783_left.jpg"
"gid://shopify/Product/us-4497","1234312","Lightweight Wheelchair Chariot III Dual Axle Desk Length Arm Swing-Away Footrest Black Upholstery 20 Inch Seat Width Adult 350 lbs. Weight Capacity","Wheelchairs","Proactive Medical Products LLC","124.22","191.99","239.99","67.77","35%","48.00","N/A","https://imgcdn.mckesson.com/CumulusWeb/Images/Item_Detail/1234312_left.jpg"
"gid://shopify/Product/us-4498","1065276","Wheelchair McKesson Dual Axle Desk Length Arm Swing-Away Footrest Black Upholstery 18 Inch Seat Width Adult 300 lbs. Weight Capacity","Wheelchairs","McKesson Brand","127.98","196.99","246.99","69.01","35%","50.00","N/A","https://imgcdn.mckesson.com/CumulusWeb/Images/Item_Detail/1065276_left_.jpg"
"gid://shopify/Product/us-4499","1065274","Wheelchair McKesson Dual Axle Full Length Arm Swing-Away Footrest Black Upholstery 18 Inch Seat Width Adult 300 lbs. Weight Capacity","Wheelchairs","McKesson Brand","128.23","197.99","247.99","69.76","35%","50.00","N/A","https://imgcdn.mckesson.com/CumulusWeb/Images/Item_Detail/1065274_left.jpg"
"gid://shopify/Product/us-4500","1065278","Wheelchair McKesson Dual Axle Desk Length Arm Swing-Away Footrest Black Upholstery 20 Inch Seat Width Adult 350 lbs. Weight Capacity","Wheelchairs","McKesson Brand","129.02","198.99","248.99","69.97","35%","50.00","N/A","https://imgcdn.mckesson.com/CumulusWeb/Images/Item_Detail/1065278_left.jpg"
"gid://shopify/Product/us-4501","1065272","Wheelchair McKesson Dual Axle Desk Length Arm Swing-Away Footrest Black Upholstery 16 Inch Seat Width Adult 250 lbs. Weight Capacity","Wheelchairs","McKesson Brand","129.75","199.99","249.99","70.24","35%","50.00","N/A","https://imgcdn.mckesson.com/CumulusWeb/Images/Item_Detail/1065272_left_.jpg"
"gid://shopify/Product/us-4502","1281779","Wheelchair MedaCure® Removable Footrest 16 Inch Seat Width","Wheelchairs","Medacure Inc","130.96","201.99","252.99","71.03","35%","51.00","W1616","https://imgcdn.mckesson.com/CumulusWeb/Images/Item_Detail/1281779_right.jpg"
"gid://shopify/Product/us-4503","1281785","Wheelchair MedaCure® Elevating Legrest 20 Inch Seat Width","Wheelchairs","Medacure Inc","130.96","201.99","252.99","71.03","35%","51.00","W2016","https://imgcdn.mckesson.com/CumulusWeb/Images/Item_Detail/1281785_right.jpg"
"gid://shopify/Product/us-4504","1031957","Wheelchair Replacement Wheel For PAC44 Wheelchair","Wheelchairs","Medical Grade","133.35","205.99","257.99","72.64","35%","52.00","N/A","https://imgcdn.mckesson.com/CumulusWeb/Images/Item_Detail/1031957_front.jpg"
"gid://shopify/Product/us-4505","1234311","Lightweight Wheelchair Chariot III Dual Axle Desk Length Arm Elevating Legrest Black Upholstery 20 Inch Seat Width Adult 350 lbs. Weight Capacity","Wheelchairs","Proactive Medical Products LLC","134.23","206.99","258.99","72.76","35%","52.00","N/A","https://imgcdn.mckesson.com/CumulusWeb/Images/Item_Detail/1234311_left.jpg"
"gid://shopify/Product/us-4506","586455","Transport Chair drive™ 17 Inch Seat Width Fixed Arm Height Swing-Away Footrest Aluminum Frame with Blue Finish","Wheelchairs","Drive DeVilbiss Healthcare","135.52","208.99","261.99","73.47","35%","53.00","N/A","https://imgcdn.mckesson.com/CumulusWeb/Images/Item_Detail/586455_right.jpg"
"gid://shopify/Product/us-4507","1128901","Transport Chair McKesson 19 Inch Seat Width Full Length Arm Swing-Away Footrest Aluminum Frame with Red Finish","Wheelchairs","McKesson Brand","138.90","213.99","267.99","75.09","35%","54.00","N/A","https://imgcdn.mckesson.com/CumulusWeb/Images/Item_Detail/1128901_left_.jpg"
"gid://shopify/Product/us-4508","866625","Wheelchair drive™ Silver Sport 2 Dual Axle Full Length Arm Swing-Away Footrest Black Upholstery 18 Inch Seat Width Adult 300 lbs. Weight Capacity","Wheelchairs","Drive DeVilbiss Healthcare","139.31","214.99","268.99","75.68","35%","54.00","N/A","https://imgcdn.mckesson.com/CumulusWeb/Images/Item_Detail/866625_left.jpg"
"gid://shopify/Product/us-4509","1065275","Wheelchair McKesson Dual Axle Full Length Arm Swing-Away Elevating Legrest Black Upholstery 18 Inch Seat Width Adult 300 lbs. Weight Capacity","Wheelchairs","McKesson Brand","139.58","214.99","268.99","75.41","35%","54.00","N/A","https://imgcdn.mckesson.com/CumulusWeb/Images/Item_Detail/1065275_left_.jpg"
"gid://shopify/Product/us-4510","953951","Wheelchair drive™ Blue Streak Desk Length Arm Swing-Away Footrest Black Upholstery 20 Inch Seat Width Adult 250 lbs. Weight Capacity","Wheelchairs","Drive DeVilbiss Healthcare","140.37","215.99","269.99","75.62","35%","54.00","N/A","https://imgcdn.mckesson.com/CumulusWeb/Images/Item_Detail/953951.jpg"
"gid://shopify/Product/us-4511","1131355","Wheelchair Advantage® LX Full Length Arm Swing-Away Footrest Black Upholstery 18 Inch Seat Width Adult 300 lbs. Weight Capacity","Wheelchairs","Graham-Field","141.91","218.99","273.99","77.08","35%","55.00","N/A","https://imgcdn.mckesson.com/CumulusWeb/Images/Item_Detail/1131355_left.jpg"
"gid://shopify/Product/us-4512","1065277","Wheelchair McKesson Dual Axle Desk Length Arm Swing-Away Elevating Legrest Black Upholstery 18 Inch Seat Width Adult 300 lbs. Weight Capacity","Wheelchairs","McKesson Brand","143.18","220.99","276.99","77.81","35%","56.00","N/A","https://imgcdn.mckesson.com/CumulusWeb/Images/Item_Detail/1065277_left.jpg"
"gid://shopify/Product/us-4513","1033151","Wheelchair Anti Rollback Device Safe•t mate® For Invacare Tracer EX2 or SX5","Wheelchairs","210 Innovations LLC","143.26","220.99","276.99","77.73","35%","56.00","N/A","https://imgcdn.mckesson.com/CumulusWeb/Images/Item_Detail/1033151_right.jpg"
"gid://shopify/Product/us-4514","1234303","Lightweight Wheelchair Chariot III Dual Axle Desk Length Arm Elevating Legrest Black Upholstery 16 Inch Seat Width Adult 300 lbs. Weight Capacity","Wheelchairs","Proactive Medical Products LLC","144.97","223.99","279.99","79.02","35%","56.00","N/A","https://imgcdn.mckesson.com/CumulusWeb/Images/Item_Detail/1234303_left.jpg"
"gid://shopify/Product/us-4515","1065285","Lightweight Wheelchair McKesson Dual Axle Desk Length Arm Swing-Away Elevating Legrest Black Upholstery 18 Inch Seat Width Adult 300 lbs. Weight Capacity","Wheelchairs","McKesson Brand","148.17","227.99","284.99","79.82","35%","57.00","N/A","https://imgcdn.mckesson.com/CumulusWeb/Images/Item_Detail/1065285_left.jpg"
"gid://shopify/Product/us-4516","1065279","Wheelchair McKesson Dual Axle Desk Length Arm Swing-Away Elevating Legrest Black Upholstery 20 Inch Seat Width Adult 350 lbs. Weight Capacity","Wheelchairs","McKesson Brand","149.07","229.99","287.99","80.92","35%","58.00","N/A","https://imgcdn.mckesson.com/CumulusWeb/Images/Item_Detail/1065279_left.jpg"
"gid://shopify/Product/us-4517","1128898","Transport Chair McKesson 19 Inch Seat Width Full Length Arm Swing-Away Footrest Aluminum Frame with Black Finish","Wheelchairs","McKesson Brand","149.11","229.99","287.99","80.88","35%","58.00","N/A","https://imgcdn.mckesson.com/CumulusWeb/Images/Item_Detail/1128898_left.jpg"
"gid://shopify/Product/us-4518","1065256","Transport Chair McKesson 19 Inch Seat Width Full Length Arm Swing-Away Footrest Aluminum Frame with Blue Finish","Wheelchairs","McKesson Brand","150.10","230.99","288.99","80.89","35%","58.00","N/A","https://imgcdn.mckesson.com/CumulusWeb/Images/Item_Detail/1065256_left.jpg"
"gid://shopify/Product/us-4519","787424","Wheelchair drive™ Silver Sport 2 Dual Axle Full Length Arm Elevating Legrest Black Upholstery 18 Inch Seat Width Adult 300 lbs. Weight Capacity","Wheelchairs","Drive DeVilbiss Healthcare","150.87","232.99","291.99","82.12","35%","59.00","N/A","https://imgcdn.mckesson.com/CumulusWeb/Images/Item_Detail/787424.jpg"
"gid://shopify/Product/us-4520","1065286","Lightweight Wheelchair McKesson Dual Axle Desk Length Arm Swing-Away Footrest Black Upholstery 20 Inch Seat Width Adult 300 lbs. Weight Capacity","Wheelchairs","McKesson Brand","150.99","232.99","291.99","82.00","35%","59.00","N/A","https://imgcdn.mckesson.com/CumulusWeb/Images/Item_Detail/1065286_left.jpg"
"gid://shopify/Product/us-4521","1065284","Lightweight Wheelchair McKesson Dual Axle Desk Length Arm Swing-Away Footrest Black Upholstery 18 Inch Seat Width Adult 300 lbs. Weight Capacity","Wheelchairs","McKesson Brand","151.60","233.99","292.99","82.39","35%","59.00","N/A","https://imgcdn.mckesson.com/CumulusWeb/Images/Item_Detail/1065284_left.jpg"
"gid://shopify/Product/us-4522","1128897","Lightweight Wheelchair McKesson Dual Axle Desk Length Arm Elevating Legrest Black Upholstery 20 Inch Seat Width Adult 300 lbs. Weight Capacity","Wheelchairs","McKesson Brand","152.33","234.99","293.99","82.66","35%","59.00","N/A","https://imgcdn.mckesson.com/CumulusWeb/Images/Item_Detail/1128897_left.jpg"
"gid://shopify/Product/us-4523","830613","Wheelchair drive™ Blue Streak Desk Length Arm Swing-Away Elevating Legrest Black Upholstery 18 Inch Seat Width Adult 250 lbs. Weight Capacity","Wheelchairs","Drive DeVilbiss Healthcare","152.40","234.99","293.99","82.59","35%","59.00","N/A","https://imgcdn.mckesson.com/CumulusWeb/Images/Item_Detail/830613_1.jpg"
"gid://shopify/Product/us-4524","1065282","Lightweight Wheelchair McKesson Dual Axle Desk Length Arm Swing-Away Footrest Black Upholstery 16 Inch Seat Width Adult 300 lbs. Weight Capacity","Wheelchairs","McKesson Brand","155.15","238.99","298.99","83.84","35%","60.00","N/A","https://imgcdn.mckesson.com/CumulusWeb/Images/Item_Detail/1065282_left.jpg"
"gid://shopify/Product/us-4525","583297","Lightweight Wheelchair drive™ Cruiser III Dual Axle Full Length Arm Swing-Away Footrest Black Upholstery 20 Inch Seat Width Adult 350 lbs. Weight Capacity","Wheelchairs","Drive DeVilbiss Healthcare","155.86","239.99","299.99","84.13","35%","60.00","N/A","https://imgcdn.mckesson.com/CumulusWeb/Images/Item_Detail/583297_left.jpg"
"gid://shopify/Product/us-4526","805612","Lightweight Wheelchair drive™ Cruiser III Dual Axle Full Length Arm Swing-Away Footrest Black Upholstery 16 Inch Seat Width Adult 300 lbs. Weight Capacity","Wheelchairs","Drive DeVilbiss Healthcare","155.86","239.99","299.99","84.13","35%","60.00","N/A","https://imgcdn.mckesson.com/CumulusWeb/Images/Item_Detail/805612_left.jpg"
"gid://shopify/Product/us-4527","596861","Lightweight Wheelchair drive™ Cruiser III Dual Axle Full Length Arm Swing-Away Footrest Black Upholstery 18 Inch Seat Width Adult 300 lbs. Weight Capacity","Wheelchairs","Drive DeVilbiss Healthcare","159.97","246.99","308.99","87.02","35%","62.00","N/A","https://imgcdn.mckesson.com/CumulusWeb/Images/Item_Detail/596861_left.jpg"
"gid://shopify/Product/us-4528","1065283","Lightweight Wheelchair McKesson Dual Axle Desk Length Arm Swing-Away Elevating Legrest Black Upholstery 16 Inch Seat Width Adult 300 lbs. Weight Capacity","Wheelchairs","McKesson Brand","160.99","247.99","309.99","87.00","35%","62.00","N/A","https://imgcdn.mckesson.com/CumulusWeb/Images/Item_Detail/1065283_left.jpg"
"gid://shopify/Product/us-4529","617702","Transport Chair drive™ 17 Inch Seat Width Fixed Arm Height Swing-Away Footrest Aluminum Frame with Red Finish","Wheelchairs","Drive DeVilbiss Healthcare","161.49","248.99","311.99","87.50","35%","63.00","N/A","https://imgcdn.mckesson.com/CumulusWeb/Images/Item_Detail/617702_1.jpg"
"gid://shopify/Product/us-4530","1160509","Wheelchair Traveler® SE Plus Dual Axle Desk Length Arm Swing-Away Elevating Legrest Black Upholstery 20 Inch Seat Width Adult 300 lbs. Weight Capacity","Wheelchairs","Graham-Field","162.18","249.99","312.99","87.81","35%","63.00","N/A","https://imgcdn.mckesson.com/CumulusWeb/Images/Item_Detail/1160509_right.jpg"
"gid://shopify/Product/us-4531","1163092","Wheelchair Traveler® SE Plus Dual Axle Full Length Arm Swing-Away Footrest Black Upholstery 20 Inch Seat Width Adult 300 lbs. Weight Capacity","Wheelchairs","Graham-Field","162.18","249.99","312.99","87.81","35%","63.00","N/A","https://imgcdn.mckesson.com/CumulusWeb/Images/Item_Detail/1163092_side.jpg"
"gid://shopify/Product/us-4532","700953","Lightweight Wheelchair drive™ Cruiser III Dual Axle Full Length Arm Elevating Legrest Black Upholstery 18 Inch Seat Width Adult 300 lbs. Weight Capacity","Wheelchairs","Drive DeVilbiss Healthcare","166.79","256.99","321.99","90.20","35%","65.00","N/A","https://imgcdn.mckesson.com/CumulusWeb/Images/Item_Detail/700953_1.jpg"
"gid://shopify/Product/us-4533","876629","Transport Chair drive™ 19 Inch Seat Width Fixed Arm Height Swing-Away Footrest Aluminum Frame with Red Finish","Wheelchairs","Drive DeVilbiss Healthcare","166.80","256.99","321.99","90.19","35%","65.00","N/A","https://imgcdn.mckesson.com/CumulusWeb/Images/Item_Detail/876629_1.jpg"
"gid://shopify/Product/us-4534","866900","Transport Chair drive™ Expedition 19 Inch Seat Width Full Length Arm Swing-Away Footrest Aluminum Frame with Blue Finish","Wheelchairs","Drive DeVilbiss Healthcare","167.70","257.99","322.99","90.29","35%","65.00","N/A","https://imgcdn.mckesson.com/CumulusWeb/Images/Item_Detail/866900_1.jpg"
"gid://shopify/Product/us-4535","1273419","Wheelchair Essentials™ Tracer EX1 Desk Length Arm Swing-Away Footrest Black Upholstery 16 Inch Seat Width Adult 250 lbs. Weight Capacity","Wheelchairs","Invacare","168.94","259.99","324.99","91.05","35%","65.00","N/A","https://imgcdn.mckesson.com/CumulusWeb/Images/Item_Detail/1273419_left.jpg"
"gid://shopify/Product/us-4536","1180763","Transport Chair 18 Inch Seat Width Desk Length Arm Swing-Away Footrest Aluminum Frame","Wheelchairs","Nova Ortho-Med","168.94","259.99","324.99","91.05","35%","65.00","N/A","https://imgcdn.mckesson.com/CumulusWeb/Images/Item_Detail/1180763_right1.jpg"
"gid://shopify/Product/us-4537","1180762","Transport Chair 18 Inch Seat Width Desk Length Arm Swing-Away Footrest Aluminum Frame","Wheelchairs","Nova Ortho-Med","168.94","259.99","324.99","91.05","35%","65.00","N/A","https://imgcdn.mckesson.com/CumulusWeb/Images/Item_Detail/1180762_left.jpg"
"gid://shopify/Product/us-4538","629024","Wheelchair drive™ Silver Sport 1 Dual Axle Swing-Away Footrest Black Upholstery 18 Inch Seat Width Adult 300 lbs. Weight Capacity","Wheelchairs","Drive DeVilbiss Healthcare","169.37","260.99","326.99","91.62","35%","66.00","N/A","https://imgcdn.mckesson.com/CumulusWeb/Images/Item_Detail/629024_left.jpg"
"gid://shopify/Product/us-4539","850958","Wheelchair Moldable Back Incrediback® For Wheelchair","Wheelchairs","The Comfort Company","170.28","261.99","327.99","91.71","35%","66.00","N/A","https://imgcdn.mckesson.com/CumulusWeb/Images/Item_Detail/850958.jpg"
"gid://shopify/Product/us-4540","1234327","Reclining Wheelchair Chariot-RC Desk Length Arm Elevating Legrest Black Upholstery 18 Inch Seat Width Adult 300 lbs. Weight Capacity","Wheelchairs","Proactive Medical Products LLC","176.63","271.99","339.99","95.36","35%","68.00","N/A","https://imgcdn.mckesson.com/CumulusWeb/Images/Item_Detail/1234327_left.jpg"
"gid://shopify/Product/us-4541","1234325","Reclining Wheelchair Chariot-RC Desk Length Arm Elevating Legrest Black Upholstery 16 Inch Seat Width Adult 300 lbs. Weight Capacity","Wheelchairs","Proactive Medical Products LLC","176.63","271.99","339.99","95.36","35%","68.00","N/A","https://imgcdn.mckesson.com/CumulusWeb/Images/Item_Detail/1234325_left.jpg"
"gid://shopify/Product/us-4542","1065291","Reclining Wheelchair McKesson Desk Length Arm Swing-Away Elevating Legrest Black Upholstery 20 Inch Seat Width Adult 350 lbs. Weight Capacity","Wheelchairs","McKesson Brand","178.41","274.99","343.99","96.58","35%","69.00","N/A","https://imgcdn.mckesson.com/CumulusWeb/Images/Item_Detail/1065291_left.jpg"
"gid://shopify/Product/us-4543","1065287","Lightweight Wheelchair McKesson Dual Axle Desk Length Arm Swing-Away Elevating Legrest Black Upholstery 20 Inch Seat Width Adult 300 lbs. Weight Capacity","Wheelchairs","McKesson Brand","179.81","276.99","346.99","97.18","35%","70.00","N/A","https://imgcdn.mckesson.com/CumulusWeb/Images/Item_Detail/1065287_left_.jpg"
"gid://shopify/Product/us-4544","1281781","Reclining Wheelchair MedaCure® Elevating Legrest 16 Inch Seat Width","Wheelchairs","Medacure Inc","188.86","290.99","363.99","102.13","35%","73.00","W1616","https://imgcdn.mckesson.com/CumulusWeb/Images/Item_Detail/1281781_left.jpg"
"gid://shopify/Product/us-4545","1281784","Reclining Wheelchair MedaCure® Elevating Legrest 18 Inch Seat Width","Wheelchairs","Medacure Inc","188.86","290.99","363.99","102.13","35%","73.00","W1816","https://imgcdn.mckesson.com/CumulusWeb/Images/Item_Detail/1281784_left.jpg"
"gid://shopify/Product/us-4546","1234326","Reclining Wheelchair Chariot-RC Full Length Arm Elevating Legrest Black Upholstery 16 Inch Seat Width Adult 300 lbs. Weight Capacity","Wheelchairs","Proactive Medical Products LLC","190.76","293.99","367.99","103.23","35%","74.00","N/A","https://imgcdn.mckesson.com/CumulusWeb/Images/Item_Detail/1234326_left.jpg"
"gid://shopify/Product/us-4547","1020676","Wheelchair drive™ Silver Sport 2 Dual Axle Desk Length Arm Swing-Away Footrest Black Upholstery 20 Inch Seat Width Adult 350 lbs. Weight Capacity","Wheelchairs","Drive DeVilbiss Healthcare","192.20","295.99","369.99","103.79","35%","74.00","N/A","https://imgcdn.mckesson.com/CumulusWeb/Images/Item_Detail/1020676_left.jpg"
"gid://shopify/Product/us-4548","1214037","Wheelchair drive™ Silver Sport 2 Dual Axle Full Length Arm Swing-Away Footrest Black Upholstery 16 Inch Seat Width Adult 250 lbs. Weight Capacity","Wheelchairs","Drive DeVilbiss Healthcare","192.82","296.99","371.99","104.17","35%","75.00","N/A","https://imgcdn.mckesson.com/CumulusWeb/Images/Item_Detail/1214037_left.jpg"
"gid://shopify/Product/us-4549","880642","Wheelchair drive™ Blue Streak Desk Length Arm Swing-Away Elevating Legrest Black Upholstery 20 Inch Seat Width Adult 250 lbs. Weight Capacity","Wheelchairs","Drive DeVilbiss Healthcare","195.29","300.99","376.99","105.70","35%","76.00","N/A","https://imgcdn.mckesson.com/CumulusWeb/Images/Item_Detail/880642_1.jpg"
"gid://shopify/Product/us-4550","704249","Transport Chair drive™ Fly-Lite 19 Inch Seat Width Desk Length Arm Swing-Away Footrest Aluminum Frame with Blue Finish","Wheelchairs","Drive DeVilbiss Healthcare","195.42","300.99","376.99","105.57","35%","76.00","N/A","https://imgcdn.mckesson.com/CumulusWeb/Images/Item_Detail/704249_left.jpg"
"gid://shopify/Product/us-4551","637045","Transport Chair drive™ Fly-Lite 19 Inch Seat Width Full Length Arm Swing-Away Footrest Aluminum Frame with Black Finish","Wheelchairs","Drive DeVilbiss Healthcare","195.42","300.99","376.99","105.57","35%","76.00","N/A","https://imgcdn.mckesson.com/CumulusWeb/Images/Item_Detail/637045_1.jpg"
"gid://shopify/Product/us-4552","876608","Transport Chair drive™ Fly-Lite 19 Inch Seat Width Fixed Arm Height Swing-Away Footrest Aluminum Frame with Burgundy Finish","Wheelchairs","Drive DeVilbiss Healthcare","195.42","300.99","376.99","105.57","35%","76.00","N/A","https://imgcdn.mckesson.com/CumulusWeb/Images/Item_Detail/876608.jpg"
"gid://shopify/Product/us-4553","1281789","Bariatric Wheelchair MedaCure® Swing-Away Footrest 22 Inch Seat Width 500 lbs. Weight Capacity","Wheelchairs","Medacure Inc","195.75","301.99","377.99","106.24","35%","76.00","W2218","https://imgcdn.mckesson.com/CumulusWeb/Images/Item_Detail/1281789_left.jpg"
"gid://shopify/Product/us-4554","1281787","Reclining Wheelchair MedaCure® Elevating Legrest 20 Inch Seat Width","Wheelchairs","Medacure Inc","195.75","301.99","377.99","106.24","35%","76.00","W2016","https://imgcdn.mckesson.com/CumulusWeb/Images/Item_Detail/1281787_left.jpg"
"gid://shopify/Product/us-4555","1281792","Bariatric Wheelchair MedaCure® Swing-Away Footrest 24 Inch Seat Width","Wheelchairs","Medacure Inc","195.75","301.99","377.99","106.24","35%","76.00","W2418","https://imgcdn.mckesson.com/CumulusWeb/Images/Item_Detail/1281792_left.jpg"
"gid://shopify/Product/us-4556","784379","Lightweight Wheelchair Traveler® L4 High Strength Dual Axle Full Length Arm Swing-Away Footrest Black Upholstery 18 Inch Seat Width Adult 300 lbs. Weight Capacity","Wheelchairs","Graham-Field","195.97","301.99","377.99","106.02","35%","76.00","N/A","https://imgcdn.mckesson.com/CumulusWeb/Images/Item_Detail/784379.jpg"
"gid://shopify/Product/us-4557","1015852","Wheelchair drive™ Blue Streak Desk Length Arm Swing-Away Footrest Black Upholstery 16 Inch Seat Width Adult 250 lbs. Weight Capacity","Wheelchairs","Drive DeVilbiss Healthcare","196.33","302.99","378.99","106.66","35%","76.00","N/A","https://imgcdn.mckesson.com/CumulusWeb/Images/Item_Detail/1015852_left.jpg"
"gid://shopify/Product/us-4558","930966","Wheelchair Tracer® EX2 Dual Axle Full Length Arm 18 Inch Seat Width Adult 250 lbs. Weight Capacity","Wheelchairs","Invacare","198.67","305.99","382.99","107.32","35%","77.00","N/A","https://imgcdn.mckesson.com/CumulusWeb/Images/Item_Detail/930966.jpg"
"gid://shopify/Product/us-4559","805040","Lightweight Wheelchair drive™ Cruiser III Dual Axle Desk Length Arm Swing-Away Footrest Black Upholstery 16 Inch Seat Width Adult 300 lbs. Weight Capacity","Wheelchairs","Drive DeVilbiss Healthcare","199.01","306.99","383.99","107.98","35%","77.00","N/A","https://imgcdn.mckesson.com/CumulusWeb/Images/Item_Detail/805040.jpg"
"gid://shopify/Product/us-4560","994954","Wheelchair Tracer® EX2 Dual Axle Full Length Arm 20 Inch Seat Width Adult 250 lbs. Weight Capacity","Wheelchairs","Invacare","200.02","307.99","384.99","107.97","35%","77.00","N/A","https://imgcdn.mckesson.com/CumulusWeb/Images/Item_Detail/994954.jpg"
"gid://shopify/Product/us-4561","1234331","Reclining Wheelchair Chariot-RC Desk Length Arm Elevating Legrest Black Upholstery 22 Inch Seat Width Adult 500 lbs. Weight Capacity","Wheelchairs","Proactive Medical Products LLC","205.00","315.99","394.99","110.99","35%","79.00","N/A","https://imgcdn.mckesson.com/CumulusWeb/Images/Item_Detail/1234331_left.jpg"
"gid://shopify/Product/us-4562","1234330","Reclining Wheelchair Chariot-RC Full Length Arm Elevating Legrest Black Upholstery 20 Inch Seat Width Adult 350 lbs. Weight Capacity","Wheelchairs","Proactive Medical Products LLC","205.17","315.99","394.99","110.82","35%","79.00","N/A","https://imgcdn.mckesson.com/CumulusWeb/Images/Item_Detail/1234330_left.jpg"
"gid://shopify/Product/us-4563","840887","Wheelchair drive™ Silver Sport 2 Dual Axle Full Length Arm Elevating Legrest Black Upholstery 20 Inch Seat Width Adult 350 lbs. Weight Capacity","Wheelchairs","Drive DeVilbiss Healthcare","206.90","318.99","398.99","112.09","35%","80.00","N/A","https://imgcdn.mckesson.com/CumulusWeb/Images/Item_Detail/840887.jpg"
"gid://shopify/Product/us-4564","773687","Lightweight Wheelchair Traveler® L4 High Strength Dual Axle Desk Length Arm Elevating Legrest Black Upholstery 20 Inch Seat Width Adult 250 lbs. Weight Capacity","Wheelchairs","Graham-Field","209.48","322.99","403.99","113.51","35%","81.00","N/A","https://imgcdn.mckesson.com/CumulusWeb/Images/Item_Detail/773687_left.jpg"
"gid://shopify/Product/us-4565","1281791","Bariatric Wheelchair MedaCure® Elevating Legrest 24 Inch Seat Width","Wheelchairs","Medacure Inc","209.54","322.99","403.99","113.45","35%","81.00","W2418","https://imgcdn.mckesson.com/CumulusWeb/Images/Item_Detail/1281791_right.jpg"
"gid://shopify/Product/us-4566","1281788","Bariatric Wheelchair MedaCure® Elevating Legrest 22 Inch Seat Width","Wheelchairs","Medacure Inc","209.54","322.99","403.99","113.45","35%","81.00","W2218","https://imgcdn.mckesson.com/CumulusWeb/Images/Item_Detail/1281788_right.jpg"
"gid://shopify/Product/us-4567","829667","Lightweight Wheelchair Rebel Dual Axle Desk Length Arm Swing-Away Footrest Black Upholstery 18 Inch Seat Width Adult 300 lbs. Weight Capacity","Wheelchairs","Drive DeVilbiss Healthcare","210.78","324.99","406.99","114.21","35%","82.00","N/A","https://imgcdn.mckesson.com/CumulusWeb/Images/Item_Detail/829667.jpg"
"gid://shopify/Product/us-4568","706911","Lightweight Wheelchair drive™ Cruiser III Dual Axle Full Length Arm Elevating Legrest Black Upholstery 16 Inch Seat Width Adult 300 lbs. Weight Capacity","Wheelchairs","Drive DeVilbiss Healthcare","215.55","331.99","414.99","116.44","35%","83.00","N/A","https://imgcdn.mckesson.com/CumulusWeb/Images/Item_Detail/706911_1.jpg"
"gid://shopify/Product/us-4569","1234332","Reclining Wheelchair Chariot-RC Full Length Arm Elevating Legrest Black Upholstery 22 Inch Seat Width Adult 500 lbs. Weight Capacity","Wheelchairs","Proactive Medical Products LLC","221.40","340.99","426.99","119.59","35%","86.00","N/A","https://imgcdn.mckesson.com/CumulusWeb/Images/Item_Detail/1234332_left.jpg"
"gid://shopify/Product/us-4570","831419","Wheelchair Tracer® EX2 Dual Axle Desk Length Arm Midnight Blue Upholstery 16 Inch Seat Width Adult 250 lbs. Weight Capacity","Wheelchairs","Invacare","223.00","343.99","429.99","120.99","35%","86.00","N/A","https://imgcdn.mckesson.com/CumulusWeb/Images/Item_Detail/831419.jpg"
"gid://shopify/Product/us-4571","884260","Wheelchair Tracer® EX2 Dual Axle Full Length Arm 20 Inch Seat Width Adult 250 lbs. Weight Capacity","Wheelchairs","Invacare","229.76","353.99","442.99","124.23","35%","89.00","N/A","https://imgcdn.mckesson.com/CumulusWeb/Images/Item_Detail/884260.jpg"
"gid://shopify/Product/us-4572","831422","Wheelchair Tracer® EX2 Dual Axle Desk Length Arm Midnight Blue Upholstery 20 Inch Seat Width Adult 250 lbs. Weight Capacity","Wheelchairs","Invacare","229.76","353.99","442.99","124.23","35%","89.00","N/A","https://imgcdn.mckesson.com/CumulusWeb/Images/Item_Detail/831422.jpg"
"gid://shopify/Product/us-4573","831421","Wheelchair Tracer® EX2 Dual Axle Desk Length Arm Midnight Blue Upholstery 18 Inch Seat Width Adult 250 lbs. Weight Capacity","Wheelchairs","Invacare","229.76","353.99","442.99","124.23","35%","89.00","N/A","https://imgcdn.mckesson.com/CumulusWeb/Images/Item_Detail/831421.jpg"
"gid://shopify/Product/us-4574","831418","Wheelchair Tracer® EX2 Dual Axle Full Length Arm Midnight Blue Upholstery 16 Inch Seat Width Adult 250 lbs. Weight Capacity","Wheelchairs","Invacare","229.76","353.99","442.99","124.23","35%","89.00","N/A","https://imgcdn.mckesson.com/CumulusWeb/Images/Item_Detail/831418.jpg"
"gid://shopify/Product/us-4575","831420","Wheelchair Tracer® EX2 Dual Axle Full Length Arm Midnight Blue Upholstery 18 Inch Seat Width Adult 250 lbs. Weight Capacity","Wheelchairs","Invacare","229.76","353.99","442.99","124.23","35%","89.00","N/A","https://imgcdn.mckesson.com/CumulusWeb/Images/Item_Detail/831420.jpg"
"gid://shopify/Product/us-4576","1065281","Bariatric Wheelchair McKesson Dual Axle Desk Length Arm Swing-Away Elevating Legrest Black Upholstery 22 Inch Seat Width Adult 450 lbs. Weight Capacity","Wheelchairs","McKesson Brand","230.54","354.99","443.99","124.45","35%","89.00","N/A","https://imgcdn.mckesson.com/CumulusWeb/Images/Item_Detail/1065281_left.jpg"
"gid://shopify/Product/us-4577","1065443","Seat Cushion BioFit 20 W X 20 L Inch Foam","Wheelchairs","Drive DeVilbiss Healthcare","232.06","357.99","447.99","125.93","35%","90.00","N/A","https://imgcdn.mckesson.com/CumulusWeb/Images/Item_Detail/1065443_right.jpg"
"gid://shopify/Product/us-4578","1281790","Reclining Wheelchair MedaCure® Elevating Legrest 22 Inch Seat Width","Wheelchairs","Medacure Inc","237.11","364.99","456.99","127.88","35%","92.00","W2218","https://imgcdn.mckesson.com/CumulusWeb/Images/Item_Detail/1281790_left.jpg"
"gid://shopify/Product/us-4579","805046","Transport Chair drive™ 20 Inch Seat Width Desk Length Arm Swing-Away Footrest Steel Frame with Blue Finish","Wheelchairs","Drive DeVilbiss Healthcare","237.30","365.99","457.99","128.69","35%","92.00","N/A","https://imgcdn.mckesson.com/CumulusWeb/Images/Item_Detail/805046_left.jpg"
"gid://shopify/Product/us-4580","876636","Wheelchair / Scooter Ramp drive™ For Wheelchair","Wheelchairs","Drive DeVilbiss Healthcare","238.84","367.99","459.99","129.15","35%","92.00","N/A","https://imgcdn.mckesson.com/CumulusWeb/Images/Item_Detail/876636_1.jpg"
"gid://shopify/Product/us-4581","1155249","Lightweight Wheelchair Nova Desk Length Arm Swing-Away Footrest 18 Inch Seat Width Adult 300 lbs. Weight Capacity","Wheelchairs","Nova Ortho-Med","243.27","374.99","468.99","131.72","35%","94.00","N/A","https://imgcdn.mckesson.com/CumulusWeb/Images/Item_Detail/1155249.jpg"
"gid://shopify/Product/us-4582","1281793","Reclining Wheelchair MedaCure® Elevating Legrest 24 Inch Seat Width","Wheelchairs","Medacure Inc","244.00","375.99","469.99","131.99","35%","94.00","W2418","https://imgcdn.mckesson.com/CumulusWeb/Images/Item_Detail/1281793_left.jpg"
"gid://shopify/Product/us-4583","1028620","Zero Elevation Seat Cushion Support Pro™ 7 Series 24 W X 20 L Inch Foam / Gel","Wheelchairs","The Comfort Company","248.17","381.99","477.99","133.82","35%","96.00","N/A","https://imgcdn.mckesson.com/CumulusWeb/Images/Item_Detail/1028620.jpg"
"gid://shopify/Product/us-4584","733004","Transport Chair Super Light 18 Inch Seat Width Desk Length Arm Elevating Legrest Aluminum Frame","Wheelchairs","Drive DeVilbiss Healthcare","250.54","385.99","482.99","135.45","35%","97.00","N/A","https://imgcdn.mckesson.com/CumulusWeb/Images/Item_Detail/733004_left.jpg"
"gid://shopify/Product/us-4585","875588","Wheelchair Amputee Support For Wheelchair","Wheelchairs","The Comfort Company","256.25","394.99","493.99","138.74","35%","99.00","N/A","https://imgcdn.mckesson.com/CumulusWeb/Images/Item_Detail/875588.jpg"
"gid://shopify/Product/us-4586","1155247","Lightweight Wheelchair Nova Desk Length Arm Swing-Away Footrest 20 Inch Seat Width Adult 300 lbs. Weight Capacity","Wheelchairs","Nova Ortho-Med","256.79","395.99","494.99","139.20","35%","99.00","N/A","https://imgcdn.mckesson.com/CumulusWeb/Images/Item_Detail/1155247.jpg"
"gid://shopify/Product/us-4587","1065280","Bariatric Wheelchair McKesson Dual Axle Desk Length Arm Swing-Away Footrest Black Upholstery 22 Inch Seat Width Adult 450 lbs. Weight Capacity","Wheelchairs","McKesson Brand","258.02","396.99","496.99","138.97","35%","100.00","N/A","https://imgcdn.mckesson.com/CumulusWeb/Images/Item_Detail/1065280_left.jpg"
"gid://shopify/Product/us-4588","1065290","Reclining Wheelchair McKesson Desk Length Arm Swing-Away Elevating Legrest Black Upholstery 18 Inch Seat Width Adult 300 lbs. Weight Capacity","Wheelchairs","McKesson Brand","264.45","406.99","508.99","142.54","35%","102.00","N/A","https://imgcdn.mckesson.com/CumulusWeb/Images/Item_Detail/1065290_left.jpg"
"gid://shopify/Product/us-4589","1065288","Bariatric Wheelchair McKesson Dual Axle Desk Length Arm Swing-Away Footrest Black Upholstery 24 Inch Seat Width Adult 450 lbs. Weight Capacity","Wheelchairs","McKesson Brand","268.63","413.99","517.99","145.36","35%","104.00","N/A","https://imgcdn.mckesson.com/CumulusWeb/Images/Item_Detail/1065288_left_.jpg"
"gid://shopify/Product/us-4590","944494","Lightweight Wheelchair Tracer® SX5 Dual Axle Full Length Arm 20 Inch Seat Width Adult 300 lbs. Weight Capacity","Wheelchairs","Invacare","283.82","436.99","546.99","153.17","35%","110.00","N/A","https://imgcdn.mckesson.com/CumulusWeb/Images/Item_Detail/944494_left.jpg"
"gid://shopify/Product/us-4591","876359","Lightweight Wheelchair Tracer® SX5 Dual Axle Desk Length Arm 22 Inch Seat Width Adult 300 lbs. Weight Capacity","Wheelchairs","Invacare","283.82","436.99","546.99","153.17","35%","110.00","N/A","https://imgcdn.mckesson.com/CumulusWeb/Images/Item_Detail/876359_left.jpg"
"gid://shopify/Product/us-4592","1016584","Lightweight Wheelchair Tracer® SX5 Dual Axle Full Length Arm 18 Inch Seat Width Adult 250 lbs. Weight Capacity","Wheelchairs","Invacare","283.82","436.99","546.99","153.17","35%","110.00","N/A","https://imgcdn.mckesson.com/CumulusWeb/Images/Item_Detail/1016584_left.jpg"
"gid://shopify/Product/us-4593","989645","Lightweight Wheelchair Tracer® SX5 Dual Axle Desk Length Arm 20 Inch Seat Width Adult 300 lbs. Weight Capacity","Wheelchairs","Invacare","283.82","436.99","546.99","153.17","35%","110.00","N/A","https://imgcdn.mckesson.com/CumulusWeb/Images/Item_Detail/989645_left.jpg"
"gid://shopify/Product/us-4594","583470","Lightweight Wheelchair drive™ Poly-Fly Desk Length Arm Swing-Away Footrest Black Upholstery 18 Inch Seat Width Adult 250 lbs. Weight Capacity","Wheelchairs","Drive DeVilbiss Healthcare","284.71","438.99","548.99","154.28","35%","110.00","N/A","https://imgcdn.mckesson.com/CumulusWeb/Images/Item_Detail/583470_left.jpg"
"gid://shopify/Product/us-4595","585636","Lightweight Wheelchair drive™ Poly-Fly Desk Length Arm Swing-Away Footrest Black Upholstery 20 Inch Seat Width Adult 250 lbs. Weight Capacity","Wheelchairs","Drive DeVilbiss Healthcare","287.72","442.99","553.99","155.27","35%","111.00","N/A","https://imgcdn.mckesson.com/CumulusWeb/Images/Item_Detail/585636.jpg"
"gid://shopify/Product/us-4596","1065289","Bariatric Wheelchair McKesson Dual Axle Desk Length Arm Swing-Away Elevating Legrest Black Upholstery 24 Inch Seat Width Adult 450 lbs. Weight Capacity","Wheelchairs","McKesson Brand","290.60","447.99","559.99","157.39","35%","112.00","N/A","https://imgcdn.mckesson.com/CumulusWeb/Images/Item_Detail/1065289_left_.jpg"
"gid://shopify/Product/us-4597","804788","Transport Chair drive™ 22 Inch Seat Width Desk Length Arm Swing-Away Footrest Steel Frame with Blue Finish","Wheelchairs","Drive DeVilbiss Healthcare","291.77","448.99","561.99","157.22","35%","113.00","N/A","https://imgcdn.mckesson.com/CumulusWeb/Images/Item_Detail/804788_1.jpg"
"gid://shopify/Product/us-4598","682379","Transport Chair drive™ 22 Inch Seat Width Desk Length Arm Swing-Away Footrest Steel Frame with Red Finish","Wheelchairs","Drive DeVilbiss Healthcare","294.68","453.99","567.99","159.31","35%","114.00","N/A","https://imgcdn.mckesson.com/CumulusWeb/Images/Item_Detail/682379_1.jpg"
"gid://shopify/Product/us-4599","1234324","Bariatric Wheelchair Titus Heavy-Duty Dual Axle Full Length Arm Swing-Away Footrest Black Upholstery 30 Inch Seat Width Adult 700 lbs. Weight Capacity","Wheelchairs","Proactive Medical Products LLC","303.12","466.99","583.99","163.87","35%","117.00","N/A","https://imgcdn.mckesson.com/CumulusWeb/Images/Item_Detail/1234324_left.jpg"
"gid://shopify/Product/us-4600","575781","Wheelchair Anti Rollback Device Safe•t mate® For Safe - T Mate Wheelchair","Wheelchairs","Performance Health","305.08","469.99","587.99","164.91","35%","118.00","N/A","https://imgcdn.mckesson.com/CumulusWeb/Images/Item_Detail/575781.jpg"
"gid://shopify/Product/us-4601","1234320","Bariatric Wheelchair Titus Heavy-Duty Dual Axle Full Length Arm Swing-Away Footrest Black Upholstery 26 Inch Seat Width Adult 700 lbs. Weight Capacity","Wheelchairs","Proactive Medical Products LLC","307.55","473.99","592.99","166.44","35%","119.00","N/A","https://imgcdn.mckesson.com/CumulusWeb/Images/Item_Detail/1234320_left.jpg"
"gid://shopify/Product/us-4602","726886","Bariatric Wheelchair drive™ Sentra EC Heavy Duty Dual Axle Desk Length Arm Swing-Away Footrest Black Upholstery 20 Inch Seat Width Adult 450 lbs. Weight Capacity","Wheelchairs","Drive DeVilbiss Healthcare","308.54","474.99","593.99","166.45","35%","119.00","N/A","https://imgcdn.mckesson.com/CumulusWeb/Images/Item_Detail/726886_left.jpg"
"gid://shopify/Product/us-4603","769425","Bariatric Wheelchair Traveler® HD Heavy Duty Dual Axle Desk Length Arm Swing-Away Footrest Black Upholstery 20 Inch Seat Width Adult 500 lbs. Weight Capacity","Wheelchairs","Graham-Field","324.36","499.99","624.99","175.63","35%","125.00","N/A","https://imgcdn.mckesson.com/CumulusWeb/Images/Item_Detail/769425_right.jpg"
"gid://shopify/Product/us-4604","713972","Bariatric Wheelchair drive™ Sentra EC Heavy Duty Dual Axle Full Length Arm Swing-Away Footrest Black Upholstery 20 Inch Seat Width Adult 450 lbs. Weight Capacity","Wheelchairs","Drive DeVilbiss Healthcare","325.37","500.99","626.99","175.62","35%","126.00","N/A","https://imgcdn.mckesson.com/CumulusWeb/Images/Item_Detail/713972_left.jpg"
"gid://shopify/Product/us-4605","705208","Wheelchair drive™ Infinity Dual Axle Desk Length Arm Swing-Away Footrest Black Upholstery 16 Inch Seat Width Adult 300 lbs. Weight Capacity","Wheelchairs","Drive DeVilbiss Healthcare","327.99","504.99","631.99","177.00","35%","127.00","N/A","https://imgcdn.mckesson.com/CumulusWeb/Images/Item_Detail/705208_1.jpg"
"gid://shopify/Product/us-4606","733135","Bariatric Wheelchair Traveler® HD Heavy Duty Dual Axle Full Length Arm Swing-Away Footrest Black Upholstery 22 Inch Seat Width Adult 500 lbs. Weight Capacity","Wheelchairs","Graham-Field","331.12","509.99","637.99","178.87","35%","128.00","N/A","https://imgcdn.mckesson.com/CumulusWeb/Images/Item_Detail/733135_right.jpg"
"gid://shopify/Product/us-4607","771302","Bariatric Wheelchair Traveler® HD Heavy Duty Dual Axle Desk Length Arm Swing-Away Footrest Black Upholstery 22 Inch Seat Width Adult 500 lbs. Weight Capacity","Wheelchairs","Graham-Field","331.12","509.99","637.99","178.87","35%","128.00","N/A","https://imgcdn.mckesson.com/CumulusWeb/Images/Item_Detail/771302_right.jpg"
"gid://shopify/Product/us-4608","1056756","Wheelchair Cruiser X4 Dual Axle Desk Length Arm Swing-Away Footrest Black Upholstery 18 Inch Seat Width Adult 300 lbs. Weight Capacity","Wheelchairs","Drive DeVilbiss Healthcare","333.34","512.99","641.99","179.65","35%","129.00","N/A","https://imgcdn.mckesson.com/CumulusWeb/Images/Item_Detail/1056756_left.jpg"
"gid://shopify/Product/us-4609","1088944","Seat Cushion ROHO® High Profile® Single Compartment 20 W X 23 L X 4-1/4 D Inch Neoprene Air Cells","Wheelchairs","Crown Therapeutics","335.16","515.99","644.99","180.83","35%","129.00","N/A","https://imgcdn.mckesson.com/CumulusWeb/Images/Item_Detail/1088944.jpg"
"gid://shopify/Product/us-4610","1062878","Wheelchair Cruiser X4 Dual Axle Desk Length Arm Swing-Away Footrest Black Upholstery 20 Inch Seat Width Adult 300 lbs. Weight Capacity","Wheelchairs","Drive DeVilbiss Healthcare","335.43","516.99","646.99","181.56","35%","130.00","N/A","https://imgcdn.mckesson.com/CumulusWeb/Images/Item_Detail/1062878_left.jpg"
"gid://shopify/Product/us-4611","739811","Bariatric Wheelchair Traveler® HD Heavy Duty Dual Axle Desk Length Arm Swing-Away Footrest Black Upholstery 24 Inch Seat Width Adult 500 lbs. Weight Capacity","Wheelchairs","Graham-Field","337.88","519.99","649.99","182.11","35%","130.00","N/A","https://imgcdn.mckesson.com/CumulusWeb/Images/Item_Detail/739811_right.jpg"
"gid://shopify/Product/us-4612","920336","Bariatric Wheelchair Traveler® HD Heavy Duty Dual Axle Full Length Arm Fixed Footrest Black Upholstery 24 Inch Seat Width Adult 500 lbs. Weight Capacity","Wheelchairs","Graham-Field","337.88","519.99","649.99","182.11","35%","130.00","N/A","https://imgcdn.mckesson.com/CumulusWeb/Images/Item_Detail/920336.jpg"
"gid://shopify/Product/us-4613","728146","Bariatric Wheelchair Traveler® HD Heavy Duty Dual Axle Desk Length Arm Elevating Legrest Black Upholstery 20 Inch Seat Width Adult 500 lbs. Weight Capacity","Wheelchairs","Graham-Field","337.88","519.99","649.99","182.11","35%","130.00","N/A","https://imgcdn.mckesson.com/CumulusWeb/Images/Item_Detail/728146_left.jpg"
"gid://shopify/Product/us-4614","729984","Bariatric Wheelchair drive™ Sentra EC Heavy Duty Dual Axle Desk Length Arm Elevating Legrest Black Upholstery 20 Inch Seat Width Adult 450 lbs. Weight Capacity","Wheelchairs","Drive DeVilbiss Healthcare","341.73","525.99","657.99","184.26","35%","132.00","N/A","https://imgcdn.mckesson.com/CumulusWeb/Images/Item_Detail/729984_left.jpg"
"gid://shopify/Product/us-4615","723785","Bariatric Wheelchair Traveler® HD Heavy Duty Dual Axle Full Length Arm Swing-Away Footrest Black Upholstery 24 Inch Seat Width Adult 500 lbs. Weight Capacity","Wheelchairs","Graham-Field","343.08","527.99","659.99","184.91","35%","132.00","N/A","https://imgcdn.mckesson.com/CumulusWeb/Images/Item_Detail/723785_right.jpg"
"gid://shopify/Product/us-4616","723759","Bariatric Wheelchair Traveler® HD Heavy Duty Dual Axle Full Length Arm Swing-Away Elevating Legrest Black Upholstery 22 Inch Seat Width Adult 500 lbs. Weight Capacity","Wheelchairs","Graham-Field","344.64","530.99","663.99","186.35","35%","133.00","N/A","https://imgcdn.mckesson.com/CumulusWeb/Images/Item_Detail/723759_right.jpg"
"gid://shopify/Product/us-4617","713485","Bariatric Wheelchair Traveler® HD Heavy Duty Dual Axle Desk Length Arm Elevating Legrest Black Upholstery 22 Inch Seat Width Adult 500 lbs. Weight Capacity","Wheelchairs","Graham-Field","344.64","530.99","663.99","186.35","35%","133.00","N/A","https://imgcdn.mckesson.com/CumulusWeb/Images/Item_Detail/713485_right.jpg"
"gid://shopify/Product/us-4618","1281795","Bariatric Wheelchair MedaCure® Swing-Away Footrest 26 Inch Seat Width","Wheelchairs","Medacure Inc","347.39","534.99","668.99","187.60","35%","134.00","W2620","https://imgcdn.mckesson.com/CumulusWeb/Images/Item_Detail/1281795_left.jpg"
"gid://shopify/Product/us-4619","831327","Wheelchair Tracer® IV Dual Axle Full Length Arm Black Upholstery 22 Inch Seat Width Adult 350 lbs. Weight Capacity","Wheelchairs","Invacare","351.39","540.99","676.99","189.60","35%","136.00","N/A","https://imgcdn.mckesson.com/CumulusWeb/Images/Item_Detail/831327.jpg"
"gid://shopify/Product/us-4620","630358","Wheelchair Tracer® IV Dual Axle Desk Length Arm Midnight Blue Upholstery 22 Inch Seat Width Adult 350 lbs. Weight Capacity","Wheelchairs","Invacare","351.39","540.99","676.99","189.60","35%","136.00","N/A","https://imgcdn.mckesson.com/CumulusWeb/Images/Item_Detail/630358.jpg"
"gid://shopify/Product/us-4621","723784","Bariatric Wheelchair Traveler® HD Heavy Duty Dual Axle Desk Length Arm Elevating Legrest Black Upholstery 24 Inch Seat Width Adult 500 lbs. Weight Capacity","Wheelchairs","Graham-Field","351.39","540.99","676.99","189.60","35%","136.00","N/A","https://imgcdn.mckesson.com/CumulusWeb/Images/Item_Detail/723784_right.jpg"
"gid://shopify/Product/us-4622","831320","Wheelchair Tracer® IV Dual Axle Desk Length Arm Midnight Blue Upholstery 20 Inch Seat Width Adult 350 lbs. Weight Capacity","Wheelchairs","Invacare","351.39","540.99","676.99","189.60","35%","136.00","N/A","https://imgcdn.mckesson.com/CumulusWeb/Images/Item_Detail/831320.jpg"
"gid://shopify/Product/us-4623","641550","Wheelchair Tracer® IV Dual Axle Desk Length Arm Midnight Blue Upholstery 24 Inch Seat Width Adult 350 lbs. Weight Capacity","Wheelchairs","Invacare","351.39","540.99","676.99","189.60","35%","136.00","N/A","https://imgcdn.mckesson.com/CumulusWeb/Images/Item_Detail/641550.jpg"
"gid://shopify/Product/us-4624","728184","Bariatric Wheelchair Traveler® HD Heavy Duty Dual Axle Full Length Arm Elevating Legrest Black Upholstery 24 Inch Seat Width Adult 500 lbs. Weight Capacity","Wheelchairs","Graham-Field","351.39","540.99","676.99","189.60","35%","136.00","N/A","https://imgcdn.mckesson.com/CumulusWeb/Images/Item_Detail/728184_left.jpg"
"gid://shopify/Product/us-4625","831322","Wheelchair Tracer® IV Dual Axle Full Length Arm Midnight Blue Upholstery 20 Inch Seat Width Adult 350 lbs. Weight Capacity","Wheelchairs","Invacare","351.39","540.99","676.99","189.60","35%","136.00","N/A","https://imgcdn.mckesson.com/CumulusWeb/Images/Item_Detail/831322.jpg"
"gid://shopify/Product/us-4626","831324","Wheelchair Tracer® IV Dual Axle Full Length Arm Midnight Blue Upholstery 24 Inch Seat Width Adult 350 lbs. Weight Capacity","Wheelchairs","Invacare","351.39","540.99","676.99","189.60","35%","136.00","N/A","https://imgcdn.mckesson.com/CumulusWeb/Images/Item_Detail/831324.jpg"
"gid://shopify/Product/us-4627","1029557","Wheelchair Cruiser X4 Dual Axle Desk Length Arm Elevating Legrest Black Upholstery 20 Inch Seat Width Adult 300 lbs. Weight Capacity","Wheelchairs","Drive DeVilbiss Healthcare","352.82","542.99","678.99","190.17","35%","136.00","N/A","https://imgcdn.mckesson.com/CumulusWeb/Images/Item_Detail/1029557_left.jpg"
"gid://shopify/Product/us-4628","804753","Bariatric Wheelchair drive™ Sentra EC Heavy Duty Dual Axle Full Length Arm Swing-Away Footrest Black Upholstery 24 Inch Seat Width Adult 450 lbs. Weight Capacity","Wheelchairs","Drive DeVilbiss Healthcare","355.89","547.99","684.99","192.10","35%","137.00","N/A","https://imgcdn.mckesson.com/CumulusWeb/Images/Item_Detail/804753.jpg"
"gid://shopify/Product/us-4629","1281797","Bariatric Wheelchair MedaCure® Swing-Away Footrest 28 Inch Seat Width","Wheelchairs","Medacure Inc","357.04","549.99","687.99","192.95","35%","138.00","W2820","https://imgcdn.mckesson.com/CumulusWeb/Images/Item_Detail/1281797_left.jpg"
"gid://shopify/Product/us-4630","1281794","Bariatric Wheelchair MedaCure® Elevating Legrest 26 Inch Seat Width","Wheelchairs","Medacure Inc","358.42","551.99","689.99","193.57","35%","138.00","W2620","https://imgcdn.mckesson.com/CumulusWeb/Images/Item_Detail/1281794_left.jpg"
"gid://shopify/Product/us-4631","804746","Bariatric Wheelchair drive™ Sentra EC Heavy Duty Dual Axle Full Length Arm Elevating Legrest Black Upholstery 20 Inch Seat Width Adult 450 lbs. Weight Capacity","Wheelchairs","Drive DeVilbiss Healthcare","360.63","554.99","693.99","194.36","35%","139.00","N/A","https://imgcdn.mckesson.com/CumulusWeb/Images/Item_Detail/804746_left.jpg"
"gid://shopify/Product/us-4632","1281799","Bariatric Wheelchair MedaCure® Swing-Away Footrest 30 Inch Seat Width","Wheelchairs","Medacure Inc","366.69","564.99","706.99","198.30","35%","142.00","W3020","https://imgcdn.mckesson.com/CumulusWeb/Images/Item_Detail/1281799_left.jpg"
"gid://shopify/Product/us-4633","1281796","Bariatric Wheelchair MedaCure® Elevating Legrest 28 Inch Seat Width","Wheelchairs","Medacure Inc","368.07","566.99","708.99","198.92","35%","142.00","W2820","https://imgcdn.mckesson.com/CumulusWeb/Images/Item_Detail/1281796_left.jpg"
"gid://shopify/Product/us-4634","892715","Seat Cushion ROHO® Contour Select® 22 W X 20 L X 2-1/4 to 4-1/4 D Inch Neoprene Air Cells","Wheelchairs","Crown Therapeutics","372.82","573.99","717.99","201.17","35%","144.00","N/A","https://imgcdn.mckesson.com/CumulusWeb/Images/Item_Detail/892715.jpg"
"gid://shopify/Product/us-4635","712628","Bariatric Wheelchair drive™ Sentra EC Heavy Duty Dual Axle Full Length Arm Elevating Legrest Black Upholstery 22 Inch Seat Width Adult 450 lbs. Weight Capacity","Wheelchairs","Drive DeVilbiss Healthcare","373.69","574.99","718.99","201.30","35%","144.00","N/A","https://imgcdn.mckesson.com/CumulusWeb/Images/Item_Detail/712628_1.jpg"
"gid://shopify/Product/us-4636","1281798","Bariatric Wheelchair MedaCure® Elevating Legrest 30 Inch Seat Width","Wheelchairs","Medacure Inc","377.72","581.99","727.99","204.27","35%","146.00","W3020","https://imgcdn.mckesson.com/CumulusWeb/Images/Item_Detail/1281798_left.jpg"
"gid://shopify/Product/us-4637","835542","Reclining Wheelchair Advantage® Desk Length Arm Elevating Legrest Black Upholstery 16 Inch Seat Width Adult 300 lbs. Weight Capacity","Wheelchairs","Graham-Field","378.42","582.99","728.99","204.57","35%","146.00","N/A","https://imgcdn.mckesson.com/CumulusWeb/Images/Item_Detail/835542_left.jpg"
"gid://shopify/Product/us-4638","877258","Reclining Wheelchair Advantage® Full Length Arm Elevating Legrest Black Upholstery 18 Inch Seat Width Adult 300 lbs. Weight Capacity","Wheelchairs","Graham-Field","378.42","582.99","728.99","204.57","35%","146.00","N/A","https://imgcdn.mckesson.com/CumulusWeb/Images/Item_Detail/877258_left.jpg"
"gid://shopify/Product/us-4639","835543","Reclining Wheelchair Advantage® Desk Length Arm Elevating Legrest Black Upholstery 18 Inch Seat Width Adult 300 lbs. Weight Capacity","Wheelchairs","Graham-Field","378.42","582.99","728.99","204.57","35%","146.00","N/A","https://imgcdn.mckesson.com/CumulusWeb/Images/Item_Detail/835543_left.jpg"
"gid://shopify/Product/us-4640","833100","Transport Chair drive™ 22 Inch Seat Width Full Length Arm Swing-Away Footrest Aluminum Frame with Blue Finish","Wheelchairs","Drive DeVilbiss Healthcare","381.30","586.99","733.99","205.69","35%","147.00","N/A","https://imgcdn.mckesson.com/CumulusWeb/Images/Item_Detail/833100_left.jpg"
"gid://shopify/Product/us-4641","722222","Bariatric Wheelchair drive™ Sentra EC Heavy Duty Dual Axle Full Length Arm Elevating Legrest Black Upholstery 24 Inch Seat Width Adult 450 lbs. Weight Capacity","Wheelchairs","Drive DeVilbiss Healthcare","384.12","590.99","738.99","206.87","35%","148.00","N/A","https://imgcdn.mckesson.com/CumulusWeb/Images/Item_Detail/722222.jpg"
"gid://shopify/Product/us-4642","835544","Reclining Wheelchair Advantage® Desk Length Arm Elevating Legrest Black Upholstery 20 Inch Seat Width Adult 300 lbs. Weight Capacity","Wheelchairs","Graham-Field","385.18","592.99","741.99","207.81","35%","149.00","N/A","https://imgcdn.mckesson.com/CumulusWeb/Images/Item_Detail/835544_left.jpg"
"gid://shopify/Product/us-4643","801402","Lightweight Wheelchair drive™ Viper Dual Axle Desk Length Arm Swing-Away Footrest Black Upholstery 14 Inch Seat Width Pediatric 250 lbs. Weight Capacity","Wheelchairs","Drive DeVilbiss Healthcare","390.44","600.99","751.99","210.55","35%","151.00","N/A","https://imgcdn.mckesson.com/CumulusWeb/Images/Item_Detail/801402.jpg"
"gid://shopify/Product/us-4644","1181681","Reclining Wheelchair Advantage® Desk Length Arm Elevating Legrest Black Upholstery 22 Inch Seat Width Adult 450 lbs. Weight Capacity","Wheelchairs","Graham-Field","391.94","602.99","753.99","211.05","35%","151.00","N/A","https://imgcdn.mckesson.com/CumulusWeb/Images/Item_Detail/1181681_left.jpg"
"gid://shopify/Product/us-4645","876821","Wheelchair Amputee Swing Away For Wheelchair","Wheelchairs","Performance Health","411.43","632.99","791.99","221.56","35%","159.00","N/A","https://imgcdn.mckesson.com/CumulusWeb/Images/Item_Detail/876821.jpg"
"gid://shopify/Product/us-4646","1074880","Wheelchair Wallaby Desk Length Arm Swing-Away Footrest Black Upholstery 14 Inch Seat Width Pediatric 80 lbs. Weight Capacity","Wheelchairs","Drive DeVilbiss Healthcare","416.67","641.99","802.99","225.32","35%","161.00","N/A","https://imgcdn.mckesson.com/CumulusWeb/Images/Item_Detail/1074880.jpg"
"gid://shopify/Product/us-4647","718381","Bariatric Wheelchair drive™ Sentra Heavy Duty Dual Axle Desk Length Arm Swing-Away Footrest Black Upholstery 24 Inch Seat Width Adult 500 lbs. Weight Capacity","Wheelchairs","Drive DeVilbiss Healthcare","423.32","651.99","814.99","228.67","35%","163.00","N/A","https://imgcdn.mckesson.com/CumulusWeb/Images/Item_Detail/718381.jpg"
"gid://shopify/Product/us-4648","919025","Wheelchair Tracer® IV Dual Axle Desk Length Arm Footrest Midnight Blue Upholstery 20 Inch Seat Width Adult 350 lbs. Weight Capacity","Wheelchairs","Invacare","444.36","683.99","854.99","239.63","35%","171.00","N/A","https://imgcdn.mckesson.com/CumulusWeb/Images/Item_Detail/919025.jpg"
"gid://shopify/Product/us-4649","1107887","Wheelchair Tracer® IV Dual Axle Desk Length Arm Elevating Legrest Midnight Blue Upholstery 22 Inch Seat Width Adult 350 lbs. Weight Capacity","Wheelchairs","Invacare","456.23","701.99","877.99","245.76","35%","176.00","N/A","https://imgcdn.mckesson.com/CumulusWeb/Images/Item_Detail/1107887.jpg"
"gid://shopify/Product/us-4650","1088441","Wheelchair Tracer® IV Dual Axle Desk Length Arm Elevating Legrest Midnight Blue Upholstery 22 Inch Seat Width Adult 350 lbs. Weight Capacity","Wheelchairs","Invacare","456.23","701.99","877.99","245.76","35%","176.00","N/A","https://imgcdn.mckesson.com/CumulusWeb/Images/Item_Detail/1088441.jpg"
"gid://shopify/Product/us-4651","831326","Bariatric Wheelchair Tracer® IV Heavy Duty Dual Axle Desk Length Arm Midnight Blue Upholstery 24 Inch Seat Width Adult 450 lbs. Weight Capacity","Wheelchairs","Invacare","471.68","725.99","907.99","254.31","35%","182.00","N/A","https://imgcdn.mckesson.com/CumulusWeb/Images/Item_Detail/831326_right.jpg"
"gid://shopify/Product/us-4652","831325","Bariatric Wheelchair Tracer® IV Heavy Duty Dual Axle Desk Length Arm Midnight Blue Upholstery 22 Inch Seat Width Adult 450 lbs. Weight Capacity","Wheelchairs","Invacare","471.68","725.99","907.99","254.31","35%","182.00","N/A","https://imgcdn.mckesson.com/CumulusWeb/Images/Item_Detail/831325.jpg"
"gid://shopify/Product/us-4653","804772","Bariatric Wheelchair drive™ Sentra Heavy Duty Dual Axle Desk Length Arm Swing-Away Footrest Black Upholstery 20 Inch Seat Width Adult 500 lbs. Weight Capacity","Wheelchairs","Drive DeVilbiss Healthcare","473.33","728.99","911.99","255.66","35%","183.00","N/A","https://imgcdn.mckesson.com/CumulusWeb/Images/Item_Detail/804772.jpg"
"gid://shopify/Product/us-4654","721954","Bariatric Wheelchair drive™ Sentra Heavy Duty Dual Axle Full Length Arm Elevating Legrest Black Upholstery 24 Inch Seat Width Adult 500 lbs. Weight Capacity","Wheelchairs","Drive DeVilbiss Healthcare","477.80","735.99","919.99","258.19","35%","184.00","N/A","https://imgcdn.mckesson.com/CumulusWeb/Images/Item_Detail/721954.jpg"
"gid://shopify/Product/us-4655","1100227","Lightweight Wheelchair 9000 XT High Strength Dual Axle Desk Length Arm Black Upholstery 20 Inch Seat Width Adult 250 lbs. Weight Capacity","Wheelchairs","Invacare","486.55","748.99","936.99","262.44","35%","188.00","N/A","https://imgcdn.mckesson.com/CumulusWeb/Images/Item_Detail/1100227.jpg"
"gid://shopify/Product/us-4656","877113","Wheelchair Tracer® IV Dual Axle Full Length Arm Elevating Legrest Midnight Blue Upholstery 24 Inch Seat Width Adult 350 lbs. Weight Capacity","Wheelchairs","Invacare","487.40","749.99","937.99","262.59","35%","188.00","N/A","https://imgcdn.mckesson.com/CumulusWeb/Images/Item_Detail/877113.jpg"
"gid://shopify/Product/us-4657","736447","Bariatric Wheelchair drive™ Sentra Heavy Duty Dual Axle Desk Length Arm Elevating Legrest Black Upholstery 22 Inch Seat Width Adult 500 lbs. Weight Capacity","Wheelchairs","Drive DeVilbiss Healthcare","493.78","759.99","949.99","266.21","35%","190.00","N/A","https://imgcdn.mckesson.com/CumulusWeb/Images/Item_Detail/736447.jpg"
"gid://shopify/Product/us-4658","1204610","Wheelchair drive™ Viper Plus GT Dual Axle Universal Arm Swing-Away Footrest Deep Green Upholstery 20 Inch Seat Width Adult 300 lbs. Weight Capacity","Wheelchairs","Drive DeVilbiss Healthcare","493.98","759.99","949.99","266.01","35%","190.00","N/A","https://imgcdn.mckesson.com/CumulusWeb/Images/Item_Detail/1204610_left.jpg"
"gid://shopify/Product/us-4659","875504","Lightweight Wheelchair 9000 XT High Strength Dual Axle Desk Length Arm Black Upholstery 16 Inch Seat Width Adult 250 lbs. Weight Capacity","Wheelchairs","Invacare","498.29","766.99","958.99","268.70","35%","192.00","N/A","https://imgcdn.mckesson.com/CumulusWeb/Images/Item_Detail/875504.jpg"
"gid://shopify/Product/us-4660","768974","Bariatric Wheelchair Excel Extra Wide Desk Length Arm Elevating Legrest Navy Upholstery 22 Inch Seat Width Adult 500 lbs. Weight Capacity","Wheelchairs","Medline","515.35","715.99","894.99","200.64","28%","179.00","N/A","https://imgcdn.mckesson.com/CumulusWeb/Images/Item_Detail/768974.jpg"
"gid://shopify/Product/us-4661","1192073","Lightweight Wheelchair drive™ Viper Plus GT Dual Axle Universal Arm Elevating Legrest Black Upholstery 18 Inch Seat Width Adult 300 lbs. Weight Capacity","Wheelchairs","Drive DeVilbiss Healthcare","520.79","723.99","904.99","203.20","28%","181.00","N/A","https://imgcdn.mckesson.com/CumulusWeb/Images/Item_Detail/1192073_left.jpg"
"gid://shopify/Product/us-4662","1214164","Lightweight Wheelchair drive™ Lynx Dual Axle Desk Length Arm Swing-Away Footrest Black Upholstery 16 Inch Seat Width Adult 275 lbs. Weight Capacity","Wheelchairs","Drive DeVilbiss Healthcare","533.70","741.99","927.99","208.29","28%","186.00","N/A","https://imgcdn.mckesson.com/CumulusWeb/Images/Item_Detail/1214164_left.jpg"
"gid://shopify/Product/us-4663","1187112","Lightweight Wheelchair drive™ Viper Plus GT Dual Axle Universal Arm Elevating Legrest Black Upholstery 16 Inch Seat Width Adult 300 lbs. Weight Capacity","Wheelchairs","Drive DeVilbiss Healthcare","537.36","746.99","933.99","209.63","28%","187.00","N/A","https://imgcdn.mckesson.com/CumulusWeb/Images/Item_Detail/1187112_left.jpg"
"gid://shopify/Product/us-4664","826335","Reclining Wheelchair Tracer® SX5 Dual Axle Desk Length Arm Elevating Legrest 18 Inch Seat Width Adult 250 lbs. Weight Capacity","Wheelchairs","Invacare","579.07","804.99","1006.99","225.92","28%","202.00","N/A","https://imgcdn.mckesson.com/CumulusWeb/Images/Item_Detail/826335.jpg"
"gid://shopify/Product/us-4665","697448","Bariatric Wheelchair Tracer® IV Heavy Duty Dual Axle Desk Length Arm Footrest Midnight Blue Upholstery 24 Inch Seat Width Adult 450 lbs. Weight Capacity","Wheelchairs","Invacare","584.58","811.99","1014.99","227.41","28%","203.00","N/A","https://imgcdn.mckesson.com/CumulusWeb/Images/Item_Detail/697448.jpg"
"gid://shopify/Product/us-4666","850316","Lightweight Reclining Wheelchair drive™ Viper Plus GT Dual Axle Desk Length Arm Black Upholstery 18 Inch Seat Width Adult 300 lbs. Weight Capacity","Wheelchairs","Drive DeVilbiss Healthcare","608.48","845.99","1057.99","237.51","28%","212.00","N/A","https://imgcdn.mckesson.com/CumulusWeb/Images/Item_Detail/850316.jpg"
"gid://shopify/Product/us-4667","668643","Bariatric Wheelchair drive™ Sentra EC Dual Axle Desk Length Arm Black Upholstery 26 Inch Seat Width Adult 700 lbs. Weight Capacity","Wheelchairs","Drive DeVilbiss Healthcare","609.77","846.99","1058.99","237.22","28%","212.00","N/A","https://imgcdn.mckesson.com/CumulusWeb/Images/Item_Detail/668643.jpg"
"gid://shopify/Product/us-4668","804243","Lightweight Reclining Wheelchair drive™ Viper Plus Heavy Duty Dual Axle Desk Length Arm Swing-Away Elevating Legrest Black Upholstery 14 Inch Seat Width Pediatric 250 lbs. Weight Capacity","Wheelchairs","Drive DeVilbiss Healthcare","611.77","849.99","1062.99","238.22","28%","213.00","N/A","https://imgcdn.mckesson.com/CumulusWeb/Images/Item_Detail/804243.jpg"
"gid://shopify/Product/us-4669","826574","Reclining Wheelchair Tracer® SX5 Dual Axle Desk Length Arm Elevating Legrest 16 Inch Seat Width Adult 300 lbs. Weight Capacity","Wheelchairs","Invacare","616.16","855.99","1069.99","239.83","28%","214.00","N/A","https://imgcdn.mckesson.com/CumulusWeb/Images/Item_Detail/826574.jpg"
"gid://shopify/Product/us-4670","642415","Reclining Wheelchair drive™ Sentra Dual Axle Desk Length Arm Swing-Away Elevating Legrest Black Upholstery 22 Inch Seat Width Adult 450 lbs. Weight Capacity","Wheelchairs","Drive DeVilbiss Healthcare","620.30","861.99","1077.99","241.69","28%","216.00","N/A","https://imgcdn.mckesson.com/CumulusWeb/Images/Item_Detail/642415.jpg"
"gid://shopify/Product/us-4671","840711","Lightweight Reclining Wheelchair drive™ Viper Plus GT Dual Axle Full Length Arm Black Upholstery 18 Inch Seat Width Adult 300 lbs. Weight Capacity","Wheelchairs","Drive DeVilbiss Healthcare","640.30","889.99","1112.99","249.69","28%","223.00","N/A","https://imgcdn.mckesson.com/CumulusWeb/Images/Item_Detail/840711.jpg"
"gid://shopify/Product/us-4672","850317","Lightweight Wheelchair drive™ Viper Plus GT Dual Axle Desk Length Arm Black Upholstery 20 Inch Seat Width Adult 300 lbs. Weight Capacity","Wheelchairs","Drive DeVilbiss Healthcare","652.51","906.99","1133.99","254.48","28%","227.00","N/A","https://imgcdn.mckesson.com/CumulusWeb/Images/Item_Detail/850317.jpg"
"gid://shopify/Product/us-4673","1138021","Wheelchair drive™ Sentra Heavy Duty Dual Axle Desk Length Arm 28 Inch Seat Width Adult","Wheelchairs","Drive DeVilbiss Healthcare","683.06","948.99","1186.99","265.93","28%","238.00","N/A","https://imgcdn.mckesson.com/CumulusWeb/Images/Item_Detail/1138021_left.jpg"
"gid://shopify/Product/us-4674","804249","Bariatric Wheelchair drive™ Sentra EC Extra Wide Dual Axle Full Length Arm Black Upholstery 30 Inch Seat Width Adult 700 lbs. Weight Capacity","Wheelchairs","Drive DeVilbiss Healthcare","706.00","980.99","1226.99","274.99","28%","246.00","N/A","https://imgcdn.mckesson.com/CumulusWeb/Images/Item_Detail/804249.jpg"
"gid://shopify/Product/us-4675","930672","Bariatric Wheelchair drive™ Sentra EC Heavy Duty Dual Axle Desk Length Arm Black Upholstery 30 Inch Seat Width Adult 700 lbs. Weight Capacity","Wheelchairs","Drive DeVilbiss Healthcare","709.82","985.99","1232.99","276.17","28%","247.00","N/A","https://imgcdn.mckesson.com/CumulusWeb/Images/Item_Detail/930672.jpg"
"gid://shopify/Product/us-4676","761607","Bariatric Wheelchair drive™ Sentra EC Dual Axle Full Length Arm Black Upholstery 26 Inch Seat Width Adult 700 lbs. Weight Capacity","Wheelchairs","Drive DeVilbiss Healthcare","732.06","1016.99","1271.99","284.93","28%","255.00","N/A","https://imgcdn.mckesson.com/CumulusWeb/Images/Item_Detail/761607.jpg"
"gid://shopify/Product/us-4677","960213","Bariatric Wheelchair drive™ Sentra EC Dual Axle Desk Length Arm Swing-Away Footrest Black Upholstery 26 Inch Seat Width Adult 700 lbs. Weight Capacity","Wheelchairs","Drive DeVilbiss Healthcare","732.43","1017.99","1272.99","285.56","28%","255.00","N/A","https://imgcdn.mckesson.com/CumulusWeb/Images/Item_Detail/960213_left.jpg"
"gid://shopify/Product/us-4678","1015745","Bariatric Wheelchair drive™ Sentra EC Dual Axle Desk Length Arm Elevating Legrest Black Upholstery 26 Inch Seat Width Adult 700 lbs. Weight Capacity","Wheelchairs","Drive DeVilbiss Healthcare","741.86","1030.99","1288.99","289.13","28%","258.00","N/A","https://imgcdn.mckesson.com/CumulusWeb/Images/Item_Detail/1015745_left.jpg"
"gid://shopify/Product/us-4679","850318","Lightweight Wheelchair drive™ Viper Plus GT Dual Axle Full Length Arm Black Upholstery 20 Inch Seat Width Adult 300 lbs. Weight Capacity","Wheelchairs","Drive DeVilbiss Healthcare","746.27","1036.99","1296.99","290.72","28%","260.00","N/A","https://imgcdn.mckesson.com/CumulusWeb/Images/Item_Detail/850318.jpg"
"gid://shopify/Product/us-4680","1107247","Youth Stroller Chair drive™ Trotter Mobility 12 Inch Seat Width Elevating Legrest Aluminum Frame","Wheelchairs","Drive DeVilbiss Healthcare","817.36","1135.99","1419.99","318.63","28%","284.00","N/A","https://imgcdn.mckesson.com/CumulusWeb/Images/Item_Detail/1107247_left.jpg"
"gid://shopify/Product/us-4681","1106897","Youth Stroller Chair drive™ Trotter Mobility 16 Inch Seat Width Elevating Legrest Aluminum Frame","Wheelchairs","Drive DeVilbiss Healthcare","828.63","1150.99","1438.99","322.36","28%","288.00","N/A","https://imgcdn.mckesson.com/CumulusWeb/Images/Item_Detail/1106897_left.jpg"
"gid://shopify/Product/us-4682","630947","3 Wheel Electric Scooter 260 lbs. Weight Capacity Red / Blue / Silver","Wheelchairs","Pride Health Care","922.56","1281.99","1602.99","359.43","28%","321.00","N/A","https://imgcdn.mckesson.com/CumulusWeb/Images/Item_Detail/630947.JPG"
"gid://shopify/Product/us-4683","764007","Bariatric Wheelchair Paramount™ XD Heavy Duty Dual Axle Desk Length Arm Elevating Legrest Black Upholstery 26 Inch Seat Width Adult 650 lbs. Weight Capacity","Wheelchairs","Graham-Field","1121.76","1557.99","1947.99","436.23","28%","390.00","N/A","https://imgcdn.mckesson.com/CumulusWeb/Images/Item_Detail/764007.jpg"
"gid://shopify/Product/us-4684","762568","Bariatric Wheelchair Regency XL 2002 Desk Length Arm Swing-Away Elevating Legrest Black Upholstery 24 Inch Seat Width Adult 600 lbs. Weight Capacity","Wheelchairs","Graham-Field","1343.34","1865.99","2332.99","522.65","28%","467.00","N/A","https://imgcdn.mckesson.com/CumulusWeb/Images/Item_Detail/762568_right.jpg"
"gid://shopify/Product/us-4685","511499","Bariatric Wheelchair Regency XL 2002 Full Length Arm Swing-Away Elevating Legrest Black Upholstery 26 Inch Seat Width Adult 600 lbs. Weight Capacity","Wheelchairs","Graham-Field","1344.76","1867.99","2334.99","523.23","28%","467.00","N/A","https://imgcdn.mckesson.com/CumulusWeb/Images/Item_Detail/511499_right.jpg"
"gid://shopify/Product/us-4686","1125455","Bariatric Wheelchair Regency XL 2002 Full Length Arm Swing-Away Elevating Legrest Black Upholstery 28 Inch Seat Width Adult 600 lbs. Weight Capacity","Wheelchairs","Graham-Field","1440.78","2001.99","2502.99","561.21","28%","501.00","N/A","https://imgcdn.mckesson.com/CumulusWeb/Images/Item_Detail/1125455_right.jpg"
"gid://shopify/Product/us-4687","1060019","Tilt-In-Space Wheelchair Kanga Dual Axle Black Upholstery 20 Inch Seat Width Adult 250 lbs. Weight Capacity","Wheelchairs","Drive DeVilbiss Healthcare","1494.88","2076.99","2596.99","582.11","28%","520.00","N/A","https://imgcdn.mckesson.com/CumulusWeb/Images/Item_Detail/1060019_right.jpg"
"gid://shopify/Product/us-4688","796886","Bariatric Wheelchair 9000 Topaz™ Heavy Duty Dual Axle Black Upholstery 30 Inch Seat Width Adult 700 lbs. Weight Capacity","Wheelchairs","Invacare","1501.20","2084.99","2606.99","583.79","28%","522.00","N/A","https://imgcdn.mckesson.com/CumulusWeb/Images/Item_Detail/796886.jpg"
"gid://shopify/Product/us-4689","1277487","Tilt-In-Space Wheelchair Sashay Pedal 20 Inch Seat Width Adult","Wheelchairs","Broda Enterprises Inc","1606.95","2231.99","2789.99","625.04","28%","558.00","N/A","https://imgcdn.mckesson.com/CumulusWeb/Images/Item_Detail/1277487_left.jpg"
"gid://shopify/Product/us-4690","1277483","Tilt-In-Space Wheelchair Sashay Pedal 16 Inch Seat Width Adult","Wheelchairs","Broda Enterprises Inc","1606.95","2231.99","2789.99","625.04","28%","558.00","N/A","https://imgcdn.mckesson.com/CumulusWeb/Images/Item_Detail/1277483_left.jpg"
"gid://shopify/Product/us-4691","1277485","Tilt-In-Space Wheelchair Sashay Pedal 18 Inch Seat Width Adult","Wheelchairs","Broda Enterprises Inc","1606.95","2231.99","2789.99","625.04","28%","558.00","N/A","https://imgcdn.mckesson.com/CumulusWeb/Images/Item_Detail/1277485_left.jpg"
"gid://shopify/Product/us-4692","1088010","Tilt-In-Space Wheelchair Kanga Dual Axle Desk Length Arm Black Upholstery 18 Inch Seat Width Adult 250 lbs. Weight Capacity","Wheelchairs","Drive DeVilbiss Healthcare","1844.26","2561.99","3202.99","717.73","28%","641.00","N/A","https://imgcdn.mckesson.com/CumulusWeb/Images/Item_Detail/1088010_right.jpg"
"gid://shopify/Product/us-4693","1277480","Tilt-In-Space Wheelchair Latitude Pedal Desk Length Arm Black Upholstery 18 Inch Seat Width Adult 250 lbs. Weight Capacity","Wheelchairs","Broda Enterprises Inc","1888.07","2622.99","3278.99","734.92","28%","656.00","N/A","https://imgcdn.mckesson.com/CumulusWeb/Images/Item_Detail/1277480_left.jpg"
"gid://shopify/Product/us-4694","1277482","Tilt-In-Space Wheelchair Latitude Pedal Desk Length Arm Black Upholstery 20 Inch Seat Width Adult 250 lbs. Weight Capacity","Wheelchairs","Broda Enterprises Inc","1888.07","2622.99","3278.99","734.92","28%","656.00","N/A","https://imgcdn.mckesson.com/CumulusWeb/Images/Item_Detail/1277482_left.jpg"
"gid://shopify/Product/us-4695","1277478","Tilt-In-Space Wheelchair Latitude Pedal Desk Length Arm Black Upholstery 16 Inch Seat Width Adult 250 lbs. Weight Capacity","Wheelchairs","Broda Enterprises Inc","1888.07","2622.99","3278.99","734.92","28%","656.00","N/A","https://imgcdn.mckesson.com/CumulusWeb/Images/Item_Detail/1277478_left.jpg"
"gid://shopify/Product/us-4696","1160249","Bariatric Reclining Wheelchair Regency 450 Desk Length Arm Swing-Away Elevating Legrest Black Upholstery 24 Inch Seat Width Adult 450 lbs. Weight Capacity","Wheelchairs","Graham-Field","1892.12","2627.99","3284.99","735.87","28%","657.00","N/A","https://imgcdn.mckesson.com/CumulusWeb/Images/Item_Detail/1160249_right.jpg"
"gid://shopify/Product/us-4697","1227697","Power Wheelchair Jazzy Select® 300 lbs. Weight Capacity","Wheelchairs","Pride Health Care","1901.11","2640.99","3301.99","739.88","28%","661.00","N/A","https://imgcdn.mckesson.com/CumulusWeb/Images/Item_Detail/1227697_left.jpg"
"gid://shopify/Product/us-4698","1102725","Bariatric Wheelchair Regency XL 2000 Heavy Duty Dual Axle Desk Length Arm Swing-Away Elevating Legrest Black Upholstery 32 Inch Seat Width Adult 700 lbs. Weight Capacity","Wheelchairs","Graham-Field","1919.15","2665.99","3332.99","746.84","28%","667.00","N/A","https://imgcdn.mckesson.com/CumulusWeb/Images/Item_Detail/1102725_right.jpg"
"gid://shopify/Product/us-4699","999903","Bariatric Wheelchair Regency XL 2000 Heavy Duty Dual Axle Desk Length Arm Swing-Away Elevating Legrest Black Upholstery 34 Inch Seat Width Adult 700 lbs. Weight Capacity","Wheelchairs","Graham-Field","1919.15","2665.99","3332.99","746.84","28%","667.00","N/A","https://imgcdn.mckesson.com/CumulusWeb/Images/Item_Detail/999903_right.jpg"
"gid://shopify/Product/us-4700","1277437","Wheelchair Elite 16 Inch Seat Width Adult","Wheelchairs","Broda Enterprises Inc","1946.18","2703.99","3379.99","757.81","28%","676.00","N/A","https://imgcdn.mckesson.com/CumulusWeb/Images/Item_Detail/1277437_left.jpg"
"gid://shopify/Product/us-4701","1277441","Wheelchair Elite 20 Inch Seat Width Adult","Wheelchairs","Broda Enterprises Inc","1946.18","2703.99","3379.99","757.81","28%","676.00","N/A","https://imgcdn.mckesson.com/CumulusWeb/Images/Item_Detail/1277441_left.jpg"
"gid://shopify/Product/us-4702","1277439","Wheelchair Elite 18 Inch Seat Width Adult","Wheelchairs","Broda Enterprises Inc","1946.18","2703.99","3379.99","757.81","28%","676.00","N/A","https://imgcdn.mckesson.com/CumulusWeb/Images/Item_Detail/1277439_left.jpg"
"gid://shopify/Product/us-4703","714213","Bariatric Wheelchair Regency XL 2000 Heavy Duty Dual Axle Full Length Arm Swing-Away Elevating Legrest Black Upholstery 34 Inch Seat Width Adult 700 lbs. Weight Capacity","Wheelchairs","Graham-Field","1966.46","2731.99","3414.99","765.53","28%","683.00","N/A","https://imgcdn.mckesson.com/CumulusWeb/Images/Item_Detail/GENDRN_714213.jpg"
"gid://shopify/Product/us-4704","839938","Bariatric Wheelchair Regency XL 2000 Heavy Duty Dual Axle Full Length Arm Swing-Away Elevating Legrest Black Upholstery 32 Inch Seat Width Adult 700 lbs. Weight Capacity","Wheelchairs","Graham-Field","1990.65","2764.99","3456.99","774.34","28%","692.00","N/A","https://imgcdn.mckesson.com/CumulusWeb/Images/Item_Detail/839938_side.jpg"
"gid://shopify/Product/us-4705","1277468","Tilt-In-Space Wheelchair Encore 20 Inch Seat Width Adult","Wheelchairs","Broda Enterprises Inc","2036.73","2828.99","3536.99","792.26","28%","708.00","N/A","https://imgcdn.mckesson.com/CumulusWeb/Images/Item_Detail/1277468_left.jpg"
"gid://shopify/Product/us-4706","1277466","Tilt-In-Space Wheelchair Encore 18 Inch Seat Width Adult","Wheelchairs","Broda Enterprises Inc","2036.73","2828.99","3536.99","792.26","28%","708.00","N/A","https://imgcdn.mckesson.com/CumulusWeb/Images/Item_Detail/1277466_left.jpg"
"gid://shopify/Product/us-4707","1277464","Tilt-In-Space Wheelchair Encore 16 Inch Seat Width Adult","Wheelchairs","Broda Enterprises Inc","2036.73","2828.99","3536.99","792.26","28%","708.00","N/A","https://imgcdn.mckesson.com/CumulusWeb/Images/Item_Detail/1277464_left.jpg"
"gid://shopify/Product/us-4708","1159738","Bariatric Reclining Wheelchair Regency 525 High Back Full Length Arm Elevating Legrest 24 Inch Seat Width Adult 525 lbs. Weight Capacity","Wheelchairs","Graham-Field","2094.85","2909.99","3637.99","815.14","28%","728.00","N/A","https://imgcdn.mckesson.com/CumulusWeb/Images/Item_Detail/1159738_right.jpg"
"gid://shopify/Product/us-4709","1277486","Tilt-In-Space Wheelchair Sashay Pedal 18 Inch Seat Width Adult","Wheelchairs","Broda Enterprises Inc","2100.26","2917.99","3647.99","817.73","28%","730.00","N/A","https://imgcdn.mckesson.com/CumulusWeb/Images/Item_Detail/1277486_right.jpg"
"gid://shopify/Product/us-4710","1277488","Tilt-In-Space Wheelchair Sashay Pedal 20 Inch Seat Width Adult","Wheelchairs","Broda Enterprises Inc","2100.26","2917.99","3647.99","817.73","28%","730.00","N/A","https://imgcdn.mckesson.com/CumulusWeb/Images/Item_Detail/1277488_right.jpg"
"gid://shopify/Product/us-4711","1277484","Tilt-In-Space Wheelchair Sashay Pedal 16 Inch Seat Width Adult","Wheelchairs","Broda Enterprises Inc","2100.26","2917.99","3647.99","817.73","28%","730.00","N/A","https://imgcdn.mckesson.com/CumulusWeb/Images/Item_Detail/1277484_right.jpg"
"gid://shopify/Product/us-4712","838785","Bariatric Reclining Wheelchair Regency XL 2000 Heavy Duty Dual Axle Full Length Arm Swing-Away Elevating Legrest Black Upholstery 24 Inch Seat Width Adult 700 lbs. Weight Capacity","Wheelchairs","Graham-Field","2223.24","3087.99","3859.99","864.75","28%","772.00","N/A","https://imgcdn.mckesson.com/CumulusWeb/Images/Item_Detail/838785_right.jpg"
"gid://shopify/Product/us-4713","1277438","Wheelchair Elite 18 Inch Seat Width Adult","Wheelchairs","Broda Enterprises Inc","2232.70","3100.99","3876.99","868.29","28%","776.00","N/A","https://imgcdn.mckesson.com/CumulusWeb/Images/Item_Detail/1277438_left.jpg"
"gid://shopify/Product/us-4714","1277436","Wheelchair Elite 16 Inch Seat Width Adult","Wheelchairs","Broda Enterprises Inc","2232.70","3100.99","3876.99","868.29","28%","776.00","N/A","https://imgcdn.mckesson.com/CumulusWeb/Images/Item_Detail/1277436_left.jpg"
"gid://shopify/Product/us-4715","1277440","Wheelchair Elite 20 Inch Seat Width Adult","Wheelchairs","Broda Enterprises Inc","2232.70","3100.99","3876.99","868.29","28%","776.00","N/A","https://imgcdn.mckesson.com/CumulusWeb/Images/Item_Detail/1277440_left.jpg"
"gid://shopify/Product/us-4716","1095466","Bariatric Reclining Wheelchair Regency XL 2000 Heavy Duty Dual Axle Full Length Arm Swing-Away Elevating Legrest Black Upholstery 24 Inch Seat Width Adult 700 lbs. Weight Capacity","Wheelchairs","Graham-Field","2263.79","3144.99","3931.99","881.20","28%","787.00","N/A","https://imgcdn.mckesson.com/CumulusWeb/Images/Item_Detail/1095466_right.jpg"
"gid://shopify/Product/us-4717","1277460","Tilt-In-Space Wheelchair Encore 20 Inch Seat Width Adult","Wheelchairs","Broda Enterprises Inc","2317.85","3219.99","4024.99","902.14","28%","805.00","N/A","https://imgcdn.mckesson.com/CumulusWeb/Images/Item_Detail/1277460_left.jpg"
"gid://shopify/Product/us-4718","1277456","Tilt-In-Space Wheelchair Encore 16 Inch Seat Width Adult","Wheelchairs","Broda Enterprises Inc","2317.85","3219.99","4024.99","902.14","28%","805.00","N/A","https://imgcdn.mckesson.com/CumulusWeb/Images/Item_Detail/1277456_left.jpg"
"gid://shopify/Product/us-4719","1277458","Tilt-In-Space Wheelchair Encore 18 Inch Seat Width Adult","Wheelchairs","Broda Enterprises Inc","2317.85","3219.99","4024.99","902.14","28%","805.00","N/A","https://imgcdn.mckesson.com/CumulusWeb/Images/Item_Detail/1277458_left.jpg"
"gid://shopify/Product/us-4720","1026437","Bariatric Reclining Wheelchair Regency XL 2000 Heavy Duty Dual Axle Full Length Arm Swing-Away Elevating Legrest Black Upholstery 26 Inch Seat Width Adult 700 lbs. Weight Capacity","Wheelchairs","Graham-Field","2358.39","3275.99","4094.99","917.60","28%","819.00","N/A","https://imgcdn.mckesson.com/CumulusWeb/Images/Item_Detail/1026437_right.jpg"
"gid://shopify/Product/us-4721","701113","Bariatric Reclining Wheelchair Regency XL 2000 Heavy Duty Dual Axle Full Length Arm Swing-Away Elevating Legrest Black Upholstery 32 Inch Seat Width Adult 700 lbs. Weight Capacity","Wheelchairs","Graham-Field","2378.67","3303.99","4129.99","925.32","28%","826.00","N/A","https://imgcdn.mckesson.com/CumulusWeb/Images/Item_Detail/701113_right.jpg"
"gid://shopify/Product/us-4722","1277481","Tilt-In-Space Wheelchair Latitude Pedal Desk Length Arm Black Upholstery 20 Inch Seat Width Adult 250 lbs. Weight Capacity","Wheelchairs","Broda Enterprises Inc","2381.37","3307.99","4134.99","926.62","28%","827.00","N/A","https://imgcdn.mckesson.com/CumulusWeb/Images/Item_Detail/1277481_left.jpg"
"gid://shopify/Product/us-4723","1277479","Tilt-In-Space Wheelchair Latitude Pedal Desk Length Arm Black Upholstery 18 Inch Seat Width Adult 250 lbs. Weight Capacity","Wheelchairs","Broda Enterprises Inc","2381.37","3307.99","4134.99","926.62","28%","827.00","N/A","https://imgcdn.mckesson.com/CumulusWeb/Images/Item_Detail/1277479_left.jpg"
"gid://shopify/Product/us-4724","1277477","Tilt-In-Space Wheelchair Latitude Pedal Desk Length Arm Black Upholstery 16 Inch Seat Width Adult 250 lbs. Weight Capacity","Wheelchairs","Broda Enterprises Inc","2381.37","3307.99","4134.99","926.62","28%","827.00","N/A","https://imgcdn.mckesson.com/CumulusWeb/Images/Item_Detail/1277477_left.jpg"
"gid://shopify/Product/us-4725","1277470","Bariatric Wheelchair Encore 22 Inch Seat Width Adult","Wheelchairs","Broda Enterprises Inc","2409.75","3346.99","4183.99","937.24","28%","837.00","N/A","https://imgcdn.mckesson.com/CumulusWeb/Images/Item_Detail/1277470_left.jpg"
"gid://shopify/Product/us-4726","825296","MRI Non-Magnetic Wheelchair Gendron™ Full Length Arm Swing-Away Footrest Black Upholstery 20 Inch Seat Width Adult 350 lbs. Weight Capacity","Wheelchairs","Graham-Field","2432.73","3378.99","4223.99","946.26","28%","845.00","N/A","https://imgcdn.mckesson.com/CumulusWeb/Images/Item_Detail/825296_left.jpg"
"gid://shopify/Product/us-4727","1277467","Tilt-In-Space Wheelchair Encore 20 Inch Seat Width Adult","Wheelchairs","Broda Enterprises Inc","2530.04","3513.99","4392.99","983.95","28%","879.00","N/A","https://imgcdn.mckesson.com/CumulusWeb/Images/Item_Detail/1277467_left.jpg"
"gid://shopify/Product/us-4728","1277463","Tilt-In-Space Wheelchair Encore 16 Inch Seat Width Adult","Wheelchairs","Broda Enterprises Inc","2530.04","3513.99","4392.99","983.95","28%","879.00","N/A","https://imgcdn.mckesson.com/CumulusWeb/Images/Item_Detail/1277463_left.jpg"
"gid://shopify/Product/us-4729","1277465","Tilt-In-Space Wheelchair Encore 18 Inch Seat Width Adult","Wheelchairs","Broda Enterprises Inc","2530.04","3513.99","4392.99","983.95","28%","879.00","N/A","https://imgcdn.mckesson.com/CumulusWeb/Images/Item_Detail/1277465_left.jpg"
"gid://shopify/Product/us-4730","1081264","Bariatric Reclining Wheelchair Regency XL 2000 Heavy Duty Dual Axle Desk Length Arm Swing-Away Elevating Legrest Black Upholstery 34 Inch Seat Width Adult 700 lbs. Weight Capacity","Wheelchairs","Graham-Field","2534.09","3519.99","4399.99","985.90","28%","880.00","N/A","https://imgcdn.mckesson.com/CumulusWeb/Images/Item_Detail/1081264_right.jpg"
"gid://shopify/Product/us-4731","1227701","Power Wheelchair Jazzy Elite 14®","Wheelchairs","Pride Health Care","2549.42","3540.99","4426.99","991.57","28%","886.00","N/A","https://imgcdn.mckesson.com/CumulusWeb/Images/Item_Detail/1227701_left.jpg"
"gid://shopify/Product/us-4732","1277422","Tilt-In-Space Wheelchair Midline Footrest 18 Inch Seat Width Adult 350 lbs. Weight Capacity","Wheelchairs","Broda Enterprises Inc","2550.31","3542.99","4428.99","992.68","28%","886.00","N/A","https://imgcdn.mckesson.com/CumulusWeb/Images/Item_Detail/1277422_left.jpg"
"gid://shopify/Product/us-4733","1277423","Tilt-In-Space Wheelchair Midline Footrest 20 Inch Seat Width Adult 350 lbs. Weight Capacity","Wheelchairs","Broda Enterprises Inc","2550.31","3542.99","4428.99","992.68","28%","886.00","N/A","https://imgcdn.mckesson.com/CumulusWeb/Images/Item_Detail/1277423_left.jpg"
"gid://shopify/Product/us-4734","1277421","Tilt-In-Space Wheelchair Midline Footrest 16 Inch Seat Width Adult 350 lbs. Weight Capacity","Wheelchairs","Broda Enterprises Inc","2550.31","3542.99","4428.99","992.68","28%","886.00","N/A","https://imgcdn.mckesson.com/CumulusWeb/Images/Item_Detail/1277421_left.jpg"
"gid://shopify/Product/us-4735","1277442","Wheelchair Elite 16 Inch Seat Width Adult","Wheelchairs","Broda Enterprises Inc","2612.48","3628.99","4536.99","1016.51","28%","908.00","N/A","https://imgcdn.mckesson.com/CumulusWeb/Images/Item_Detail/1277442_left.jpg"
"gid://shopify/Product/us-4736","1277443","Wheelchair Elite 18 Inch Seat Width Adult","Wheelchairs","Broda Enterprises Inc","2612.48","3628.99","4536.99","1016.51","28%","908.00","N/A","https://imgcdn.mckesson.com/CumulusWeb/Images/Item_Detail/1277443_left.jpg"
"gid://shopify/Product/us-4737","1277444","Wheelchair Elite 20 Inch Seat Width Adult","Wheelchairs","Broda Enterprises Inc","2612.48","3628.99","4536.99","1016.51","28%","908.00","N/A","https://imgcdn.mckesson.com/CumulusWeb/Images/Item_Detail/1277444_left.jpg"
"gid://shopify/Product/us-4738","1277462","Tilt-In-Space Wheelchair Encore 22 Inch Seat Width Adult","Wheelchairs","Broda Enterprises Inc","2676.00","3716.99","4646.99","1040.99","28%","930.00","N/A","https://imgcdn.mckesson.com/CumulusWeb/Images/Item_Detail/1277462_left.jpg"
"gid://shopify/Product/us-4739","1277448","Tilt-In-Space Wheelchair Elite 18 Inch Seat Width Adult","Wheelchairs","Broda Enterprises Inc","2720.60","3778.99","4723.99","1058.39","28%","945.00","N/A","https://imgcdn.mckesson.com/CumulusWeb/Images/Item_Detail/1277448_left.jpg"
"gid://shopify/Product/us-4740","1277446","Tilt-In-Space Wheelchair Elite 16 Inch Seat Width Adult","Wheelchairs","Broda Enterprises Inc","2720.60","3778.99","4723.99","1058.39","28%","945.00","N/A","https://imgcdn.mckesson.com/CumulusWeb/Images/Item_Detail/1277446_left.jpg"
"gid://shopify/Product/us-4741","1277450","Tilt-In-Space Wheelchair Elite 20 Inch Seat Width Adult","Wheelchairs","Broda Enterprises Inc","2720.60","3778.99","4723.99","1058.39","28%","945.00","N/A","https://imgcdn.mckesson.com/CumulusWeb/Images/Item_Detail/1277450_left.jpg"
"gid://shopify/Product/us-4742","1277457","Tilt-In-Space Wheelchair Encore 18 Inch Seat Width Adult","Wheelchairs","Broda Enterprises Inc","2811.15","3904.99","4881.99","1093.84","28%","977.00","N/A","https://imgcdn.mckesson.com/CumulusWeb/Images/Item_Detail/1277457_left.jpg"
"gid://shopify/Product/us-4743","1277459","Tilt-In-Space Wheelchair Encore 20 Inch Seat Width Adult","Wheelchairs","Broda Enterprises Inc","2811.15","3904.99","4881.99","1093.84","28%","977.00","N/A","https://imgcdn.mckesson.com/CumulusWeb/Images/Item_Detail/1277459_left.jpg"
"gid://shopify/Product/us-4744","1277455","Tilt-In-Space Wheelchair Encore 16 Inch Seat Width Adult","Wheelchairs","Broda Enterprises Inc","2811.15","3904.99","4881.99","1093.84","28%","977.00","N/A","https://imgcdn.mckesson.com/CumulusWeb/Images/Item_Detail/1277455_left.jpg"
"gid://shopify/Product/us-4745","1277476","Bariatric Wheelchair Encore 28 Inch Seat Width Adult","Wheelchairs","Broda Enterprises Inc","2880.08","4000.99","5001.99","1120.91","28%","1001.00","N/A","https://imgcdn.mckesson.com/CumulusWeb/Images/Item_Detail/1277476_left.jpg"
"gid://shopify/Product/us-4746","1277474","Bariatric Wheelchair Encore 26 Inch Seat Width Adult","Wheelchairs","Broda Enterprises Inc","2880.08","4000.99","5001.99","1120.91","28%","1001.00","N/A","https://imgcdn.mckesson.com/CumulusWeb/Images/Item_Detail/1277474_left.jpg"
"gid://shopify/Product/us-4747","1277472","Bariatric Wheelchair Encore 24 Inch Seat Width Adult","Wheelchairs","Broda Enterprises Inc","2880.08","4000.99","5001.99","1120.91","28%","1001.00","N/A","https://imgcdn.mckesson.com/CumulusWeb/Images/Item_Detail/1277472_left.jpg"
"gid://shopify/Product/us-4748","1277469","Bariatric Wheelchair Encore 22 Inch Seat Width Adult","Wheelchairs","Broda Enterprises Inc","2903.06","4032.99","5041.99","1129.93","28%","1009.00","N/A","https://imgcdn.mckesson.com/CumulusWeb/Images/Item_Detail/1277469_left.jpg"
"gid://shopify/Product/us-4749","1051186","Power Wheelchair Jazzy® 20 Inch Seat Width 300 lbs. Weight Capacity","Wheelchairs","Pride Health Care","2941.57","4085.99","5107.99","1144.42","28%","1022.00","N/A","https://imgcdn.mckesson.com/CumulusWeb/Images/Item_Detail/1051186.jpg"
"gid://shopify/Product/us-4750","1210808","Power Wheelchair Jazzy® 600 ES 20 Inch Seat Width 300 lbs. Weight Capacity","Wheelchairs","Pride Health Care","2941.57","4085.99","5107.99","1144.42","28%","1022.00","N/A","https://imgcdn.mckesson.com/CumulusWeb/Images/Item_Detail/1210808_left.jpg"
"gid://shopify/Product/us-4751","1277447","Tilt-In-Space Wheelchair Elite 18 Inch Seat Width Adult","Wheelchairs","Broda Enterprises Inc","3016.58","4189.99","5237.99","1173.41","28%","1048.00","N/A","https://imgcdn.mckesson.com/CumulusWeb/Images/Item_Detail/1277447_left.jpg"
"gid://shopify/Product/us-4752","1277445","Tilt-In-Space Wheelchair Elite 16 Inch Seat Width Adult","Wheelchairs","Broda Enterprises Inc","3016.58","4189.99","5237.99","1173.41","28%","1048.00","N/A","https://imgcdn.mckesson.com/CumulusWeb/Images/Item_Detail/1277445_left.jpg"
"gid://shopify/Product/us-4753","1277449","Tilt-In-Space Wheelchair Elite 20 Inch Seat Width Adult","Wheelchairs","Broda Enterprises Inc","3016.58","4189.99","5237.99","1173.41","28%","1048.00","N/A","https://imgcdn.mckesson.com/CumulusWeb/Images/Item_Detail/1277449_left.jpg"
"gid://shopify/Product/us-4754","1277461","Tilt-In-Space Wheelchair Encore 22 Inch Seat Width Adult","Wheelchairs","Broda Enterprises Inc","3169.30","4401.99","5502.99","1232.69","28%","1101.00","N/A","https://imgcdn.mckesson.com/CumulusWeb/Images/Item_Detail/1277461_left.jpg"
"gid://shopify/Product/us-4755","1277426","Tilt-In-Space Wheelchair Synthesis Footrest 18 Inch Seat Width Adult","Wheelchairs","Broda Enterprises Inc","3267.97","4538.99","5673.99","1271.02","28%","1135.00","N/A","https://imgcdn.mckesson.com/CumulusWeb/Images/Item_Detail/1277426_left.jpg"
"gid://shopify/Product/us-4756","1277428","Tilt-In-Space Wheelchair Synthesis Footrest 20 Inch Seat Width Adult","Wheelchairs","Broda Enterprises Inc","3267.97","4538.99","5673.99","1271.02","28%","1135.00","N/A","https://imgcdn.mckesson.com/CumulusWeb/Images/Item_Detail/1277428_left.jpg"
"gid://shopify/Product/us-4757","1277424","Tilt-In-Space Wheelchair Synthesis Footrest 16 Inch Seat Width Adult","Wheelchairs","Broda Enterprises Inc","3267.97","4538.99","5673.99","1271.02","28%","1135.00","N/A","https://imgcdn.mckesson.com/CumulusWeb/Images/Item_Detail/1277424_left.jpg"
"gid://shopify/Product/us-4758","1277473","Bariatric Wheelchair Encore 26 Inch Seat Width Adult","Wheelchairs","Broda Enterprises Inc","3373.38","4685.99","5857.99","1312.61","28%","1172.00","N/A","https://imgcdn.mckesson.com/CumulusWeb/Images/Item_Detail/1277473_left.jpg"
"gid://shopify/Product/us-4759","1277475","Bariatric Wheelchair Encore 28 Inch Seat Width Adult","Wheelchairs","Broda Enterprises Inc","3373.38","4685.99","5857.99","1312.61","28%","1172.00","N/A","https://imgcdn.mckesson.com/CumulusWeb/Images/Item_Detail/1277475_left.jpg"
"gid://shopify/Product/us-4760","1277471","Bariatric Wheelchair Encore 24 Inch Seat Width Adult","Wheelchairs","Broda Enterprises Inc","3373.38","4685.99","5857.99","1312.61","28%","1172.00","N/A","https://imgcdn.mckesson.com/CumulusWeb/Images/Item_Detail/1277471_left.jpg"
"gid://shopify/Product/us-4761","1112707","Reclining Wheelchair FlexTilt® Navy Upholstery 24 Inch Seat Width Adult 350 lbs. Weight Capacity","Wheelchairs","Med-Mizer","3395.18","4715.99","5894.99","1320.81","28%","1179.00","N/A","https://imgcdn.mckesson.com/CumulusWeb/Images/Item_Detail/1112707.jpg"
"gid://shopify/Product/us-4762","1277505","Tilt-In-Space Wheelchair Synthesis Adult","Wheelchairs","Medical Grade","3563.95","4949.99","6187.99","1386.04","28%","1238.00","N/A","https://imgcdn.mckesson.com/CumulusWeb/Images/Item_Detail/1277505_left.jpg"
"gid://shopify/Product/us-4763","1277427","Tilt-In-Space Wheelchair Synthesis Footrest 18 Inch Seat Width Adult","Wheelchairs","Broda Enterprises Inc","3563.95","4949.99","6187.99","1386.04","28%","1238.00","N/A","https://imgcdn.mckesson.com/CumulusWeb/Images/Item_Detail/1277427_left.jpg"
"gid://shopify/Product/us-4764","1277429","Tilt-In-Space Wheelchair Synthesis Footrest 20 Inch Seat Width Adult","Wheelchairs","Broda Enterprises Inc","3563.95","4949.99","6187.99","1386.04","28%","1238.00","N/A","https://imgcdn.mckesson.com/CumulusWeb/Images/Item_Detail/1277429_left.jpg"
"gid://shopify/Product/us-4765","1277425","Tilt-In-Space Wheelchair Synthesis Footrest 16 Inch Seat Width Adult","Wheelchairs","Broda Enterprises Inc","3563.95","4949.99","6187.99","1386.04","28%","1238.00","N/A","https://imgcdn.mckesson.com/CumulusWeb/Images/Item_Detail/1277425_left.jpg"
"gid://shopify/Product/us-4766","840507","MRI Non-Magnetic Bariatric Wheelchair Gendron™ Dual Axle Full Length Arm Swing-Away Footrest Black Upholstery 26 Inch Seat Width Adult 650 lbs. Weight Capacity","Wheelchairs","Graham-Field","3800.33","5278.99","6598.99","1478.66","28%","1320.00","N/A","https://imgcdn.mckesson.com/CumulusWeb/Images/Item_Detail/840507_right.jpg"
"gid://shopify/Product/us-4767","1277434","Tilt-In-Space Wheelchair Synthesis Desk Length Arm Footrest Black Upholstery 20 Inch Seat Width Adult 350 lbs. Weight Capacity","Wheelchairs","Broda Enterprises Inc","3855.87","5355.99","6694.99","1500.12","28%","1339.00","N/A","https://imgcdn.mckesson.com/CumulusWeb/Images/Item_Detail/1277434_left.jpg"
"gid://shopify/Product/us-4768","1277432","Tilt-In-Space Wheelchair Synthesis Footrest 18 Inch Seat Width Adult","Wheelchairs","Broda Enterprises Inc","3855.87","5355.99","6694.99","1500.12","28%","1339.00","N/A","https://imgcdn.mckesson.com/CumulusWeb/Images/Item_Detail/1277432_left.jpg"
"gid://shopify/Product/us-4769","1277430","Tilt-In-Space Wheelchair Synthesis Footrest 16 Inch Seat Width Adult","Wheelchairs","Broda Enterprises Inc","3855.87","5355.99","6694.99","1500.12","28%","1339.00","N/A","https://imgcdn.mckesson.com/CumulusWeb/Images/Item_Detail/1277430_left.jpg"
"gid://shopify/Product/us-4770","1277435","Tilt-In-Space Wheelchair Synthesis Footrest 20 Inch Seat Width Adult","Wheelchairs","Broda Enterprises Inc","4151.86","5766.99","7208.99","1615.13","28%","1442.00","N/A","https://imgcdn.mckesson.com/CumulusWeb/Images/Item_Detail/1277435_right.jpg"
"gid://shopify/Product/us-4771","1277433","Tilt-In-Space Wheelchair Synthesis Footrest 18 Inch Seat Width Adult","Wheelchairs","Broda Enterprises Inc","4151.86","5766.99","7208.99","1615.13","28%","1442.00","N/A","https://imgcdn.mckesson.com/CumulusWeb/Images/Item_Detail/1277433_right.jpg"
"gid://shopify/Product/us-4772","1277431","Tilt-In-Space Wheelchair Synthesis Footrest 16 Inch Seat Width Adult","Wheelchairs","Broda Enterprises Inc","4151.86","5766.99","7208.99","1615.13","28%","1442.00","N/A","https://imgcdn.mckesson.com/CumulusWeb/Images/Item_Detail/1277431_right.jpg"
"gid://shopify/Product/us-4773","1277451","Bariatric Wheelchair Vanguard Desk Length Arm Footrest 24 Inch Seat Width Adult 600 lbs. Weight Capacity","Wheelchairs","Broda Enterprises Inc","5631.77","7821.99","9777.99","2190.22","28%","1956.00","N/A","https://imgcdn.mckesson.com/CumulusWeb/Images/Item_Detail/1277451_left.jpg"
"gid://shopify/Product/us-4774","1277452","Bariatric Wheelchair Vanguard Desk Length Arm Footrest Black Upholstery 26 Inch Seat Width Adult 600 lbs. Weight Capacity","Wheelchairs","Broda Enterprises Inc","5631.77","7821.99","9777.99","2190.22","28%","1956.00","N/A","https://imgcdn.mckesson.com/CumulusWeb/Images/Item_Detail/1277452_left.jpg"
"gid://shopify/Product/us-4775","1277454","Bariatric Wheelchair Vanguard Desk Length Arm Footrest Black Upholstery 30 Inch Seat Width Adult 600 lbs. Weight Capacity","Wheelchairs","Broda Enterprises Inc","5631.77","7821.99","9777.99","2190.22","28%","1956.00","N/A","https://imgcdn.mckesson.com/CumulusWeb/Images/Item_Detail/1277454_left.jpg"
"gid://shopify/Product/us-4776","1277453","Bariatric Wheelchair Vanguard Desk Length Arm Footrest Black Upholstery 28 Inch Seat Width Adult 600 lbs. Weight Capacity","Wheelchairs","Broda Enterprises Inc","5631.77","7821.99","9777.99","2190.22","28%","1956.00","N/A","https://imgcdn.mckesson.com/CumulusWeb/Images/Item_Detail/1277453_left.jpg"
"gid://shopify/Product/us-4777","363818","Blood Pressure Connector McKesson LUMEON™ For use with Clock Face Aneroid Sphygmomanometers","Blood Pressure Monitors","McKesson Brand","0.50","0.99","1.99","0.49","49%","1.00","N/A","https://imgcdn.mckesson.com/CumulusWeb/Images/Item_Detail/363818_pkgfront.jpg"
"gid://shopify/Product/us-4778","363819","Blood Pressure Connector McKesson LUMEON™ For use with Clock Face Aneroid Sphygmomanometers","Blood Pressure Monitors","McKesson Brand","0.55","0.99","1.99","0.44","44%","1.00","N/A","https://imgcdn.mckesson.com/CumulusWeb/Images/Item_Detail/363819_bc_ea.jpg"
"gid://shopify/Product/us-4779","803212","Blood Pressure Inflation Bulb McKesson Brand For use with Clock Face Aneroid Sphygmomanometers","Blood Pressure Monitors","McKesson Brand","1.53","2.99","3.99","1.46","49%","1.00","N/A","https://imgcdn.mckesson.com/CumulusWeb/Images/Item_Detail/803212_front.jpg"
"gid://shopify/Product/us-4780","992647","Blood Pressure Inflation Bulb McKesson LUMEON™ For use with Clock Face Aneroid Sphygmomanometers","Blood Pressure Monitors","McKesson Brand","2.31","4.99","6.99","2.68","54%","2.00","N/A","https://imgcdn.mckesson.com/CumulusWeb/Images/Item_Detail/992647_right.jpg"
"gid://shopify/Product/us-4781","807341","Blood Pressure Bulb with Deflation Valve McKesson Brand For use with Clock Face Aneroid Sphygmomanometers","Blood Pressure Monitors","McKesson Brand","3.38","6.99","8.99","3.61","52%","2.00","N/A","https://imgcdn.mckesson.com/CumulusWeb/Images/Item_Detail/807341_front.jpg"
"gid://shopify/Product/us-4782","635135","Single Patient Use Blood Pressure Cuff Tempa-Kuff® 27.5 to 36.5 cm Arm Cloth Fabric Cuff Adult Cuff","Blood Pressure Monitors","Welch Allyn","3.45","6.99","8.99","3.54","51%","2.00","N/A","https://imgcdn.mckesson.com/CumulusWeb/Images/Item_Detail/635135.jpg"
"gid://shopify/Product/us-4783","363810","Blood Pressure Deflation Valve McKesson LUMEON™ For use with Clock Face Aneroid Sphygmomanometers","Blood Pressure Monitors","McKesson Brand","3.99","7.99","9.99","4.00","50%","2.00","N/A","https://imgcdn.mckesson.com/CumulusWeb/Images/Item_Detail/363810_side.jpg"
"gid://shopify/Product/us-4784","187577","Cushion Grip One Size Fits Most Blue Mild Resistance","Blood Pressure Monitors","Skil-Care","4.24","7.99","9.99","3.75","47%","2.00","N/A","https://imgcdn.mckesson.com/CumulusWeb/Images/Item_Detail/187577_ls.jpg"
"gid://shopify/Product/us-4785","746565","Single Patient Use Blood Pressure Cuff FlexiPort® 25 to 34 cm Arm Cloth Fabric Cuff Adult Cuff","Blood Pressure Monitors","Welch Allyn","4.81","8.99","11.99","4.18","46%","3.00","N/A","https://imgcdn.mckesson.com/CumulusWeb/Images/Item_Detail/746565_left.jpg"
"gid://shopify/Product/us-4786","1007666","Blood Pressure Bulb with Deflation Valve McKesson LUMEON™ For use with Clock Face Aneroid Sphygmomanometers","Blood Pressure Monitors","McKesson Brand","6.43","11.99","14.99","5.56","46%","3.00","N/A","https://imgcdn.mckesson.com/CumulusWeb/Images/Item_Detail/1007666.jpg"
"gid://shopify/Product/us-4787","29035","Blood Pressure Inflation Bladder For use with Universal Blood Pressure Units","Blood Pressure Monitors","W.A. Baum","6.69","12.99","16.99","6.30","48%","4.00","N/A","https://imgcdn.mckesson.com/CumulusWeb/Images/Item_Detail/29035.jpg"
"gid://shopify/Product/us-4788","854389","Reusable Blood Pressure Cuff McKesson 11.8 to 16.5 Inch Arm Nylon Cuff Large Adult Cuff","Blood Pressure Monitors","McKesson Brand","6.78","12.99","16.99","6.21","48%","4.00","N/A","https://imgcdn.mckesson.com/CumulusWeb/Images/Item_Detail/854389_right.jpg"
"gid://shopify/Product/us-4789","1002159","Blood Pressure Tube Set Welch Allyn® For use with Connectors to Flexi Port Adapter","Blood Pressure Monitors","Welch Allyn","7.84","14.99","18.99","7.15","48%","4.00","N/A","https://imgcdn.mckesson.com/CumulusWeb/Images/Item_Detail/1002159_pdet.jpg"
"gid://shopify/Product/us-4790","678200","Cold and Cough Relief Coricidin® HBP Chest Congestion & Cough 200 mg - 10 mg Strength Softgel 20 per Bottle","Blood Pressure Monitors","Bayer","7.96","14.99","18.99","7.03","47%","4.00","N/A","https://imgcdn.mckesson.com/CumulusWeb/Images/Item_Detail/678200_pkgleft.jpg"
"gid://shopify/Product/us-4791","803202","Reusable Blood Pressure Cuff McKesson LUMEON™ 19 to 27 cm Arm Nylon Cuff Small Adult Cuff","Blood Pressure Monitors","McKesson Brand","8.87","16.99","21.99","8.12","48%","5.00","N/A","https://imgcdn.mckesson.com/CumulusWeb/Images/Item_Detail/803202_left.jpg"
"gid://shopify/Product/us-4792","363783","Blood Pressure Gauge McKesson Brand For use with Standard Aneroid Sphygmomanometers (01-775 Series)","Blood Pressure Monitors","McKesson Brand","9.72","17.99","22.99","8.27","46%","5.00","N/A","https://imgcdn.mckesson.com/CumulusWeb/Images/Item_Detail/363783_front2.jpg"
"gid://shopify/Product/us-4793","959812","Safety Lancet Novaplus 26 Gauge Retractable Pressure Activated Finger","Blood Pressure Monitors","ASP Global LLC","9.98","18.99","23.99","9.01","47%","5.00","N/A","https://imgcdn.mckesson.com/CumulusWeb/Images/Item_Detail/959812_right.jpg"
"gid://shopify/Product/us-4794","853623","Safety Lancet ReadyLance™ 26 Gauge Retractable Pressure Activated Finger","Blood Pressure Monitors","ASP Global LLC","9.98","18.99","23.99","9.01","47%","5.00","N/A","https://imgcdn.mckesson.com/CumulusWeb/Images/Item_Detail/853623_pkgright.jpg"
"gid://shopify/Product/us-4795","536431","Blood Pressure Bulb with Deflation Valve Adflow™ For use with All Pocket and Clock Aneroids and Mercury Sphygs","Blood Pressure Monitors","American Diagnostic Corp","10.20","18.99","23.99","8.79","46%","5.00","N/A","https://imgcdn.mckesson.com/CumulusWeb/Images/Item_Detail/536431_right.jpg"
"gid://shopify/Product/us-4796","1073893","Aneroid Sphygmomanometer Unit MedSource Pediatric Cuff Arm Nylon Cuff 12 - 17 cm Pocket Aneroid","Blood Pressure Monitors","MedSource International","10.58","19.99","24.99","9.41","47%","5.00","N/A","https://imgcdn.mckesson.com/CumulusWeb/Images/Item_Detail/1073893.jpg"
"gid://shopify/Product/us-4797","803203","Reusable Blood Pressure Cuff Kit McKesson LUMEON™ 23 to 40 cm Arm Nylon Cuff Adult Cuff","Blood Pressure Monitors","McKesson Brand","10.58","19.99","24.99","9.41","47%","5.00","N/A","https://imgcdn.mckesson.com/CumulusWeb/Images/Item_Detail/803203_ppkgleft.jpg"
"gid://shopify/Product/us-4798","827020","Safety Lancet SensiLance™ 26 Gauge Retractable Pressure Activated Finger","Blood Pressure Monitors","Dynarex","10.65","19.99","24.99","9.34","47%","5.00","N/A","https://imgcdn.mckesson.com/CumulusWeb/Images/Item_Detail/827020_ppkgleft.jpg"
"gid://shopify/Product/us-4799","1217982","Safety Lancet McKesson 26 Gauge Retractable Pressure Activated Finger","Blood Pressure Monitors","McKesson Brand","10.65","19.99","24.99","9.34","47%","5.00","N/A","https://imgcdn.mckesson.com/CumulusWeb/Images/Item_Detail/1217982_ppkgfront.jpg"
"gid://shopify/Product/us-4800","827019","Safety Lancet SensiLance™ 28 Gauge Retractable Pressure Activated Finger","Blood Pressure Monitors","Dynarex","10.65","19.99","24.99","9.34","47%","5.00","N/A","https://imgcdn.mckesson.com/CumulusWeb/Images/Item_Detail/827019_ppkgleft.jpg"
"gid://shopify/Product/us-4801","1029662","Blood Pressure Tubing McKesson LUMEON™ For use with Clock Face Aneroid Sphygmomanometers","Blood Pressure Monitors","McKesson Brand","10.70","19.99","24.99","9.29","46%","5.00","N/A","https://imgcdn.mckesson.com/CumulusWeb/Images/Item_Detail/1029662.jpg"
"gid://shopify/Product/us-4802","1165879","Reusable Blood Pressure Cuff 22 to 36 cm Arm Nylon Cuff Medium Cuff","Blood Pressure Monitors","Drive DeVilbiss Healthcare","10.78","19.99","24.99","9.21","46%","5.00","N/A","https://imgcdn.mckesson.com/CumulusWeb/Images/Item_Detail/1165879_right.jpg"
"gid://shopify/Product/us-4803","1237844","Digital Blood Pressure Monitor MABIS® Adult Cuff Wrist Cloth Fabric Cuff 5.3 to 8.5 inches Mobile","Blood Pressure Monitors","Mabis Healthcare","11.79","21.99","27.99","10.20","46%","6.00","N/A","https://imgcdn.mckesson.com/CumulusWeb/Images/Item_Detail/1237844_front.jpg"
"gid://shopify/Product/us-4804","1044907","Aneroid Sphygmomanometer Unit MooreBrand® Large Adult Cuff Arm Nylon Cuff 23 - 40 cm Pocket Aneroid","Blood Pressure Monitors","MedSource International","11.91","21.99","27.99","10.08","46%","6.00","N/A","https://imgcdn.mckesson.com/CumulusWeb/Images/Item_Detail/1044907_pkit.jpg"
"gid://shopify/Product/us-4805","363782","Blood Pressure Gauge McKesson Brand For use with Deluxe Aneroid Sphygmomanometers (01-720 Series)","Blood Pressure Monitors","McKesson Brand","11.97","21.99","27.99","10.02","46%","6.00","N/A","https://imgcdn.mckesson.com/CumulusWeb/Images/Item_Detail/363782_ppkgleft.jpg"
"gid://shopify/Product/us-4806","1217981","Safety Lancet McKesson 21 Gauge Retractable Pressure Activated Finger","Blood Pressure Monitors","McKesson Brand","12.43","22.99","28.99","10.56","46%","6.00","N/A","https://imgcdn.mckesson.com/CumulusWeb/Images/Item_Detail/1217981_ppkgfront.jpg"
"gid://shopify/Product/us-4807","1217983","Safety Lancet McKesson 30 Gauge Retractable Pressure Activated Finger","Blood Pressure Monitors","McKesson Brand","12.43","22.99","28.99","10.56","46%","6.00","N/A","https://imgcdn.mckesson.com/CumulusWeb/Images/Item_Detail/1217983_ppkgfront.jpg"
"gid://shopify/Product/us-4808","803209","Reusable Blood Pressure Cuff and Bulb McKesson LUMEON™ 13.9 to 19.5 cm Arm Nylon Cuff Child Cuff","Blood Pressure Monitors","McKesson Brand","13.15","23.99","29.99","10.84","45%","6.00","N/A","https://imgcdn.mckesson.com/CumulusWeb/Images/Item_Detail/803209_front_.jpg"
"gid://shopify/Product/us-4809","803197","Aneroid Sphygmomanometer Unit McKesson Brand Adult Cuff Arm Nylon Cuff 23 - 40 cm Pocket Aneroid","Blood Pressure Monitors","McKesson Brand","13.58","24.99","31.99","11.41","46%","7.00","N/A","https://imgcdn.mckesson.com/CumulusWeb/Images/Item_Detail/803197_ppkgleft2.jpg"
"gid://shopify/Product/us-4810","625462","Aneroid Sphygmomanometer Unit MABIS®Legacy Adult Cuff Arm Nylon Cuff 28 - 42 cm Pocket Aneroid","Blood Pressure Monitors","Mabis Healthcare","13.64","24.99","31.99","11.35","45%","7.00","N/A","https://imgcdn.mckesson.com/CumulusWeb/Images/Item_Detail/625462_front2.jpg"
"gid://shopify/Product/us-4811","363779","Aneroid Sphygmomanometer Unit BASIC Adult Cuff Arm Nylon Cuff 23 - 40 cm Pocket Aneroid","Blood Pressure Monitors","McKesson Brand","13.69","24.99","31.99","11.30","45%","7.00","N/A","https://imgcdn.mckesson.com/CumulusWeb/Images/Item_Detail/363779_ppkgleft.jpg"
"gid://shopify/Product/us-4812","803205","Reusable Blood Pressure Cuff and Bulb McKesson LUMEON™ 19 to 27 cm Arm Nylon Cuff Small Adult Cuff","Blood Pressure Monitors","McKesson Brand","13.92","25.99","32.99","12.07","46%","7.00","N/A","https://imgcdn.mckesson.com/CumulusWeb/Images/Item_Detail/803205_ppkgleft_.jpg"
"gid://shopify/Product/us-4813","803196","Aneroid Sphygmomanometer Unit McKesson Brand Small Adult Cuff Arm Nylon Cuff 19 - 27 cm Pocket Aneroid","Blood Pressure Monitors","McKesson Brand","14.02","25.99","32.99","11.97","46%","7.00","N/A","https://imgcdn.mckesson.com/CumulusWeb/Images/Item_Detail/803196_ppkgleft.jpg"
"gid://shopify/Product/us-4814","401303","Aneroid Sphygmomanometer Unit MABIS®Precision Adult Cuff Arm Nylon Cuff 28 - 42 cm Pocket Aneroid","Blood Pressure Monitors","Mabis Healthcare","14.65","26.99","33.99","12.34","46%","7.00","N/A","https://imgcdn.mckesson.com/CumulusWeb/Images/Item_Detail/401303_front.jpg"
"gid://shopify/Product/us-4815","1067633","Aneroid Sphygmomanometer Unit McKesson Brand Pediatric Cuff Arm Nylon Cuff 13 - 19.5 cm Pocket Aneroid","Blood Pressure Monitors","McKesson Brand","14.84","26.99","33.99","12.15","45%","7.00","N/A","https://imgcdn.mckesson.com/CumulusWeb/Images/Item_Detail/1067633_ppkgleft.jpg"
"gid://shopify/Product/us-4816","363778","Aneroid Sphygmomanometer Unit BASIC Small Adult Cuff Arm Nylon Cuff 12 - 17 cm Pocket Aneroid","Blood Pressure Monitors","McKesson Brand","15.18","27.99","34.99","12.81","46%","7.00","N/A","https://imgcdn.mckesson.com/CumulusWeb/Images/Item_Detail/363778_ppkgleft.jpg"
"gid://shopify/Product/us-4817","1089100","Reusable Blood Pressure Cuff Drive™ 30.4 to 44 cm Arm Nylon Cuff Extra Large Cuff","Blood Pressure Monitors","Drive DeVilbiss Healthcare","15.33","27.99","34.99","12.66","45%","7.00","N/A","https://imgcdn.mckesson.com/CumulusWeb/Images/Item_Detail/1089100_left.jpg"
"gid://shopify/Product/us-4818","803206","Reusable Blood Pressure Cuff and Bulb McKesson LUMEON™ 23 to 40 cm Arm Nylon Cuff Adult Cuff","Blood Pressure Monitors","McKesson Brand","15.76","28.99","36.99","13.23","46%","8.00","N/A","https://imgcdn.mckesson.com/CumulusWeb/Images/Item_Detail/803206_front_.jpg"
"gid://shopify/Product/us-4819","465774","Blood Pressure Inflation System Basket ADC® For use with Wall Sphygs 750 W, 952B, 9000W, 9002W","Blood Pressure Monitors","American Diagnostic Corp","15.95","28.99","36.99","13.04","45%","8.00","N/A","https://imgcdn.mckesson.com/CumulusWeb/Images/Item_Detail/465774_left.jpg"
"gid://shopify/Product/us-4820","363781","Blood Pressure Gauge McKesson Brand For use with Professional Aneroid Sphygmomanometers (01-700 Series)","Blood Pressure Monitors","McKesson Brand","16.66","30.99","38.99","14.33","46%","8.00","N/A","https://imgcdn.mckesson.com/CumulusWeb/Images/Item_Detail/363781_front.jpg"
"gid://shopify/Product/us-4821","942744","Reusable Blood Pressure Cuff Advantage™ 17 to 22 cm Arm Nylon Cuff Small Adult Cuff","Blood Pressure Monitors","American Diagnostic Corp","16.77","30.99","38.99","14.22","46%","8.00","N/A","https://imgcdn.mckesson.com/CumulusWeb/Images/Item_Detail/942744_left.jpg"
"gid://shopify/Product/us-4822","1160913","Reusable Blood Pressure Cuff Omron® 18 to 23 cm Arm Small Cuff","Blood Pressure Monitors","Emerson Healthcare","17.69","32.99","41.99","15.30","46%","9.00","N/A","https://imgcdn.mckesson.com/CumulusWeb/Images/Item_Detail/1160913_right.jpg"
"gid://shopify/Product/us-4823","985418","Reusable Blood Pressure Cuff Omron® 17 to 22.8 cm Arm Nylon Cuff Small Cuff","Blood Pressure Monitors","Emerson Healthcare","17.69","32.99","41.99","15.30","46%","9.00","N/A","https://imgcdn.mckesson.com/CumulusWeb/Images/Item_Detail/985418_ppkgfront.jpg"
"gid://shopify/Product/us-4824","1160918","Reusable Blood Pressure Cuff Omron® 23 to 45 cm Arm Nylon Cuff Wide Range Adult Cuff","Blood Pressure Monitors","Emerson Healthcare","17.69","32.99","41.99","15.30","46%","9.00","N/A","https://imgcdn.mckesson.com/CumulusWeb/Images/Item_Detail/1160918_right.jpg"
"gid://shopify/Product/us-4825","922151","Reusable Blood Pressure Cuff Omron® 22.8 to 43 cm Arm Nylon Cuff Wide Range Adult Cuff","Blood Pressure Monitors","Emerson Healthcare","17.69","32.99","41.99","15.30","46%","9.00","N/A","https://imgcdn.mckesson.com/CumulusWeb/Images/Item_Detail/922151_right.jpg"
"gid://shopify/Product/us-4826","1067632","Reusable Aneroid / Stethoscope Set McKesson Brand 23 to 33 cm Adult Cuff Single Head General Exam Stethoscope Pocket Aneroid","Blood Pressure Monitors","McKesson Brand","17.88","32.99","41.99","15.11","46%","9.00","N/A","https://imgcdn.mckesson.com/CumulusWeb/Images/Item_Detail/1067632_front.jpg"
"gid://shopify/Product/us-4827","803198","Aneroid Sphygmomanometer Unit McKesson Brand Large Adult Cuff Arm Nylon Cuff 34 - 50 cm Pocket Aneroid","Blood Pressure Monitors","McKesson Brand","18.23","33.99","42.99","15.76","46%","9.00","N/A","https://imgcdn.mckesson.com/CumulusWeb/Images/Item_Detail/803198_ppkgleft.jpg"
"gid://shopify/Product/us-4828","1188759","Safety Lancet Unistik™ 28 Gauge Retractable Pressure Activated Finger","Blood Pressure Monitors","Medical Grade","18.51","33.99","42.99","15.48","46%","9.00","N/A","https://imgcdn.mckesson.com/CumulusWeb/Images/Item_Detail/1188759_pkgright.jpg"
"gid://shopify/Product/us-4829","501875","Reusable Aneroid / Stethoscope Set Adult Cuff Single Head General Exam Stethoscope Pocket Aneroid","Blood Pressure Monitors","Graham-Field","18.83","34.99","43.99","16.16","46%","9.00","N/A","https://imgcdn.mckesson.com/CumulusWeb/Images/Item_Detail/501875_front.jpg"
"gid://shopify/Product/us-4830","781444","Blood Pressure Cuff Barrier Hopkins® For use with Blood Pressure Cuff","Blood Pressure Monitors","Hopkins Medical Products","18.85","34.99","43.99","16.14","46%","9.00","N/A","https://imgcdn.mckesson.com/CumulusWeb/Images/Item_Detail/781444_right.jpg"
"gid://shopify/Product/us-4831","1165772","Safety Lancet Unistik Touch 23 Gauge Retractable Pressure Activated Finger","Blood Pressure Monitors","Medical Grade","19.06","34.99","43.99","15.93","46%","9.00","N/A","https://imgcdn.mckesson.com/CumulusWeb/Images/Item_Detail/1165772_right.jpg"
"gid://shopify/Product/us-4832","592577","Reusable Blood Pressure Cuff Accufit® 36 to 45 cm Arm Nylon Cuff Large Cuff","Blood Pressure Monitors","A&D Engineering","19.39","35.99","44.99","16.60","46%","9.00","N/A","https://imgcdn.mckesson.com/CumulusWeb/Images/Item_Detail/592577_front.jpg"
"gid://shopify/Product/us-4833","1239871","Single Patient Use Blood Pressure Cuff Medline Arm Soft Fabric Cuff Small Adult Cuff","Blood Pressure Monitors","Medline","19.48","35.99","44.99","16.51","46%","9.00","N/A","https://imgcdn.mckesson.com/CumulusWeb/Images/Item_Detail/1239871_front.jpg"
"gid://shopify/Product/us-4834","1041132","Reusable Blood Pressure Cuff Home™ 22 to 42 cm Arm Nylon Cuff Wide Range Adult Cuff","Blood Pressure Monitors","Welch Allyn","19.60","35.99","44.99","16.39","46%","9.00","N/A","https://imgcdn.mckesson.com/CumulusWeb/Images/Item_Detail/1041132.jpg"
"gid://shopify/Product/us-4835","363780","Aneroid Sphygmomanometer Unit BASIC Large Adult Cuff Arm Nylon Cuff 34 - 50 cm Pocket Aneroid","Blood Pressure Monitors","McKesson Brand","19.60","35.99","44.99","16.39","46%","9.00","N/A","https://imgcdn.mckesson.com/CumulusWeb/Images/Item_Detail/363780_ppkgleft.jpg"
"gid://shopify/Product/us-4836","803207","Reusable Blood Pressure Cuff and Bulb McKesson LUMEON™ 34 to 50 cm Arm Nylon Cuff Large Adult Cuff","Blood Pressure Monitors","McKesson Brand","20.06","36.99","46.99","16.93","46%","10.00","N/A","https://imgcdn.mckesson.com/CumulusWeb/Images/Item_Detail/803207_front.jpg"
"gid://shopify/Product/us-4837","1067606","Aneroid Sphygmomanometer Unit McKesson Deluxe Adult Cuff Arm Nylon Cuff 23 - 40 cm Pocket Aneroid","Blood Pressure Monitors","McKesson Brand","20.15","36.99","46.99","16.84","46%","10.00","N/A","https://imgcdn.mckesson.com/CumulusWeb/Images/Item_Detail/1067606_front.jpg"
"gid://shopify/Product/us-4838","653517","Reusable Blood Pressure Cuff FlexiPort® 7 to 10 cm Arm Nylon Cuff Infant Cuff","Blood Pressure Monitors","Welch Allyn","20.26","36.99","46.99","16.73","45%","10.00","N/A","https://imgcdn.mckesson.com/CumulusWeb/Images/Item_Detail/653517_front.jpg"
"gid://shopify/Product/us-4839","1067617","Aneroid Sphygmomanometer Unit McKesson Premium Adult Cuff Arm Nylon Cuff 23 - 40 cm Pocket Aneroid","Blood Pressure Monitors","McKesson Brand","20.68","37.99","47.99","17.31","46%","10.00","N/A","https://imgcdn.mckesson.com/CumulusWeb/Images/Item_Detail/1067617_left.jpg"
"gid://shopify/Product/us-4840","662033","Reusable Blood Pressure Cuff FlexiPort® 9 to 13 cm Arm Nylon Cuff Infant Cuff","Blood Pressure Monitors","Welch Allyn","21.00","38.99","48.99","17.99","46%","10.00","N/A","https://imgcdn.mckesson.com/CumulusWeb/Images/Item_Detail/662033.jpg"
"gid://shopify/Product/us-4841","653646","Reusable Blood Pressure Cuff FlexiPort® 12 to 16 cm Arm Nylon Cuff Small Child Cuff","Blood Pressure Monitors","Welch Allyn","21.00","38.99","48.99","17.99","46%","10.00","N/A","https://imgcdn.mckesson.com/CumulusWeb/Images/Item_Detail/653646_front.jpg"
"gid://shopify/Product/us-4842","653644","Reusable Blood Pressure Cuff FlexiPort® 9 to 13 cm Arm Nylon Cuff Infant Cuff","Blood Pressure Monitors","Welch Allyn","21.00","38.99","48.99","17.99","46%","10.00","N/A","https://imgcdn.mckesson.com/CumulusWeb/Images/Item_Detail/653644_front.jpg"
"gid://shopify/Product/us-4843","651793","Reusable Blood Pressure Cuff FlexiPort® 12 to 16 cm Arm Nylon Cuff Small Child Cuff","Blood Pressure Monitors","Welch Allyn","21.00","38.99","48.99","17.99","46%","10.00","N/A","https://imgcdn.mckesson.com/CumulusWeb/Images/Item_Detail/651793_front.jpg"
"gid://shopify/Product/us-4844","942745","Reusable Blood Pressure Cuff Advantage™ Ultra 32 to 52 cm Arm Nylon Cuff Large Adult Cuff","Blood Pressure Monitors","American Diagnostic Corp","21.18","38.99","48.99","17.81","46%","10.00","N/A","https://imgcdn.mckesson.com/CumulusWeb/Images/Item_Detail/942745_left.jpg"
"gid://shopify/Product/us-4845","1067616","Aneroid Sphygmomanometer Unit McKesson Premium Adult Cuff Arm Nylon Cuff 23 - 40 cm Pocket Aneroid","Blood Pressure Monitors","McKesson Brand","21.59","39.99","49.99","18.40","46%","10.00","N/A","https://imgcdn.mckesson.com/CumulusWeb/Images/Item_Detail/1067616_pdet.jpg"
"gid://shopify/Product/us-4846","1067613","Aneroid Sphygmomanometer Unit McKesson Premium Adult Cuff Arm Nylon Cuff 23 - 40 cm Pocket Aneroid","Blood Pressure Monitors","McKesson Brand","21.59","39.99","49.99","18.40","46%","10.00","N/A","https://imgcdn.mckesson.com/CumulusWeb/Images/Item_Detail/1067613_pdet.jpg"
"gid://shopify/Product/us-4847","803204","Reusable Blood Pressure Cuff McKesson LUMEON™ 34 to 50 cm Arm Nylon Cuff Large Adult Cuff","Blood Pressure Monitors","McKesson Brand","21.69","39.99","49.99","18.30","46%","10.00","N/A","https://imgcdn.mckesson.com/CumulusWeb/Images/Item_Detail/803204_ppkgleft.jpg"
"gid://shopify/Product/us-4848","653435","Reusable Blood Pressure Cuff FlexiPort® 15 to 21 cm Arm Nylon Cuff Child Cuff","Blood Pressure Monitors","Welch Allyn","21.75","39.99","49.99","18.24","46%","10.00","N/A","https://imgcdn.mckesson.com/CumulusWeb/Images/Item_Detail/653435.jpg"
"gid://shopify/Product/us-4849","653633","Reusable Blood Pressure Cuff FlexiPort® 15 to 21 cm Arm Nylon Cuff Child Cuff","Blood Pressure Monitors","Welch Allyn","21.75","39.99","49.99","18.24","46%","10.00","N/A","https://imgcdn.mckesson.com/CumulusWeb/Images/Item_Detail/653633_pkgfront.jpg"
"gid://shopify/Product/us-4850","651754","Reusable Blood Pressure Cuff FlexiPort® 15 to 21 cm Arm Nylon Cuff Child Cuff","Blood Pressure Monitors","Welch Allyn","21.75","39.99","49.99","18.24","46%","10.00","N/A","https://imgcdn.mckesson.com/CumulusWeb/Images/Item_Detail/651754_front.jpg"
"gid://shopify/Product/us-4851","803186","Aneroid Sphygmomanometer Unit McKesson LUMEON™ Adult Cuff Arm Nylon Cuff 23 - 40 cm Pocket Aneroid","Blood Pressure Monitors","McKesson Brand","22.25","40.99","51.99","18.74","46%","11.00","N/A","https://imgcdn.mckesson.com/CumulusWeb/Images/Item_Detail/803186_front.jpg"
"gid://shopify/Product/us-4852","1247529","Home Automatic Digital Blood Pressure Monitor Zomee Extra Large Cuff Arm Nylon Cuff 16.5 to 21 Inch Desk Model","Blood Pressure Monitors","Zev Supplies Corp","22.35","40.99","51.99","18.64","45%","11.00","N/A","https://imgcdn.mckesson.com/CumulusWeb/Images/Item_Detail/1247529_pkit.jpg"
"gid://shopify/Product/us-4853","1247509","Home Automatic Digital Blood Pressure Monitor Zomee Adult Cuff Arm Nylon Cuff 8.5 to 16.5 Inch Desk Model","Blood Pressure Monitors","Zev Supplies Corp","22.35","40.99","51.99","18.64","45%","11.00","N/A","https://imgcdn.mckesson.com/CumulusWeb/Images/Item_Detail/1247509_right.jpg"
"gid://shopify/Product/us-4854","653436","Reusable Blood Pressure Cuff FlexiPort® 20 to 26 cm Arm Nylon Cuff Small Adult Cuff","Blood Pressure Monitors","Welch Allyn","22.49","40.99","51.99","18.50","45%","11.00","N/A","https://imgcdn.mckesson.com/CumulusWeb/Images/Item_Detail/653436_front.jpg"
"gid://shopify/Product/us-4855","662618","Reusable Blood Pressure Cuff FlexiPort® 20 to 26 cm Arm Nylon Cuff Small Adult Cuff","Blood Pressure Monitors","Welch Allyn","22.49","40.99","51.99","18.50","45%","11.00","N/A","https://imgcdn.mckesson.com/CumulusWeb/Images/Item_Detail/662618.jpg"
"gid://shopify/Product/us-4856","653634","Reusable Blood Pressure Cuff FlexiPort® 20 to 26 cm Arm Nylon Cuff Small Adult Cuff","Blood Pressure Monitors","Welch Allyn","22.49","40.99","51.99","18.50","45%","11.00","N/A","https://imgcdn.mckesson.com/CumulusWeb/Images/Item_Detail/653634_left.jpg"
"gid://shopify/Product/us-4857","651727","Reusable Blood Pressure Cuff FlexiPort® 20 to 26 cm Arm Nylon Cuff Small Adult Cuff","Blood Pressure Monitors","Welch Allyn","22.49","40.99","51.99","18.50","45%","11.00","N/A","https://imgcdn.mckesson.com/CumulusWeb/Images/Item_Detail/651727_front.jpg"
"gid://shopify/Product/us-4858","992804","Aneroid Sphygmomanometer Unit Prosphyg™775 Series Adult Cuff Arm Nylon Cuff 23 - 40 cm Pocket Aneroid","Blood Pressure Monitors","American Diagnostic Corp","22.49","40.99","51.99","18.50","45%","11.00","N/A","https://imgcdn.mckesson.com/CumulusWeb/Images/Item_Detail/992804_right.jpg"
"gid://shopify/Product/us-4859","651755","Reusable Blood Pressure Cuff FlexiPort® 20 to 26 cm Arm Nylon Cuff Small Adult Cuff","Blood Pressure Monitors","Welch Allyn","22.49","40.99","51.99","18.50","45%","11.00","N/A","https://imgcdn.mckesson.com/CumulusWeb/Images/Item_Detail/651755_front.jpg"
"gid://shopify/Product/us-4860","647323","Aneroid Sphygmomanometer Unit Prosphyg™775 Series Small Adult Cuff Arm Nylon Cuff 19 - 27 cm Pocket Aneroid","Blood Pressure Monitors","American Diagnostic Corp","22.49","40.99","51.99","18.50","45%","11.00","N/A","https://imgcdn.mckesson.com/CumulusWeb/Images/Item_Detail/647323_right.jpg"
"gid://shopify/Product/us-4861","1041134","Blood Pressure Unit AC Adapter Welch Allyn® For use with Blood Pressure Monitor","Blood Pressure Monitors","Welch Allyn","22.87","41.99","52.99","19.12","46%","11.00","N/A","https://imgcdn.mckesson.com/CumulusWeb/Images/Item_Detail/1041134.jpg"
"gid://shopify/Product/us-4862","803189","Aneroid Sphygmomanometer Unit McKesson LUMEON™ Pediatric Cuff Arm Nylon Cuff 13 - 19.5 cm Pocket Aneroid","Blood Pressure Monitors","McKesson Brand","23.02","41.99","52.99","18.97","45%","11.00","N/A","https://imgcdn.mckesson.com/CumulusWeb/Images/Item_Detail/803189_ppkgleft.jpg"
"gid://shopify/Product/us-4863","651796","Reusable Blood Pressure Cuff FlexiPort® 25 to 34 cm Arm Nylon Cuff Adult Cuff","Blood Pressure Monitors","Welch Allyn","23.23","42.99","53.99","19.76","46%","11.00","N/A","https://imgcdn.mckesson.com/CumulusWeb/Images/Item_Detail/651796.jpg"
"gid://shopify/Product/us-4864","653635","Reusable Blood Pressure Cuff FlexiPort® 25 to 34 cm Arm Nylon Cuff Adult Cuff","Blood Pressure Monitors","Welch Allyn","23.23","42.99","53.99","19.76","46%","11.00","N/A","https://imgcdn.mckesson.com/CumulusWeb/Images/Item_Detail/653635_pdet.jpg"
"gid://shopify/Product/us-4865","651524","Reusable Blood Pressure Cuff FlexiPort® 25 to 34 cm Arm Nylon Cuff Adult Cuff","Blood Pressure Monitors","Welch Allyn","23.23","42.99","53.99","19.76","46%","11.00","N/A","https://imgcdn.mckesson.com/CumulusWeb/Images/Item_Detail/651524_front.jpg"
"gid://shopify/Product/us-4866","651752","Reusable Blood Pressure Cuff FlexiPort® 25 to 34 cm Arm Nylon Cuff Adult Cuff","Blood Pressure Monitors","Welch Allyn","23.23","42.99","53.99","19.76","46%","11.00","N/A","https://imgcdn.mckesson.com/CumulusWeb/Images/Item_Detail/651752_front.jpg"
"gid://shopify/Product/us-4867","850936","Reusable Blood Pressure Cuff and Bulb McKesson LUMEON™ 40 to 66 cm Leg Nylon Cuff Thigh Cuff","Blood Pressure Monitors","McKesson Brand","23.42","42.99","53.99","19.57","46%","11.00","N/A","https://imgcdn.mckesson.com/CumulusWeb/Images/Item_Detail/850936_front_.jpg"
"gid://shopify/Product/us-4868","1226067","Home Automatic Digital Blood Pressure Monitor Smartheart Adult Cuff Arm Nylon Cuff 13.5 to 21.5 cm Talking Model","Blood Pressure Monitors","Veridian Healthcare LLC","23.53","42.99","53.99","19.46","45%","11.00","N/A","https://imgcdn.mckesson.com/CumulusWeb/Images/Item_Detail/1226067_pkgright.jpg"
"gid://shopify/Product/us-4869","1067608","Aneroid Sphygmomanometer Unit McKesson Deluxe Large Adult Cuff Arm Nylon Cuff 34 - 50 cm Pocket Aneroid","Blood Pressure Monitors","McKesson Brand","23.79","43.99","54.99","20.20","46%","11.00","N/A","https://imgcdn.mckesson.com/CumulusWeb/Images/Item_Detail/1067608_front.jpg"
"gid://shopify/Product/us-4870","268595","Aneroid Sphygmomanometer Unit MABIS®Precision Pediatric Cuff Arm Nylon Cuff 20 - 29 cm Pocket Aneroid","Blood Pressure Monitors","Mabis Healthcare","23.90","43.99","54.99","20.09","46%","11.00","N/A","https://imgcdn.mckesson.com/CumulusWeb/Images/Item_Detail/268595_pdet.jpg"
"gid://shopify/Product/us-4871","1012669","Home Automatic Digital Blood Pressure Monitor MABIS® One Size Fits Most Cuff Wrist Nylon Cuff 13 - 21 cm Mobile","Blood Pressure Monitors","Mabis Healthcare","24.18","43.99","54.99","19.81","45%","11.00","N/A","https://imgcdn.mckesson.com/CumulusWeb/Images/Item_Detail/1012669_right.jpg"
"gid://shopify/Product/us-4872","1226072","Reusable Aneroid / Stethoscope Set Veridian 27.9 to 41.6 cm Adult Cuff Dual Head General Exam Stethoscope Pocket Aneroid","Blood Pressure Monitors","Veridian Healthcare LLC","24.33","44.99","56.99","20.66","46%","12.00","N/A","https://imgcdn.mckesson.com/CumulusWeb/Images/Item_Detail/1226072_pkit.jpg"
"gid://shopify/Product/us-4873","653516","Blood Pressure Cuff Fitting Welch Allyn®","Blood Pressure Monitors","Welch Allyn","24.53","44.99","56.99","20.46","45%","12.00","N/A","https://imgcdn.mckesson.com/CumulusWeb/Images/Item_Detail/653516_front.jpg"
"gid://shopify/Product/us-4874","1226088","Reusable Aneroid / Stethoscope Set Veridian 27.9 to 41.6 cm Adult Cuff Dual Head General Exam Stethoscope Pocket Aneroid","Blood Pressure Monitors","Veridian Healthcare LLC","24.55","44.99","56.99","20.44","45%","12.00","N/A","https://imgcdn.mckesson.com/CumulusWeb/Images/Item_Detail/1226088_pkit.jpg"
"gid://shopify/Product/us-4875","481137","Reusable Aneroid / Stethoscope Set Advantage™ 24 to 33.6 cm Adult Cuff Single Head General Exam Stethoscope Pocket Aneroid","Blood Pressure Monitors","American Diagnostic Corp","24.57","44.99","56.99","20.42","45%","12.00","N/A","https://imgcdn.mckesson.com/CumulusWeb/Images/Item_Detail/481137_pkgleft.jpg"
"gid://shopify/Product/us-4876","1039407","Reusable Aneroid / Stethoscope Set Lumiscope® Adult Cuff Dual Head Sprague Stethoscope Pocket Aneroid","Blood Pressure Monitors","Graham-Field","24.70","44.99","56.99","20.29","45%","12.00","N/A","https://imgcdn.mckesson.com/CumulusWeb/Images/Item_Detail/1039407_pkit.jpg"
"gid://shopify/Product/us-4877","803185","Aneroid Sphygmomanometer Unit McKesson LUMEON™ Small Adult Cuff Arm Nylon Cuff 19 - 27 cm Pocket Aneroid","Blood Pressure Monitors","McKesson Brand","24.81","45.99","57.99","21.18","46%","12.00","N/A","https://imgcdn.mckesson.com/CumulusWeb/Images/Item_Detail/803185_front2.jpg"
"gid://shopify/Product/us-4878","803187","Aneroid Sphygmomanometer Unit McKesson LUMEON™ Large Adult Cuff Arm Nylon Cuff 34 - 50 cm Pocket Aneroid","Blood Pressure Monitors","McKesson Brand","25.27","45.99","57.99","20.72","45%","12.00","N/A","https://imgcdn.mckesson.com/CumulusWeb/Images/Item_Detail/803187_front.jpg"
"gid://shopify/Product/us-4879","935036","Reusable Blood Pressure Cuff ADC® 34 to 50 cm Arm Nylon Cuff Large Adult Cuff","Blood Pressure Monitors","American Diagnostic Corp","25.56","46.99","58.99","21.43","46%","12.00","N/A","https://imgcdn.mckesson.com/CumulusWeb/Images/Item_Detail/935036.jpg"
"gid://shopify/Product/us-4880","803182","Aneroid Sphygmomanometer Unit McKesson LUMEON™ Small Adult Cuff Arm Nylon Cuff 19 - 27 cm Pocket Aneroid","Blood Pressure Monitors","McKesson Brand","25.77","46.99","58.99","21.22","45%","12.00","N/A","https://imgcdn.mckesson.com/CumulusWeb/Images/Item_Detail/803182_front.jpg"
"gid://shopify/Product/us-4881","803183","Aneroid Sphygmomanometer Unit McKesson LUMEON™ Adult Cuff Arm Nylon Cuff 23 - 40 cm Pocket Aneroid","Blood Pressure Monitors","McKesson Brand","25.87","47.99","59.99","22.12","46%","12.00","N/A","https://imgcdn.mckesson.com/CumulusWeb/Images/Item_Detail/803183_front.jpg"
"gid://shopify/Product/us-4882","626464","Reusable Blood Pressure Cuff Mindray™ 33 to 47 cm Arm Nylon Cuff Large Adult Cuff","Blood Pressure Monitors","Mindray USA","26.35","47.99","59.99","21.64","45%","12.00","N/A","https://imgcdn.mckesson.com/CumulusWeb/Images/Item_Detail/626464_front.jpg"
"gid://shopify/Product/us-4883","1192930","Reusable Blood Pressure Cuff 40 to 54 cm Arm Nylon Cuff Extra Large Cuff","Blood Pressure Monitors","Welch Allyn","26.40","47.99","59.99","21.59","45%","12.00","N/A","https://imgcdn.mckesson.com/CumulusWeb/Images/Item_Detail/1192930_right_.jpg"
"gid://shopify/Product/us-4884","662641","Reusable Blood Pressure Cuff FlexiPort® 32 to 43 cm Arm Nylon Cuff Large Adult Cuff","Blood Pressure Monitors","Welch Allyn","26.40","47.99","59.99","21.59","45%","12.00","N/A","https://imgcdn.mckesson.com/CumulusWeb/Images/Item_Detail/662641_pdet.jpg"
"gid://shopify/Product/us-4885","651787","Reusable Blood Pressure Cuff FlexiPort® 32 to 43 cm Arm Nylon Cuff Large Adult Cuff","Blood Pressure Monitors","Welch Allyn","26.40","47.99","59.99","21.59","45%","12.00","N/A","https://imgcdn.mckesson.com/CumulusWeb/Images/Item_Detail/651787_front.jpg"
"gid://shopify/Product/us-4886","1041133","Reusable Blood Pressure Cuff Home™ 40 to 54 cm Arm Nylon Cuff Extra Large Cuff","Blood Pressure Monitors","Welch Allyn","26.40","47.99","59.99","21.59","45%","12.00","N/A","https://imgcdn.mckesson.com/CumulusWeb/Images/Item_Detail/1041133_right.jpg"
"gid://shopify/Product/us-4887","651753","Reusable Blood Pressure Cuff FlexiPort® 32 to 43 cm Arm Nylon Cuff Large Adult Cuff","Blood Pressure Monitors","Welch Allyn","26.40","47.99","59.99","21.59","45%","12.00","N/A","https://imgcdn.mckesson.com/CumulusWeb/Images/Item_Detail/651753_front.jpg"
"gid://shopify/Product/us-4888","854387","Home Automatic Digital Blood Pressure Monitor McKesson One Size Fits Most Cuff Wrist Nylon Cuff Desk Model","Blood Pressure Monitors","McKesson Brand","26.44","48.99","61.99","22.55","46%","13.00","N/A","https://imgcdn.mckesson.com/CumulusWeb/Images/Item_Detail/854387_ppkgleft.jpg"
"gid://shopify/Product/us-4889","1012666","Home Automatic Digital Blood Pressure Monitor MABIS® Large Cuff Arm Nylon Cuff 23 - 40 cm Desk Model","Blood Pressure Monitors","Mabis Healthcare","26.50","48.99","61.99","22.49","46%","13.00","N/A","https://imgcdn.mckesson.com/CumulusWeb/Images/Item_Detail/1012666_front.jpg"
"gid://shopify/Product/us-4890","421655","Aneroid Sphygmomanometer Unit Prosphyg™760 Series Adult Cuff Arm Nylon Cuff 23 - 40 cm Pocket Aneroid","Blood Pressure Monitors","American Diagnostic Corp","26.62","48.99","61.99","22.37","46%","13.00","N/A","https://imgcdn.mckesson.com/CumulusWeb/Images/Item_Detail/421655_left.jpg"
"gid://shopify/Product/us-4891","995509","Aneroid Sphygmomanometer Unit McKesson LUMEON™ Pediatric Cuff Arm Nylon Cuff 13 - 19.5 cm Pocket Aneroid","Blood Pressure Monitors","McKesson Brand","26.65","48.99","61.99","22.34","46%","13.00","N/A","https://imgcdn.mckesson.com/CumulusWeb/Images/Item_Detail/995509_front.jpg"
"gid://shopify/Product/us-4892","651756","Reusable Blood Pressure Cuff FlexiPort® 25 to 34 cm Arm Nylon Cuff Adult Long Cuff","Blood Pressure Monitors","Welch Allyn","27.14","49.99","62.99","22.85","46%","13.00","N/A","https://imgcdn.mckesson.com/CumulusWeb/Images/Item_Detail/651756_front.jpg"
"gid://shopify/Product/us-4893","661371","Reusable Blood Pressure Cuff FlexiPort® 25 to 34 cm Arm Nylon Cuff Adult Long Cuff","Blood Pressure Monitors","Welch Allyn","27.14","49.99","62.99","22.85","46%","13.00","N/A","https://imgcdn.mckesson.com/CumulusWeb/Images/Item_Detail/661371.jpg"
"gid://shopify/Product/us-4894","733598","Reusable Blood Pressure Cuff FlexiPort® 25 to 34 cm Arm Nylon Cuff Adult Long Cuff","Blood Pressure Monitors","Welch Allyn","27.14","49.99","62.99","22.85","46%","13.00","N/A","https://imgcdn.mckesson.com/CumulusWeb/Images/Item_Detail/733598.jpg"
"gid://shopify/Product/us-4895","653647","Reusable Blood Pressure Cuff FlexiPort® 25 to 34 cm Arm Nylon Cuff Adult Long Cuff","Blood Pressure Monitors","Welch Allyn","27.14","49.99","62.99","22.85","46%","13.00","N/A","https://imgcdn.mckesson.com/CumulusWeb/Images/Item_Detail/653647_front.jpg"
"gid://shopify/Product/us-4896","778514","Blood Pressure Hose For use with Blood Pressure Monitor","Blood Pressure Monitors","Mindray USA","27.23","49.99","62.99","22.76","46%","13.00","N/A","https://imgcdn.mckesson.com/CumulusWeb/Images/Item_Detail/778514.jpg"
"gid://shopify/Product/us-4897","935051","Reusable Blood Pressure Cuff and Bulb Adcuff™ 19 to 27 cm Arm Nylon Cuff Small Adult Cuff","Blood Pressure Monitors","American Diagnostic Corp","27.72","50.99","63.99","23.27","46%","13.00","N/A","https://imgcdn.mckesson.com/CumulusWeb/Images/Item_Detail/935051_left.jpg"
"gid://shopify/Product/us-4898","1089467","Reusable Aneroid / Stethoscope Set McKesson Brand 23 to 33 cm Adult Cuff Dual Head Sprague Stethoscope Pocket Aneroid","Blood Pressure Monitors","McKesson Brand","27.88","50.99","63.99","23.11","45%","13.00","N/A","https://imgcdn.mckesson.com/CumulusWeb/Images/Item_Detail/1089467_front.jpg"
"gid://shopify/Product/us-4899","682576","Reusable Blood Pressure Cuff Mindray™ 24 to 35 cm Arm Nylon Cuff Adult Cuff","Blood Pressure Monitors","Mindray USA","28.11","51.99","64.99","23.88","46%","13.00","N/A","https://imgcdn.mckesson.com/CumulusWeb/Images/Item_Detail/682576_pkgfront.jpg"
"gid://shopify/Product/us-4900","804069","Aneroid Sphygmomanometer Unit McKesson LUMEON™ Thigh Cuff Thigh Nylon Cuff 40 - 66 cm Pocket Aneroid","Blood Pressure Monitors","McKesson Brand","28.17","51.99","64.99","23.82","46%","13.00","N/A","https://imgcdn.mckesson.com/CumulusWeb/Images/Item_Detail/804069_ppkgleft.jpg"
"gid://shopify/Product/us-4901","1237413","Digital Blood Pressure Monitor Smartheart Adult Cuff Wrist 5.5 X 7.6 Inch Mobile","Blood Pressure Monitors","Veridian Healthcare LLC","28.89","52.99","66.99","24.10","45%","14.00","N/A","https://imgcdn.mckesson.com/CumulusWeb/Images/Item_Detail/1237413_left.jpg"
"gid://shopify/Product/us-4902","803184","Aneroid Sphygmomanometer Unit McKesson LUMEON™ Large Adult Cuff Arm Nylon Cuff 34 - 50 cm Pocket Aneroid","Blood Pressure Monitors","McKesson Brand","28.90","52.99","66.99","24.09","45%","14.00","N/A","https://imgcdn.mckesson.com/CumulusWeb/Images/Item_Detail/803184_front.jpg"
"gid://shopify/Product/us-4903","1047816","Home Automatic Digital Blood Pressure Monitor Drive™ Medium Cuff Wrist Cloth Fabric Cuff 13 - 22 cm Mobile","Blood Pressure Monitors","Drive DeVilbiss Healthcare","29.15","52.99","66.99","23.84","45%","14.00","N/A","https://imgcdn.mckesson.com/CumulusWeb/Images/Item_Detail/1047816_front.jpg"
"gid://shopify/Product/us-4904","511570","Reusable Blood Pressure Cuff Mindray™ 27.5 to 36.5 cm Arm Nylon Cuff Adult Long Cuff","Blood Pressure Monitors","Mindray USA","29.44","53.99","67.99","24.55","45%","14.00","N/A","https://imgcdn.mckesson.com/CumulusWeb/Images/Item_Detail/511570_front.jpg"
"gid://shopify/Product/us-4905","1269801","Digital Blood Pressure Monitor AND Wide Cuff Arm Nylon Cuff 8.6 tp 16.5 Inch Circumference Desk Model","Blood Pressure Monitors","A&D Engineering","29.52","53.99","67.99","24.47","45%","14.00","N/A","https://imgcdn.mckesson.com/CumulusWeb/Images/Item_Detail/1269801_front.jpg"
"gid://shopify/Product/us-4906","860346","Single Patient Use MRSA Kit without thermometer Adult Cuff Single Head Disposable Stethoscope Pocket Aneroid","Blood Pressure Monitors","Hopkins Medical Products","29.79","54.99","68.99","25.20","46%","14.00","N/A","https://imgcdn.mckesson.com/CumulusWeb/Images/Item_Detail/860346.jpg"
"gid://shopify/Product/us-4907","1067622","Reusable Aneroid / Stethoscope Set McKesson Brand 23 to 33 cm Adult Cuff Dual Head Sprague Stethoscope Pocket Aneroid","Blood Pressure Monitors","McKesson Brand","30.05","50.99","63.99","20.94","41%","13.00","N/A","https://imgcdn.mckesson.com/CumulusWeb/Images/Item_Detail/1067622_left.jpg"
"gid://shopify/Product/us-4908","1067624","Reusable Aneroid / Stethoscope Set McKesson Brand 23 to 33 cm Adult Cuff Dual Head Sprague Stethoscope Pocket Aneroid","Blood Pressure Monitors","McKesson Brand","30.05","50.99","63.99","20.94","41%","13.00","N/A","https://imgcdn.mckesson.com/CumulusWeb/Images/Item_Detail/1067624_pdet.jpg"
"gid://shopify/Product/us-4909","1067623","Reusable Aneroid / Stethoscope Set McKesson Brand 23 to 33 cm Adult Cuff Dual Head Sprague Stethoscope Pocket Aneroid","Blood Pressure Monitors","McKesson Brand","30.05","50.99","63.99","20.94","41%","13.00","N/A","https://imgcdn.mckesson.com/CumulusWeb/Images/Item_Detail/1067623_pdet.jpg"
"gid://shopify/Product/us-4910","1067625","Reusable Aneroid / Stethoscope Set McKesson Brand 23 to 33 cm Adult Cuff Dual Head Sprague Stethoscope Pocket Aneroid","Blood Pressure Monitors","McKesson Brand","30.05","50.99","63.99","20.94","41%","13.00","N/A","https://imgcdn.mckesson.com/CumulusWeb/Images/Item_Detail/1067625_pdet.jpg"
"gid://shopify/Product/us-4911","653816","Blood Pressure Tube Set Bronze Series DS44 For use with FlexiPort Blood Pressure Cuff","Blood Pressure Monitors","Welch Allyn","30.24","50.99","63.99","20.75","41%","13.00","N/A","https://imgcdn.mckesson.com/CumulusWeb/Images/Item_Detail/653816_side.jpg"
"gid://shopify/Product/us-4912","651795","Reusable Blood Pressure Cuff FlexiPort® 32 to 43 cm Arm Nylon Cuff Adult Long Cuff","Blood Pressure Monitors","Welch Allyn","30.29","50.99","63.99","20.70","41%","13.00","N/A","https://imgcdn.mckesson.com/CumulusWeb/Images/Item_Detail/651795_front.jpg"
"gid://shopify/Product/us-4913","653437","Reusable Blood Pressure Cuff FlexiPort® 32 to 43 cm Arm Nylon Cuff Adult Long Cuff","Blood Pressure Monitors","Welch Allyn","30.29","50.99","63.99","20.70","41%","13.00","N/A","https://imgcdn.mckesson.com/CumulusWeb/Images/Item_Detail/653437.jpg"
"gid://shopify/Product/us-4914","671038","Reusable Blood Pressure Cuff FlexiPort® 32 to 43 cm Arm Nylon Cuff Adult Long Cuff","Blood Pressure Monitors","Welch Allyn","30.29","50.99","63.99","20.70","41%","13.00","N/A","https://imgcdn.mckesson.com/CumulusWeb/Images/Item_Detail/671038_front.jpg"
"gid://shopify/Product/us-4915","741596","Aneroid Sphygmomanometer Unit MABIS®Legacy Large Adult Cuff Arm Nylon Cuff 33 - 51 cm Pocket Aneroid","Blood Pressure Monitors","Mabis Healthcare","30.63","51.99","64.99","21.36","41%","13.00","N/A","https://imgcdn.mckesson.com/CumulusWeb/Images/Item_Detail/741596_pdet.jpg"
"gid://shopify/Product/us-4916","1058324","Home Automatic Digital Blood Pressure Monitor Drive™ Medium Cuff Arm Nylon Cuff 22 - 36 cm Desk Model","Blood Pressure Monitors","Drive DeVilbiss Healthcare","30.85","51.99","64.99","21.14","41%","13.00","N/A","https://imgcdn.mckesson.com/CumulusWeb/Images/Item_Detail/1058324_front.jpg"
"gid://shopify/Product/us-4917","854388","Home Automatic Digital Blood Pressure Monitor McKesson Brand Adult Cuff Arm Nylon Cuff 22 - 36 cm Desk Model","Blood Pressure Monitors","McKesson Brand","31.05","51.99","64.99","20.94","40%","13.00","N/A","https://imgcdn.mckesson.com/CumulusWeb/Images/Item_Detail/854388_ppkgleft.jpg"
"gid://shopify/Product/us-4918","257022","Aneroid Sphygmomanometer Unit Prosphyg™760 Series Large Adult Cuff Arm Nylon Cuff 34 - 50 cm Pocket Aneroid","Blood Pressure Monitors","American Diagnostic Corp","31.79","52.99","66.99","21.20","40%","14.00","N/A","https://imgcdn.mckesson.com/CumulusWeb/Images/Item_Detail/257022_left.jpg"
"gid://shopify/Product/us-4919","1028721","Aneroid Sphygmomanometer Unit McKesson LUMEON™ Thigh Cuff Thigh Nylon Cuff 40 - 66 cm Pocket Aneroid","Blood Pressure Monitors","McKesson Brand","32.06","53.99","67.99","21.93","41%","14.00","N/A","https://imgcdn.mckesson.com/CumulusWeb/Images/Item_Detail/1028721_ppkgleft.jpg"
"gid://shopify/Product/us-4920","1028819","Reusable Aneroid / Stethoscope Set Proscope™ 23 to 33 cm Adult Cuff Dual Head General Exam Stethoscope Pocket Aneroid","Blood Pressure Monitors","American Diagnostic Corp","33.41","55.99","69.99","22.58","40%","14.00","N/A","https://imgcdn.mckesson.com/CumulusWeb/Images/Item_Detail/1028819_front.jpg"
"gid://shopify/Product/us-4921","497344","Aneroid Sphygmomanometer Unit Prosphyg™760 Series Infant Cuff Arm Nylon Cuff 9 - 14 cm Pocket Aneroid","Blood Pressure Monitors","American Diagnostic Corp","33.79","56.99","71.99","23.20","41%","15.00","N/A","https://imgcdn.mckesson.com/CumulusWeb/Images/Item_Detail/497344_left.jpg"
"gid://shopify/Product/us-4922","1029677","Reusable Aneroid / Stethoscope Set McKesson Brand 23 to 33 cm Adult Cuff Dual Head Sprague Stethoscope Pocket Aneroid","Blood Pressure Monitors","McKesson Brand","34.32","57.99","72.99","23.67","41%","15.00","N/A","https://imgcdn.mckesson.com/CumulusWeb/Images/Item_Detail/1029677.jpg"
"gid://shopify/Product/us-4923","803194","Reusable Aneroid / Stethoscope Set McKesson Brand 23 to 33 cm Adult Cuff Dual Head Sprague Stethoscope Pocket Aneroid","Blood Pressure Monitors","McKesson Brand","34.34","57.99","72.99","23.65","41%","15.00","N/A","https://imgcdn.mckesson.com/CumulusWeb/Images/Item_Detail/803194_ppkgleft.jpg"
"gid://shopify/Product/us-4924","803195","Reusable Aneroid / Stethoscope Set McKesson Brand 23 to 33 cm Adult Cuff Dual Head Sprague Stethoscope Pocket Aneroid","Blood Pressure Monitors","McKesson Brand","34.34","57.99","72.99","23.65","41%","15.00","N/A","https://imgcdn.mckesson.com/CumulusWeb/Images/Item_Detail/803195_ppkgleft.jpg"
"gid://shopify/Product/us-4925","648810","Blood Pressure Connector Welch Allyn®","Blood Pressure Monitors","Welch Allyn","34.38","57.99","72.99","23.61","41%","15.00","N/A","https://imgcdn.mckesson.com/CumulusWeb/Images/Item_Detail/648810.jpg"
"gid://shopify/Product/us-4926","786776","Single Patient Use MRSA Kit with thermometer Hopkins® 23 to 33 cm Adult Cuff Single Head Disposable Stethoscope Pocket Aneroid","Blood Pressure Monitors","Hopkins Medical Products","35.09","58.99","73.99","23.90","41%","15.00","N/A","https://imgcdn.mckesson.com/CumulusWeb/Images/Item_Detail/786776_pkit_.jpg"
"gid://shopify/Product/us-4927","477062","Reusable Blood Pressure Cuff and Bulb Calibrated® V-Lok® 33 to 47 cm Arm Polyester Fabric Cuff Large Adult Cuff","Blood Pressure Monitors","W.A. Baum","35.17","58.99","73.99","23.82","40%","15.00","N/A","https://imgcdn.mckesson.com/CumulusWeb/Images/Item_Detail/477062.jpg"
"gid://shopify/Product/us-4928","45934","Reusable Blood Pressure Cuff and Bulb Calibrated® V-Lok® 33 to 47 cm Arm Polyester Fabric Cuff Large Adult Cuff","Blood Pressure Monitors","W.A. Baum","35.17","58.99","73.99","23.82","40%","15.00","N/A","https://imgcdn.mckesson.com/CumulusWeb/Images/Item_Detail/45934_ppkgleft.jpg"
"gid://shopify/Product/us-4929","1027490","Reusable Blood Pressure Cuff M-Series 27 to 35 cm Arm Cloth Fabric Cuff Adult Cuff","Blood Pressure Monitors","EdanUSA & MDPro","35.68","59.99","74.99","24.31","41%","15.00","N/A","https://imgcdn.mckesson.com/CumulusWeb/Images/Item_Detail/1027490.jpg"
"gid://shopify/Product/us-4930","803191","Reusable Aneroid / Stethoscope Set McKesson Brand 23 to 33 cm Adult Cuff Dual Head Sprague Stethoscope Pocket Aneroid","Blood Pressure Monitors","McKesson Brand","36.17","60.99","76.99","24.82","41%","16.00","N/A","https://imgcdn.mckesson.com/CumulusWeb/Images/Item_Detail/803191_ppkgleft.jpg"
"gid://shopify/Product/us-4931","651791","Reusable Blood Pressure Cuff and Bulb FlexiPort® 15 to 21 cm Arm Nylon Cuff Child Cuff","Blood Pressure Monitors","Welch Allyn","36.42","60.99","76.99","24.57","40%","16.00","N/A","https://imgcdn.mckesson.com/CumulusWeb/Images/Item_Detail/651791.jpg"
"gid://shopify/Product/us-4932","1055467","Home Automatic Digital Blood Pressure Monitor Drive™ Medium Cuff Arm Nylon Cuff 22 - 36 cm Desk Model","Blood Pressure Monitors","Drive DeVilbiss Healthcare","36.77","61.99","77.99","25.22","41%","16.00","N/A","https://imgcdn.mckesson.com/CumulusWeb/Images/Item_Detail/1055467_front.jpg"
"gid://shopify/Product/us-4933","1281430","Digital Blood Pressure Monitor Trackstar Adult Cuff Wrist Mobile","Blood Pressure Monitors","Veridian Healthcare LLC","37.65","62.99","78.99","25.34","40%","16.00","N/A","https://imgcdn.mckesson.com/CumulusWeb/Images/Item_Detail/1281430_ppkgfront.jpg"
"gid://shopify/Product/us-4934","788081","Single Patient Use Vital Signs Kit with thermometer ISO 25 to 40 cm Adult Cuff Dual Head General Exam Stethoscope Pocket Aneroid","Blood Pressure Monitors","Hopkins Medical Products","37.82","63.99","79.99","26.17","41%","16.00","N/A","https://imgcdn.mckesson.com/CumulusWeb/Images/Item_Detail/788081.jpg"
"gid://shopify/Product/us-4935","832507","Single Patient Use Vital Signs Kit with thermometer ISO Adult Cuff Dual Head Sprague Stethoscope Pocket Aneroid","Blood Pressure Monitors","Hopkins Medical Products","38.34","63.99","79.99","25.65","40%","16.00","N/A","https://imgcdn.mckesson.com/CumulusWeb/Images/Item_Detail/832507_pkit.jpg"
"gid://shopify/Product/us-4936","651762","Reusable Blood Pressure Cuff and Bulb FlexiPort® 25 to 34 cm Arm Nylon Cuff Adult Cuff","Blood Pressure Monitors","Welch Allyn","38.65","64.99","81.99","26.34","41%","17.00","N/A","https://imgcdn.mckesson.com/CumulusWeb/Images/Item_Detail/651762_front.jpg"
"gid://shopify/Product/us-4937","455176","Coiled Tubing 4 Foot Length For use with Tycos 509 Wall and Mobile Aneroid Sphygmomanometers","Blood Pressure Monitors","Welch Allyn","40.14","66.99","83.99","26.85","40%","17.00","N/A","https://imgcdn.mckesson.com/CumulusWeb/Images/Item_Detail/455176_right.jpg"
"gid://shopify/Product/us-4938","653753","Reusable Blood Pressure Cuff FlexiPort® 40 to 55 cm Leg Nylon Cuff Thigh Cuff","Blood Pressure Monitors","Welch Allyn","40.52","67.99","84.99","27.47","40%","17.00","N/A","https://imgcdn.mckesson.com/CumulusWeb/Images/Item_Detail/653753_front.jpg"
"gid://shopify/Product/us-4939","651761","Reusable Blood Pressure Cuff FlexiPort® 40 to 55 cm Leg Nylon Cuff Thigh Cuff","Blood Pressure Monitors","Welch Allyn","40.52","67.99","84.99","27.47","40%","17.00","N/A","https://imgcdn.mckesson.com/CumulusWeb/Images/Item_Detail/651761_front.jpg"
"gid://shopify/Product/us-4940","652546","Reusable Blood Pressure Cuff FlexiPort® 40 to 55 cm Leg Nylon Cuff Thigh Cuff","Blood Pressure Monitors","Welch Allyn","40.52","67.99","84.99","27.47","40%","17.00","N/A","https://imgcdn.mckesson.com/CumulusWeb/Images/Item_Detail/652546_front.jpg"
"gid://shopify/Product/us-4941","465186","Blood Pressure Connector Welch Allyn® For use with Sphygmomanometer cuffs; BCI, Colin, and Datascope Passport XG and Expert monitor cuffs","Blood Pressure Monitors","Welch Allyn","40.88","68.99","86.99","28.11","41%","18.00","N/A","https://imgcdn.mckesson.com/CumulusWeb/Images/Item_Detail/465186_left.jpg"
"gid://shopify/Product/us-4942","108980","Reusable Blood Pressure Cuff and Bulb Omni-Kuff® 32 to 43 cm Arm Nylon Cuff Large Adult Cuff","Blood Pressure Monitors","Welch Allyn","40.95","68.99","86.99","28.04","41%","18.00","N/A","https://imgcdn.mckesson.com/CumulusWeb/Images/Item_Detail/2502_1602_2.jpg"
"gid://shopify/Product/us-4943","651788","Reusable Blood Pressure Cuff and Bulb FlexiPort® 32 to 43 cm Arm Nylon Cuff Large Adult Cuff","Blood Pressure Monitors","Welch Allyn","42.01","70.99","88.99","28.98","41%","18.00","N/A","https://imgcdn.mckesson.com/CumulusWeb/Images/Item_Detail/651788_front.jpg"
"gid://shopify/Product/us-4944","332035","Blood Pressure Inflation Bulb Welch Allyn® For use with Hand Aneroid DS58","Blood Pressure Monitors","Welch Allyn","42.37","70.99","88.99","28.62","40%","18.00","N/A","https://imgcdn.mckesson.com/CumulusWeb/Images/Item_Detail/WA_332035.jpg"
"gid://shopify/Product/us-4945","731720","Reusable Blood Pressure Cuff IQvitals® 26 to 35 cm Arm Nylon Cuff Adult Cuff","Blood Pressure Monitors","Midmark","47.37","78.99","98.99","31.62","40%","20.00","N/A","https://imgcdn.mckesson.com/CumulusWeb/Images/Item_Detail/731720_family.jpg"
"gid://shopify/Product/us-4946","705134","Blood Pressure Unit AC Adapter Omron For use with HEM-907XL","Blood Pressure Monitors","Emerson Healthcare","47.68","79.99","99.99","32.31","40%","20.00","N/A","https://imgcdn.mckesson.com/CumulusWeb/Images/Item_Detail/705134_front.jpg"
"gid://shopify/Product/us-4947","387144","Blood Pressure Gauge McKesson LUMEON™ For use with McKesson Lumeon™ Wall Aneroid Sphygmomanometer MFR # 01-750W-11ABKGM and McKesson Lumeon Mobile Aneroid Sphygmomanometer MFR # 01-752M-11ABKGM","Blood Pressure Monitors","McKesson Brand","48.87","81.99","102.99","33.12","40%","21.00","N/A","https://imgcdn.mckesson.com/CumulusWeb/Images/Item_Detail/387144_front.jpg"
"gid://shopify/Product/us-4948","483381","Coiled Tubing 8 Foot Length For use with Tycos 509 Wall and Mobile Aneroid Sphygmomanometers","Blood Pressure Monitors","Welch Allyn","49.44","82.99","103.99","33.55","40%","21.00","N/A","https://imgcdn.mckesson.com/CumulusWeb/Images/Item_Detail/483381_front.jpg"
"gid://shopify/Product/us-4949","1226102","Home Automatic Digital Blood Pressure Monitor Smartheart Adult Cuff Arm Nylon Cuff 22 to 42 cm Desk Model","Blood Pressure Monitors","Veridian Healthcare LLC","49.68","82.99","103.99","33.31","40%","21.00","N/A","https://imgcdn.mckesson.com/CumulusWeb/Images/Item_Detail/1226102_pkgright.jpg"
"gid://shopify/Product/us-4950","1012668","Home Automatic Digital Blood Pressure Monitor MABIS® Multiple Sizes Arm Nylon Cuff 23 - 40 cm Talking Model","Blood Pressure Monitors","Mabis Healthcare","50.56","84.99","106.99","34.43","41%","22.00","N/A","https://imgcdn.mckesson.com/CumulusWeb/Images/Item_Detail/1012668_front.jpg"
"gid://shopify/Product/us-4951","257005","Aneroid Sphygmomanometer Unit Diagnostix™720 Series Adult Cuff Arm Nylon Cuff 23 - 40 cm Pocket Aneroid","Blood Pressure Monitors","American Diagnostic Corp","51.03","85.99","107.99","34.96","41%","22.00","N/A","https://imgcdn.mckesson.com/CumulusWeb/Images/Item_Detail/257005_left.jpg"
"gid://shopify/Product/us-4952","740158","Reusable Blood Pressure Cuff IQvitals® 34 to 42 cm Arm Nylon Cuff Large Adult Cuff","Blood Pressure Monitors","Midmark","51.55","85.99","107.99","34.44","40%","22.00","N/A","https://imgcdn.mckesson.com/CumulusWeb/Images/Item_Detail/740158_family.jpg"
"gid://shopify/Product/us-4953","1170723","Home Automatic Digital Blood Pressure Monitor A&D Medical Wide Range Adult Cuff Arm Nylon Cuff 22 - 42 cm Desk Model","Blood Pressure Monitors","A&D Engineering","51.65","86.99","108.99","35.34","41%","22.00","N/A","https://imgcdn.mckesson.com/CumulusWeb/Images/Item_Detail/1170723_pdet.jpg"
"gid://shopify/Product/us-4954","1217966","Home Automatic Digital Blood Pressure Monitor Advantage Connect® Wide Range Adult Cuff Arm Nylon Cuff 22 - 42 cm Desk Model","Blood Pressure Monitors","American Diagnostic Corp","51.88","86.99","108.99","35.11","40%","22.00","N/A","https://imgcdn.mckesson.com/CumulusWeb/Images/Item_Detail/1217966_right.jpg"
"gid://shopify/Product/us-4955","1204869","Reusable Blood Pressure Cuff Axia Arm Adult Cuff","Blood Pressure Monitors","Soma Technology","51.94","86.99","108.99","35.05","40%","22.00","N/A","https://imgcdn.mckesson.com/CumulusWeb/Images/Item_Detail/1204869_front.jpg"
"gid://shopify/Product/us-4956","1204868","Reusable Blood Pressure Cuff Expression MR 27.5 to 36.5 cm Arm Adult Cuff","Blood Pressure Monitors","Soma Technology","51.94","86.99","108.99","35.05","40%","22.00","N/A","https://imgcdn.mckesson.com/CumulusWeb/Images/Item_Detail/1204868_front.jpg"
"gid://shopify/Product/us-4957","476607","Blood Pressure Unit Carrying Case Welch Allyn® For use with all Blood Pressure Cuffs","Blood Pressure Monitors","Welch Allyn","53.16","88.99","111.99","35.83","40%","23.00","N/A","https://imgcdn.mckesson.com/CumulusWeb/Images/Item_Detail/476607.jpg"
"gid://shopify/Product/us-4958","1065325","Connector Tubing For use with Neo NIBP Cuffs","Blood Pressure Monitors","EdanUSA & MDPro","53.52","89.99","112.99","36.47","41%","23.00","N/A","https://imgcdn.mckesson.com/CumulusWeb/Images/Item_Detail/1065325_left.jpg"
"gid://shopify/Product/us-4959","1150426","Home Automatic Digital Blood Pressure Monitor Omron®5 Series™ Wide Range Adult Cuff Arm Nylon Cuff 23 - 43 cm Desk Model","Blood Pressure Monitors","Emerson Healthcare","54.47","90.99","113.99","36.52","40%","23.00","N/A","https://imgcdn.mckesson.com/CumulusWeb/Images/Item_Detail/1150426_ppkgleft.jpg"
"gid://shopify/Product/us-4960","1139516","Single Patient Use Blood Pressure Cuff SnapQuik™ 5.4 to 9.1 cm Arm Vinyl Cuff Neonatal 3 Cuff","Blood Pressure Monitors","Welch Allyn","56.76","94.99","118.99","38.23","40%","24.00","N/A","https://imgcdn.mckesson.com/CumulusWeb/Images/Item_Detail/ImageNotAvailable_gray_.jpg"
"gid://shopify/Product/us-4961","257009","Aneroid Sphygmomanometer Unit Diagnostix™720 Series Large Adult Cuff Arm Nylon Cuff 34 - 50 cm Pocket Aneroid","Blood Pressure Monitors","American Diagnostic Corp","58.97","98.99","123.99","40.02","40%","25.00","N/A","https://imgcdn.mckesson.com/CumulusWeb/Images/Item_Detail/257009_left.jpg"
"gid://shopify/Product/us-4962","803190","Aneroid Sphygmomanometer Unit McKesson LUMEON™ Adult Cuff Arm Nylon Cuff 23 - 40 cm Wall Mount","Blood Pressure Monitors","McKesson Brand","59.71","99.99","124.99","40.28","40%","25.00","N/A","https://imgcdn.mckesson.com/CumulusWeb/Images/Item_Detail/803190_front_.jpg"
"gid://shopify/Product/us-4963","1281424","Digital Blood Pressure Monitor RPM Pro™ Adult Cuff Arm Cloth Fabric Cuff 8.6 to 17.7 inch Circumference Mobile","Blood Pressure Monitors","Veridian Healthcare LLC","61.39","102.99","128.99","41.60","40%","26.00","N/A","https://imgcdn.mckesson.com/CumulusWeb/Images/Item_Detail/1281424_ppkgright.jpg"
"gid://shopify/Product/us-4964","1240565","Reusable Blood Pressure Cuff FlexiPort™ 40 to 55 cm Limb Nylon Cuff Thigh Cuff","Blood Pressure Monitors","Welch Allyn","61.63","102.99","128.99","41.36","40%","26.00","N/A","https://imgcdn.mckesson.com/CumulusWeb/Images/Item_Detail/1240565_front.jpg"
"gid://shopify/Product/us-4965","973170","Aneroid Sphygmomanometer Unit Bariatric Diagnostix™720 Series Bariatric Cuff Arm Nylon Cuff 44 - 66 cm Pocket Aneroid","Blood Pressure Monitors","American Diagnostic Corp","63.62","106.99","133.99","43.37","41%","27.00","N/A","https://imgcdn.mckesson.com/CumulusWeb/Images/Item_Detail/973170_front.jpg"
"gid://shopify/Product/us-4966","871859","Blood Pressure Hose Flexiport®","Blood Pressure Monitors","Welch Allyn","63.86","106.99","133.99","43.13","40%","27.00","N/A","https://imgcdn.mckesson.com/CumulusWeb/Images/Item_Detail/871859_left.jpg"
"gid://shopify/Product/us-4967","44197","Reusable Blood Pressure Cuff WelchAllyn® 34 to 52 cm Leg Nylon Cuff Thigh Cuff","Blood Pressure Monitors","Welch Allyn","64.67","107.99","134.99","43.32","40%","27.00","N/A","https://imgcdn.mckesson.com/CumulusWeb/Images/Item_Detail/44197.jpg"
"gid://shopify/Product/us-4968","1250940","Digital Blood Pressure Monitor with Oximeter SmartHeart Adult Cuff Arm 8.6 to 16.5 Inch Desk Model","Blood Pressure Monitors","Veridian Healthcare LLC","68.28","113.99","142.99","45.71","40%","29.00","N/A","https://imgcdn.mckesson.com/CumulusWeb/Images/Item_Detail/1250940_pkit_.jpg"
"gid://shopify/Product/us-4969","653657","Single Patient Use Blood Pressure Cuff FlexiPort® 20 to 26 cm Arm Cloth Fabric Cuff Small Adult Cuff","Blood Pressure Monitors","Welch Allyn","68.93","114.99","143.99","46.06","40%","29.00","N/A","https://imgcdn.mckesson.com/CumulusWeb/Images/Item_Detail/653657_front.jpg"
"gid://shopify/Product/us-4970","846837","Single Patient Use Blood Pressure Cuff Trimline® 9 to 14.8 cm Arm Cloth Fabric Cuff Infant Cuff","Blood Pressure Monitors","Welch Allyn","69.49","115.99","144.99","46.50","40%","29.00","N/A","https://imgcdn.mckesson.com/CumulusWeb/Images/Item_Detail/ImageNotAvailable_gray_.jpg"
"gid://shopify/Product/us-4971","173323","Reusable Blood Pressure Cuff WelchAllyn® 34 to 52 cm Arm Nylon Cuff Large Adult Cuff","Blood Pressure Monitors","Welch Allyn","69.87","116.99","146.99","47.12","40%","30.00","N/A","https://imgcdn.mckesson.com/CumulusWeb/Images/Item_Detail/173323_front.jpg"
"gid://shopify/Product/us-4972","151592","Reusable Blood Pressure Cuff WelchAllyn® 29 to 42 cm Arm Nylon Cuff Adult Cuff","Blood Pressure Monitors","Welch Allyn","69.87","116.99","146.99","47.12","40%","30.00","N/A","https://imgcdn.mckesson.com/CumulusWeb/Images/Item_Detail/151592_front.jpg"
"gid://shopify/Product/us-4973","653660","Single Patient Use Blood Pressure Cuff FlexiPort® 25 to 34 cm Arm Cloth Fabric Cuff Adult Cuff","Blood Pressure Monitors","Welch Allyn","70.28","117.99","147.99","47.71","40%","30.00","N/A","https://imgcdn.mckesson.com/CumulusWeb/Images/Item_Detail/653660_front.jpg"
"gid://shopify/Product/us-4974","522257","Single Patient Use Blood Pressure Cuff Mindray™ 25 to 35 cm Arm Nylon Cuff Adult Cuff","Blood Pressure Monitors","Mindray USA","70.28","117.99","147.99","47.71","40%","30.00","N/A","https://imgcdn.mckesson.com/CumulusWeb/Images/Item_Detail/MNDRAY_522257.jpg"
"gid://shopify/Product/us-4975","801884","Single Patient Use Blood Pressure Cuff FlexiPort® 13 to 16 cm Arm Cloth Fabric Cuff Small Child Cuff","Blood Pressure Monitors","Welch Allyn","70.98","118.99","148.99","48.01","40%","30.00","N/A","https://imgcdn.mckesson.com/CumulusWeb/Images/Item_Detail/801884.jpg"
"gid://shopify/Product/us-4976","795231","Single Patient Use Blood Pressure Cuff FlexiPort® 9 to 13 cm Arm Cloth Fabric Cuff Infant Cuff","Blood Pressure Monitors","Welch Allyn","70.98","118.99","148.99","48.01","40%","30.00","N/A","https://imgcdn.mckesson.com/CumulusWeb/Images/Item_Detail/795231_front.jpg"
"gid://shopify/Product/us-4977","805517","Single Patient Use Blood Pressure Cuff FlexiPort® 15 to 21 cm Arm Cloth Fabric Cuff Child Cuff","Blood Pressure Monitors","Welch Allyn","72.39","120.99","151.99","48.60","40%","31.00","N/A","https://imgcdn.mckesson.com/CumulusWeb/Images/Item_Detail/805517.jpg"
"gid://shopify/Product/us-4978","682710","Single Patient Use Blood Pressure Cuff Tempa-Kuff® 27.5 to 36.5 cm Arm Cloth Fabric Cuff Adult Long Cuff","Blood Pressure Monitors","Welch Allyn","75.68","126.99","158.99","51.31","40%","32.00","N/A","https://imgcdn.mckesson.com/CumulusWeb/Images/Item_Detail/682710.jpg"
"gid://shopify/Product/us-4979","653510","Single Patient Use Blood Pressure Cuff FlexiPort® 25 to 34 cm Arm Cloth Fabric Cuff Adult Long Cuff","Blood Pressure Monitors","Welch Allyn","77.04","128.99","161.99","51.95","40%","33.00","N/A","https://imgcdn.mckesson.com/CumulusWeb/Images/Item_Detail/653510.jpg"
"gid://shopify/Product/us-4980","1081660","Home Automatic Digital Blood Pressure Monitor Home™ Wide Range Adult Cuff Arm Nylon Cuff 22 - 42 cm Desk Model","Blood Pressure Monitors","Welch Allyn","77.62","129.99","162.99","52.37","40%","33.00","N/A","https://imgcdn.mckesson.com/CumulusWeb/Images/Item_Detail/1081660_front.jpg"
"gid://shopify/Product/us-4981","882979","Blood Pressure Tube Set Welch Allyn®","Blood Pressure Monitors","Welch Allyn","78.43","130.99","163.99","52.56","40%","33.00","N/A","https://imgcdn.mckesson.com/CumulusWeb/Images/Item_Detail/882979.jpg"
"gid://shopify/Product/us-4982","653506","Single Patient Use Blood Pressure Cuff FlexiPort® 32 to 43 cm Arm Cloth Fabric Cuff Large Adult Cuff","Blood Pressure Monitors","Welch Allyn","79.74","132.99","166.99","53.25","40%","34.00","N/A","https://imgcdn.mckesson.com/CumulusWeb/Images/Item_Detail/653506_left.jpg"
"gid://shopify/Product/us-4983","1056574","Single Patient Use Blood Pressure Cuff Mindray™ 25 to 35 cm Arm Nylon Cuff Adult Long Cuff","Blood Pressure Monitors","Mindray USA","82.56","137.99","172.99","55.43","40%","35.00","N/A","https://imgcdn.mckesson.com/CumulusWeb/Images/Item_Detail/1056574.jpg"
"gid://shopify/Product/us-4984","486110","Aneroid Sphygmomanometer Unit DuraShock® Pediatric Cuff Arm Vinyl Cuff 13 - 19.5 cm Pocket Aneroid","Blood Pressure Monitors","Welch Allyn","84.74","141.99","177.99","57.25","40%","36.00","N/A","https://imgcdn.mckesson.com/CumulusWeb/Images/Item_Detail/WA_486110.jpg"
"gid://shopify/Product/us-4985","984701","Reusable Vascular Blood Pressure Cuff Huntleigh 29 to 42 cm Arm Nylon Cuff Medium Cuff","Blood Pressure Monitors","Arjo Inc","85.29","142.99","178.99","57.70","40%","36.00","N/A","https://imgcdn.mckesson.com/CumulusWeb/Images/Item_Detail/984701.jpg"
"gid://shopify/Product/us-4986","327200","Reusable Blood Pressure Cuff Adult Cuff","Blood Pressure Monitors","Welch Allyn","86.42","144.99","181.99","58.57","40%","37.00","N/A","https://imgcdn.mckesson.com/CumulusWeb/Images/Item_Detail/327200_front.jpg"
"gid://shopify/Product/us-4987","775322","Blood Pressure Hose IQvitals™ For use with Blood Pressure Cuff","Blood Pressure Monitors","Midmark","91.98","153.99","192.99","62.01","40%","39.00","N/A","https://imgcdn.mckesson.com/CumulusWeb/Images/Item_Detail/775322_pkgfront.jpg"
"gid://shopify/Product/us-4988","439665","Reusable Blood Pressure Cuff IntelliSense® 32 to 42 cm Arm Cloth Fabric Cuff Large Cuff","Blood Pressure Monitors","Emerson Healthcare","94.61","157.99","197.99","63.38","40%","40.00","N/A","https://imgcdn.mckesson.com/CumulusWeb/Images/Item_Detail/439665_front.jpg"
"gid://shopify/Product/us-4989","477158","Reusable Blood Pressure Cuff IntelliSense® 22 to 32 cm Arm Nylon Cuff Medium Cuff","Blood Pressure Monitors","Emerson Healthcare","94.61","157.99","197.99","63.38","40%","40.00","N/A","https://imgcdn.mckesson.com/CumulusWeb/Images/Item_Detail/477158_front.jpg"
"gid://shopify/Product/us-4990","436395","Aneroid Sphygmomanometer Unit DuraShock® Adult Cuff Arm Vinyl Cuff 23 - 40 cm Pocket Aneroid","Blood Pressure Monitors","Welch Allyn","96.27","160.99","201.99","64.72","40%","41.00","N/A","https://imgcdn.mckesson.com/CumulusWeb/Images/Item_Detail/436395_pkit.jpg"
"gid://shopify/Product/us-4991","661373","Single Patient Use Blood Pressure Cuff FlexiPort® 25 to 34 cm Arm Cloth Fabric Cuff Adult Cuff","Blood Pressure Monitors","Welch Allyn","96.28","160.99","201.99","64.71","40%","41.00","N/A","https://imgcdn.mckesson.com/CumulusWeb/Images/Item_Detail/661373_front.jpg"
"gid://shopify/Product/us-4992","1252554","Single Patient Use Blood Pressure Cuff FlexiPort® 25 to 34 cm Arm Vinyl Cuff Adult Cuff","Blood Pressure Monitors","Welch Allyn","96.28","160.99","201.99","64.71","40%","41.00","N/A","https://imgcdn.mckesson.com/CumulusWeb/Images/Item_Detail/1252554_pdet.jpg"
"gid://shopify/Product/us-4993","1252552","Single Patient Use Blood Pressure Cuff FlexiPort® 20 to 26 cm Arm Soft Fabric Cuff Small Adult Cuff","Blood Pressure Monitors","Welch Allyn","96.28","160.99","201.99","64.71","40%","41.00","N/A","https://imgcdn.mckesson.com/CumulusWeb/Images/Item_Detail/1252552_pdet.jpg"
"gid://shopify/Product/us-4994","1252553","Single Patient Use Blood Pressure Cuff FlexiPort® 32 to 43 cm Arm Soft Fabric Cuff Large Adult Cuff","Blood Pressure Monitors","Welch Allyn","96.28","160.99","201.99","64.71","40%","41.00","N/A","https://imgcdn.mckesson.com/CumulusWeb/Images/Item_Detail/1252553_pdet.jpg"
"gid://shopify/Product/us-4995","436397","Aneroid Sphygmomanometer Unit DuraShock® Large Adult Cuff Arm Vinyl Cuff 34 - 50 cm Pocket Aneroid","Blood Pressure Monitors","Welch Allyn","101.47","156.99","196.99","55.52","35%","40.00","N/A","https://imgcdn.mckesson.com/CumulusWeb/Images/Item_Detail/ImageNotAvailable_gray_.jpg"
"gid://shopify/Product/us-4996","555883","Reusable Blood Pressure Cuff IntelliSense® 42 to 50 cm Arm Cloth Fabric Cuff Extra Large Cuff","Blood Pressure Monitors","Emerson Healthcare","105.42","162.99","203.99","57.57","35%","41.00","N/A","https://imgcdn.mckesson.com/CumulusWeb/Images/Item_Detail/555883_front.jpg"
"gid://shopify/Product/us-4997","46597","Reusable Blood Pressure Cuff and Bulb Trimline® 34 to 52 cm Arm Nylon Cuff Large Adult Cuff","Blood Pressure Monitors","Welch Allyn","107.78","165.99","207.99","58.21","35%","42.00","N/A","https://imgcdn.mckesson.com/CumulusWeb/Images/Item_Detail/46597.jpg"
"gid://shopify/Product/us-4998","690634","Single Patient Use Blood Pressure Cuff FlexiPort® 25 to 34 cm Arm Cloth Fabric Cuff Adult Long Cuff","Blood Pressure Monitors","Welch Allyn","109.63","168.99","211.99","59.36","35%","43.00","N/A","https://imgcdn.mckesson.com/CumulusWeb/Images/Item_Detail/690634_front.jpg"
"gid://shopify/Product/us-4999","1177165","NIBP Hose For BP Tube","Blood Pressure Monitors","Soma Technology","111.31","171.99","214.99","60.68","35%","43.00","N/A","https://imgcdn.mckesson.com/CumulusWeb/Images/Item_Detail/1177165_pdet.jpg"
"gid://shopify/Product/us-5000","692046","Aneroid Sphygmomanometer Unit DuraShock® Large Adult Cuff Arm Nylon Cuff 23 - 40 cm Pocket Aneroid","Blood Pressure Monitors","Welch Allyn","117.14","180.99","226.99","63.85","35%","46.00","N/A","https://imgcdn.mckesson.com/CumulusWeb/Images/Item_Detail/WA_692046.jpg"
"gid://shopify/Product/us-5001","662982","Reusable Blood Pressure Cuff LifeSource® 42 to 60 cm Arm Nylon Cuff Extra Large Cuff","Blood Pressure Monitors","A&D Engineering","118.93","182.99","228.99","64.06","35%","46.00","N/A","https://imgcdn.mckesson.com/CumulusWeb/Images/Item_Detail/662982_front.jpg"
"gid://shopify/Product/us-5002","1064714","Single Patient Use Blood Pressure Cuff Adcuff™ 35.5 to 46 cm Arm Cloth Fabric Cuff Large Adult Cuff","Blood Pressure Monitors","American Diagnostic Corp","119.42","183.99","229.99","64.57","35%","46.00","N/A","https://imgcdn.mckesson.com/CumulusWeb/Images/Item_Detail/1064714_front.jpg"
"gid://shopify/Product/us-5003","419497","Blood Pressure Monitor Cart IntelliSense™ Stainless Steel Frame Silver","Blood Pressure Monitors","Emerson Healthcare","129.07","198.99","248.99","69.92","35%","50.00","N/A","https://imgcdn.mckesson.com/CumulusWeb/Images/Item_Detail/419497_front_.jpg"
"gid://shopify/Product/us-5004","1239783","Digital Blood Pressure Monitor Withings Adult Cuff Arm Cloth Fabric Cuff 22 to 42 cm Mobile","Blood Pressure Monitors","Withings Inc","131.72","202.99","253.99","71.27","35%","51.00","N/A","https://imgcdn.mckesson.com/CumulusWeb/Images/Item_Detail/1239783_front.jpg"
"gid://shopify/Product/us-5005","777591","Peripheral IV Catheter Insyte™ Autoguard™ BC 24 Gauge 3/4 Inch BD Vialon Polyurethane Biomaterial Straight Hub Blood Control Push Button Safety","Blood Pressure Monitors","BD","132.84","204.99","256.99","72.15","35%","52.00","N/A","https://imgcdn.mckesson.com/CumulusWeb/Images/Item_Detail/777591_ppkgleft.jpg"
"gid://shopify/Product/us-5006","329999","Peripheral IV Catheter Insyte™ Autoguard™ 24 Gauge 3/4 Inch BD Vialon Polyurethane Biomaterial Straight Hub Non Blood Control Push Button Safety","Blood Pressure Monitors","BD","132.84","204.99","256.99","72.15","35%","52.00","N/A","https://imgcdn.mckesson.com/CumulusWeb/Images/Item_Detail/329999_ppkgleft.jpg"
"gid://shopify/Product/us-5007","793981","Peripheral IV Catheter Insyte™ Autoguard™ BC 24 Gauge 3/4 Inch BD Vialon Polyurethane Biomaterial Winged Hub Blood Control Push Button Safety","Blood Pressure Monitors","BD","132.84","204.99","256.99","72.15","35%","52.00","N/A","https://imgcdn.mckesson.com/CumulusWeb/Images/Item_Detail/793981_ppkgright.jpg"
"gid://shopify/Product/us-5008","345967","Peripheral IV Catheter Insyte™ Autoguard™ 24 Gauge 3/4 Inch BD Vialon Polyurethane Biomaterial Winged Hub Non Blood Control Push Button Safety","Blood Pressure Monitors","BD","132.84","204.99","256.99","72.15","35%","52.00","N/A","https://imgcdn.mckesson.com/CumulusWeb/Images/Item_Detail/345967_ppkgleft.jpg"
"gid://shopify/Product/us-5009","827016","Aneroid Sphygmomanometer Unit Dynarex® Extra Large Cuff Thigh Nylon Cuff 34 - 50 cm Pocket Aneroid","Blood Pressure Monitors","Dynarex","134.81","207.99","259.99","73.18","35%","52.00","N/A","https://imgcdn.mckesson.com/CumulusWeb/Images/Item_Detail/827016.jpg"
"gid://shopify/Product/us-5010","330006","Peripheral IV Catheter Insyte™ Autoguard™ 16 Gauge 1.16 Inch BD Vialon Polyurethane Biomaterial Straight Hub Non Blood Control Push Button Safety","Blood Pressure Monitors","BD","136.84","210.99","263.99","74.15","35%","53.00","N/A","https://imgcdn.mckesson.com/CumulusWeb/Images/Item_Detail/330006_ppkgleft.jpg"
"gid://shopify/Product/us-5011","330008","Peripheral IV Catheter Insyte™ Autoguard™ 14 Gauge 1-3/4 Inch BD Vialon Polyurethane Biomaterial Straight Hub Non Blood Control Push Button Safety","Blood Pressure Monitors","BD","136.84","210.99","263.99","74.15","35%","53.00","N/A","https://imgcdn.mckesson.com/CumulusWeb/Images/Item_Detail/330008.jpg"
"gid://shopify/Product/us-5012","1041130","Home Automatic Digital Blood Pressure Monitor Welch Allyn™ Home™ Wide Range Adult Cuff Arm Nylon Cuff 22 - 42 cm Desk Model","Blood Pressure Monitors","Welch Allyn","137.14","210.99","263.99","73.85","35%","53.00","N/A","https://imgcdn.mckesson.com/CumulusWeb/Images/Item_Detail/1041130_right_.jpg"
"gid://shopify/Product/us-5013","987554","Wall Mount Bracket For 2400 BP Device Probe","Blood Pressure Monitors","Welch Allyn","153.90","236.99","296.99","83.09","35%","60.00","N/A","https://imgcdn.mckesson.com/CumulusWeb/Images/Item_Detail/987554_right.jpg"
"gid://shopify/Product/us-5014","1271006","Connected Device Kit Zewa®","Blood Pressure Monitors","Veridian Healthcare LLC","154.99","238.99","298.99","84.00","35%","60.00","N/A","https://imgcdn.mckesson.com/CumulusWeb/Images/Item_Detail/1271006_pkit.jpg"
"gid://shopify/Product/us-5015","461152","Aneroid Sphygmomanometer Unit DuraShock® Adult Cuff Arm Nylon Cuff 23 - 40 cm Pocket Aneroid","Blood Pressure Monitors","Welch Allyn","156.18","240.99","301.99","84.81","35%","61.00","N/A","https://imgcdn.mckesson.com/CumulusWeb/Images/Item_Detail/461152_front.jpg"
"gid://shopify/Product/us-5016","500274","Aneroid Sphygmomanometer Unit Multikuf™ Multiple Sizes Arm Nylon Cuff 13 - 50 cm Palm Aneroid","Blood Pressure Monitors","American Diagnostic Corp","172.06","264.99","331.99","92.93","35%","67.00","N/A","https://imgcdn.mckesson.com/CumulusWeb/Images/Item_Detail/500274_pkit.jpg"
"gid://shopify/Product/us-5017","1285294","Digital Blood Pressure Monitor Withings® Adult Cuff Arm Nylon Cuff Mobile","Blood Pressure Monitors","Withings Inc","182.40","280.99","351.99","98.59","35%","71.00","N/A","https://imgcdn.mckesson.com/CumulusWeb/Images/Item_Detail/1285294_front.jpg"
"gid://shopify/Product/us-5018","1236112","Single Patient Use Blood Pressure Cuff SunTech®’s Orbit-K™ 23 to 33 cm Arm Adult Long Cuff","Blood Pressure Monitors","GE Healthcare","191.20","294.99","368.99","103.79","35%","74.00","N/A","https://imgcdn.mckesson.com/CumulusWeb/Images/Item_Detail/1236112_group.jpg"
"gid://shopify/Product/us-5019","1253518","Reusable Blood Pressure Cuff Orbit™ 26 to 34 cm Arm Nylon Cuff Adult Cuff","Blood Pressure Monitors","Florida Medical Sales","202.73","311.99","389.99","109.26","35%","78.00","N/A","https://imgcdn.mckesson.com/CumulusWeb/Images/Item_Detail/1253518_front.jpg"
"gid://shopify/Product/us-5020","1178037","Aneroid Sphygmomanometer Unit McKesson LUMEON™ Adult Cuff Arm Nylon Cuff 23 - 40 cm Mobile","Blood Pressure Monitors","McKesson Brand","207.67","319.99","399.99","112.32","35%","80.00","N/A","https://imgcdn.mckesson.com/CumulusWeb/Images/Item_Detail/1178037_front_.jpg"
"gid://shopify/Product/us-5021","1166240","Automatic Digital Blood Pressure Monitor ProBP 2000™ Adult Cuff Arm Nylon Cuff Desk Model","Blood Pressure Monitors","Welch Allyn","211.16","324.99","406.99","113.83","35%","82.00","N/A","https://imgcdn.mckesson.com/CumulusWeb/Images/Item_Detail/1166240_front.jpg"
"gid://shopify/Product/us-5022","1259874","Home Automatic Digital Blood Pressure Monitor Smartheart Adult Cuff Arm 22 to 42 cm Pocket Aneroid","Blood Pressure Monitors","Veridian Healthcare LLC","273.96","421.99","527.99","148.03","35%","106.00","N/A","https://imgcdn.mckesson.com/CumulusWeb/Images/Item_Detail/1259874_right.jpg"
"gid://shopify/Product/us-5023","537977","Blood Pressure Gauge Welch Allyn Tycos® For use with Blood Pressure Unit","Blood Pressure Monitors","Welch Allyn","327.07","503.99","629.99","176.92","35%","126.00","N/A","https://imgcdn.mckesson.com/CumulusWeb/Images/Item_Detail/537977.jpg"
"gid://shopify/Product/us-5024","537974","Aneroid Sphygmomanometer Unit Welch Allyn™ Platinum Series DS48 Adult Cuff Arm Nylon Cuff 23 - 40 cm Pocket Aneroid","Blood Pressure Monitors","Welch Allyn","400.66","616.99","771.99","216.33","35%","155.00","N/A","https://imgcdn.mckesson.com/CumulusWeb/Images/Item_Detail/WA_537974.jpg"
"gid://shopify/Product/us-5025","537978","Aneroid Sphygmomanometer Unit Welch Allyn™ Platinum Series DS48 Adult Cuff Arm Nylon Cuff 23 - 40 cm Palm Aneroid","Blood Pressure Monitors","Welch Allyn","419.98","646.99","808.99","227.01","35%","162.00","N/A","https://imgcdn.mckesson.com/CumulusWeb/Images/Item_Detail/537978_pkit.jpg"
"gid://shopify/Product/us-5026","537980","Aneroid Sphygmomanometer Unit Welch Allyn™ Platinum Series DS48 Multiple Sizes Arm Nylon Cuff Palm Aneroid","Blood Pressure Monitors","Welch Allyn","422.96","650.99","813.99","228.03","35%","163.00","N/A","https://imgcdn.mckesson.com/CumulusWeb/Images/Item_Detail/537980_pkit.jpg"
"gid://shopify/Product/us-5027","1259670","Home Automatic Digital Blood Pressure Monitor 3 Series® Adult Cuff Arm 9 to 17 Inch Desk Model","Blood Pressure Monitors","Emerson Healthcare","424.92","653.99","817.99","229.07","35%","164.00","N/A","https://imgcdn.mckesson.com/CumulusWeb/Images/Item_Detail/1259670_pkgfront.jpg"
"gid://shopify/Product/us-5028","666250","Blood Pressure Tube Set Flexiport® For use with Blood Pressure Cuff","Blood Pressure Monitors","Welch Allyn","448.97","690.99","863.99","242.02","35%","173.00","N/A","https://imgcdn.mckesson.com/CumulusWeb/Images/Item_Detail/666250.jpg"
"gid://shopify/Product/us-5029","959364","Blood Pressure Unit Wall Mount Assembly Welch Allyn Connex® For use with Wall Channel","Blood Pressure Monitors","Welch Allyn","481.48","740.99","926.99","259.51","35%","186.00","N/A","https://imgcdn.mckesson.com/CumulusWeb/Images/Item_Detail/959364.jpg"
"gid://shopify/Product/us-5030","264023","Aneroid Sphygmomanometer Unit Ds66 Trigger Aneroid Gold Series Multiple Sizes Arm Nylon Cuff Various Palm Aneroid","Blood Pressure Monitors","Welch Allyn","481.68","741.99","927.99","260.31","35%","186.00","N/A","https://imgcdn.mckesson.com/CumulusWeb/Images/Item_Detail/264023_pkit.jpg"
"gid://shopify/Product/us-5031","1288574","Digital Blood Pressure Monitor Omron® 3 Series® Adult Cuff Wrist Nylon Cuff 13 to 21.5 cm Wrist Circumference Mobile","Blood Pressure Monitors","Emerson Healthcare","527.77","733.99","917.99","206.22","28%","184.00","N/A","https://imgcdn.mckesson.com/CumulusWeb/Images/Item_Detail/1288574_ppkgright.jpg"
"gid://shopify/Product/us-5032","1259673","Home Automatic Digital Blood Pressure Monitor 5 Series® Adult Cuff Arm 9 to 17 Inch Desk Model","Blood Pressure Monitors","Emerson Healthcare","588.18","816.99","1021.99","228.81","28%","205.00","N/A","https://imgcdn.mckesson.com/CumulusWeb/Images/Item_Detail/1259673_ppkgleft.jpg"
"gid://shopify/Product/us-5033","959356","Automatic Digital Blood Pressure Monitor ProBP 2400™ Multiple Sizes Arm Nylon Cuff 23 - 40 cm Desk Model","Blood Pressure Monitors","Welch Allyn","590.68","820.99","1026.99","230.31","28%","206.00","N/A","https://imgcdn.mckesson.com/CumulusWeb/Images/Item_Detail/959356_front.jpg"
"gid://shopify/Product/us-5034","959363","Spot Monitor Mobile Work Surface Stand Welch Allyn Mobile Classic Stand with Basket For use with Welch Allyn Connex Spot Monitors","Blood Pressure Monitors","Welch Allyn","663.86","922.99","1153.99","259.13","28%","231.00","N/A","https://imgcdn.mckesson.com/CumulusWeb/Images/Item_Detail/959363_left.jpg"
"gid://shopify/Product/us-5035","485336","Digital Blood Pressure Monitor IntelliSense® Multiple Sizes Arm Nylon Cuff Various Desk Model","Blood Pressure Monitors","Emerson Healthcare","677.97","941.99","1177.99","264.02","28%","236.00","N/A","https://imgcdn.mckesson.com/CumulusWeb/Images/Item_Detail/485336_left.jpg"
"gid://shopify/Product/us-5036","682517","Blood Pressure Tube Set Welch Allyn®","Blood Pressure Monitors","Welch Allyn","683.87","949.99","1187.99","266.12","28%","238.00","N/A","https://imgcdn.mckesson.com/CumulusWeb/Images/Item_Detail/682517.jpg"
"gid://shopify/Product/us-5037","1288560","Digital Blood Pressure Monitor Omron® 7 Series® Adult Cuff Wrist Nylon Cuff 13 to 21.5 cm Wrist Circumference Mobile","Blood Pressure Monitors","Emerson Healthcare","725.22","1007.99","1259.99","282.77","28%","252.00","N/A","https://imgcdn.mckesson.com/CumulusWeb/Images/Item_Detail/1288560_ppkgright.jpg"
"gid://shopify/Product/us-5038","1028081","Home Automatic Digital Blood Pressure Monitor Clever Choice™ Large Cuff Arm Nylon Cuff 23 - 40 cm Desk Model","Blood Pressure Monitors","Simple Diagnostics","788.53","1095.99","1369.99","307.46","28%","274.00","N/A","https://imgcdn.mckesson.com/CumulusWeb/Images/Item_Detail/1028081_right.jpg"
"gid://shopify/Product/us-5039","1269742","Digital Blood Pressure Monitor Omron 7 Series® Adult Cuff Arm Nylon Cuff 9 to 17 Inch Desk Model","Blood Pressure Monitors","Emerson Healthcare","816.72","1134.99","1418.99","318.27","28%","284.00","N/A","https://imgcdn.mckesson.com/CumulusWeb/Images/Item_Detail/1269742_ppkgleft.jpg"
"gid://shopify/Product/us-5040","1269741","Digital Blood Pressure Monitor Omron 10 Series® Adult Cuff Arm Nylon Cuff 9 to 17 Inch Desk Model","Blood Pressure Monitors","Emerson Healthcare","914.84","1270.99","1588.99","356.15","28%","318.00","N/A","https://imgcdn.mckesson.com/CumulusWeb/Images/Item_Detail/1269741_ppkgleft.jpg"
"gid://shopify/Product/us-5041","1288568","Digital Blood Pressure Monitor Evolv® 700 Series Adult Cuff Arm Nylon Cuff 23 to 43 cm Mobile","Blood Pressure Monitors","Emerson Healthcare","923.36","1282.99","1603.99","359.63","28%","321.00","N/A","https://imgcdn.mckesson.com/CumulusWeb/Images/Item_Detail/1288568_ppkgleft.jpg"
"gid://shopify/Product/us-5042","1188594","Integrated Wall System McKesson Ophthalmoscope / Otoscope / BP Aneroid / Specula Dispenser / Transformer","Blood Pressure Monitors","McKesson Brand","1170.75","1626.99","2033.99","456.24","28%","407.00","N/A","https://imgcdn.mckesson.com/CumulusWeb/Images/Item_Detail/1188594_front.jpg"
"gid://shopify/Product/us-5043","1188597","Integrated Wall System McKesson LED Coaxial Ophthalmoscope / LED MacroView™ Basic Otoscope / BP Aneroid / Specula Dispenser / Thermometer / Transformer","Blood Pressure Monitors","McKesson Brand","1390.71","1931.99","2414.99","541.28","28%","483.00","N/A","https://imgcdn.mckesson.com/CumulusWeb/Images/Item_Detail/1188597_front.jpg"
"gid://shopify/Product/us-5044","1188599","Integrated Wall System McKesson LED PanOptic™ Plus Ophthalmoscope / LED MacroView™ Plus Otoscope / BP Aneroid / Specula Dispenser / Thermometer / Transformer / iEXAMINER™ Smart Bracket","Blood Pressure Monitors","McKesson Brand","1986.73","2759.99","3449.99","773.26","28%","690.00","N/A","https://imgcdn.mckesson.com/CumulusWeb/Images/Item_Detail/1188599_front.jpg"
"gid://shopify/Product/us-5045","1154729","Patient Monitor Welch Allyn® Spot 4400 Monitoring / Spot check NIBP, Thermometer AC Power","Blood Pressure Monitors","Welch Allyn","2412.46","3350.99","4188.99","938.53","28%","838.00","N/A","https://imgcdn.mckesson.com/CumulusWeb/Images/Item_Detail/1154729_front_.jpg"
"gid://shopify/Product/us-5046","1154730","Patient Monitor Welch Allyn® Spot 4400 Monitoring / Spot check NIBP, Thermometer, SPO2 AC Power","Blood Pressure Monitors","Welch Allyn","3142.27","4364.99","5456.99","1222.72","28%","1092.00","N/A","https://imgcdn.mckesson.com/CumulusWeb/Images/Item_Detail/1154730_pkit.jpg"
"gid://shopify/Product/us-5047","959358","Patient Monitor Connex® Monitoring / Spot check NIBP, SpO2 AC Power","Blood Pressure Monitors","Welch Allyn","3628.82","5040.99","6301.99","1412.17","28%","1261.00","N/A","https://imgcdn.mckesson.com/CumulusWeb/Images/Item_Detail/959358_front.jpg"
"gid://shopify/Product/us-5048","946244","Patient Monitor Connex® Monitoring / Spot check NIBP, SpO2, SureTemp Plus Thermometer AC Power / Battery Operated","Blood Pressure Monitors","Welch Allyn","3872.09","5377.99","6722.99","1505.90","28%","1345.00","N/A","https://imgcdn.mckesson.com/CumulusWeb/Images/Item_Detail/946244_front_.jpg"
"gid://shopify/Product/us-5049","946245","Patient Monitor Connex® Monitoring / Spot check NIBP, SpO2, Temperature Battery Operated","Blood Pressure Monitors","Welch Allyn","4044.41","5617.99","7022.99","1573.58","28%","1405.00","N/A","https://imgcdn.mckesson.com/CumulusWeb/Images/Item_Detail/946245_front.jpg"
"gid://shopify/Product/us-5050","959359","Patient Monitor Connex® Monitoring / Spot check NIBP, Pulse Rate, Pulse Oximetry, Temperature Battery Operated","Blood Pressure Monitors","Welch Allyn","4257.27","5912.99","7391.99","1655.72","28%","1479.00","N/A","https://imgcdn.mckesson.com/CumulusWeb/Images/Item_Detail/959359_front.jpg"
"gid://shopify/Product/us-5051","971405","Patient Monitor Connex® Monitoring / Spot check NIBP, SpO2, SureTemp Plus Thermometer AC Power","Blood Pressure Monitors","Welch Allyn","4399.18","6109.99","7637.99","1710.81","28%","1528.00","N/A","https://imgcdn.mckesson.com/CumulusWeb/Images/Item_Detail/971405_front_.jpg"
"gid://shopify/Product/us-5052","971403","Patient Monitor Connex® Monitoring / Spot check NIBP, SpO2, SureTemp Plus Thermometer AC Power","Blood Pressure Monitors","Welch Allyn","5098.59","7081.99","8852.99","1983.40","28%","1771.00","N/A","https://imgcdn.mckesson.com/CumulusWeb/Images/Item_Detail/971403_front.jpg"
"gid://shopify/Product/us-5053","1237216","Vital Signs Monitor Midmark® Monitoring / Spot check NIBP, SpO2, Exergen TemporalScanner Thermometer AC Power","Blood Pressure Monitors","Midmark","5353.58","7435.99","9294.99","2082.41","28%","1859.00","N/A","https://imgcdn.mckesson.com/CumulusWeb/Images/Item_Detail/1237216_front.jpg"
"gid://shopify/Product/us-5054","946261","Patient Monitor Connex® Monitoring / Spot check NIBP, SpO2, Temperature Battery Operated","Blood Pressure Monitors","Welch Allyn","5552.09","7711.99","9639.99","2159.90","28%","1928.00","N/A","https://imgcdn.mckesson.com/CumulusWeb/Images/Item_Detail/946261.jpg"
"gid://shopify/Product/us-5055","1117522","Patient Monitor Connex® Monitoring NIPB, Pulse Rate, SpO2, SureTemp AC Power","Blood Pressure Monitors","Welch Allyn","7006.26","9730.99","12163.99","2724.73","28%","2433.00","N/A","https://imgcdn.mckesson.com/CumulusWeb/Images/Item_Detail/ImageNotAvailable_gray_.jpg"
"gid://shopify/Product/us-5056","971872","Automatic Digital Blood Pressure Monitor Tango® Multiple Sizes Arm Nylon Cuff Desk Model","Blood Pressure Monitors","Welch Allyn","9242.54","12836.99","16046.99","3594.45","28%","3210.00","N/A","https://imgcdn.mckesson.com/CumulusWeb/Images/Item_Detail/971872_group.jpg"
"gid://shopify/Product/us-5057","854635","Blood Glucose Meter QUINTET AC® 5 Second Results Stores up to 500 Results No Coding Required","Glucometers","McKesson Brand","0.50","0.99","1.99","0.49","49%","1.00","N/A","https://imgcdn.mckesson.com/CumulusWeb/Images/Item_Detail/854635_ppkgleft_.jpg"
"gid://shopify/Product/us-5058","1217978","Lancet for Lancing Device McKesson 28 Gauge Non-Safety Twist Off Cap Finger","Glucometers","McKesson Brand","1.04","1.99","2.99","0.95","48%","1.00","N/A","https://imgcdn.mckesson.com/CumulusWeb/Images/Item_Detail/1217978_pkgleft_.jpg"
"gid://shopify/Product/us-5059","1190283","Lancet for Lancing Device Embrace® 30 Gauge Non-Safety Twist Off Cap Finger","Glucometers","Omnis Health","1.27","2.99","3.99","1.72","58%","1.00","N/A","https://imgcdn.mckesson.com/CumulusWeb/Images/Item_Detail/1190283_ppkgright.jpg"
"gid://shopify/Product/us-5060","1217979","Lancet for Lancing Device McKesson 30 Gauge Non-Safety Twist Off Cap Finger","Glucometers","McKesson Brand","1.51","2.99","3.99","1.48","49%","1.00","N/A","https://imgcdn.mckesson.com/CumulusWeb/Images/Item_Detail/1217979_pkgleft_.jpg"
"gid://shopify/Product/us-5061","997488","Lancet for Lancing Device Sunmark® 28 Gauge Non-Safety Twist Off Cap Multiple Sites","Glucometers","McKesson Brand","1.57","2.99","3.99","1.42","47%","1.00","N/A","https://imgcdn.mckesson.com/CumulusWeb/Images/Item_Detail/997488_pkgleft.jpg"
"gid://shopify/Product/us-5062","1125772","Blood Glucose Control Solution Embrace® Talk 2.5 mL Level 1","Glucometers","Omnis Health","1.82","3.99","4.99","2.17","54%","1.00","N/A","https://imgcdn.mckesson.com/CumulusWeb/Images/Item_Detail/1125772_ppkgleft.jpg"
"gid://shopify/Product/us-5063","1125773","Blood Glucose Control Solution Embrace® Talk 2.5 mL Level 2","Glucometers","Omnis Health","1.87","3.99","4.99","2.12","53%","1.00","N/A","https://imgcdn.mckesson.com/CumulusWeb/Images/Item_Detail/1125773_pkgleft.jpg"
"gid://shopify/Product/us-5064","997489","Lancet for Lancing Device Sunmark® 30 Gauge Non-Safety Twist Off Cap Multiple Sites","Glucometers","McKesson Brand","2.39","4.99","6.99","2.60","52%","2.00","N/A","https://imgcdn.mckesson.com/CumulusWeb/Images/Item_Detail/997489_pkgleft_.jpg"
"gid://shopify/Product/us-5065","1125163","Blood Glucose Meter Embrace® 6 Second Results Stores up to 300 Results No Coding Required","Glucometers","Omnis Health","2.42","4.99","6.99","2.57","52%","2.00","N/A","https://imgcdn.mckesson.com/CumulusWeb/Images/Item_Detail/1125163_ppkgright.jpg"
"gid://shopify/Product/us-5066","840884","Lancet for Lancing Device TRUEplus™ 33 Gauge Non-Safety Twist Off Cap Finger","Glucometers","Trividia Health Inc","2.42","4.99","6.99","2.57","52%","2.00","N/A","https://imgcdn.mckesson.com/CumulusWeb/Images/Item_Detail/840884_pkgleft.jpg"
"gid://shopify/Product/us-5067","1281428","Lancing Device RPM PRO™ Retractable Push Button Activation","Glucometers","Veridian Healthcare LLC","2.44","4.99","6.99","2.55","51%","2.00","N/A","https://imgcdn.mckesson.com/CumulusWeb/Images/Item_Detail/1281428_ppkgleft.jpg"
"gid://shopify/Product/us-5068","1226574","Blood Glucose Control Solution Embrace® WAVE 2.5 mL Level 1","Glucometers","Omnis Health","2.66","4.99","6.99","2.33","47%","2.00","N/A","https://imgcdn.mckesson.com/CumulusWeb/Images/Item_Detail/1226574_ppkgright.jpg"
"gid://shopify/Product/us-5069","1146707","Blood Glucose Test Strips Embrace® 10 Strips per Pack For Embrace No Code Blood Glucose Systems","Glucometers","Omnis Health","2.66","4.99","6.99","2.33","47%","2.00","N/A","https://imgcdn.mckesson.com/CumulusWeb/Images/Item_Detail/1146707_pkgfront.jpg"
"gid://shopify/Product/us-5070","842597","Blood Glucose Control Solution 4 mL Low Level","Glucometers","Prodigy Diabetes Care","3.03","5.99","7.99","2.96","49%","2.00","N/A","https://imgcdn.mckesson.com/CumulusWeb/Images/Item_Detail/842597_front.jpg"
"gid://shopify/Product/us-5071","1169448","Lancing Device Embrace® Self Destructive Mechanism Push Button Activation Finger","Glucometers","Omnis Health","3.15","5.99","7.99","2.84","47%","2.00","N/A","https://imgcdn.mckesson.com/CumulusWeb/Images/Item_Detail/1169448_ppkgright_.jpg"
"gid://shopify/Product/us-5072","1003885","Blood Glucose Control Solution Embrace® Pro 2 X 4 mL Level 1 & 2","Glucometers","Omnis Health","3.88","7.99","9.99","4.11","51%","2.00","N/A","https://imgcdn.mckesson.com/CumulusWeb/Images/Item_Detail/1003885_ppkgright.jpg"
"gid://shopify/Product/us-5073","1018506","Urinalysis Reagent Mission® Blood, Glucose, Ketone, pH, Protein For Ketone Mission","Glucometers","Medical Grade","4.09","7.99","9.99","3.90","49%","2.00","N/A","https://imgcdn.mckesson.com/CumulusWeb/Images/Item_Detail/1018506_ppkgleft.jpg"
"gid://shopify/Product/us-5074","1018537","Blood Glucose Control Solution TRUE METRIX® 1 X 3 mL Level 1","Glucometers","Trividia Health Inc","4.09","7.99","9.99","3.90","49%","2.00","N/A","https://imgcdn.mckesson.com/CumulusWeb/Images/Item_Detail/1018537.jpg"
"gid://shopify/Product/us-5075","1125168","Blood Glucose Test Strips Embrace® 25 Strips per Pack For Embrace® Blood Glucose System","Glucometers","Omnis Health","4.30","7.99","9.99","3.69","46%","2.00","N/A","https://imgcdn.mckesson.com/CumulusWeb/Images/Item_Detail/1125168_pkgleft.jpg"
"gid://shopify/Product/us-5076","1059824","Blood Glucose Test Strips On Call® Pro 50 Strips per Pack For On Call® Pro Blood Glucose Monitoring System","Glucometers","Acon Laboratories","4.54","8.99","11.99","4.45","49%","3.00","N/A","https://imgcdn.mckesson.com/CumulusWeb/Images/Item_Detail/1059824.jpg"
"gid://shopify/Product/us-5077","638784","Control Wavesense™ Keynote™ Normal Level 6 mL","Glucometers","Agamatrix","4.85","8.99","11.99","4.14","46%","3.00","N/A","https://imgcdn.mckesson.com/CumulusWeb/Images/Item_Detail/AGAMAT_638784.jpg"
"gid://shopify/Product/us-5078","638786","Control Wavesense™ Keynote™ High Level 6 mL","Glucometers","Agamatrix","4.85","8.99","11.99","4.14","46%","3.00","N/A","https://imgcdn.mckesson.com/CumulusWeb/Images/Item_Detail/638786.jpg"
"gid://shopify/Product/us-5079","960304","Blood Glucose Control Solution McKesson TRUE METRIX® 3 mL Level 1","Glucometers","McKesson Brand","4.94","8.99","11.99","4.05","45%","3.00","R5051","https://imgcdn.mckesson.com/CumulusWeb/Images/Item_Detail/960304_ppkgleft.jpg"
"gid://shopify/Product/us-5080","960303","Blood Glucose Control Solution McKesson TRUE METRIX® 3 mL Level 3","Glucometers","McKesson Brand","4.99","9.99","12.99","5.00","50%","3.00","R5051","https://imgcdn.mckesson.com/CumulusWeb/Images/Item_Detail/960303_ppkgleft.jpg"
"gid://shopify/Product/us-5081","960301","Blood Glucose Control Solution McKesson TRUE METRIX® 3 mL Level 2","Glucometers","McKesson Brand","4.99","9.99","12.99","5.00","50%","3.00","R5051","https://imgcdn.mckesson.com/CumulusWeb/Images/Item_Detail/960301_ppkgleft.jpg"
"gid://shopify/Product/us-5082","839929","Blood Glucose Control Solution One Touch® Ultra","Glucometers","LifeScan","5.33","9.99","12.99","4.66","47%","3.00","N/A","https://imgcdn.mckesson.com/CumulusWeb/Images/Item_Detail/839929_pkgfront.jpg"
"gid://shopify/Product/us-5083","1125169","Blood Glucose Test Strips Embrace® 50 Strips per Pack For Embrace® Blood Glucose System","Glucometers","Omnis Health","5.75","10.99","13.99","5.24","48%","3.00","N/A","https://imgcdn.mckesson.com/CumulusWeb/Images/Item_Detail/1125169_pkgright.jpg"
"gid://shopify/Product/us-5084","1191343","Diabetic Carry Case Assure For Assure Platinum and Assure Prism Blood Glucose Monitoring Systems","Glucometers","Arkray USA","6.06","11.99","14.99","5.93","49%","3.00","N/A","https://imgcdn.mckesson.com/CumulusWeb/Images/Item_Detail/1191343_left.jpg"
"gid://shopify/Product/us-5085","1136643","Blood Glucose Meter Kit Glucocard® Shine 5 Second Results Stores up to 1000 Results No Coding Required","Glucometers","Arkray USA","6.06","11.99","14.99","5.93","49%","3.00","N/A","https://imgcdn.mckesson.com/CumulusWeb/Images/Item_Detail/1136643_ppkgright.jpg"
"gid://shopify/Product/us-5086","1106604","Diabetic Carry Case Assure® Prism Zip Up Black For use with Blood Glucose Monitor","Glucometers","Arkray USA","6.06","11.99","14.99","5.93","49%","3.00","N/A","https://imgcdn.mckesson.com/CumulusWeb/Images/Item_Detail/1106604_right.jpg"
"gid://shopify/Product/us-5087","1034317","Blood Glucose Test Strips Embrace® 50 Strips per Pack For Embrace® Blood Glucose System","Glucometers","Omnis Health","6.06","11.99","14.99","5.93","49%","3.00","N/A","https://imgcdn.mckesson.com/CumulusWeb/Images/Item_Detail/1034317_pkgfront_.jpg"
"gid://shopify/Product/us-5088","1284892","Blood Glucose Meter Assure® Titanium 7 Second Results Stores up to 1000 Results Requires Coding","Glucometers","Arkray USA","6.06","11.99","14.99","5.93","49%","3.00","N/A","https://imgcdn.mckesson.com/CumulusWeb/Images/Item_Detail/1284892_pkit.jpg"
"gid://shopify/Product/us-5089","1226573","Blood Glucose Test Strips EmbraceWave 50 Strips per Pack For use with Embrace Blood Glucose Meter","Glucometers","Omnis Health","6.42","11.99","14.99","5.57","46%","3.00","N/A","https://imgcdn.mckesson.com/CumulusWeb/Images/Item_Detail/1226573_pkgright.jpg"
"gid://shopify/Product/us-5090","1149865","Safety Lancet Surgilance® 21 Gauge Retractable Push Button Activation Finger","Glucometers","Medipurpose","6.82","12.99","16.99","6.17","47%","4.00","N/A","https://imgcdn.mckesson.com/CumulusWeb/Images/Item_Detail/1149865.jpg"
"gid://shopify/Product/us-5091","1053100","Blood Glucose Test Strips Clarity BG1000 50 Strips per Pack For Clarity BG1000 Blood Glucose Monitoring System","Glucometers","Clarity Lab Group LLC","6.90","12.99","16.99","6.09","47%","4.00","N/A","https://imgcdn.mckesson.com/CumulusWeb/Images/Item_Detail/1053100_ppkgleft.jpg"
"gid://shopify/Product/us-5092","1117226","Diabetes Management Test Control Set Clarity BG1000 Blood Glucose Normal Level / High Level","Glucometers","Clarity Lab Group LLC","7.09","12.99","16.99","5.90","45%","4.00","N/A","https://imgcdn.mckesson.com/CumulusWeb/Images/Item_Detail/1117226_pkgleft.jpg"
"gid://shopify/Product/us-5093","1217987","Safety Lancet McKesson Prevent® HP 28 Gauge Retractable Push Button Activation Finger","Glucometers","McKesson Brand","7.10","12.99","16.99","5.89","45%","4.00","N/A","https://imgcdn.mckesson.com/CumulusWeb/Images/Item_Detail/1217987_ppkgfront.jpg"
"gid://shopify/Product/us-5094","689752","Safety Lancet Assure® 28 Gauge Protective Safety Cap Push Button Activation Finger","Glucometers","Arkray USA","7.27","13.99","17.99","6.72","48%","4.00","N/A","https://imgcdn.mckesson.com/CumulusWeb/Images/Item_Detail/689752_ppkgleft.jpg"
"gid://shopify/Product/us-5095","962943","Safety Lancet Assure® 21 Gauge Protective Safety Cap Push Button Activation Finger","Glucometers","Arkray USA","7.27","13.99","17.99","6.72","48%","4.00","N/A","https://imgcdn.mckesson.com/CumulusWeb/Images/Item_Detail/962943_right.jpg"
"gid://shopify/Product/us-5096","843244","Blood Glucose Test Strips Prodigy® 50 Strips per Pack For All Prodigy® Meters","Glucometers","Prodigy Diabetes Care","7.27","13.99","17.99","6.72","48%","4.00","N/A","https://imgcdn.mckesson.com/CumulusWeb/Images/Item_Detail/843244_front.jpg"
"gid://shopify/Product/us-5097","1040073","Blood Glucose Meter Embrace® 5 Second Results Stores up to 500 Results No Coding Required","Glucometers","Omnis Health","7.27","13.99","17.99","6.72","48%","4.00","N/A","https://imgcdn.mckesson.com/CumulusWeb/Images/Item_Detail/1040073_ppkgright_.jpg"
"gid://shopify/Product/us-5098","671525","Safety Lancet Assure® 25 Gauge Protective Safety Cap Push Button Activation Finger","Glucometers","Arkray USA","7.27","13.99","17.99","6.72","48%","4.00","N/A","https://imgcdn.mckesson.com/CumulusWeb/Images/Item_Detail/671525_ppkgleft.jpg"
"gid://shopify/Product/us-5099","1261952","Safety Insulin Pen Needle Embrace® 31 Gauge 8 mm Length Manual Safety","Glucometers","Omnis Health","7.39","13.99","17.99","6.60","47%","4.00","N/A","https://imgcdn.mckesson.com/CumulusWeb/Images/Item_Detail/1261952_ppkgright.jpg"
"gid://shopify/Product/us-5100","1217986","Safety Lancet McKesson Prevent® HP 25 Gauge Retractable Push Button Activation Finger","Glucometers","McKesson Brand","7.44","13.99","17.99","6.55","47%","4.00","N/A","https://imgcdn.mckesson.com/CumulusWeb/Images/Item_Detail/1217986_ppkgfront.jpg"
"gid://shopify/Product/us-5101","1268119","Safety Insulin Pen Needle Embrace® 32 Gauge 4 mm Length","Glucometers","Omnis Health","7.61","13.99","17.99","6.38","46%","4.00","N/A","https://imgcdn.mckesson.com/CumulusWeb/Images/Item_Detail/1268119_ppkgright.jpg"
"gid://shopify/Product/us-5102","1103988","Blood Glucose Test Strips Glucocard® 50 Strips per Pack For Glucocard Blood Glucose Monitoring Meter","Glucometers","Arkray USA","7.87","14.99","18.99","7.12","47%","4.00","N/A","https://imgcdn.mckesson.com/CumulusWeb/Images/Item_Detail/1103988_ppkgright.jpg"
"gid://shopify/Product/us-5103","504885","VACUETTE® Venous Blood Collection Tube Sodium Fluoride / Potassium Oxalate Additive 2 mL Pull Cap Polyethylene Terephthalate (PET) Tube","Glucometers","Greiner Bio-One","7.94","14.99","18.99","7.05","47%","4.00","N/A","https://imgcdn.mckesson.com/CumulusWeb/Images/Item_Detail/1635_455009_2.jpg"
"gid://shopify/Product/us-5104","1217985","Safety Lancet McKesson Prevent® HP 25 Gauge Retractable Push Button Activation Finger","Glucometers","McKesson Brand","8.14","14.99","18.99","6.85","46%","4.00","N/A","https://imgcdn.mckesson.com/CumulusWeb/Images/Item_Detail/1217985_ppkgfront.jpg"
"gid://shopify/Product/us-5105","962941","Safety Lancet Assure® 30 Gauge Protective Safety Cap Push Button Activation Finger","Glucometers","Arkray USA","8.24","14.99","18.99","6.75","45%","4.00","N/A","https://imgcdn.mckesson.com/CumulusWeb/Images/Item_Detail/962941_pkgfront.jpg"
"gid://shopify/Product/us-5106","962942","Safety Lancet Assure® 25 Gauge Protective Safety Cap Push Button Activation Finger","Glucometers","Arkray USA","8.24","14.99","18.99","6.75","45%","4.00","N/A","https://imgcdn.mckesson.com/CumulusWeb/Images/Item_Detail/962942_ppkgleft.jpg"
"gid://shopify/Product/us-5107","893032","Blood Glucose Test Strips Glucocard® Vital™ 50 Strips per Pack For Glucocard Blood Glucose Monitoring Meter","Glucometers","Arkray USA","8.48","15.99","19.99","7.51","47%","4.00","N/A","https://imgcdn.mckesson.com/CumulusWeb/Images/Item_Detail/893032_ppkgleft.jpg"
"gid://shopify/Product/us-5108","1217984","Safety Lancet McKesson Prevent® HP 21 Gauge Retractable Push Button Activation Finger","Glucometers","McKesson Brand","8.52","15.99","19.99","7.47","47%","4.00","N/A","https://imgcdn.mckesson.com/CumulusWeb/Images/Item_Detail/1217984_ppkgfront.jpg"
"gid://shopify/Product/us-5109","854634","Blood Glucose Control Solution McKesson Quintet AC® 2 X 4 mL Level 2 & 4","Glucometers","McKesson Brand","8.65","15.99","19.99","7.34","46%","4.00","N/A","https://imgcdn.mckesson.com/CumulusWeb/Images/Item_Detail/854634_ppkgleft.jpg"
"gid://shopify/Product/us-5110","960300","Blood Glucose Test Strips McKesson TRUE METRIX® 50 Strips per Pack For McKesson TRUE METRIX® Self Monitoring Blood Glucose System","Glucometers","McKesson Brand","9.08","16.99","21.99","7.91","47%","5.00","R3051","https://imgcdn.mckesson.com/CumulusWeb/Images/Item_Detail/960300_ppkgleft.jpg"
"gid://shopify/Product/us-5111","960298","Blood Glucose Test Strips McKesson TRUE METRIX® PRO 50 Strips per Pack For McKesson TRUE METRIX® PRO Professional Monitoring Blood Glucose Meter","Glucometers","McKesson Brand","9.08","16.99","21.99","7.91","47%","5.00","N/A","https://imgcdn.mckesson.com/CumulusWeb/Images/Item_Detail/960298_ppkgleft.jpg"
"gid://shopify/Product/us-5112","942353","Blood Glucose Test Strips Assure® 50 Strips per Pack For Assure® Prism Multi Blood Glucose Monitoring System","Glucometers","Arkray USA","9.45","17.99","22.99","8.54","47%","5.00","N/A","https://imgcdn.mckesson.com/CumulusWeb/Images/Item_Detail/942353_front.jpg"
"gid://shopify/Product/us-5113","416635","Lancet for Lancing Device Freestyle™ 28 Gauge Non-Safety Twist Off Cap Finger","Glucometers","Thames Pharma","9.51","17.99","22.99","8.48","47%","5.00","N/A","https://imgcdn.mckesson.com/CumulusWeb/Images/Item_Detail/416635.jpg"
"gid://shopify/Product/us-5114","1053092","Blood Glucose Meter Kit Clarity Diagnostic BG1000 5 Second Results Stores up to 300 Results No Coding Required","Glucometers","Clarity Lab Group LLC","9.68","17.99","22.99","8.31","46%","5.00","N/A","https://imgcdn.mckesson.com/CumulusWeb/Images/Item_Detail/1053092.jpg"
"gid://shopify/Product/us-5115","1114363","Blood Glucose Meter TRUE METRIX® 4 Second Results Stores up to 500 Results","Glucometers","Trividia Health Inc","9.69","17.99","22.99","8.30","46%","5.00","N/A","https://imgcdn.mckesson.com/CumulusWeb/Images/Item_Detail/1114363_pkgfront.jpg"
"gid://shopify/Product/us-5116","1284896","Blood Glucose Control Solution Assure® Titanium Level 2 & 3","Glucometers","Arkray USA","9.69","17.99","22.99","8.30","46%","5.00","N/A","https://imgcdn.mckesson.com/CumulusWeb/Images/Item_Detail/1284896_front.jpg"
"gid://shopify/Product/us-5117","711309","Blood Glucose Control Solution Assure® Dose 2 X 2.5 mL Level 1 & 2","Glucometers","Arkray USA","9.69","17.99","22.99","8.30","46%","5.00","N/A","https://imgcdn.mckesson.com/CumulusWeb/Images/Item_Detail/711309_front.jpg"
"gid://shopify/Product/us-5118","971974","Diabetes Management Test Control Set Assure® Prism Blood Glucose Test 2 Levels","Glucometers","Arkray USA","9.69","17.99","22.99","8.30","46%","5.00","N/A","https://imgcdn.mckesson.com/CumulusWeb/Images/Item_Detail/971974_ppkgfront.jpg"
"gid://shopify/Product/us-5119","811910","Blood Glucose Test Strips FORA GD20 50 Strips per Pack For FORA GD20 Blood Glucose Monitoring System","Glucometers","Links Medical","9.69","17.99","22.99","8.30","46%","5.00","N/A","https://imgcdn.mckesson.com/CumulusWeb/Images/Item_Detail/811910_front.jpg"
"gid://shopify/Product/us-5120","852705","Blood Glucose Control Solution One Touch® Ultra 2 X 4 mL","Glucometers","LifeScan","9.93","18.99","23.99","9.06","48%","5.00","N/A","https://imgcdn.mckesson.com/CumulusWeb/Images/Item_Detail/852705_pkgfront.jpg"
"gid://shopify/Product/us-5121","570415","Safety Lancet Unistik 3 23 Gauge Retractable Push Button Activation Finger","Glucometers","Medical Grade","10.02","18.99","23.99","8.97","47%","5.00","N/A","https://imgcdn.mckesson.com/CumulusWeb/Images/Item_Detail/570415_pkgleft.jpg"
"gid://shopify/Product/us-5122","701114","Safety Lancet Unistik 3 28 Gauge Visual Lockout Push Button Activation Finger","Glucometers","Medical Grade","10.02","18.99","23.99","8.97","47%","5.00","N/A","https://imgcdn.mckesson.com/CumulusWeb/Images/Item_Detail/701114_pkgleft.jpg"
"gid://shopify/Product/us-5123","562646","Safety Lancet Surgilance® 21 Gauge Retractable Push Button Activation Finger","Glucometers","Medipurpose","10.09","18.99","23.99","8.90","47%","5.00","N/A","https://imgcdn.mckesson.com/CumulusWeb/Images/Item_Detail/562646_right.jpg"
"gid://shopify/Product/us-5124","511848","Safety Lancet Surgilance® 21 Gauge Retractable Push Button Activation Finger","Glucometers","Medipurpose","10.09","18.99","23.99","8.90","47%","5.00","N/A","https://imgcdn.mckesson.com/CumulusWeb/Images/Item_Detail/511848_pdet.jpg"
"gid://shopify/Product/us-5125","445543","Safety Lancet Surgilance® 21 Gauge Retractable Push Button Activation Finger","Glucometers","Medipurpose","10.09","18.99","23.99","8.90","47%","5.00","N/A","https://imgcdn.mckesson.com/CumulusWeb/Images/Item_Detail/445543_right.jpg"
"gid://shopify/Product/us-5126","445541","Safety Lancet Surgilance® 21 Gauge Retractable Push Button Activation Finger","Glucometers","Medipurpose","10.09","18.99","23.99","8.90","47%","5.00","N/A","https://imgcdn.mckesson.com/CumulusWeb/Images/Item_Detail/445541_right.jpg"
"gid://shopify/Product/us-5127","854636","Blood Glucose Test Strips Quintet AC® 50 Strips per Pack For Quintet AC® Blood Glucose Monitor","Glucometers","McKesson Brand","10.41","18.99","23.99","8.58","45%","5.00","N/A","https://imgcdn.mckesson.com/CumulusWeb/Images/Item_Detail/854636_ppkgleft.jpg"
"gid://shopify/Product/us-5128","1217988","Safety Lancet McKesson Prevent® HP 28 Gauge Retractable Push Button Activation Finger","Glucometers","McKesson Brand","10.51","19.99","24.99","9.48","47%","5.00","N/A","https://imgcdn.mckesson.com/CumulusWeb/Images/Item_Detail/1217988_ppkgfront.jpg"
"gid://shopify/Product/us-5129","1226572","Blood Glucose Meter Embrace® Wave 6 Second Results Stores up to 500 Results","Glucometers","Omnis Health","10.87","19.99","24.99","9.12","46%","5.00","N/A","https://imgcdn.mckesson.com/CumulusWeb/Images/Item_Detail/1226572_pkgright.jpg"
"gid://shopify/Product/us-5130","445545","Safety Lancet Surgilance® 18 Gauge Retractable Push Button Activation Multiple Sites","Glucometers","Medipurpose","10.90","19.99","24.99","9.09","45%","5.00","N/A","https://imgcdn.mckesson.com/CumulusWeb/Images/Item_Detail/445545_right.jpg"
"gid://shopify/Product/us-5131","718282","Blood Glucose Test Strips Assure® Platinum 50 Strips per Pack For Assure® Platinum Meter","Glucometers","Arkray USA","10.90","19.99","24.99","9.09","45%","5.00","N/A","https://imgcdn.mckesson.com/CumulusWeb/Images/Item_Detail/718282_front.jpg"
"gid://shopify/Product/us-5132","445549","Safety Lancet Surgilance® 18 Gauge Retractable Push Button Activation Finger","Glucometers","Medipurpose","10.90","19.99","24.99","9.09","45%","5.00","N/A","https://imgcdn.mckesson.com/CumulusWeb/Images/Item_Detail/445549_right.jpg"
"gid://shopify/Product/us-5133","1284893","Blood Glucose Test Strips Assure® Titanium 50 Strips For Assure® Titanium Blood Gluclose Monitor","Glucometers","Arkray USA","10.90","19.99","24.99","9.09","45%","5.00","N/A","https://imgcdn.mckesson.com/CumulusWeb/Images/Item_Detail/1284893_front.jpg"
"gid://shopify/Product/us-5134","1217990","Safety Lancet McKesson 23 Gauge Retractable Push Button Activation Finger","Glucometers","McKesson Brand","11.13","20.99","26.99","9.86","47%","6.00","N/A","https://imgcdn.mckesson.com/CumulusWeb/Images/Item_Detail/1217990_pkgfront.jpg"
"gid://shopify/Product/us-5135","1217991","Safety Lancet McKesson 28 Gauge Retractable Push Button Activation Finger","Glucometers","McKesson Brand","11.14","20.99","26.99","9.85","47%","6.00","N/A","https://imgcdn.mckesson.com/CumulusWeb/Images/Item_Detail/1217991_pkgfront.jpg"
"gid://shopify/Product/us-5136","1235888","Safety Lancet HTL Strefa 28 Gauge 1.5 mm Blade Self Destructive Mechanism Multiple Sites","Glucometers","HTL-STREFA","11.51","20.99","26.99","9.48","45%","6.00","N/A","https://imgcdn.mckesson.com/CumulusWeb/Images/Item_Detail/1235888_right.jpg"
"gid://shopify/Product/us-5137","793449","Blood Glucose Test Strips Glucocard® 50 Strips per Pack For Glucocard® Expression™ Blood Glucose Monitor","Glucometers","Arkray USA","12.11","22.99","28.99","10.88","47%","6.00","N/A","https://imgcdn.mckesson.com/CumulusWeb/Images/Item_Detail/793449_ppkgleft.jpg"
"gid://shopify/Product/us-5138","1217989","Safety Lancet McKesson 1.5 mm Blade Retractable Push Button Activation Finger","Glucometers","McKesson Brand","12.39","22.99","28.99","10.60","46%","6.00","N/A","https://imgcdn.mckesson.com/CumulusWeb/Images/Item_Detail/1217989_ppkgfront.jpg"
"gid://shopify/Product/us-5139","1183537","Blood Glucose Meter Accu-Chek® 4 Second Results Stores up to 30 Results No Coding Required","Glucometers","Roche Diabetes Care Inc","12.52","22.99","28.99","10.47","46%","6.00","N/A","https://imgcdn.mckesson.com/CumulusWeb/Images/Item_Detail/1183537_ppkgfront.jpg"
"gid://shopify/Product/us-5140","800737","Blood Glucose Test Strips Microdot® 50 Strips per Pack For Microdot® Meters","Glucometers","Cambridge Sensors USA","12.72","23.99","29.99","11.27","47%","6.00","N/A","https://imgcdn.mckesson.com/CumulusWeb/Images/Item_Detail/800737.jpg"
"gid://shopify/Product/us-5141","1125171","Blood Glucose Test Strips Embrace® For Embrace® Blood Glucose System","Glucometers","Omnis Health","13.16","23.99","29.99","10.83","45%","6.00","N/A","https://imgcdn.mckesson.com/CumulusWeb/Images/Item_Detail/1125171_pkgleft.jpg"
"gid://shopify/Product/us-5142","689753","Safety Lancet Assure® 28 Gauge Protective Safety Cap Push Button Activation Finger","Glucometers","Arkray USA","13.32","24.99","31.99","11.67","47%","7.00","N/A","https://imgcdn.mckesson.com/CumulusWeb/Images/Item_Detail/689753_ppkgleft.jpg"
"gid://shopify/Product/us-5143","843655","Blood Glucose Test Strips Microdot® 50 Strips per Pack For Microdot® Meters","Glucometers","Cambridge Sensors USA","13.32","24.99","31.99","11.67","47%","7.00","N/A","https://imgcdn.mckesson.com/CumulusWeb/Images/Item_Detail/843655_front.jpg"
"gid://shopify/Product/us-5144","1273920","Sensor Overpatch CoverGuard Tan For Dexcom G7 Sensor","Glucometers","Veridian Healthcare LLC","14.49","26.99","33.99","12.50","46%","7.00","N/A","https://imgcdn.mckesson.com/CumulusWeb/Images/Item_Detail/1273920_ppkgfront.jpg"
"gid://shopify/Product/us-5145","1273919","Sensor Overpatch Cover Guard Black For Dexcom G7","Glucometers","Veridian Healthcare LLC","14.49","26.99","33.99","12.50","46%","7.00","N/A","https://imgcdn.mckesson.com/CumulusWeb/Images/Item_Detail/1273919_ppkgfront.jpg"
"gid://shopify/Product/us-5146","1076101","Blood Glucose Test Strips Glucocard® Shine 50 Strips per Pack For Glucocard Blood Glucose Monitoring Meter","Glucometers","Arkray USA","14.54","26.99","33.99","12.45","46%","7.00","N/A","https://imgcdn.mckesson.com/CumulusWeb/Images/Item_Detail/1076101_ppkgleft.jpg"
"gid://shopify/Product/us-5147","722178","Lancet for Lancing Device OneTouch® 33 Gauge Non-Safety Twist Off Cap Finger","Glucometers","LifeScan","15.14","27.99","34.99","12.85","46%","7.00","N/A","https://imgcdn.mckesson.com/CumulusWeb/Images/Item_Detail/722178.jpg"
"gid://shopify/Product/us-5148","1151251","Lancet for Lancing Device OneTouch® 30 Gauge Non-Safety Twist Off Cap Finger","Glucometers","LifeScan","15.14","27.99","34.99","12.85","46%","7.00","N/A","https://imgcdn.mckesson.com/CumulusWeb/Images/Item_Detail/1151251_ppkgleft.jpg"
"gid://shopify/Product/us-5149","1193252","Lancet for Lancing Device One Touch® 30 Gauge Nonsafety Non-Safety Twist Off Cap Finger","Glucometers","LifeScan","15.14","27.99","34.99","12.85","46%","7.00","N/A","https://imgcdn.mckesson.com/CumulusWeb/Images/Item_Detail/1193252_ppkgleft.jpg"
"gid://shopify/Product/us-5150","1297373","Blood Glucose Control Solution Evencare® G2™ 4.5 mL Low / High Level","Glucometers","Medline","15.36","27.99","34.99","12.63","45%","7.00","N/A","https://imgcdn.mckesson.com/CumulusWeb/Images/Item_Detail/1297373_ppkgfront.jpg"
"gid://shopify/Product/us-5151","1273948","Sensor Overpatch CoverGuard Tan For Dexcom G7 Sensor","Glucometers","Veridian Healthcare LLC","15.40","27.99","34.99","12.59","45%","7.00","N/A","https://imgcdn.mckesson.com/CumulusWeb/Images/Item_Detail/1273948_ppkgfront.jpg"
"gid://shopify/Product/us-5152","1273924","Sensor Overpatch CoverGuard Black For Dexcom G7 Sensor","Glucometers","Veridian Healthcare LLC","15.40","27.99","34.99","12.59","45%","7.00","N/A","https://imgcdn.mckesson.com/CumulusWeb/Images/Item_Detail/1273924_ppkgfront.jpg"
"gid://shopify/Product/us-5153","1086756","Lancing Device Microlet® Push Button Activation Finger","Glucometers","Bayer","15.57","28.99","36.99","13.42","46%","8.00","N/A","https://imgcdn.mckesson.com/CumulusWeb/Images/Item_Detail/1086756_pkgfront.jpg"
"gid://shopify/Product/us-5154","693966","Blood Glucose Test Strips Wavesense® Presto® 50 Strips per Pack For Wavesense Presto Blood Glucose Monitoring System","Glucometers","Agamatrix","16.35","29.99","37.99","13.64","45%","8.00","N/A","https://imgcdn.mckesson.com/CumulusWeb/Images/Item_Detail/693966_pkit.jpg"
"gid://shopify/Product/us-5155","874416","Blood Glucose Test Strips EvenCare® G2® 50 Strips per Pack For EvenCare® G2® Blood Glucose Monitoring System","Glucometers","Medline","17.56","31.99","39.99","14.43","45%","8.00","N/A","https://imgcdn.mckesson.com/CumulusWeb/Images/Item_Detail/874416_ppkgleft.jpg"
"gid://shopify/Product/us-5156","976925","Urinalysis Reagent McKesson Consult™ Blood, Glucose, Leukocytes, Nitrite, pH, Protein For McKesson CONSULT 120 Ultra Urine Analyzer (MFR # 121-120)","Glucometers","McKesson Brand","17.82","32.99","41.99","15.17","46%","9.00","N/A","https://imgcdn.mckesson.com/CumulusWeb/Images/Item_Detail/976925.jpg"
"gid://shopify/Product/us-5157","539416","Safety Lancet Unistik 3 21 Gauge Retractable Push Button Activation Finger","Glucometers","Medical Grade","17.96","32.99","41.99","15.03","46%","9.00","N/A","https://imgcdn.mckesson.com/CumulusWeb/Images/Item_Detail/539416_pkgfront.jpg"
"gid://shopify/Product/us-5158","475825","Safety Lancet Unistik 3 23 Gauge Retractable Push Button Activation Finger","Glucometers","Medical Grade","17.96","32.99","41.99","15.03","46%","9.00","N/A","https://imgcdn.mckesson.com/CumulusWeb/Images/Item_Detail/475825_pkgleft.jpg"
"gid://shopify/Product/us-5159","485757","Safety Lancet Unistik 3 28 Gauge Retractable Push Button Activation Finger","Glucometers","Medical Grade","17.96","32.99","41.99","15.03","46%","9.00","N/A","https://imgcdn.mckesson.com/CumulusWeb/Images/Item_Detail/485757_pkgleft.jpg"
"gid://shopify/Product/us-5160","1273959","Sensor Overpatch CoverGuard Tan For Omnipod 5 Sensor","Glucometers","Veridian Healthcare LLC","18.12","32.99","41.99","14.87","45%","9.00","N/A","https://imgcdn.mckesson.com/CumulusWeb/Images/Item_Detail/1273959_ppkgfront.jpg"
"gid://shopify/Product/us-5161","1273957","Sensor Overpatch CoverGuard Tan For Omnipod 5 Sensor","Glucometers","Veridian Healthcare LLC","18.12","32.99","41.99","14.87","45%","9.00","N/A","https://imgcdn.mckesson.com/CumulusWeb/Images/Item_Detail/1273957_ppkgfront.jpg"
"gid://shopify/Product/us-5162","651919","Blood Glucose Meter Kit FreeStyle® Lite 5 Second Results Stores up to 400 Results No Coding Required","Glucometers","Abbott","18.17","33.99","42.99","15.82","47%","9.00","N/A","https://imgcdn.mckesson.com/CumulusWeb/Images/Item_Detail/9ABTDC_651919.jpg"
"gid://shopify/Product/us-5163","650081","Blood Glucose and Ketone Meter Precision Xtra® 5 Second Results Glucose / 10 Second Results Ketones Stores up to 450 Results No Coding Required","Glucometers","Abbott","18.17","33.99","42.99","15.82","47%","9.00","N/A","https://imgcdn.mckesson.com/CumulusWeb/Images/Item_Detail/9ABTDC_650081.jpg"
"gid://shopify/Product/us-5164","960299","Blood Glucose Test Strips McKesson TRUE METRIX® 100 Strips per Pack For McKesson TRUE METRIX® Self Monitoring Blood Glucose System","Glucometers","McKesson Brand","18.17","33.99","42.99","15.82","47%","9.00","R3051","https://imgcdn.mckesson.com/CumulusWeb/Images/Item_Detail/960299.jpg"
"gid://shopify/Product/us-5165","960297","Blood Glucose Test Strips McKesson TRUE METRIX® PRO 100 Strips per Pack For McKesson TRUE METRIX® PRO Professional Monitoring Blood Glucose Meter","Glucometers","McKesson Brand","18.17","33.99","42.99","15.82","47%","9.00","N/A","https://imgcdn.mckesson.com/CumulusWeb/Images/Item_Detail/960297_ppkgleft.jpg"
"gid://shopify/Product/us-5166","783949","Blood Glucose Meter Kit Glucocard® Vital™ 7 Second Results Stores up to 250 Results No Coding Required","Glucometers","Arkray USA","18.17","33.99","42.99","15.82","47%","9.00","N/A","https://imgcdn.mckesson.com/CumulusWeb/Images/Item_Detail/783949_ppkgright.jpg"
"gid://shopify/Product/us-5167","1220269","Blood Glucose Test Strips Verio 30 Strips per Pack For use with OneTouch Verio Gluscose Meter","Glucometers","LifeScan","18.17","33.99","42.99","15.82","47%","9.00","N/A","https://imgcdn.mckesson.com/CumulusWeb/Images/Item_Detail/1220269_ppkgleft.jpg"
"gid://shopify/Product/us-5168","848291","Blood Glucose Meter Glucocard® Vital™ 7 Second Results Stores up to 250 Results No Coding Required","Glucometers","Arkray USA","18.17","33.99","42.99","15.82","47%","9.00","N/A","https://imgcdn.mckesson.com/CumulusWeb/Images/Item_Detail/848291_ppkgleft.jpg"
"gid://shopify/Product/us-5169","1217939","Blood Glucose Test Strips Medline 50 Strips per Pack For use with Harmony Blood Glucose Monitoring System","Glucometers","Medline","18.19","33.99","42.99","15.80","46%","9.00","N/A","https://imgcdn.mckesson.com/CumulusWeb/Images/Item_Detail/1217939_front.jpg"
"gid://shopify/Product/us-5170","942354","Blood Glucose Test Strips Assure® 100 Strips per Pack For Assure® Prism Multi Blood Glucose Monitoring System","Glucometers","Arkray USA","18.90","34.99","43.99","16.09","46%","9.00","N/A","https://imgcdn.mckesson.com/CumulusWeb/Images/Item_Detail/942354_front.jpg"
"gid://shopify/Product/us-5171","1199762","Safety Lancet Unistik 2 21 Gauge Retractable Push Button Activation Finger","Glucometers","Medical Grade","19.04","34.99","43.99","15.95","46%","9.00","N/A","https://imgcdn.mckesson.com/CumulusWeb/Images/Item_Detail/1199762_front.jpg"
"gid://shopify/Product/us-5172","1195452","Safety Lancet Unistik 2 23 Gauge Retractable Push Button Activation Finger","Glucometers","Medical Grade","19.04","34.99","43.99","15.95","46%","9.00","N/A","https://imgcdn.mckesson.com/CumulusWeb/Images/Item_Detail/1195452_pkgright.jpg"
"gid://shopify/Product/us-5173","1273916","Sensor Overpatch CoverGuard For FreeStyle Libre 3","Glucometers","Veridian Healthcare LLC","19.97","36.99","46.99","17.02","46%","10.00","N/A","https://imgcdn.mckesson.com/CumulusWeb/Images/Item_Detail/1273916_ppkgfront.jpg"
"gid://shopify/Product/us-5174","1273875","Sensor Overpatch CoverGuard Waterproof For FreeStyle Libre 3 Sensor","Glucometers","Veridian Healthcare LLC","19.97","36.99","46.99","17.02","46%","10.00","N/A","https://imgcdn.mckesson.com/CumulusWeb/Images/Item_Detail/1273875_ppkgfront.jpg"
"gid://shopify/Product/us-5175","889460","Safety Lancet Medlance® 21 Gauge Retractable Push Button Activation Finger","Glucometers","Cambridge Sensors USA","19.99","36.99","46.99","17.00","46%","10.00","N/A","https://imgcdn.mckesson.com/CumulusWeb/Images/Item_Detail/889460.jpg"
"gid://shopify/Product/us-5176","495178","Safety Lancet Unistik 3 18 Gauge Retractable Push Button Activation Multiple Sites","Glucometers","Medical Grade","20.37","37.99","47.99","17.62","46%","10.00","N/A","https://imgcdn.mckesson.com/CumulusWeb/Images/Item_Detail/495178_right.jpg"
"gid://shopify/Product/us-5177","1127606","Safety Lancet Surgilance® 28 Gauge Retractable Push Button Activation Finger","Glucometers","Medipurpose","20.45","37.99","47.99","17.54","46%","10.00","N/A","https://imgcdn.mckesson.com/CumulusWeb/Images/Item_Detail/1127606.jpg"
"gid://shopify/Product/us-5178","1240086","Blood Glucose Test Strips ASSURE® Prism Multi Foiled Wrapped 50 Strips per Pack For Use with ASSURE® Prism Multi Glucose Meter","Glucometers","Arkray USA","21.20","38.99","48.99","17.79","46%","10.00","N/A","https://imgcdn.mckesson.com/CumulusWeb/Images/Item_Detail/1240086_ppkgright.jpg"
"gid://shopify/Product/us-5179","1273917","Sensor Overpatch Cover Guard Black For FreeStyle Libre 3","Glucometers","Veridian Healthcare LLC","21.22","38.99","48.99","17.77","46%","10.00","N/A","https://imgcdn.mckesson.com/CumulusWeb/Images/Item_Detail/1273917_ppkgfront.jpg"
"gid://shopify/Product/us-5180","868671","Blood Glucose Test Strips Prodigy® 50 Strips per Pack For All Prodigy® Meters","Glucometers","Prodigy Diabetes Care","21.74","39.99","49.99","18.25","46%","10.00","N/A","https://imgcdn.mckesson.com/CumulusWeb/Images/Item_Detail/868671.jpg"
"gid://shopify/Product/us-5181","718283","Blood Glucose Test Strips Assure® Platinum 100 Strips per Pack For Assure® Platinum Meter","Glucometers","Arkray USA","21.80","39.99","49.99","18.19","45%","10.00","N/A","https://imgcdn.mckesson.com/CumulusWeb/Images/Item_Detail/718283_ppkgleft.jpg"
"gid://shopify/Product/us-5182","788084","Blood Glucose Test Strips Microdot® Xtra 50 Strips per Pack For Microdot® Meters","Glucometers","Cambridge Sensors USA","22.35","40.99","51.99","18.64","45%","11.00","N/A","https://imgcdn.mckesson.com/CumulusWeb/Images/Item_Detail/788084.jpg"
"gid://shopify/Product/us-5183","895295","Safety Lancet Medlance® 21 Gauge Retractable Push Button Activation Finger","Glucometers","Cambridge Sensors USA","23.02","41.99","52.99","18.97","45%","11.00","N/A","https://imgcdn.mckesson.com/CumulusWeb/Images/Item_Detail/895295.jpg"
"gid://shopify/Product/us-5184","874659","Safety Lancet Medlance® 25 Gauge Safety Puncture Control Push Button Activation Finger","Glucometers","Cambridge Sensors USA","23.02","41.99","52.99","18.97","45%","11.00","N/A","https://imgcdn.mckesson.com/CumulusWeb/Images/Item_Detail/874659_ppkgleft.jpg"
"gid://shopify/Product/us-5185","1110175","Blood Glucose Meter Assure® 5 Second Results Stores up to 500 Results No Coding Required","Glucometers","Bound Tree Medical","23.37","42.99","53.99","19.62","46%","11.00","N/A","https://imgcdn.mckesson.com/CumulusWeb/Images/Item_Detail/1110175.jpg"
"gid://shopify/Product/us-5186","1039258","Urinalysis Test Kit Detector UA™ Bilirubin, Blood, Glucose, Ketone, Leukocytes, Nitrite, pH, Protein, Specific Gravity, Urobilinogen 100 Tests CLIA Waived","Glucometers","Immunostics","23.98","43.99","54.99","20.01","45%","11.00","N/A","https://imgcdn.mckesson.com/CumulusWeb/Images/Item_Detail/1039258.jpg"
"gid://shopify/Product/us-5187","1007009","Urinalysis Reagent Uriscan® Blood, Glucose, Leucocytes, Nitrite, pH, Protein For CONSULT Urine Analyzer 773 / SELECT Urine Analyzer 505 / Uriscan Optima Touch-Screen Urine Analyzer","Glucometers","Biosys Labs","24.31","44.99","56.99","20.68","46%","12.00","N/A","https://imgcdn.mckesson.com/CumulusWeb/Images/Item_Detail/1007009_ppkgleft.jpg"
"gid://shopify/Product/us-5188","1121165","Blood Glucose and Ketone Test Strips Lucidplus™ 50 Strips per Pack For B - Ketone Plus Meter","Glucometers","Vidan Diagnostics LLC","26.31","47.99","59.99","21.68","45%","12.00","N/A","https://imgcdn.mckesson.com/CumulusWeb/Images/Item_Detail/1121165_ppkgfront.jpg"
"gid://shopify/Product/us-5189","682039","Safety Lancet Capiject® 28 Gauge Retractable Push Button Activation Finger","Glucometers","Terumo Medical","27.55","50.99","63.99","23.44","46%","13.00","N/A","https://imgcdn.mckesson.com/CumulusWeb/Images/Item_Detail/682039.jpg"
"gid://shopify/Product/us-5190","682038","Safety Lancet Capiject® 23 Gauge Retractable Push Button Activation Finger","Glucometers","Terumo Medical","27.55","50.99","63.99","23.44","46%","13.00","N/A","https://imgcdn.mckesson.com/CumulusWeb/Images/Item_Detail/682038_front.jpg"
"gid://shopify/Product/us-5191","804314","Urinalysis Reagent McKesson Consult™ Bilirubin, Blood, Glucose, Ketone, Leukocytes, Nitrite, pH, Protein, Specific Gravity, Urobilinogen For McKesson 120 / McKesson CONSULT U120 Ultra Urine Analyzer (MFR # 121-120 / 121-U120)","Glucometers","McKesson Brand","28.52","51.99","64.99","23.47","45%","13.00","N/A","https://imgcdn.mckesson.com/CumulusWeb/Images/Item_Detail/804314.jpg"
"gid://shopify/Product/us-5192","909888","Insertion Device MiniMed® Sil-Serter™ For the MiniMed Silhouette Infusion Set","Glucometers","Medtronic","28.77","52.99","66.99","24.22","46%","14.00","N/A","https://imgcdn.mckesson.com/CumulusWeb/Images/Item_Detail/909888_right.jpg"
"gid://shopify/Product/us-5193","1189595","Blood Glucose Meter OneTouch Ultra® 2 5 Second Results Stores up to 500 Results No Coding Required","Glucometers","LifeScan","28.81","52.99","66.99","24.18","46%","14.00","N/A","https://imgcdn.mckesson.com/CumulusWeb/Images/Item_Detail/1189595_pkgfront.jpg"
"gid://shopify/Product/us-5194","1250937","Blood Glucose Meter GE100 5 Second Results Stores up to 500 Results No Coding Required","Glucometers","Veridian Healthcare LLC","28.86","52.99","66.99","24.13","46%","14.00","N/A","https://imgcdn.mckesson.com/CumulusWeb/Images/Item_Detail/1250937_pkit_.jpg"
"gid://shopify/Product/us-5195","475826","Safety Lancet Unistik 3 23 Gauge Retractable Push Button Activation Finger","Glucometers","Medical Grade","29.05","52.99","66.99","23.94","45%","14.00","N/A","https://imgcdn.mckesson.com/CumulusWeb/Images/Item_Detail/475826_pkgfront.jpg"
"gid://shopify/Product/us-5196","539418","Safety Lancet Unistik 3 28 Gauge Retractable Push Button Activation Finger","Glucometers","Medical Grade","29.05","52.99","66.99","23.94","45%","14.00","N/A","https://imgcdn.mckesson.com/CumulusWeb/Images/Item_Detail/539418_right.jpg"
"gid://shopify/Product/us-5197","539417","Safety Lancet Unistik 3 21 Gauge Retractable Push Button Activation Finger","Glucometers","Medical Grade","29.05","52.99","66.99","23.94","45%","14.00","N/A","https://imgcdn.mckesson.com/CumulusWeb/Images/Item_Detail/539417_pkgleft.jpg"
"gid://shopify/Product/us-5198","872239","Safety Lancet Unistik 3 30 Gauge Retractable Push Button Activation Finger","Glucometers","Medical Grade","29.05","52.99","66.99","23.94","45%","14.00","N/A","https://imgcdn.mckesson.com/CumulusWeb/Images/Item_Detail/872239_pkgleft.jpg"
"gid://shopify/Product/us-5199","1010092","Urinalysis Reagent Uriscan® Bilirubin, Blood, Glucose, Ketone, Leukocytes, Nitrite, pH, Protein, Specific Gravity, Urobilinogen For CONSULT Urine Analyzer 773 / SELECT Urine Analyzer 505 / Uriscan Optima Touch-Screen Urine Analyzer","Glucometers","Biosys Labs","29.97","54.99","68.99","25.02","45%","14.00","N/A","https://imgcdn.mckesson.com/CumulusWeb/Images/Item_Detail/1010092_ppkgleft.jpg"
"gid://shopify/Product/us-5200","693967","Blood Glucose Test Strips Wavesense® Presto® 100 Strips per Pack For Wavesense Presto Blood Glucose Monitoring System","Glucometers","Agamatrix","30.89","51.99","64.99","21.10","41%","13.00","N/A","https://imgcdn.mckesson.com/CumulusWeb/Images/Item_Detail/693967_ppkgleft.jpg"
"gid://shopify/Product/us-5201","839758","Urinalysis Reagent Uri-Chek™ Bilirubin, Blood, Glucose, Ketone, Leukocytes, Nitrite, pH, Protein, Specific Gravity, Urobilinogen For UriiTrak 120","Glucometers","Stanbio Laboratory","31.80","52.99","66.99","21.19","40%","14.00","N/A","https://imgcdn.mckesson.com/CumulusWeb/Images/Item_Detail/839758.jpg"
"gid://shopify/Product/us-5202","683523","Safety Lancet Unistik 2 28 Gauge Retractable Push Button Activation Finger","Glucometers","Medical Grade","33.34","55.99","69.99","22.65","40%","14.00","N/A","https://imgcdn.mckesson.com/CumulusWeb/Images/Item_Detail/683523_right.jpg"
"gid://shopify/Product/us-5203","1199763","Safety Lancet Unistik 2 23 Gauge Retractable Push Button Activation Finger","Glucometers","Medical Grade","33.34","55.99","69.99","22.65","40%","14.00","N/A","https://imgcdn.mckesson.com/CumulusWeb/Images/Item_Detail/1199763_pkgright.jpg"
"gid://shopify/Product/us-5204","1227972","Diabetes Management / Lipids Control Set AimStrip® Tandem Total Cholesterol Level 1, 2 2 X 3 mL","Glucometers","Germaine Laboratories Inc","34.39","57.99","72.99","23.60","41%","15.00","N/A","https://imgcdn.mckesson.com/CumulusWeb/Images/Item_Detail/1227972_pkit.jpg"
"gid://shopify/Product/us-5205","539419","Safety Lancet Unistik 3 18 Gauge Retractable Push Button Activation Finger","Glucometers","Medical Grade","35.40","58.99","73.99","23.59","40%","15.00","N/A","https://imgcdn.mckesson.com/CumulusWeb/Images/Item_Detail/539419_right.jpg"
"gid://shopify/Product/us-5206","1110398","Safety Lancet Comfort Zone Technology® 28 Gauge Retractable Push Button Activation Finger","Glucometers","Cardinal","36.06","60.99","76.99","24.93","41%","16.00","N/A","https://imgcdn.mckesson.com/CumulusWeb/Images/Item_Detail/1110398.jpg"
"gid://shopify/Product/us-5207","682036","Safety Lancet Capiject® 1.5 mm Blade Retractable Push Button Activation Finger","Glucometers","Terumo Medical","36.63","61.99","77.99","25.36","41%","16.00","N/A","https://imgcdn.mckesson.com/CumulusWeb/Images/Item_Detail/682036_front.jpg"
"gid://shopify/Product/us-5208","682037","Safety Lancet Capiject® 2.0 mm Blade Retractable Push Button Activation Finger","Glucometers","Terumo Medical","36.63","61.99","77.99","25.36","41%","16.00","N/A","https://imgcdn.mckesson.com/CumulusWeb/Images/Item_Detail/682037_front.jpg"
"gid://shopify/Product/us-5209","682035","Safety Lancet Capiject® 1.5 mm Blade Retractable Push Button Activation Finger","Glucometers","Terumo Medical","36.63","61.99","77.99","25.36","41%","16.00","N/A","https://imgcdn.mckesson.com/CumulusWeb/Images/Item_Detail/682035_front_.jpg"
"gid://shopify/Product/us-5210","1283216","Blood Glucose Meter Kit Trackstar™ 5 Second Results Stores up to 500 Results Requires Coding","Glucometers","Veridian Healthcare LLC","38.75","64.99","81.99","26.24","40%","17.00","N/A","https://imgcdn.mckesson.com/CumulusWeb/Images/Item_Detail/1283216_front.jpg"
"gid://shopify/Product/us-5211","1246661","Safety Lancet OneTouch® 30 Gauge Push Button Activation Finger","Glucometers","LifeScan","41.19","68.99","86.99","27.80","40%","18.00","N/A","https://imgcdn.mckesson.com/CumulusWeb/Images/Item_Detail/1246661_right.jpg"
"gid://shopify/Product/us-5212","1121161","Blood Glucose Control Solution Lucidplus™ 2 X 4 mL Level 1 & 2","Glucometers","Vidan Diagnostics LLC","47.72","79.99","99.99","32.27","40%","20.00","N/A","https://imgcdn.mckesson.com/CumulusWeb/Images/Item_Detail/1121161.jpg"
"gid://shopify/Product/us-5213","1076316","Blood Glucose Test Strips OneTouch® Verio® 50 Strips per Pack For OneTouch® Verio® Family of Meters","Glucometers","LifeScan","52.11","86.99","108.99","34.88","40%","22.00","N/A","https://imgcdn.mckesson.com/CumulusWeb/Images/Item_Detail/1076316_ppkgleft.jpg"
"gid://shopify/Product/us-5214","463324","Diabetes Management Test Control Set GlucoTrol-AQ Blood Glucose Test Low Level / High Level 2 mL","Glucometers","Hemocue","59.75","99.99","124.99","40.24","40%","25.00","N/A","https://imgcdn.mckesson.com/CumulusWeb/Images/Item_Detail/463324.jpg"
"gid://shopify/Product/us-5215","1103295","Blood Glucose Test Strips On Call® 50 Strips per Pack For On Call Glucose Meters","Glucometers","Acon Laboratories","60.04","100.99","126.99","40.95","41%","26.00","N/A","https://imgcdn.mckesson.com/CumulusWeb/Images/Item_Detail/1103295.jpg"
"gid://shopify/Product/us-5216","1235728","Urinalysis Reagent Medline Bilirubin, Blood, Glucose, Ketone, Leukocytes, Nitrite, pH, Protein, Specific Gravity, Urobilinogen CLIA Waived For Visual Reading / Analyzers 100 Tests","Glucometers","Medline","60.76","101.99","127.99","41.23","40%","26.00","N/A","https://imgcdn.mckesson.com/CumulusWeb/Images/Item_Detail/1235728_ppkgfront.jpg"
"gid://shopify/Product/us-5217","647191","Blood Glucose and Ketone Test Strips Precision Xtra® 10 Strips per Pack For Ketone Precision Meters","Glucometers","Abbott","61.28","102.99","128.99","41.71","40%","26.00","N/A","https://imgcdn.mckesson.com/CumulusWeb/Images/Item_Detail/647191_ppkgleft.jpg"
"gid://shopify/Product/us-5218","1193268","Blood Glucose Test Strips McKesson 100 per Box For use with Blood Glucose Meter","Glucometers","Trividia Health","66.72","111.99","139.99","45.27","40%","28.00","N/A","https://imgcdn.mckesson.com/CumulusWeb/Images/Item_Detail/1193268_pkgfront.jpg"
"gid://shopify/Product/us-5219","1217980","Pediatric Lancet McKesson Prevent® 2.5 mm Blade Retractable Push Button Activation Heel","Glucometers","McKesson Brand","68.91","114.99","143.99","46.08","40%","29.00","N/A","https://imgcdn.mckesson.com/CumulusWeb/Images/Item_Detail/1217980.jpg"
"gid://shopify/Product/us-5220","809447","Blood Glucose Meter Kit Glucocard® Expression™ 6 Second Results Stores up to 300 Results No Coding Required","Glucometers","Arkray USA","72.68","121.99","152.99","49.31","40%","31.00","N/A","https://imgcdn.mckesson.com/CumulusWeb/Images/Item_Detail/809447_ppkgright.jpg"
"gid://shopify/Product/us-5221","1009796","Pediatric Lancet Gentleheel® 2.5 mm Blade Retractable Push Button Activation Heel","Glucometers","Cardinal","76.18","126.99","158.99","50.81","40%","32.00","N/A","https://imgcdn.mckesson.com/CumulusWeb/Images/Item_Detail/1009796.jpg"
"gid://shopify/Product/us-5222","1188758","Pediatric Lancet Unistik Tiny Touch 1.75 mm Blade Retractable Push Button Activation Heel","Glucometers","Medical Grade","79.10","131.99","164.99","52.89","40%","33.00","N/A","https://imgcdn.mckesson.com/CumulusWeb/Images/Item_Detail/1188758_right.jpg"
"gid://shopify/Product/us-5223","1151164","Blood Glucose Meter OneTouch Verio Flex® 5 Second Results Stores up to 500 Results No Coding Required","Glucometers","LifeScan","87.22","145.99","182.99","58.77","40%","37.00","N/A","https://imgcdn.mckesson.com/CumulusWeb/Images/Item_Detail/1151164_pkgfront_.jpg"
"gid://shopify/Product/us-5224","632454","Blood Glucose Test Strips FreeStyle Lite® 50 Strips per Pack For Freestyle Lite ® Monitor System","Glucometers","Abbott","87.92","146.99","183.99","59.07","40%","37.00","N/A","https://imgcdn.mckesson.com/CumulusWeb/Images/Item_Detail/632454_ppkgleft.jpg"
"gid://shopify/Product/us-5225","850708","Blood Glucose Test Strips OneTouch® Ultra® Blue 50 Strips per Pack For OneTouch® Ultra® Blood Glucose Meter","Glucometers","LifeScan","96.64","161.99","202.99","65.35","40%","41.00","N/A","https://imgcdn.mckesson.com/CumulusWeb/Images/Item_Detail/850708_ppkgfront.jpg"
"gid://shopify/Product/us-5226","842600","Blood Glucose Meter Prodigy® 7 Second Results Stores up to 450 Results No Coding Required","Glucometers","Prodigy Diabetes Care","96.91","161.99","202.99","65.08","40%","41.00","N/A","https://imgcdn.mckesson.com/CumulusWeb/Images/Item_Detail/842600_pkgleft.jpg"
"gid://shopify/Product/us-5227","764462","Control Set R & D Glu/Hgb Dual Control Blood Glucose / Hemoglobin Low Level / Normal Level / High Level 3 X 1.5 mL","Glucometers","Hemocue","99.78","166.99","208.99","67.21","40%","42.00","N/A","https://imgcdn.mckesson.com/CumulusWeb/Images/Item_Detail/764462.jpg"
"gid://shopify/Product/us-5228","944554","General Chemistry Reagent Microcuvette HemoCue® Glucose 201 Glucose For HemoCue Glucose 201 Analyzer 50 Tests","Glucometers","Hemocue","101.11","155.99","194.99","54.88","35%","39.00","N/A","https://imgcdn.mckesson.com/CumulusWeb/Images/Item_Detail/944554_pkgleft.jpg"
"gid://shopify/Product/us-5229","832490","Blood Glucose Test Strips OneTouch® Verio® 100 Strips per Pack For OneTouch® Verio® Meter","Glucometers","LifeScan","104.22","160.99","201.99","56.77","35%","41.00","N/A","https://imgcdn.mckesson.com/CumulusWeb/Images/Item_Detail/832490_ppkgleft.jpg"
"gid://shopify/Product/us-5230","1076324","Blood Glucose Test Strips OneTouch® Verio® 100 Strips per Pack For OneTouch® Verio® Family of Meters","Glucometers","LifeScan","104.22","160.99","201.99","56.77","35%","41.00","N/A","https://imgcdn.mckesson.com/CumulusWeb/Images/Item_Detail/1076324_pkgfront.jpg"
"gid://shopify/Product/us-5231","723763","Pediatric Lancet Tenderfoot® 2.5 mm Blade Retractable Push Button Activation Heel","Glucometers","Werfen USA LLC","109.46","168.99","211.99","59.53","35%","43.00","N/A","https://imgcdn.mckesson.com/CumulusWeb/Images/Item_Detail/723763_ppkgleft.jpg"
"gid://shopify/Product/us-5232","1227962","Lipid and Glucose Analyzer AimStrip® Tandem CLIA Waived","Glucometers","Germaine Laboratories Inc","110.54","170.99","213.99","60.45","35%","43.00","N/A","https://imgcdn.mckesson.com/CumulusWeb/Images/Item_Detail/1227962_pkgfront.jpg"
"gid://shopify/Product/us-5233","519632","General Chemistry Reagent PTS Panels® Cholesterol / Glucose For Cardiochek PA Analyzer 25 Tests","Glucometers","PTS Diagnostics","115.34","177.99","222.99","62.65","35%","45.00","N/A","https://imgcdn.mckesson.com/CumulusWeb/Images/Item_Detail/519632.jpg"
"gid://shopify/Product/us-5234","366414","Pediatric Lancet BD Microtainer® 2.5 mm Blade Retractable Push Button Activation Heel","Glucometers","BD","122.03","187.99","234.99","65.96","35%","47.00","N/A","https://imgcdn.mckesson.com/CumulusWeb/Images/Item_Detail/366414_pkit.jpg"
"gid://shopify/Product/us-5235","1283374","Lancet for Lancing Device RPM PRO™ 30 Gauge Nonsafety Non-Safety Twist Off Cap Finger","Glucometers","Veridian Healthcare LLC","122.07","187.99","234.99","65.92","35%","47.00","N/A","https://imgcdn.mckesson.com/CumulusWeb/Images/Item_Detail/1283374_ppkgleft.jpg"
"gid://shopify/Product/us-5236","1002980","Insulin Infusion Set Silhouette®Paradigm® 6 mm 32 Inch Tubing Without Port","Glucometers","Medtronic","133.78","205.99","257.99","72.21","35%","52.00","N/A","https://imgcdn.mckesson.com/CumulusWeb/Images/Item_Detail/1002980_pkgright.jpg"
"gid://shopify/Product/us-5237","743091","Insulin Infusion Set MiniMed™ Quick-set™ 29 Gauge 9 mm 23 Inch Tubing Without Port","Glucometers","Medtronic","133.78","205.99","257.99","72.21","35%","52.00","N/A","https://imgcdn.mckesson.com/CumulusWeb/Images/Item_Detail/743091_front.jpg"
"gid://shopify/Product/us-5238","1223200","General Chemistry Reagent Cholestech LDX™ Lipid Profile + Glucose CLIA Waived Sample Dependent For Cholestech LDX™ Analyzer 10 Tests","Glucometers","Abbott Rapid Dx North America LLC","140.96","216.99","271.99","76.03","35%","55.00","N/A","https://imgcdn.mckesson.com/CumulusWeb/Images/Item_Detail/1223200_pkgfront_.jpg"
"gid://shopify/Product/us-5239","1065905","Urine Analyzer McKesson Consult™ CLIA Waived","Glucometers","McKesson Brand","142.57","219.99","274.99","77.42","35%","55.00","N/A","https://imgcdn.mckesson.com/CumulusWeb/Images/Item_Detail/1065905_pkit.jpg"
"gid://shopify/Product/us-5240","909750","Insulin Infusion Set Silhouette®Paradigm® 13 mm 32 Inch Tubing Without Port","Glucometers","Medtronic","142.78","219.99","274.99","77.21","35%","55.00","N/A","https://imgcdn.mckesson.com/CumulusWeb/Images/Item_Detail/909750_pkgright.jpg"
"gid://shopify/Product/us-5241","1225336","Blood Glucose Sensor Dexcom G7 For use with Blood Glucose Meter","Glucometers","Dexcom Inc","156.61","240.99","301.99","84.38","35%","61.00","N/A","https://imgcdn.mckesson.com/CumulusWeb/Images/Item_Detail/1225336_front.jpg"
"gid://shopify/Product/us-5242","922867","General Chemistry Reagent Piccolo® MetLac 12 Albumin, Blood Urea, Calcium, Chloride, Creatinine, Glucose, Lactate, Magnesium, Phosphorus, Potassium, Sodium, Total Carbon Dioxide For Piccolo Xpress Chemistry Analyzer","Glucometers","Abbott Point of Care","156.83","241.99","302.99","85.16","35%","61.00","N/A","https://imgcdn.mckesson.com/CumulusWeb/Images/Item_Detail/922867.jpg"
"gid://shopify/Product/us-5243","416634","Blood Glucose Test Strips FreeStyle Lite® 100 Strips per Pack For Freestyle Lite ® Monitor System","Glucometers","Abbott","169.86","261.99","327.99","92.13","35%","66.00","N/A","https://imgcdn.mckesson.com/CumulusWeb/Images/Item_Detail/416634.jpg"
"gid://shopify/Product/us-5244","979065","General Chemistry Reagent Microcuvette HemoCue® Glucose 201 Glucose For HemoCue Glucose 201 Blood Glucose Analyzer 100 Tests","Glucometers","Hemocue","170.22","261.99","327.99","91.77","35%","66.00","N/A","https://imgcdn.mckesson.com/CumulusWeb/Images/Item_Detail/979065_ppkgleft.jpg"
"gid://shopify/Product/us-5245","850711","Blood Glucose Test Strips OneTouch® Ultra® Blue 100 Strips per Pack For OneTouch® Ultra® Blood Glucose Meter","Glucometers","LifeScan","193.28","297.99","372.99","104.71","35%","75.00","N/A","https://imgcdn.mckesson.com/CumulusWeb/Images/Item_Detail/850711_pkgfront.jpg"
"gid://shopify/Product/us-5246","986110","Lipids Test Kit CardioChek® Plus Lipid + eGLU Smart Bundle™ Glucose / HDL / LDL / Total Cholesterol / Triglycerides 30 Tests CLIA Waived","Glucometers","PTS Diagnostics","198.68","305.99","382.99","107.31","35%","77.00","N/A","https://imgcdn.mckesson.com/CumulusWeb/Images/Item_Detail/986110_pkgleft.jpg"
"gid://shopify/Product/us-5247","1121166","Blood Glucose and Ketone Test Strips 50 Strips per Pack For Ketone Precision Meters","Glucometers","Vidan Diagnostics LLC","206.78","318.99","398.99","112.21","35%","80.00","N/A","https://imgcdn.mckesson.com/CumulusWeb/Images/Item_Detail/1121166_pkgfront.jpg"
"gid://shopify/Product/us-5248","444733","Pediatric Lancet Tenderfoot® 3.0 mm Blade Retractable Push Button Activation Heel","Glucometers","Werfen USA LLC","211.79","325.99","407.99","114.20","35%","82.00","N/A","https://imgcdn.mckesson.com/CumulusWeb/Images/Item_Detail/444733_right.jpg"
"gid://shopify/Product/us-5249","867943","Safety Lancet 30 Gauge Retractable Push Button Activation Finger","Glucometers","Links Medical","230.15","354.99","443.99","124.84","35%","89.00","N/A","https://imgcdn.mckesson.com/CumulusWeb/Images/Item_Detail/867943.jpg"
"gid://shopify/Product/us-5250","1195709","STAT-Site WB® β-Ketone box β-ketone 0.1–8.0 mmol/L For use with STAT-Site WB® Dual Analyte Measurement System","Glucometers","Stanbio Laboratory","255.83","393.99","492.99","138.16","35%","99.00","N/A","https://imgcdn.mckesson.com/CumulusWeb/Images/Item_Detail/1195709_ppkgfront.jpg"
"gid://shopify/Product/us-5251","1028346","Urinalysis Reagent Uriscan® Bilirubin, Blood, Glucose, Ketone, Leukocytes, Nitrite, pH, Protein, Specific Gravity, Urobilinogen For Uriscan Optima Touch-Screen Urine Analyzer","Glucometers","Biosys Labs","281.97","433.99","542.99","152.02","35%","109.00","N/A","https://imgcdn.mckesson.com/CumulusWeb/Images/Item_Detail/1028346.jpg"
"gid://shopify/Product/us-5252","1166840","General Chemistry Reagent i-STAT® Chem8+ Sodium / Potassium / Chloride / Ionized Calcium / Urea Nitrogen / Glucose / Creatinine / Hematocrit / TCO2 CLIA Non-Waived For i-STAT1 System 9 Tests","Glucometers","Abbott Point of Care","294.12","452.99","566.99","158.87","35%","114.00","N/A","https://imgcdn.mckesson.com/CumulusWeb/Images/Item_Detail/1166840_right.jpg"
"gid://shopify/Product/us-5253","1019253","Urinalysis Reagent Uriscan® Bilirubin, Blood, Glucose, Ketone, Leukocytes, Nitrite, pH, Protein, Specific Gravity, Urobilinogen For CONSULT Urine Analyzer 773 / SELECT Urine Analyzer 505 / Uriscan Optima Touch-Screen Urine Analyzer","Glucometers","Biosys Labs","299.74","461.99","577.99","162.25","35%","116.00","N/A","https://imgcdn.mckesson.com/CumulusWeb/Images/Item_Detail/1019253_ppkgleft.jpg"
"gid://shopify/Product/us-5254","1213814","Lipid and Glucose Analyzer CardioChek® Plus CLIA Waived","Glucometers","PTS Diagnostics","308.43","474.99","593.99","166.56","35%","119.00","N/A","https://imgcdn.mckesson.com/CumulusWeb/Images/Item_Detail/1213814_front.jpg"
"gid://shopify/Product/us-5255","668950","Safety Lancet Assure® 25 Gauge Protective Safety Cap Push Button Activation Finger","Glucometers","Arkray USA","319.79","491.99","614.99","172.20","35%","123.00","N/A","https://imgcdn.mckesson.com/CumulusWeb/Images/Item_Detail/668950_ppkgleft.jpg"
"gid://shopify/Product/us-5256","1047495","Diabetes Management Analyzer HemoCue® Glucose 201 CLIA Waived","Glucometers","Hemocue","354.92","546.99","683.99","192.07","35%","137.00","N/A","https://imgcdn.mckesson.com/CumulusWeb/Images/Item_Detail/1047495_right.jpg"
"gid://shopify/Product/us-5257","848587","Lancing Device Litetouch™ Push Button Activation Finger","Glucometers","ASP Global LLC","363.40","559.99","699.99","196.59","35%","140.00","N/A","https://imgcdn.mckesson.com/CumulusWeb/Images/Item_Detail/848587_front.jpg"
"gid://shopify/Product/us-5258","462591","Diabetes Management Analyzer HemoCue® Glucose 201 CLIA Waived","Glucometers","Hemocue","413.67","636.99","796.99","223.32","35%","160.00","N/A","https://imgcdn.mckesson.com/CumulusWeb/Images/Item_Detail/462591_left.jpg"
"gid://shopify/Product/us-5259","1117303","Glucose Sensor Dexcom® G6 For use with Blood Glucose Meter","Glucometers","Dexcom Inc","469.88","722.99","903.99","253.11","35%","181.00","N/A","https://imgcdn.mckesson.com/CumulusWeb/Images/Item_Detail/1117303_ppkgleft.jpg"
"gid://shopify/Product/us-5260","543142","Blood Glucose Control Solution One Touch® Ultra Level 1 & 2","Glucometers","LifeScan","476.78","733.99","917.99","257.21","35%","184.00","N/A","https://imgcdn.mckesson.com/CumulusWeb/Images/Item_Detail/543142_pkgleft.jpg"
"gid://shopify/Product/us-5261","1283375","Blood Glucose Test Strips Trackstar 50 Pack For RPM PRO™ Gluscose Monitor","Glucometers","Veridian Healthcare LLC","560.28","778.99","973.99","218.71","28%","195.00","N/A","https://imgcdn.mckesson.com/CumulusWeb/Images/Item_Detail/1283375_ppkgfront.jpg"
"gid://shopify/Product/us-5262","945517","Glucose Test Kit BinaxNOW™ G6PD (Glucose-6-Phosphate Dehydrogenase) 25 Tests CLIA Non-Waived","Glucometers","Abbott Rapid Dx North America LLC","625.65","868.99","1086.99","243.34","28%","218.00","N/A","https://imgcdn.mckesson.com/CumulusWeb/Images/Item_Detail/945517_ppkgleft.jpg"
"gid://shopify/Product/us-5263","866833","Lipid and Glucose Analyzer CardioChek® Plus CLIA Waived","Glucometers","PTS Diagnostics","962.44","1336.99","1671.99","374.55","28%","335.00","N/A","https://imgcdn.mckesson.com/CumulusWeb/Images/Item_Detail/866833.jpg"
"gid://shopify/Product/us-5264","1122981","Transmitter Kit Components GUARDIAN™ SENSOR 3 For MiniMed 630G System","Glucometers","Medtronic","986.49","1370.99","1713.99","384.50","28%","343.00","N/A","https://imgcdn.mckesson.com/CumulusWeb/Images/Item_Detail/1122981.jpg"
"gid://shopify/Product/us-5265","1095831","Lipid and Glucose Analyzer CardioChek® Plus CLIA Waived","Glucometers","PTS Diagnostics","1087.58","1510.99","1888.99","423.41","28%","378.00","N/A","https://imgcdn.mckesson.com/CumulusWeb/Images/Item_Detail/1095831_pkgleft.jpg"
"gid://shopify/Product/us-5266","1289473","Urine Analyzer Rapid Response™ CLIA Waived","Glucometers","BTNX","1088.99","1512.99","1891.99","424.00","28%","379.00","N/A","https://imgcdn.mckesson.com/CumulusWeb/Images/Item_Detail/1289473_right.jpg"
"gid://shopify/Product/us-5267","526621","Blood Glucose Test Strips OneTouch® Ultra® 2 25 Strips per Pack For OneTouch® Ultra® Blood Glucose Meter","Glucometers","LifeScan","1159.68","1610.99","2013.99","451.31","28%","403.00","N/A","https://imgcdn.mckesson.com/CumulusWeb/Images/Item_Detail/526621_pkgfront.jpg"
"gid://shopify/Product/us-5268","631032","Diabetes Management Analyzer HemoCue® Glucose 201 DM CLIA Waived","Glucometers","Hemocue","1711.83","2377.99","2972.99","666.16","28%","595.00","N/A","https://imgcdn.mckesson.com/CumulusWeb/Images/Item_Detail/631032_left.jpg"
"gid://shopify/Product/us-5269","1047506","Diabetes Management Analyzer HemoCue® Glucose 201 DM CLIA Waived","Glucometers","Hemocue","1918.75","2664.99","3331.99","746.24","28%","667.00","N/A","https://imgcdn.mckesson.com/CumulusWeb/Images/Item_Detail/1047506_left.jpg"
"gid://shopify/Product/us-5270","1047505","Diabetes Management Analyzer HemoCue® Glucose 201 DM CLIA Waived","Glucometers","Hemocue","2099.24","2915.99","3644.99","816.75","28%","729.00","N/A","https://imgcdn.mckesson.com/CumulusWeb/Images/Item_Detail/1047505_left.jpg"
"gid://shopify/Product/us-5271","1056665","Urine Analyzer CLINITEK Advantus® CLIA Non-Waived","Glucometers","Siemens","10126.76","14064.99","17581.99","3938.23","28%","3517.00","N/A","https://imgcdn.mckesson.com/CumulusWeb/Images/Item_Detail/1056665_left.jpg"
"gid://shopify/Product/us-5272","1190300","Handheld Nebulizer Kit Hudson RCI® Small Volume Medication Cup Adult / Pediatric Mouthpiece Delivery","Nebulizers","Medline","49.90","83.99","104.99","34.09","41%","21.00","N/A","https://imgcdn.mckesson.com/CumulusWeb/Images/Item_Detail/1190300_front.jpg"
"gid://shopify/Product/us-5273","1051372","Humidification Chamber AirLife® Unfilled","Nebulizers","Sun Med","159.52","245.99","307.99","86.47","35%","62.00","N/A","https://imgcdn.mckesson.com/CumulusWeb/Images/Item_Detail/1051372.jpg"
"gid://shopify/Product/us-5274","477143","Handheld Nebulizer Kit PediNeb™ Small Volume Medication Cup Pediatric Pacifier Delivery","Nebulizers","Sun Med","98.11","163.99","204.99","65.88","40%","41.00","N/A","https://imgcdn.mckesson.com/CumulusWeb/Images/Item_Detail/477143.JPG"
"gid://shopify/Product/us-5275","537377","Humidifier Bottle with Adapter Portex® 350 mL Sterile Water Adult / Pediatric","Nebulizers","Amsino International","31.35","52.99","66.99","21.64","41%","14.00","N/A","https://imgcdn.mckesson.com/CumulusWeb/Images/Item_Detail/537377.jpg"
"gid://shopify/Product/us-5276","243936","Bubble Humidifier B & F Medical 300 mL Unfilled Adult / Pediatric","Nebulizers","Allied Healthcare","173.83","267.99","334.99","94.16","35%","67.00","N/A","https://imgcdn.mckesson.com/CumulusWeb/Images/Item_Detail/243936_front.jpg"
"gid://shopify/Product/us-5277","10801","Nebulizer AirLife™ Large Volume Medication Bottle Adult / Pediatric Mouthpiece Delivery","Nebulizers","Sun Med","153.23","235.99","294.99","82.76","35%","59.00","N/A","https://imgcdn.mckesson.com/CumulusWeb/Images/Item_Detail/2635_002002_2.jpg"
"gid://shopify/Product/us-5278","927929","Handheld Nebulizer Kit PediNeb™ Small Volume Medication Cup Pediatric Pacifier Delivery","Nebulizers","Sun Med","108.84","167.99","209.99","59.15","35%","42.00","N/A","https://imgcdn.mckesson.com/CumulusWeb/Images/Item_Detail/927929.jpg"
"gid://shopify/Product/us-5279","216982","Handheld Nebulizer Kit B & F Medical Small Volume Medication Cup Adult / Pediatric Mouthpiece Delivery","Nebulizers","Allied Healthcare","105.03","161.99","202.99","56.96","35%","41.00","N/A","https://imgcdn.mckesson.com/CumulusWeb/Images/Item_Detail/1161_61400_2.jpg"
"gid://shopify/Product/us-5280","720040","Handheld Nebulizer Kit Salter Labs® 8900 Series Small Volume Medication Cup Adult / Pediatric Mouthpiece Delivery","Nebulizers","Sun Med","80.96","134.99","168.99","54.03","40%","34.00","N/A","https://imgcdn.mckesson.com/CumulusWeb/Images/Item_Detail/720040.jpg"
"gid://shopify/Product/us-5281","144182","Aquapak® Sterile Water Liquid 1,070 mL","Nebulizers","Medline","25.51","46.99","58.99","21.48","46%","12.00","N/A","https://imgcdn.mckesson.com/CumulusWeb/Images/Item_Detail/144182_front.jpg"
"gid://shopify/Product/us-5282","153229","Nebulizer Tee Connector Intelligent Oxygen Analyzer 5803 Sensor","Nebulizers","Medline","24.38","44.99","56.99","20.61","46%","12.00","N/A","https://imgcdn.mckesson.com/CumulusWeb/Images/Item_Detail/153229_right.jpg"
"gid://shopify/Product/us-5283","873134","Aerosol Mask Pari Baby™ Elongated Style Neonatal Size 1 Without Strap","Nebulizers","Pari","17.95","32.99","41.99","15.04","46%","9.00","N/A","https://imgcdn.mckesson.com/CumulusWeb/Images/Item_Detail/873134.jpg"
"gid://shopify/Product/us-5284","862691","Handheld Nebulizer Kit McKesson Small Volume Medication Cup Pediatric Pacifier Delivery","Nebulizers","McKesson Brand","4.46","8.99","11.99","4.53","50%","3.00","N/A","https://imgcdn.mckesson.com/CumulusWeb/Images/Item_Detail/862691_left.jpg"
"gid://shopify/Product/us-5285","54926","Handheld Nebulizer Kit Up-Draft® Small Volume Medication Cup Pediatric Aerosol Mask Delivery","Nebulizers","Medline","113.27","174.99","218.99","61.72","35%","44.00","N/A","https://imgcdn.mckesson.com/CumulusWeb/Images/Item_Detail/1708_1710_2.jpg"
"gid://shopify/Product/us-5286","268623","Nebulizer Compressor DeVilbiss® PulmoMate® Small Volume Medication Cup Adult / Pediatric Aerosol Mask / Mouthpiece Delivery","Nebulizers","Drive DeVilbiss Healthcare","69.72","116.99","146.99","47.27","40%","30.00","N/A","https://imgcdn.mckesson.com/CumulusWeb/Images/Item_Detail/268623_left.jpg"
"gid://shopify/Product/us-5287","214500","Handheld Nebulizer Kit Up-Draft II® Opti-Neb® Small Volume Medication Cup Neonatal Aerosol Mask Delivery","Nebulizers","Medline","262.53","403.99","504.99","141.46","35%","101.00","N/A","https://imgcdn.mckesson.com/CumulusWeb/Images/Item_Detail/214500_front.jpg"
"gid://shopify/Product/us-5288","786550","Compressor Nebulizer System Drive™ Penguin Small Volume Medication Cup Pediatric Aerosol Mask Delivery","Nebulizers","Drive DeVilbiss Healthcare","256.66","394.99","493.99","138.33","35%","99.00","N/A","https://imgcdn.mckesson.com/CumulusWeb/Images/Item_Detail/786550_front.jpg"
"gid://shopify/Product/us-5289","147191","Handheld Nebulizer Kit Up-Draft II® Opti-Neb® Small Volume Medication Cup Pediatric Aerosol Mask Delivery","Nebulizers","Medline","97.89","163.99","204.99","66.10","40%","41.00","N/A","https://imgcdn.mckesson.com/CumulusWeb/Images/Item_Detail/147191.jpg"
"gid://shopify/Product/us-5290","197083","Aquapak® Sterile Water Liquid 440 mL","Nebulizers","Medline","69.73","116.99","146.99","47.26","40%","30.00","N/A","https://imgcdn.mckesson.com/CumulusWeb/Images/Item_Detail/197083_right.jpg"
"gid://shopify/Product/us-5291","235435","Handheld Nebulizer Kit Micro Mist® Small Volume Medication Cup Adult / Pediatric Mouthpiece Delivery","Nebulizers","Medline","52.39","87.99","109.99","35.60","40%","22.00","N/A","https://imgcdn.mckesson.com/CumulusWeb/Images/Item_Detail/235435_pkit.jpg"
"gid://shopify/Product/us-5292","153528","Compressor Nebulizer System DeVilbiss® Pulmo-Aide® Small Volume Medication Cup Adult / Pediatric Mouthpiece Delivery","Nebulizers","Drive DeVilbiss Healthcare","132.18","203.99","254.99","71.81","35%","51.00","N/A","https://imgcdn.mckesson.com/CumulusWeb/Images/Item_Detail/153528_left.jpg"
"gid://shopify/Product/us-5293","129094","Handheld Nebulizer Kit Up-Draft II® Opti-Neb® Small Volume Medication Cup Adult / Pediatric Mouthpiece Delivery","Nebulizers","Medline","55.88","93.99","117.99","38.11","41%","24.00","N/A","https://imgcdn.mckesson.com/CumulusWeb/Images/Item_Detail/129094_front.jpg"
"gid://shopify/Product/us-5294","726748","Handheld Nebulizer Kit NebuTech® HDN® Small Volume Medication Cup Adult / Pediatric Mouthpiece Delivery","Nebulizers","Sun Med","221.15","340.99","426.99","119.84","35%","86.00","N/A","https://imgcdn.mckesson.com/CumulusWeb/Images/Item_Detail/SALTLB_726748.jpg"
"gid://shopify/Product/us-5295","332476","Handheld Nebulizer Kit Respirgard II™ Small Volume Medication Cup Adult / Pediatric Mouthpiece Delivery","Nebulizers","Sun Med","185.91","286.99","358.99","101.08","35%","72.00","N/A","https://imgcdn.mckesson.com/CumulusWeb/Images/Item_Detail/332476.jpg"
"gid://shopify/Product/us-5296","312088","Handheld Nebulizer Kit B & F Medical Small Volume Medication Cup Adult / Pediatric Mouthpiece Delivery","Nebulizers","Allied Healthcare","108.78","167.99","209.99","59.21","35%","42.00","N/A","https://imgcdn.mckesson.com/CumulusWeb/Images/Item_Detail/1161_61400_2.jpg"
"gid://shopify/Product/us-5297","1187309","Bubble Humidifier Salter Labs® 350 mL Unfilled Adult / Pediatric","Nebulizers","Sun Med","107.27","165.99","207.99","58.72","35%","42.00","N/A","https://imgcdn.mckesson.com/CumulusWeb/Images/Item_Detail/1187309_front.jpg"
"gid://shopify/Product/us-5298","1005647","Compressor Nebulizer System Drive™ Penguin Small Volume Medication Cup Pediatric Aerosol Mask Delivery","Nebulizers","Drive DeVilbiss Healthcare","34.11","56.99","71.99","22.88","40%","15.00","N/A","https://imgcdn.mckesson.com/CumulusWeb/Images/Item_Detail/1005647_front.jpg"
"gid://shopify/Product/us-5299","52033","Humidifier Aquapak® 340 mL Sterile Water","Nebulizers","Medline","35.64","59.99","74.99","24.35","41%","15.00","N/A","https://imgcdn.mckesson.com/CumulusWeb/Images/Item_Detail/52033_front.jpg"
"gid://shopify/Product/us-5300","416668","Aerosol Mask Pari Baby™ Short Style Pediatric Size 3 Without Strap","Nebulizers","Pari","20.94","38.99","48.99","18.05","46%","10.00","N/A","https://imgcdn.mckesson.com/CumulusWeb/Images/Item_Detail/416668_right.jpg"
"gid://shopify/Product/us-5301","1243677","Compressor Nebulizer System Protekt® Pink Pig Small Volume Medication Cup Pediatric Aerosol Mask Delivery","Nebulizers","Proactive Medical Products LLC","20.35","36.99","46.99","16.64","45%","10.00","N/A","https://imgcdn.mckesson.com/CumulusWeb/Images/Item_Detail/1243677_front.jpg"
"gid://shopify/Product/us-5302","1241789","Compressor Nebulizer System Protekt® Blue Fish Small Volume Medication Cup Pediatric Aerosol Mask Delivery","Nebulizers","Proactive Medical Products LLC","20.35","36.99","46.99","16.64","45%","10.00","N/A","https://imgcdn.mckesson.com/CumulusWeb/Images/Item_Detail/1241789_side.jpg"
"gid://shopify/Product/us-5303","507211","Nebulizer LC® Star","Nebulizers","Pari","22.37","40.99","51.99","18.62","45%","11.00","N/A","https://imgcdn.mckesson.com/CumulusWeb/Images/Item_Detail/507211_right.jpg"
"gid://shopify/Product/us-5304","934069","Holding Chamber Mask Vortex® Adult Medication Delivery Type One Size Fits Most","Nebulizers","Pari","14.21","25.99","32.99","11.78","45%","7.00","N/A","https://imgcdn.mckesson.com/CumulusWeb/Images/Item_Detail/934069.jpg"
"gid://shopify/Product/us-5305","1196442","Nebulizer Air Filter PRONEB® Max For PRONEB® Max Aerosol Delivery System","Nebulizers","Pari","11.90","21.99","27.99","10.09","46%","6.00","N/A","https://imgcdn.mckesson.com/CumulusWeb/Images/Item_Detail/1196442_pdet.jpg"
"gid://shopify/Product/us-5306","868659","Handheld Nebulizer Kit VixOne™ Small Volume Medication Cup Pediatric Aerosol Mask Delivery","Nebulizers","Sun Med","2.60","4.99","6.99","2.39","48%","2.00","N/A","https://imgcdn.mckesson.com/CumulusWeb/Images/Item_Detail/868659_front.jpg"
"gid://shopify/Product/us-5307","952685","Compressor Filter Aire Elite 8350, 8352 Aire Elite Compressor","Nebulizers","Sun Med","2.61","4.99","6.99","2.38","48%","2.00","N/A","https://imgcdn.mckesson.com/CumulusWeb/Images/Item_Detail/952685.jpg"
"gid://shopify/Product/us-5308","471397","Handheld Nebulizer Kit Salter Labs® 8900 Series Small Volume Medication Cup Adult / Pediatric Aerosol Mask Delivery","Nebulizers","Sun Med","0.90","1.99","2.99","1.09","55%","1.00","N/A","https://imgcdn.mckesson.com/CumulusWeb/Images/Item_Detail/SALTLB_471397.jpg"
"gid://shopify/Product/us-5309","1164364","Handheld Nebulizer Kit Circulaire® II Small Volume Medication Cup Adult Aerosol Mask Delivery","Nebulizers","Sun Med","226.11","347.99","434.99","121.88","35%","87.00","N/A","https://imgcdn.mckesson.com/CumulusWeb/Images/Item_Detail/1164364_left.jpg"
"gid://shopify/Product/us-5310","1214264","Handheld Nebulizer Kit AirLife™ Misty Max 10™ Small Volume Medication Cup Adult Aerosol Mask Delivery","Nebulizers","Sun Med","143.26","220.99","276.99","77.73","35%","56.00","N/A","https://imgcdn.mckesson.com/CumulusWeb/Images/Item_Detail/1214264_front.jpg"
"gid://shopify/Product/us-5311","1225914","Handheld Compressor Nebulizer System Westmed™ Small Volume Medication Cup Adult / Pediatric Aerosol Mask / Mouthpiece Delivery","Nebulizers","Sunset Healthcare","53.03","88.99","111.99","35.96","40%","23.00","N/A","https://imgcdn.mckesson.com/CumulusWeb/Images/Item_Detail/1225914_front.jpg"
"gid://shopify/Product/us-5312","1205034","Handheld Nebulizer Kit MedSource Small Volume Medication Cup Adult Mouthpiece Delivery","Nebulizers","MedSource International","78.20","130.99","163.99","52.79","40%","33.00","N/A","https://imgcdn.mckesson.com/CumulusWeb/Images/Item_Detail/1205034_front.jpg"
"gid://shopify/Product/us-5313","1241790","Compressor Nebulizer System Protekt® Orange Tiger Small Volume Medication Cup Pediatric Aerosol Mask Delivery","Nebulizers","Proactive Medical Products LLC","20.35","36.99","46.99","16.64","45%","10.00","N/A","https://imgcdn.mckesson.com/CumulusWeb/Images/Item_Detail/1241790_front.jpg"
"gid://shopify/Product/us-5314","1220353","Compressor Filter Salter Aire Plus 8350 Salter Aire Plus Compressor","Nebulizers","Sun Med","17.55","31.99","39.99","14.44","45%","8.00","N/A","https://imgcdn.mckesson.com/CumulusWeb/Images/Item_Detail/1220353_front.jpg"
"gid://shopify/Product/us-5315","1190301","Handheld Nebulizer Kit Up-Draft II® Opti-Neb® Large Volume Medication Cup Adult Aerosol Mask Delivery","Nebulizers","Medline","74.45","124.99","156.99","50.54","40%","32.00","N/A","https://imgcdn.mckesson.com/CumulusWeb/Images/Item_Detail/1190301_front.jpg"
"gid://shopify/Product/us-5316","718496","Handheld Nebulizer Kit VixOne™ Small Volume Medication Cup Adult / Pediatric Mouthpiece Delivery","Nebulizers","Drive DeVilbiss Healthcare","130.55","200.99","251.99","70.44","35%","51.00","N/A","https://imgcdn.mckesson.com/CumulusWeb/Images/Item_Detail/718496_left.jpg"
"gid://shopify/Product/us-5317","61875","Handheld Nebulizer Kit Up-Draft® Small Volume Medication Cup Adult / Pediatric Aerosol Mask Delivery","Nebulizers","Medline","101.70","156.99","196.99","55.29","35%","40.00","N/A","https://imgcdn.mckesson.com/CumulusWeb/Images/Item_Detail/61875_front.jpg"
"gid://shopify/Product/us-5318","852533","Compressor Nebulizer System Pacifica Elite Small Volume Medication Cup Adult / Pediatric Mouthpiece Delivery","Nebulizers","Drive DeVilbiss Healthcare","150.21","231.99","289.99","81.78","35%","58.00","N/A","https://imgcdn.mckesson.com/CumulusWeb/Images/Item_Detail/852533_left.jpg"
"gid://shopify/Product/us-5319","486456","Tee Adapter In-Line Nebulizer","Nebulizers","Medline","61.81","103.99","129.99","42.18","41%","26.00","N/A","https://imgcdn.mckesson.com/CumulusWeb/Images/Item_Detail/486456_right.jpg"
"gid://shopify/Product/us-5320","930981","Handheld Nebulizer Kit Roscoe Medical Small Volume Medication Cup Adult / Pediatric Mouthpiece Delivery","Nebulizers","Drive DeVilbiss Healthcare","44.21","73.99","92.99","29.78","40%","19.00","N/A","https://imgcdn.mckesson.com/CumulusWeb/Images/Item_Detail/930981_side.JPG"
"gid://shopify/Product/us-5321","263132","3M™ Fit Test Replacement Part","Nebulizers","3M Company","314.60","483.99","604.99","169.39","35%","121.00","N/A","https://imgcdn.mckesson.com/CumulusWeb/Images/Item_Detail/263132_front.jpg"
"gid://shopify/Product/us-5322","61876","Aerosol Drainage Bag","Nebulizers","Medline","57.18","95.99","119.99","38.81","40%","24.00","N/A","https://imgcdn.mckesson.com/CumulusWeb/Images/Item_Detail/61876_front.jpg"
"gid://shopify/Product/us-5323","226932","Aerosol Drainage Bag AirLife®","Nebulizers","Sun Med","142.46","219.99","274.99","77.53","35%","55.00","N/A","https://imgcdn.mckesson.com/CumulusWeb/Images/Item_Detail/226932.jpg"
"gid://shopify/Product/us-5324","761968","Humidifier with Adapter Aquapak® 540 mL Sterile Water Adult / Pediatric","Nebulizers","Medline","34.53","57.99","72.99","23.46","40%","15.00","N/A","https://imgcdn.mckesson.com/CumulusWeb/Images/Item_Detail/761968_pdet.jpg"
"gid://shopify/Product/us-5325","772926","Compressor Nebulizer System Traveler® Small Volume Medication Cup Adult / Pediatric Aerosol Mask Delivery","Nebulizers","Drive DeVilbiss Healthcare","104.85","161.99","202.99","57.14","35%","41.00","N/A","https://imgcdn.mckesson.com/CumulusWeb/Images/Item_Detail/772926.jpg"
"gid://shopify/Product/us-5326","1190303","Handheld Nebulizer Kit Hudson RCI® Micro Mist Small Volume Medication Cup Adult Aerosol Mask Delivery","Nebulizers","Medline","67.85","113.99","142.99","46.14","40%","29.00","N/A","https://imgcdn.mckesson.com/CumulusWeb/Images/Item_Detail/1190303_front.jpg"
"gid://shopify/Product/us-5327","986313","Compressor Nebulizer System Roscoe Medical Small Volume Medication Cup Adult / Pediatric Aerosol Mask Delivery","Nebulizers","Drive DeVilbiss Healthcare","64.74","107.99","134.99","43.25","40%","27.00","N/A","https://imgcdn.mckesson.com/CumulusWeb/Images/Item_Detail/986313_pkit.jpg"
"gid://shopify/Product/us-5328","653984","Handheld Nebulizer Kit VixOne™ Small Volume Medication Cup Adult / Pediatric Mouthpiece Delivery","Nebulizers","Medline","105.45","162.99","203.99","57.54","35%","41.00","N/A","https://imgcdn.mckesson.com/CumulusWeb/Images/Item_Detail/653984_pkit.jpg"
"gid://shopify/Product/us-5329","506431","Handheld Nebulizer Kit VixOne™ Small Volume Medication Cup Adult / Pediatric Mouthpiece Delivery","Nebulizers","Medline","101.44","156.99","196.99","55.55","35%","40.00","N/A","https://imgcdn.mckesson.com/CumulusWeb/Images/Item_Detail/506431.jpg"
"gid://shopify/Product/us-5330","1190302","Valved Tee Adapter Hudson RCI Small-Volume Nebulizers","Nebulizers","Medline","67.03","111.99","139.99","44.96","40%","28.00","N/A","https://imgcdn.mckesson.com/CumulusWeb/Images/Item_Detail/1190302_side.jpg"
"gid://shopify/Product/us-5331","131096","Handheld Nebulizer Kit Up-Draft II® Opti-Neb® Small Volume Medication Cup Adult / Pediatric Mouthpiece Delivery","Nebulizers","Medline","61.26","102.99","128.99","41.73","41%","26.00","N/A","https://imgcdn.mckesson.com/CumulusWeb/Images/Item_Detail/131096_left.jpg"
"gid://shopify/Product/us-5332","473848","Compressor Nebulizer System Pulmo-Aide® Small Volume Medication Cup Adult / Pediatric Mouthpiece Delivery","Nebulizers","Drive DeVilbiss Healthcare","48.92","81.99","102.99","33.07","40%","21.00","N/A","https://imgcdn.mckesson.com/CumulusWeb/Images/Item_Detail/473848_left.jpg"
"gid://shopify/Product/us-5333","234006","Handheld Nebulizer Kit Micro Mist® Small Volume Medication Cup Adult / Pediatric Mouthpiece Delivery","Nebulizers","Medline","46.53","77.99","97.99","31.46","40%","20.00","N/A","https://imgcdn.mckesson.com/CumulusWeb/Images/Item_Detail/234006_front.jpg"
"gid://shopify/Product/us-5334","661994","Respiratory Humidifier Kit HC150 480 mL Unfilled Adult / Pediatric","Nebulizers","Fisher & Paykel","469.51","722.99","903.99","253.48","35%","181.00","N/A","https://imgcdn.mckesson.com/CumulusWeb/Images/Item_Detail/661994.jpg"
"gid://shopify/Product/us-5335","274588","Handheld Nebulizer Kit Salter Labs® 8900 Series Small Volume Medication Cup Pediatric Aerosol Mask Delivery","Nebulizers","Sun Med","120.59","185.99","232.99","65.40","35%","47.00","N/A","https://imgcdn.mckesson.com/CumulusWeb/Images/Item_Detail/274588_front.jpg"
"gid://shopify/Product/us-5336","498511","Handheld Nebulizer Kit AirLife™ Misty Max 10™ Small Volume Medication Cup Adult / Pediatric Aerosol Mask Delivery","Nebulizers","Sun Med","101.49","156.99","196.99","55.50","35%","40.00","N/A","https://imgcdn.mckesson.com/CumulusWeb/Images/Item_Detail/498511_front.jpg"
"gid://shopify/Product/us-5337","448326","Handheld Nebulizer Kit Salter Labs® 8900 Series Small Volume Medication Cup Adult / Pediatric Aerosol Mask Delivery","Nebulizers","Sun Med","97.58","162.99","203.99","65.41","40%","41.00","N/A","https://imgcdn.mckesson.com/CumulusWeb/Images/Item_Detail/448326_front.jpg"
"gid://shopify/Product/us-5338","911718","Dry Humidifier McKesson 400 mL Unfilled","Nebulizers","McKesson Brand","97.16","161.99","202.99","64.83","40%","41.00","N/A","https://imgcdn.mckesson.com/CumulusWeb/Images/Item_Detail/911718_front.jpg"
"gid://shopify/Product/us-5339","689749","Aerosol Mask AirLife® Elongated Style Pediatric Adjustable Head Strap","Nebulizers","Sun Med","94.99","158.99","198.99","64.00","40%","40.00","N/A","https://imgcdn.mckesson.com/CumulusWeb/Images/Item_Detail/CARFUS_689749.jpg"
"gid://shopify/Product/us-5340","860477","Handheld Nebulizer Kit Drive™ Small Volume Medication Cup Adult / Pediatric Aerosol Mask Delivery","Nebulizers","Medical Grade","87.45","145.99","182.99","58.54","40%","37.00","N/A","https://imgcdn.mckesson.com/CumulusWeb/Images/Item_Detail/860477_front.jpg"
"gid://shopify/Product/us-5341","1139962","Handheld Nebulizer Kit Medium Volume Medication Bottle Adult Aerosol Mask Delivery","Nebulizers","Sunset Healthcare","85.00","141.99","177.99","56.99","40%","36.00","N/A","https://imgcdn.mckesson.com/CumulusWeb/Images/Item_Detail/1139962_pkit.jpg"
"gid://shopify/Product/us-5342","174814","Aerosol Drainage Bag","Nebulizers","Medline","78.36","130.99","163.99","52.63","40%","33.00","N/A","https://imgcdn.mckesson.com/CumulusWeb/Images/Item_Detail/174814_front.jpg"
"gid://shopify/Product/us-5343","974886","Aerosol Tubing Salter Labs® 8900 Series 7 Foot Length Tubing Plastic Non-Heated Tubing","Nebulizers","Sun Med","72.66","121.99","152.99","49.33","40%","31.00","N/A","https://imgcdn.mckesson.com/CumulusWeb/Images/Item_Detail/974886.jpg"
"gid://shopify/Product/us-5344","400577","Aerosol Mask AirLife® Elongated Style Pediatric Adjustable Head Strap","Nebulizers","Sun Med","71.40","119.99","149.99","48.59","40%","30.00","N/A","https://imgcdn.mckesson.com/CumulusWeb/Images/Item_Detail/400577_left.jpg"
"gid://shopify/Product/us-5345","538564","Aerosol Mask AirLife® Elongated Style Pediatric Adjustable Head Strap","Nebulizers","Sun Med","70.47","117.99","147.99","47.52","40%","30.00","N/A","https://imgcdn.mckesson.com/CumulusWeb/Images/Item_Detail/538564_front.jpg"
"gid://shopify/Product/us-5346","1250936","Steam Therapy System TheraCare Adult / Pediatric","Nebulizers","Veridian Healthcare LLC","68.81","114.99","143.99","46.18","40%","29.00","N/A","https://imgcdn.mckesson.com/CumulusWeb/Images/Item_Detail/1250936_pkit_.jpg"
"gid://shopify/Product/us-5347","137046","Aquapak® Sterile Water Liquid 1,070 mL","Nebulizers","Medline","45.27","75.99","94.99","30.72","40%","19.00","N/A","https://imgcdn.mckesson.com/CumulusWeb/Images/Item_Detail/137046_front.jpg"
"gid://shopify/Product/us-5348","832770","Handheld Nebulizer Kit Drive™ Small Volume Medication Cup Adult / Pediatric Mouthpiece Delivery","Nebulizers","Drive DeVilbiss Healthcare","42.91","71.99","89.99","29.08","40%","18.00","N/A","https://imgcdn.mckesson.com/CumulusWeb/Images/Item_Detail/832770_side.jpg"
"gid://shopify/Product/us-5349","542371","Handheld Nebulizer Kit MiniHeart® Lo-Flo Large Volume Medication Cup Adult / Pediatric Mouthpiece Delivery","Nebulizers","Sun Med","672.61","934.99","1168.99","262.38","28%","234.00","N/A","https://imgcdn.mckesson.com/CumulusWeb/Images/Item_Detail/542371_side.jpg"
"gid://shopify/Product/us-5350","10858","Nebulizer AirLife™ Large Volume Medication Bottle Adult / Pediatric Mouthpiece Delivery","Nebulizers","Sun Med","182.41","280.99","351.99","98.58","35%","71.00","N/A","https://imgcdn.mckesson.com/CumulusWeb/Images/Item_Detail/2635_002002_2.jpg"
"gid://shopify/Product/us-5351","506042","Handheld Nebulizer Kit AirLife™ Misty Max 10™ Small Volume Medication Cup Adult / Pediatric Mouthpiece Delivery","Nebulizers","Sun Med","158.06","243.99","304.99","85.93","35%","61.00","N/A","https://imgcdn.mckesson.com/CumulusWeb/Images/Item_Detail/506042.jpg"
"gid://shopify/Product/us-5352","693961","Bubble Humidifier B & F Medical 300 mL Unfilled Adult / Pediatric","Nebulizers","Allied Healthcare","133.48","205.99","257.99","72.51","35%","52.00","N/A","https://imgcdn.mckesson.com/CumulusWeb/Images/Item_Detail/693961.jpg"
"gid://shopify/Product/us-5353","226931","Aerosol Drainage Bag AirLife®","Nebulizers","Sun Med","129.24","198.99","248.99","69.75","35%","50.00","N/A","https://imgcdn.mckesson.com/CumulusWeb/Images/Item_Detail/226931_right.jpg"
"gid://shopify/Product/us-5354","477747","Bubble Humidifier Salter Labs® Adult / Pediatric","Nebulizers","Sun Med","124.80","191.99","239.99","67.19","35%","48.00","N/A","https://imgcdn.mckesson.com/CumulusWeb/Images/Item_Detail/477747_front.jpg"
"gid://shopify/Product/us-5355","1192028","Bubble Humidifier Ventlab™ Adult","Nebulizers","Sun Med","115.71","178.99","223.99","63.28","35%","45.00","N/A","https://imgcdn.mckesson.com/CumulusWeb/Images/Item_Detail/1192028_front.jpg"
"gid://shopify/Product/us-5356","583916","Bubble Humidifier Salter Labs® 350 mL Unfilled Adult / Pediatric","Nebulizers","Sun Med","104.15","160.99","201.99","56.84","35%","41.00","N/A","https://imgcdn.mckesson.com/CumulusWeb/Images/Item_Detail/583916_pdet.jpg"
"gid://shopify/Product/us-5357","313942","Bubble Humidifier Salter Labs® 350 mL Unfilled Adult / Pediatric","Nebulizers","Sun Med","99.90","166.99","208.99","67.09","40%","42.00","N/A","https://imgcdn.mckesson.com/CumulusWeb/Images/Item_Detail/313942_front.jpg"
"gid://shopify/Product/us-5358","757014","AirLife® Sterile Water Liquid 1,000 mL","Nebulizers","Sun Med","94.98","158.99","198.99","64.01","40%","40.00","N/A","https://imgcdn.mckesson.com/CumulusWeb/Images/Item_Detail/757014_front.jpg"
"gid://shopify/Product/us-5359","741599","AirLife® Sterile Water Liquid 500 mL","Nebulizers","Sun Med","89.06","148.99","186.99","59.93","40%","38.00","N/A","https://imgcdn.mckesson.com/CumulusWeb/Images/Item_Detail/741599_front.jpg"
"gid://shopify/Product/us-5360","1055693","Handheld Nebulizer Kit Sunset Healthcare Solutions Small Volume Medication Cup Adult / Pediatric Mouthpiece Delivery","Nebulizers","Sunset Healthcare","85.00","141.99","177.99","56.99","40%","36.00","N/A","https://imgcdn.mckesson.com/CumulusWeb/Images/Item_Detail/1055693_side.jpg"
"gid://shopify/Product/us-5361","850196","Handheld Nebulizer Kit Drive™ Small Volume Medication Cup Pediatric Mouthpiece Delivery","Nebulizers","Medical Grade","81.96","136.99","171.99","55.03","40%","35.00","N/A","https://imgcdn.mckesson.com/CumulusWeb/Images/Item_Detail/850196_front.jpg"
"gid://shopify/Product/us-5362","324226","Tee Adapter AirLife® Nebulizer","Nebulizers","Sun Med","79.08","131.99","164.99","52.91","40%","33.00","N/A","https://imgcdn.mckesson.com/CumulusWeb/Images/Item_Detail/324226_left.jpg"
"gid://shopify/Product/us-5363","262303","Handheld Nebulizer Kit Salter Labs® 8900 Series Small Volume Medication Cup Adult / Pediatric Mouthpiece Delivery","Nebulizers","Sun Med","75.66","126.99","158.99","51.33","40%","32.00","N/A","https://imgcdn.mckesson.com/CumulusWeb/Images/Item_Detail/262303_pdet.jpg"
"gid://shopify/Product/us-5364","726419","Handheld Nebulizer Kit Salter Labs® 8900 Series Small Volume Medication Cup Adult / Pediatric Mouthpiece Delivery","Nebulizers","Sun Med","75.10","125.99","157.99","50.89","40%","32.00","N/A","https://imgcdn.mckesson.com/CumulusWeb/Images/Item_Detail/726419_front.jpg"
"gid://shopify/Product/us-5365","1255453","Portable Humidifier TotalComfort® Adult / Pediatric","Nebulizers","HoMedics USA LLC","71.56","119.99","149.99","48.43","40%","30.00","N/A","https://imgcdn.mckesson.com/CumulusWeb/Images/Item_Detail/1255453_front.jpg"
"gid://shopify/Product/us-5366","541912","Handheld Nebulizer Kit Drive™ Small Volume Medication Cup Adult / Pediatric Mouthpiece Delivery","Nebulizers","Medical Grade","70.16","116.99","146.99","46.83","40%","30.00","N/A","https://imgcdn.mckesson.com/CumulusWeb/Images/Item_Detail/541912_front.jpg"
"gid://shopify/Product/us-5367","502287","Handheld Nebulizer Kit AirLife™ Misty Max 10™ Small Volume Medication Cup Adult / Pediatric Mouthpiece Delivery","Nebulizers","Sun Med","68.83","114.99","143.99","46.16","40%","29.00","N/A","https://imgcdn.mckesson.com/CumulusWeb/Images/Item_Detail/502287_front.jpg"
"gid://shopify/Product/us-5368","226986","Handheld Nebulizer Kit AirLife™ Misty Max 10™ Small Volume Medication Cup Adult / Pediatric Mouthpiece Delivery","Nebulizers","Sun Med","64.92","108.99","136.99","44.07","40%","28.00","N/A","https://imgcdn.mckesson.com/CumulusWeb/Images/Item_Detail/226986_front.jpg"
"gid://shopify/Product/us-5369","852631","Handheld Nebulizer Kit Salter Labs® 8900 Series Small Volume Medication Cup Adult / Pediatric Mouthpiece Delivery","Nebulizers","Sun Med","52.65","87.99","109.99","35.34","40%","22.00","N/A","https://imgcdn.mckesson.com/CumulusWeb/Images/Item_Detail/852631.jpg"
"gid://shopify/Product/us-5370","288711","Humidifier Bottle with Adapter AirLife® 500 mL Sterile Water","Nebulizers","Sun Med","51.08","85.99","107.99","34.91","41%","22.00","N/A","https://imgcdn.mckesson.com/CumulusWeb/Images/Item_Detail/288711_pdet.jpg"
"gid://shopify/Product/us-5371","1246877","Steam Inhaler Veridian Healthcare Distilled Water Adult / Pediatric","Nebulizers","Veridian Healthcare LLC","41.70","69.99","87.99","28.29","40%","18.00","N/A","https://imgcdn.mckesson.com/CumulusWeb/Images/Item_Detail/1246877_pkgleft.jpg"
"gid://shopify/Product/us-5372","1124889","Handheld Nebulizer Kit TruNeb Reusable Neb Kit Small Volume Medication Cup Adult / Pediatric Mouthpiece Delivery","Nebulizers","Drive DeVilbiss Healthcare","41.16","68.99","86.99","27.83","40%","18.00","N/A","https://imgcdn.mckesson.com/CumulusWeb/Images/Item_Detail/1124889.jpg"
"gid://shopify/Product/us-5373","1190299","Handheld Nebulizer Kit Hudson RCI® AquaPak® Large Volume Medication Cup Adult / Pediatric Mouthpiece Delivery","Nebulizers","Medline","41.21","68.99","86.99","27.78","40%","18.00","N/A","https://imgcdn.mckesson.com/CumulusWeb/Images/Item_Detail/1190299_front.jpg"
"gid://shopify/Product/us-5374","1042701","Handheld Nebulizer Kit Sunset Healthcare Solutions Small Volume Medication Cup Adult / Pediatric Mouthpiece Delivery","Nebulizers","Sunset Healthcare","37.40","62.99","78.99","25.59","41%","16.00","N/A","https://imgcdn.mckesson.com/CumulusWeb/Images/Item_Detail/1042701.jpg"
"gid://shopify/Product/us-5375","1179640","Handheld Nebulizer Kit PARI Baby™ Small Volume Medication Cup Pediatric Aerosol Mask Delivery","Nebulizers","Pari","31.42","52.99","66.99","21.57","41%","14.00","N/A","https://imgcdn.mckesson.com/CumulusWeb/Images/Item_Detail/1179640_family.jpg"
"gid://shopify/Product/us-5376","989768","Compressor Nebulizer System Power Neb Ultra Small Volume Medication Cup Adult / Pediatric Mouthpiece Delivery","Nebulizers","Drive DeVilbiss Healthcare","29.96","54.99","68.99","25.03","46%","14.00","N/A","https://imgcdn.mckesson.com/CumulusWeb/Images/Item_Detail/989768_left.jpg"
"gid://shopify/Product/us-5377","1055912","Compressor Nebulizer System Drive™ MEDNEB+ Small Volume Medication Cup Adult / Pediatric Mouthpiece Delivery","Nebulizers","Drive DeVilbiss Healthcare","31.80","52.99","66.99","21.19","40%","14.00","N/A","https://imgcdn.mckesson.com/CumulusWeb/Images/Item_Detail/1055912_right.jpg"
"gid://shopify/Product/us-5378","60228","Humidifier with Adapter Aquapak® 650 mL Sterile Water Adult / Pediatric","Nebulizers","Medline","28.79","52.99","66.99","24.20","46%","14.00","N/A","https://imgcdn.mckesson.com/CumulusWeb/Images/Item_Detail/60228_front.jpg"
"gid://shopify/Product/us-5379","1253820","Ultrasonic Humidifier Homedics®","Nebulizers","HoMedics USA LLC","32.28","53.99","67.99","21.71","40%","14.00","N/A","https://imgcdn.mckesson.com/CumulusWeb/Images/Item_Detail/1253820_pkgright.jpg"
"gid://shopify/Product/us-5380","1099179","Compressor Nebulizer System McKesson Brand Small Volume Medication Cup Adult / Pediatric Mouthpiece Delivery","Nebulizers","McKesson Brand","27.10","49.99","62.99","22.89","46%","13.00","N/A","https://imgcdn.mckesson.com/CumulusWeb/Images/Item_Detail/1099179_pkgleft.jpg"
"gid://shopify/Product/us-5381","851747","Compressor Nebulizer System Drive™ Small Volume Medication Cup Adult / Pediatric Mouthpiece Delivery","Nebulizers","Drive DeVilbiss Healthcare","24.28","44.99","56.99","20.71","46%","12.00","N/A","https://imgcdn.mckesson.com/CumulusWeb/Images/Item_Detail/851747_left.jpg"
"gid://shopify/Product/us-5382","1120372","Nebulizer Set Cup PARI LC PLUS® For Vios® PRO Nebulizer","Nebulizers","Pari","25.36","46.99","58.99","21.63","46%","12.00","N/A","https://imgcdn.mckesson.com/CumulusWeb/Images/Item_Detail/1120372_right.jpg"
"gid://shopify/Product/us-5383","985353","Handheld Nebulizer Kit PARI LC PLUS® Small Volume Medication Cup Pediatric Aerosol Mask Delivery","Nebulizers","Pari","23.87","43.99","54.99","20.12","46%","11.00","N/A","https://imgcdn.mckesson.com/CumulusWeb/Images/Item_Detail/985353_pkit.jpg"
"gid://shopify/Product/us-5384","682383","Handheld Nebulizer Kit PARI LC PLUS® Medium Volume Medication Cup Adult / Pediatric Mouthpiece Delivery","Nebulizers","Pari","22.37","40.99","51.99","18.62","45%","11.00","N/A","https://imgcdn.mckesson.com/CumulusWeb/Images/Item_Detail/682383_side.jpg"
"gid://shopify/Product/us-5385","569416","Handheld Nebulizer Kit PARI LC® Sprint Small Volume Medication Cup Adult / Pediatric Mouthpiece Delivery","Nebulizers","Pari","22.37","40.99","51.99","18.62","45%","11.00","N/A","https://imgcdn.mckesson.com/CumulusWeb/Images/Item_Detail/569416_right.jpg"
"gid://shopify/Product/us-5386","416843","Mask Conversion Kit Pari Baby™ Nebulizer","Nebulizers","Pari","17.95","32.99","41.99","15.04","46%","9.00","N/A","https://imgcdn.mckesson.com/CumulusWeb/Images/Item_Detail/416843_right.jpg"
"gid://shopify/Product/us-5387","911728","Handheld Nebulizer Kit McKesson Small Volume Medication Cup Pediatric Aerosol Mask Delivery","Nebulizers","McKesson Brand","2.65","4.99","6.99","2.34","47%","2.00","N/A","https://imgcdn.mckesson.com/CumulusWeb/Images/Item_Detail/911728_front.jpg"
"gid://shopify/Product/us-5388","1185171","Humidifier Bottle with Adapter McKesson 350 mL Sterile Water Adult / Pediatric","Nebulizers","McKesson Brand","1.95","3.99","4.99","2.04","51%","1.00","N/A","https://imgcdn.mckesson.com/CumulusWeb/Images/Item_Detail/1185171_pdet.jpg"
"gid://shopify/Product/us-5389","487200","Handheld Nebulizer Kit AeroEclipse® II BAN Small Volume Medication Cup Adult / Pediatric Mouthpiece Delivery","Nebulizers","Monaghan Medical","7.84","14.99","18.99","7.15","48%","4.00","N/A","https://imgcdn.mckesson.com/CumulusWeb/Images/Item_Detail/487200_pkit.jpg"
"gid://shopify/Product/us-5390","1185172","Humidifier Bottle with Adapter McKesson 550 mL Sterile Water Adult / Pediatric","Nebulizers","McKesson Brand","2.11","3.99","4.99","1.88","47%","1.00","N/A","https://imgcdn.mckesson.com/CumulusWeb/Images/Item_Detail/1185172_pdet.jpg"
"gid://shopify/Product/us-5391","247951","Handheld Nebulizer Kit Up-Draft II® Opti-Neb® Small Volume Medication Cup Adult / Pediatric Aerosol Mask Delivery","Nebulizers","Medline","1.60","2.99","3.99","1.39","46%","1.00","N/A","https://imgcdn.mckesson.com/CumulusWeb/Images/Item_Detail/247951_front.jpg"
"gid://shopify/Product/us-5392","666812","Aerosol Mask Pari LC® Elongated Style Adult One Size Fits Most Adjustable Head Strap","Nebulizers","Pari","2.99","5.99","7.99","3.00","50%","2.00","N/A","https://imgcdn.mckesson.com/CumulusWeb/Images/Item_Detail/666812_right.jpg"
"gid://shopify/Product/us-5393","911727","Handheld Nebulizer Kit McKesson Small Volume Medication Cup Adult / Pediatric Mouthpiece Delivery","Nebulizers","McKesson Brand","0.99","1.99","2.99","1.00","50%","1.00","N/A","https://imgcdn.mckesson.com/CumulusWeb/Images/Item_Detail/911727_pkit.jpg"
"gid://shopify/Product/us-5394","402866","Nebulizer AirLife™ Large Volume Medication Bottle Adult / Pediatric Mouthpiece Delivery","Nebulizers","Sun Med","2.33","4.99","6.99","2.66","53%","2.00","N/A","https://imgcdn.mckesson.com/CumulusWeb/Images/Item_Detail/402866_side.jpg"
"gid://shopify/Product/us-5395","911726","Handheld Nebulizer Kit McKesson Small Volume Medication Cup Adult Aerosol Mask Delivery","Nebulizers","McKesson Brand","1.81","3.99","4.99","2.18","55%","1.00","N/A","https://imgcdn.mckesson.com/CumulusWeb/Images/Item_Detail/911726_pkit.jpg"
"gid://shopify/Product/us-5396","911725","Handheld Nebulizer Kit McKesson Small Volume Medication Cup Adult / Pediatric Mouthpiece Delivery","Nebulizers","McKesson Brand","1.10","1.99","2.99","0.89","45%","1.00","N/A","https://imgcdn.mckesson.com/CumulusWeb/Images/Item_Detail/911725_pkit.jpg"
"gid://shopify/Product/us-5397","312537","Aerosol Mask Salter Labs® Elongated Style Adult One Size Fits Most Adjustable Head Strap","Nebulizers","Sun Med","1.23","2.99","3.99","1.76","59%","1.00","N/A","https://imgcdn.mckesson.com/CumulusWeb/Images/Item_Detail/312537.jpg"
"gid://shopify/Product/us-5398","484125","Handheld Nebulizer Kit VixOne™ Small Volume Medication Cup Adult Mouthpiece Delivery","Nebulizers","Sun Med","1.21","2.99","3.99","1.78","60%","1.00","N/A","https://imgcdn.mckesson.com/CumulusWeb/Images/Item_Detail/484125_front.jpg"
"gid://shopify/Product/us-5399","765283","Handheld Nebulizer Kit NebuTech® HDN® Small Volume Medication Cup Adult / Pediatric Mouthpiece Delivery","Nebulizers","Sun Med","569.34","790.99","988.99","221.65","28%","198.00","N/A","https://imgcdn.mckesson.com/CumulusWeb/Images/Item_Detail/765283.jpg"
"gid://shopify/Product/us-5400","1206025","Bubble Humidifier Sunset Healthcare 500mL Adult / Pediatric","Nebulizers","Sunset Healthcare","136.00","209.99","262.99","73.99","35%","53.00","N/A","https://imgcdn.mckesson.com/CumulusWeb/Images/Item_Detail/1206025_front_.jpg"
"gid://shopify/Product/us-5401","1118712","Budesonide 0.5 mg / 2 mL Suspension 30 Ampules","Nebulizers","Nephron Pharmaceutical","91.92","153.99","192.99","62.07","40%","39.00","N/A","https://imgcdn.mckesson.com/CumulusWeb/Images/Item_Detail/1118712_pkgleft.jpg"
"gid://shopify/Product/us-5402","1234858","Budesonide 0.25 mg / 2 mL Suspension 2 mL 30 Ampules","Nebulizers","Sun Pharmaceuticals","90.51","150.99","188.99","60.48","40%","38.00","N/A","https://imgcdn.mckesson.com/CumulusWeb/Images/Item_Detail/1234858_df.jpg"
"gid://shopify/Product/us-5403","1130125","Levalbuterol HCl, Preservative Free 1.25 mg / 3 mL Solution 30 Vials","Nebulizers","Teva","54.12","90.99","113.99","36.87","41%","23.00","N/A","https://imgcdn.mckesson.com/CumulusWeb/Images/Item_Detail/1130125_df.jpg"
"gid://shopify/Product/us-5404","1129410","Levalbuterol HCl, Preservative Free 0.31 mg / 3 mL Solution 30 Vials","Nebulizers","Teva","52.32","87.99","109.99","35.67","41%","22.00","N/A","https://imgcdn.mckesson.com/CumulusWeb/Images/Item_Detail/1129410_df.jpg"
"gid://shopify/Product/us-5405","1236846","Provocholine® Methacholine Chloride 0-48 mg / 3 mL Solution","Nebulizers","Methapharm","1014.76","1409.99","1762.99","395.23","28%","353.00","N/A","https://imgcdn.mckesson.com/CumulusWeb/Images/Item_Detail/1236846_df.jpg"
"gid://shopify/Product/us-5406","489347","Provocholine® Methacholine Chloride 100 mg Solution 20 mL","Nebulizers","Methapharm","623.89","866.99","1083.99","243.10","28%","217.00","N/A","https://imgcdn.mckesson.com/CumulusWeb/Images/Item_Detail/489347_df.jpg"
"gid://shopify/Product/us-5407","463160","Pulmicort Respules® Budesonide 0.5 mg / 2 mL Suspension 30 Ampules","Nebulizers","AstraZeneca Pharmaceuticals","385.51","593.99","742.99","208.48","35%","149.00","N/A","https://imgcdn.mckesson.com/CumulusWeb/Images/Item_Detail/463160.jpg"
"gid://shopify/Product/us-5408","463602","Pulmicort Respules® Budesonide 0.25 mg / 2 mL Suspension 30 Ampules","Nebulizers","AstraZeneca Pharmaceuticals","327.55","503.99","629.99","176.44","35%","126.00","N/A","https://imgcdn.mckesson.com/CumulusWeb/Images/Item_Detail/463602.jpg"
"gid://shopify/Product/us-5409","705928","Levalbuterol HCl, Preservative Free 1.25 mg / 0.5 mL Solution Concentrate 30 Vials","Nebulizers","Mylan Pharmaceuticals","191.35","294.99","368.99","103.64","35%","74.00","N/A","https://imgcdn.mckesson.com/CumulusWeb/Images/Item_Detail/705928.jpg"
"gid://shopify/Product/us-5410","1125237","Budesonide 0.5 mg / 2 mL Suspension 30 Ampules","Nebulizers","Nephron Pharmaceutical","163.49","251.99","314.99","88.50","35%","63.00","N/A","https://imgcdn.mckesson.com/CumulusWeb/Images/Item_Detail/1125237_df.jpg"
"gid://shopify/Product/us-5411","1214599","Budesonide 0.25 mg / 2 mL Suspension 30 Ampules","Nebulizers","Nephron Pharmaceutical","155.32","238.99","298.99","83.67","35%","60.00","N/A","https://imgcdn.mckesson.com/CumulusWeb/Images/Item_Detail/1214599_pkgleft.jpg"
"gid://shopify/Product/us-5412","1120132","Levalbuterol HCl, Preservative Free 0.63 mg / 3 mL Solution 25 Vials","Nebulizers","Mylan Pharmaceuticals","87.43","145.99","182.99","58.56","40%","37.00","N/A","https://imgcdn.mckesson.com/CumulusWeb/Images/Item_Detail/1120132_df.jpg"
"gid://shopify/Product/us-5413","1118321","Levalbuterol HCl, Preservative Free 1.25 mg / 3 mL Solution 25 Vials","Nebulizers","Mylan Pharmaceuticals","87.43","145.99","182.99","58.56","40%","37.00","N/A","https://imgcdn.mckesson.com/CumulusWeb/Images/Item_Detail/1118321_df.jpg"
"gid://shopify/Product/us-5414","1220212","Levalbuterol HCl, Preservative Free 0.63 mg / 3 mL Solution 25 Vials","Nebulizers","Prascol Burel Pharma","37.58","62.99","78.99","25.41","40%","16.00","N/A","https://imgcdn.mckesson.com/CumulusWeb/Images/Item_Detail/1220212_df.jpg"
"gid://shopify/Product/us-5415","724419","Ipratropium / Albuterol Sulfate 0.5 mg - 3 mg / 3 mL Solution 60 Ampules","Nebulizers","Nephron Pharmaceutical","22.55","40.99","51.99","18.44","45%","11.00","N/A","https://imgcdn.mckesson.com/CumulusWeb/Images/Item_Detail/724419_pkgfront.jpg"
"gid://shopify/Product/us-5416","840855","Ipratropium Bromide, Preservative Free 0.02%, 0.2 mg / mL Solution 60 Ampules","Nebulizers","Mylan Pharmaceuticals","19.93","36.99","46.99","17.06","46%","10.00","N/A","https://imgcdn.mckesson.com/CumulusWeb/Images/Item_Detail/840855_df.jpg"
"gid://shopify/Product/us-5417","779125","Ipratropium / Albuterol Sulfate 0.5 mg - 3 mg / 3 mL Solution 30 Ampules","Nebulizers","Nephron Pharmaceutical","17.85","32.99","41.99","15.14","46%","9.00","N/A","https://imgcdn.mckesson.com/CumulusWeb/Images/Item_Detail/779125_pkgright.jpg"
"gid://shopify/Product/us-5418","779124","Ipratropium / Albuterol Sulfate 0.5 mg - 3 mg / 3 mL Solution 30 Ampules","Nebulizers","Nephron Pharmaceutical","10.15","18.99","23.99","8.84","47%","5.00","N/A","https://imgcdn.mckesson.com/CumulusWeb/Images/Item_Detail/779124_ppkgleft.jpg"
"gid://shopify/Product/us-5419","1222097","Albuterol Sulfate, Preservative Free 0.083%, 2.5 mg / 3 mL Solution 25 Vials","Nebulizers","Mylan Pharmaceuticals","6.35","11.99","14.99","5.64","47%","3.00","N/A","https://imgcdn.mckesson.com/CumulusWeb/Images/Item_Detail/1222097_df.jpg"
"gid://shopify/Product/us-5420","725834","Compressor Nebulizer System Vios® LC® Sprint Small Volume Medication Cup Pediatric Aerosol Mask Delivery","Nebulizers","Pari","57.05","95.99","119.99","38.94","41%","24.00","N/A","https://imgcdn.mckesson.com/CumulusWeb/Images/Item_Detail/725834_ls.jpg"
"gid://shopify/Product/us-5421","742311","Compressor Nebulizer System Vios® Small Volume Medication Cup Pediatric Aerosol Mask Delivery","Nebulizers","Pari","57.05","95.99","119.99","38.94","41%","24.00","N/A","https://imgcdn.mckesson.com/CumulusWeb/Images/Item_Detail/742311.jpg"
"gid://shopify/Product/us-5422","460587","Compressor Nebulizer System Salter AIRE Elite Plus® Small Volume Medication Cup Adult / Pediatric Mouthpiece Delivery","Nebulizers","Sun Med","50.05","83.99","104.99","33.94","40%","21.00","N/A","https://imgcdn.mckesson.com/CumulusWeb/Images/Item_Detail/SALTLB_460587.jpg"
"gid://shopify/Product/us-5423","725832","Compressor Nebulizer System Vios® LC Plus® Small Volume Medication Cup Adult / Pediatric Mouthpiece Delivery","Nebulizers","Medical Grade","48.48","80.99","101.99","32.51","40%","21.00","N/A","https://imgcdn.mckesson.com/CumulusWeb/Images/Item_Detail/725832_ls.jpg"
"gid://shopify/Product/us-5424","729982","Compressor Nebulizer System Vios® LC® Sprint Small Volume Medication Cup Adult / Pediatric Mouthpiece Delivery","Nebulizers","Pari","48.48","80.99","101.99","32.51","40%","21.00","N/A","https://imgcdn.mckesson.com/CumulusWeb/Images/Item_Detail/729982.jpg"
"gid://shopify/Product/us-5425","1261764","Humidifier with Deiffuser and Nightlight BreatheFrida 0.5 Gallon Tank Adult / Pediatric","Nebulizers","Fridababy LLC","25.94","47.99","59.99","22.05","46%","12.00","N/A","https://imgcdn.mckesson.com/CumulusWeb/Images/Item_Detail/1261764_ppkgleft.jpg"
"gid://shopify/Product/us-5426","363063","Nebulizer Air Filter Trek S Compressor, Nebulizer","Nebulizers","Pari","22.44","40.99","51.99","18.55","45%","11.00","N/A","https://imgcdn.mckesson.com/CumulusWeb/Images/Item_Detail/363063_right.jpg"
"gid://shopify/Product/us-5427","911719","Oxygen Mask McKesson Elongated Style Adult One Size Fits Most Adjustable Head Strap","Suction Machines","McKesson Brand","0.98","1.99","2.99","1.01","51%","1.00","N/A","https://imgcdn.mckesson.com/CumulusWeb/Images/Item_Detail/911719_front.jpg"
"gid://shopify/Product/us-5428","382055","Oxygen Mask Salter Labs® Elongated Style Pediatric Adjustable Head Strap","Suction Machines","Sun Med","1.66","3.99","4.99","2.33","58%","1.00","N/A","https://imgcdn.mckesson.com/CumulusWeb/Images/Item_Detail/2281_1122_2.jpg"
"gid://shopify/Product/us-5429","335762","Ventilator Circuit Without Tubing Without Tubing Single Limb Pediatric Without Breathing Bag Single Patient Use","Suction Machines","Sun Med","2.21","4.99","6.99","2.78","56%","2.00","N/A","https://imgcdn.mckesson.com/CumulusWeb/Images/Item_Detail/335762_right.jpg"
"gid://shopify/Product/us-5430","911720","NonRebreather Oxygen Mask McKesson Elongated Style Adult One Size Fits Most Adjustable Head Strap / Nose Clip","Suction Machines","McKesson Brand","2.38","4.99","6.99","2.61","52%","2.00","N/A","https://imgcdn.mckesson.com/CumulusWeb/Images/Item_Detail/911720_front.jpg"
"gid://shopify/Product/us-5431","848480","NonRebreather Oxygen Mask Curaplex® Elongated Style Infant Adjustable Head Strap","Suction Machines","Bound Tree Medical","3.39","6.99","8.99","3.60","52%","2.00","N/A","https://imgcdn.mckesson.com/CumulusWeb/Images/Item_Detail/848480.jpg"
"gid://shopify/Product/us-5432","1207426","CPR Face Mask Basic Medical Mouth to Mask Single Use","Suction Machines","MedSource International","4.66","8.99","11.99","4.33","48%","3.00","N/A","https://imgcdn.mckesson.com/CumulusWeb/Images/Item_Detail/1207426_ppkgright.jpg"
"gid://shopify/Product/us-5433","554356","CPR Face Mask with Case Adsafe™ Mouth to Mask Single Use","Suction Machines","American Diagnostic Corp","9.30","16.99","21.99","7.69","45%","5.00","N/A","https://imgcdn.mckesson.com/CumulusWeb/Images/Item_Detail/554356_pkit.jpg"
"gid://shopify/Product/us-5434","1070989","CPR Face Mask with Case One Way Valve Single Use","Suction Machines","Work N Leisure Products Inc","9.97","18.99","23.99","9.02","47%","5.00","N/A","https://imgcdn.mckesson.com/CumulusWeb/Images/Item_Detail/1070989_pkit.jpg"
"gid://shopify/Product/us-5435","533718","Resuscitator Spur® II","Suction Machines","Ambu","14.54","26.99","33.99","12.45","46%","7.00","N/A","https://imgcdn.mckesson.com/CumulusWeb/Images/Item_Detail/533718_front.jpg"
"gid://shopify/Product/us-5436","544775","Resuscitator Spur® II","Suction Machines","Ambu","15.27","27.99","34.99","12.72","45%","7.00","N/A","https://imgcdn.mckesson.com/CumulusWeb/Images/Item_Detail/544775_front.jpg"
"gid://shopify/Product/us-5437","544776","Resuscitator Spur® II Nasal / Oral Mask","Suction Machines","Ambu","17.45","31.99","39.99","14.54","45%","8.00","N/A","https://imgcdn.mckesson.com/CumulusWeb/Images/Item_Detail/544776_front.jpg"
"gid://shopify/Product/us-5438","340538","BVM Resuscitator Mercury Medical® Cushioned Face Mask","Suction Machines","Mercury Medical","28.30","51.99","64.99","23.69","46%","13.00","N/A","https://imgcdn.mckesson.com/CumulusWeb/Images/Item_Detail/340538_front.jpg"
"gid://shopify/Product/us-5439","1084559","Oxygen Mask Salter Labs® Elongated Style Adult One Size Fits Most Adjustable Head Strap / Nose Clip","Suction Machines","Sun Med","34.82","58.99","73.99","24.17","41%","15.00","N/A","https://imgcdn.mckesson.com/CumulusWeb/Images/Item_Detail/1084559_front.jpg"
"gid://shopify/Product/us-5440","1190296","Oxygen Mask Elongated Style Adult Adjustable Head Strap","Suction Machines","Medline","44.67","74.99","93.99","30.32","40%","19.00","N/A","https://imgcdn.mckesson.com/CumulusWeb/Images/Item_Detail/1190296_pdet.jpg"
"gid://shopify/Product/us-5441","37338","Oxygen Mask Hudson RCI® Elongated Style Pediatric Adjustable Head Strap / Nose Clip","Suction Machines","Medline","45.41","75.99","94.99","30.58","40%","19.00","N/A","https://imgcdn.mckesson.com/CumulusWeb/Images/Item_Detail/37338_front.jpg"
"gid://shopify/Product/us-5442","37335","Oxygen Mask Hudson RCI® Elongated Style Pediatric Adjustable Head Strap / Nose Clip","Suction Machines","Medline","47.19","78.99","98.99","31.80","40%","20.00","N/A","https://imgcdn.mckesson.com/CumulusWeb/Images/Item_Detail/37335_front.jpg"
"gid://shopify/Product/us-5443","1018131","Oxygen Face Tent McKesson Face Tent Style Adult One Size Fits Most Adjustable Head Strap","Suction Machines","McKesson Brand","49.87","83.99","104.99","34.12","41%","21.00","N/A","https://imgcdn.mckesson.com/CumulusWeb/Images/Item_Detail/1018131_left.jpg"
"gid://shopify/Product/us-5444","1018133","Oxygen Mask McKesson Elongated Style Pediatric Adjustable Head Strap","Suction Machines","McKesson Brand","51.57","85.99","107.99","34.42","40%","22.00","N/A","https://imgcdn.mckesson.com/CumulusWeb/Images/Item_Detail/1018133_left.jpg"
"gid://shopify/Product/us-5445","1126542","Anesthesia Mask Vent Mask™ Elongated Style Adult One Size Fits Most Hook Ring","Suction Machines","Sun Med","52.16","86.99","108.99","34.83","40%","22.00","N/A","https://imgcdn.mckesson.com/CumulusWeb/Images/Item_Detail/1126542_family.jpg"
"gid://shopify/Product/us-5446","1026638","Tracheostomy Mask Collar Style Adult One Size Fits Most Adjustable Head Strap","Suction Machines","Sunset Healthcare","53.04","88.99","111.99","35.95","40%","23.00","N/A","https://imgcdn.mckesson.com/CumulusWeb/Images/Item_Detail/1026638_left.jpg"
"gid://shopify/Product/us-5447","226849","Oxygen Mask AirLife® Elongated Style Adult One Size Fits Most Adjustable Head Strap","Suction Machines","Sun Med","54.74","91.99","114.99","37.25","40%","23.00","N/A","https://imgcdn.mckesson.com/CumulusWeb/Images/Item_Detail/226849_front.jpg"
"gid://shopify/Product/us-5448","1205049","NonRebreather Oxygen Mask MedSource Elongated Style Adult Medium Adjustable Head Strap / Nose Clip","Suction Machines","MedSource International","59.16","98.99","123.99","39.83","40%","25.00","N/A","https://imgcdn.mckesson.com/CumulusWeb/Images/Item_Detail/1205049_right.jpg"
"gid://shopify/Product/us-5449","226900","Oxygen Mask AirLife® Elongated Style Adult One Size Fits Most Adjustable Head Strap","Suction Machines","Sun Med","60.64","101.99","127.99","41.35","41%","26.00","N/A","https://imgcdn.mckesson.com/CumulusWeb/Images/Item_Detail/226900_front.jpg"
"gid://shopify/Product/us-5450","1205051","Oxygen Mask MedSource Elongated Style Infant Medium Adjustable Head Strap","Suction Machines","MedSource International","61.88","103.99","129.99","42.11","40%","26.00","N/A","https://imgcdn.mckesson.com/CumulusWeb/Images/Item_Detail/1205051_right.jpg"
"gid://shopify/Product/us-5451","1052548","NonRebreather Oxygen Mask McKesson Elongated Style Adult One Size Fits Most Adjustable Head Strap","Suction Machines","McKesson Brand","67.93","113.99","142.99","46.06","40%","29.00","N/A","https://imgcdn.mckesson.com/CumulusWeb/Images/Item_Detail/1052548_right.jpg"
"gid://shopify/Product/us-5452","37342","NonRebreather Oxygen Mask Elongated Style Adult One Size Fits Most Adjustable Head Strap / Nose Clip","Suction Machines","Medline","68.66","114.99","143.99","46.33","40%","29.00","N/A","https://imgcdn.mckesson.com/CumulusWeb/Images/Item_Detail/37342_front.jpg"
"gid://shopify/Product/us-5453","204610","NonRebreather Oxygen Mask Elongated Style Pediatric Adjustable Head Strap / Nose Clip","Suction Machines","Medline","76.70","127.99","159.99","51.29","40%","32.00","N/A","https://imgcdn.mckesson.com/CumulusWeb/Images/Item_Detail/204610_front.jpg"
"gid://shopify/Product/us-5454","441116","Tracheostomy Mask AirLife® Collar Style Adult Large Adjustable Head Strap","Suction Machines","Sun Med","79.50","132.99","166.99","53.49","40%","34.00","N/A","https://imgcdn.mckesson.com/CumulusWeb/Images/Item_Detail/1056_111001225_2.jpg"
"gid://shopify/Product/us-5455","43321","NonRebreather Oxygen Mask Elongated Style Adult One Size Fits Most Adjustable Head Strap / Nose Clip","Suction Machines","Medline","79.78","132.99","166.99","53.21","40%","34.00","N/A","https://imgcdn.mckesson.com/CumulusWeb/Images/Item_Detail/43321_pdet.jpg"
"gid://shopify/Product/us-5456","37336","Oxygen Mask Hudson RCI® Standard Style Adult One Size Fits Most Adjustable Head Strap / Nose Clip","Suction Machines","Medline","79.82","133.99","167.99","54.17","40%","34.00","N/A","https://imgcdn.mckesson.com/CumulusWeb/Images/Item_Detail/37336_front.jpg"
"gid://shopify/Product/us-5457","868187","Manual Resuscitator Cyclone® Pocket BVM®","Suction Machines","North American Rescue","80.20","133.99","167.99","53.79","40%","34.00","N/A","https://imgcdn.mckesson.com/CumulusWeb/Images/Item_Detail/868187.jpg"
"gid://shopify/Product/us-5458","1207367","NonRebreather Oxygen Mask Resp-O2™ Standard Style Infant Adjustable Head Strap","Suction Machines","Dynarex","82.82","138.99","173.99","56.17","40%","35.00","N/A","https://imgcdn.mckesson.com/CumulusWeb/Images/Item_Detail/1207367_front.jpg"
"gid://shopify/Product/us-5459","286229","Oxygen Mask Salter Labs® Elongated Style Adult One Size Fits Most Adjustable Head Strap","Suction Machines","Sun Med","83.62","139.99","174.99","56.37","40%","35.00","N/A","https://imgcdn.mckesson.com/CumulusWeb/Images/Item_Detail/286229_front.jpg"
"gid://shopify/Product/us-5460","37353","Air Entrainment Mask MULTI-VENT® Elongated Style Adult One Size Fits Most Adjustable Head Strap / Nose Clip","Suction Machines","Medline","86.66","144.99","181.99","58.33","40%","37.00","N/A","https://imgcdn.mckesson.com/CumulusWeb/Images/Item_Detail/37353_front.jpg"
"gid://shopify/Product/us-5461","231809","Oxygen Mask B&F Medical Elongated Style Pediatric Adjustable Head Strap / Nose Clip","Suction Machines","Allied Healthcare","88.42","147.99","184.99","59.57","40%","37.00","N/A","https://imgcdn.mckesson.com/CumulusWeb/Images/Item_Detail/1161_64060_2.jpg"
"gid://shopify/Product/us-5462","1018130","NonRebreather Oxygen Mask McKesson Elongated Style Adult One Size Fits Most Adjustable Head Strap / Nose Clip","Suction Machines","McKesson Brand","93.21","155.99","194.99","62.78","40%","39.00","N/A","https://imgcdn.mckesson.com/CumulusWeb/Images/Item_Detail/1018130_front.jpg"
"gid://shopify/Product/us-5463","1018132","Oxygen Face Tent McKesson Face Tent Style Adult One Size Fits Most Adjustable Head Strap","Suction Machines","McKesson Brand","100.09","153.99","192.99","53.90","35%","39.00","N/A","https://imgcdn.mckesson.com/CumulusWeb/Images/Item_Detail/1018132_side.jpg"
"gid://shopify/Product/us-5464","1221915","Tracheostomy Mask Pediatric Small","Suction Machines","Sunset Healthcare","102.00","156.99","196.99","54.99","35%","40.00","N/A","https://imgcdn.mckesson.com/CumulusWeb/Images/Item_Detail/1221915_left.jpg"
"gid://shopify/Product/us-5465","533884","Resuscitator Spur® II Nasal / Oral Mask","Suction Machines","Ambu","109.83","168.99","211.99","59.16","35%","43.00","N/A","https://imgcdn.mckesson.com/CumulusWeb/Images/Item_Detail/533884.jpg"
"gid://shopify/Product/us-5466","1212303","Oxygen Mask LiteTouch Full Face Style Adult Medium Without Strap","Suction Machines","Medline","111.64","171.99","214.99","60.35","35%","43.00","N/A","https://imgcdn.mckesson.com/CumulusWeb/Images/Item_Detail/1212303_left.jpg"
"gid://shopify/Product/us-5467","1212302","Oxygen Mask LiteTouch Full Face Style Adult Small Without Strap","Suction Machines","Medline","114.99","176.99","221.99","62.00","35%","45.00","N/A","https://imgcdn.mckesson.com/CumulusWeb/Images/Item_Detail/1212302_left.jpg"
"gid://shopify/Product/us-5468","794407","Resuscitator Mercury Medical® CPR 2® Face Mask","Suction Machines","Mercury Medical","124.53","191.99","239.99","67.46","35%","48.00","N/A","https://imgcdn.mckesson.com/CumulusWeb/Images/Item_Detail/794407_side.jpg"
"gid://shopify/Product/us-5469","1235517","Oxygen Mask Salter Labs® Nasal / Oral Style Infant Adjustable Head Strap / Nose Clip","Suction Machines","Sun Med","124.75","191.99","239.99","67.24","35%","48.00","N/A","https://imgcdn.mckesson.com/CumulusWeb/Images/Item_Detail/1235517_front.jpg"
"gid://shopify/Product/us-5470","453449","Manual Resuscitator 1st Response™ Face Mask","Suction Machines","ICU Medical FKA Smiths Medical","132.19","203.99","254.99","71.80","35%","51.00","N/A","https://imgcdn.mckesson.com/CumulusWeb/Images/Item_Detail/2356_8500_2.jpg"
"gid://shopify/Product/us-5471","1205048","NonRebreather Oxygen Mask MedSource Full Face Style Pediatric Small Adjustable Head Strap / Nose Clip","Suction Machines","MedSource International","132.60","203.99","254.99","71.39","35%","51.00","N/A","https://imgcdn.mckesson.com/CumulusWeb/Images/Item_Detail/1205048_right.jpg"
"gid://shopify/Product/us-5472","1018134","NonRebreather Oxygen Mask McKesson Elongated Style Pediatric Adjustable Head Strap / Nose Clip","Suction Machines","McKesson Brand","136.13","209.99","262.99","73.86","35%","53.00","N/A","https://imgcdn.mckesson.com/CumulusWeb/Images/Item_Detail/1018134_front.jpg"
"gid://shopify/Product/us-5473","951148","NonRebreather Oxygen Mask Salter Labs® Elongated Style Adult One Size Fits Most Adjustable Head Strap","Suction Machines","Sun Med","142.70","219.99","274.99","77.29","35%","55.00","N/A","https://imgcdn.mckesson.com/CumulusWeb/Images/Item_Detail/951148.jpg"
"gid://shopify/Product/us-5474","555740","Resuscitator Spur® II","Suction Machines","Ambu","144.27","221.99","277.99","77.72","35%","56.00","N/A","https://imgcdn.mckesson.com/CumulusWeb/Images/Item_Detail/555740.JPG"
"gid://shopify/Product/us-5475","794408","Resuscitator Mercury Medical® CPR 2® Face Mask","Suction Machines","Mercury Medical","150.62","231.99","289.99","81.37","35%","58.00","N/A","https://imgcdn.mckesson.com/CumulusWeb/Images/Item_Detail/794408.jpg"
"gid://shopify/Product/us-5476","262302","Air Entrainment Mask Percent-O2-Lock® Elongated Style Adult One Size Fits Most Adjustable Head Strap","Suction Machines","Sun Med","155.74","239.99","299.99","84.25","35%","60.00","N/A","https://imgcdn.mckesson.com/CumulusWeb/Images/Item_Detail/262302_pdet.jpg"
"gid://shopify/Product/us-5477","453450","Manual Resuscitator 1st Response™ Face Mask","Suction Machines","ICU Medical FKA Smiths Medical","165.64","254.99","318.99","89.35","35%","64.00","N/A","https://imgcdn.mckesson.com/CumulusWeb/Images/Item_Detail/2356_8500_2.jpg"
"gid://shopify/Product/us-5478","1235313","Resuscitator Mercury Medical® CPR 2® Cushioned Face Mask","Suction Machines","Mercury Medical","168.46","259.99","324.99","91.53","35%","65.00","N/A","https://imgcdn.mckesson.com/CumulusWeb/Images/Item_Detail/1235313_left.jpg"
"gid://shopify/Product/us-5479","697312","Resuscitator Spur® II Nasal / Oral Mask","Suction Machines","Ambu","174.38","268.99","336.99","94.61","35%","68.00","N/A","https://imgcdn.mckesson.com/CumulusWeb/Images/Item_Detail/697312.jpg"
"gid://shopify/Product/us-5480","280132","Manual Resuscitator Lifesaver® Face Mask","Suction Machines","Teleflex LLC","190.04","292.99","366.99","102.95","35%","74.00","N/A","https://imgcdn.mckesson.com/CumulusWeb/Images/Item_Detail/280132_side.jpg"
"gid://shopify/Product/us-5481","1148219","Air Entrainment Mask Salter Labs® Elongated Style Pediatric Adjustable Head Strap","Suction Machines","Sun Med","190.89","293.99","367.99","103.10","35%","74.00","N/A","https://imgcdn.mckesson.com/CumulusWeb/Images/Item_Detail/1148219_front.jpg"
"gid://shopify/Product/us-5482","533885","Resuscitator Spur® II Nasal / Oral Mask","Suction Machines","Ambu","200.65","308.99","386.99","108.34","35%","78.00","N/A","https://imgcdn.mckesson.com/CumulusWeb/Images/Item_Detail/533885_front.jpg"
"gid://shopify/Product/us-5483","1134537","Oxygen Mask OxyMask™ For Vortex Adult One Size Fits Most Adjustable Head Strap","Suction Machines","Medline","230.19","354.99","443.99","124.80","35%","89.00","N/A","https://imgcdn.mckesson.com/CumulusWeb/Images/Item_Detail/1134537_front.jpg"
"gid://shopify/Product/us-5484","280133","Manual Resuscitator Lifesaver® Face Mask","Suction Machines","Teleflex LLC","233.44","359.99","449.99","126.55","35%","90.00","N/A","https://imgcdn.mckesson.com/CumulusWeb/Images/Item_Detail/280133_side.jpg"
"gid://shopify/Product/us-5485","786599","Dual Capnography Mask Flexicare® Dual","Suction Machines","Flexicare","243.78","375.99","469.99","132.21","35%","94.00","N/A","https://imgcdn.mckesson.com/CumulusWeb/Images/Item_Detail/786599.jpg"
"gid://shopify/Product/us-5486","786598","Dual Capnography Mask Flexicare® Dual","Suction Machines","Flexicare","243.78","375.99","469.99","132.21","35%","94.00","N/A","https://imgcdn.mckesson.com/CumulusWeb/Images/Item_Detail/786598.jpg"
"gid://shopify/Product/us-5487","709501","Resuscitator Spur® II Nasal / Oral Mask","Suction Machines","Ambu","247.24","380.99","476.99","133.75","35%","96.00","N/A","https://imgcdn.mckesson.com/CumulusWeb/Images/Item_Detail/709501.jpg"
"gid://shopify/Product/us-5488","557737","Resuscitator Spur® II Nasal / Oral Mask","Suction Machines","Ambu","251.00","386.99","483.99","135.99","35%","97.00","N/A","https://imgcdn.mckesson.com/CumulusWeb/Images/Item_Detail/557737.jpg"
"gid://shopify/Product/us-5489","557742","Resuscitator Spur® II Nasal / Oral Mask","Suction Machines","Ambu","251.00","386.99","483.99","135.99","35%","97.00","N/A","https://imgcdn.mckesson.com/CumulusWeb/Images/Item_Detail/557742.jpg"
"gid://shopify/Product/us-5490","198931","Anesthesia Mask Vital Signs® Elongated Style Pediatric Size 3 Without Hook Ring","Suction Machines","Sun Med","256.01","393.99","492.99","137.98","35%","99.00","N/A","https://imgcdn.mckesson.com/CumulusWeb/Images/Item_Detail/198931_front.jpg"
"gid://shopify/Product/us-5491","802611","Resuscitator Spur® II Nasal / Oral Mask","Suction Machines","Ambu","264.21","406.99","508.99","142.78","35%","102.00","N/A","https://imgcdn.mckesson.com/CumulusWeb/Images/Item_Detail/802611.jpg"
"gid://shopify/Product/us-5492","1171141","T-Piece Resuscitator Neo-Tee® Clear Anatomical Mask","Suction Machines","Mercury Medical","329.04","506.99","633.99","177.95","35%","127.00","N/A","https://imgcdn.mckesson.com/CumulusWeb/Images/Item_Detail/1171141_front.jpg"
"gid://shopify/Product/us-5493","555742","Resuscitator Spur® II Nasal / Oral Mask","Suction Machines","Ambu","336.67","517.99","647.99","181.32","35%","130.00","N/A","https://imgcdn.mckesson.com/CumulusWeb/Images/Item_Detail/555742.jpg"
"gid://shopify/Product/us-5494","1183536","Ventilation Mask AirLife® NIV Full Face Style Adult Medium 4-Point Hook and Loop Head Strap","Suction Machines","Sun Med","383.04","589.99","737.99","206.95","35%","148.00","N/A","https://imgcdn.mckesson.com/CumulusWeb/Images/Item_Detail/1183536_front.jpg"
"gid://shopify/Product/us-5495","1233196","Oxygen Mask POM® Elite Elongated Style Adult One Size Fits Most Adjustable Head Strap / Nose Clip","Suction Machines","Stryker","577.99","802.99","1003.99","225.00","28%","201.00","N/A","https://imgcdn.mckesson.com/CumulusWeb/Images/Item_Detail/1233196_front.jpg"
"gid://shopify/Product/us-5496","1168892","Fingertip Pulse Oximeter Dynarex Adult Battery Operated LED Display","Pulse Oximeters","Dynarex","454.11","698.99","873.99","244.88","35%","175.00","N/A","https://imgcdn.mckesson.com/CumulusWeb/Images/Item_Detail/1168892_group.jpg"
"gid://shopify/Product/us-5497","1175571","Fingertip Pulse Oximeter Soft-Touch Adult Battery Operated OLED Display","Pulse Oximeters","Medline","81.60","135.99","169.99","54.39","40%","34.00","N/A","https://imgcdn.mckesson.com/CumulusWeb/Images/Item_Detail/1175571_ppkgleft.jpg"
"gid://shopify/Product/us-5498","941909","Handheld Pulse Oximeter Nellcor™ Adult Battery Operated LCD Display","Pulse Oximeters","Medtronic MITG","506.82","703.99","879.99","197.17","28%","176.00","N/A","https://imgcdn.mckesson.com/CumulusWeb/Images/Item_Detail/941909_right.jpg"
"gid://shopify/Product/us-5499","1010521","SpO2 Sensor PureLight® Multi-Site Reusable 3 Foot Cord","Pulse Oximeters","Nonin Medical","245.00","376.99","471.99","131.99","35%","95.00","N/A","https://imgcdn.mckesson.com/CumulusWeb/Images/Item_Detail/1010521.jpg"
"gid://shopify/Product/us-5500","906798","SpO2 Sensor PureLight® Finger Adult Reusable 3 Foot / 1 Meter Cord","Pulse Oximeters","Nonin Medical","158.13","243.99","304.99","85.86","35%","61.00","N/A","https://imgcdn.mckesson.com/CumulusWeb/Images/Item_Detail/906798.jpg"
"gid://shopify/Product/us-5501","1166905","Fingertip Pulse Oximeter Baseline® Pediatric Battery Operated OLED Display","Pulse Oximeters","Fabrication Enterprises","36.73","61.99","77.99","25.26","41%","16.00","N/A","https://imgcdn.mckesson.com/CumulusWeb/Images/Item_Detail/1166905_left.jpg"
"gid://shopify/Product/us-5502","852984","Handheld Pulse Oximeter 8500 Series Adult Battery Operated LED Display","Pulse Oximeters","Nonin Medical","656.84","912.99","1141.99","256.15","28%","229.00","N/A","https://imgcdn.mckesson.com/CumulusWeb/Images/Item_Detail/852984.jpg"
"gid://shopify/Product/us-5503","525112","SpO2 Sensor SoftCare® Foot Infant Single Patient Use","Pulse Oximeters","Medtronic MITG","651.17","904.99","1131.99","253.82","28%","227.00","N/A","https://imgcdn.mckesson.com/CumulusWeb/Images/Item_Detail/525112_front.jpg"
"gid://shopify/Product/us-5504","372347","SpO2 Sensor OxiMax™ Multi-Site Adult Reusable","Pulse Oximeters","Medical Grade","144.99","223.99","279.99","79.00","35%","56.00","N/A","https://imgcdn.mckesson.com/CumulusWeb/Images/Item_Detail/372347_ppkgleft.jpg"
"gid://shopify/Product/us-5505","1153608","SpO2 Sensor Nellcor® Finger Multiple Users Single Patient Use","Pulse Oximeters","Medtronic MITG","92.30","153.99","192.99","61.69","40%","39.00","N/A","https://imgcdn.mckesson.com/CumulusWeb/Images/Item_Detail/1153608_front.jpg"
"gid://shopify/Product/us-5506","775659","Fingertip Pulse Oximeter OxyRead Adult Battery Operated LED Display","Pulse Oximeters","Graham-Field","27.45","49.99","62.99","22.54","45%","13.00","N/A","https://imgcdn.mckesson.com/CumulusWeb/Images/Item_Detail/775659_right.jpg"
"gid://shopify/Product/us-5507","1083014","Fingertip Pulse Oximeter Proactive Medical Products Adult Battery Operated LED Display","Pulse Oximeters","Proactive Medical Products LLC","20.92","38.99","48.99","18.07","46%","10.00","N/A","https://imgcdn.mckesson.com/CumulusWeb/Images/Item_Detail/1083014_front.jpg"
"gid://shopify/Product/us-5508","972840","Oximeter Retractable Lanyard Nonin™ Yellow / Black","Pulse Oximeters","Nonin Medical","15.31","27.99","34.99","12.68","45%","7.00","N/A","https://imgcdn.mckesson.com/CumulusWeb/Images/Item_Detail/972840.jpg"
"gid://shopify/Product/us-5509","899534","Diagnostic Wrist Strap For use wieth Pulse Oximeter 3150","Pulse Oximeters","Nonin Medical","5.33","9.99","12.99","4.66","47%","3.00","N/A","https://imgcdn.mckesson.com/CumulusWeb/Images/Item_Detail/899534_right.jpg"
"gid://shopify/Product/us-5510","418002","Clip, Pulse Oximeter Sensor Ear, Reusable OxiMax™ Ear Clip Dura-Y Sensor","Pulse Oximeters","Medtronic MITG","29.00","52.99","66.99","23.99","45%","14.00","N/A","https://imgcdn.mckesson.com/CumulusWeb/Images/Item_Detail/418002_front.jpg"
"gid://shopify/Product/us-5511","1068284","SpO2 Sensor Sensoronics Finger Pediatric Single Patient Use 1-1/2 Foot Cord","Pulse Oximeters","Sensoronics Inc","9.06","16.99","21.99","7.93","47%","5.00","N/A","https://imgcdn.mckesson.com/CumulusWeb/Images/Item_Detail/1068284.jpg"
"gid://shopify/Product/us-5512","839678","SpO2 Sensor PureLight® Finger Pediatric Single Patient Use 3 Foot Cord","Pulse Oximeters","Nonin Medical","367.61","565.99","707.99","198.38","35%","142.00","N/A","https://imgcdn.mckesson.com/CumulusWeb/Images/Item_Detail/839678_right.jpg"
"gid://shopify/Product/us-5513","987412","Fingertip Pulse Oximeter Drive Pediatric Battery Operated LED Display","Pulse Oximeters","Drive DeVilbiss Healthcare","53.67","89.99","112.99","36.32","40%","23.00","N/A","https://imgcdn.mckesson.com/CumulusWeb/Images/Item_Detail/987412_ppkgleft.jpg"
"gid://shopify/Product/us-5514","1027180","Handheld Pulse Oximeter McKesson Pediatric Battery Operated","Pulse Oximeters","McKesson Brand","390.93","601.99","752.99","211.06","35%","151.00","N/A","https://imgcdn.mckesson.com/CumulusWeb/Images/Item_Detail/1027180_ppkgleft.jpg"
"gid://shopify/Product/us-5515","1027179","Handheld Pulse Oximeter McKesson Adult Battery Operated","Pulse Oximeters","McKesson Brand","388.77","598.99","748.99","210.22","35%","150.00","N/A","https://imgcdn.mckesson.com/CumulusWeb/Images/Item_Detail/1027179_ppkgright.jpg"
"gid://shopify/Product/us-5516","1027187","SpO2 Sensor McKesson Finger Pediatric Reusable 3 Foot Cord","Pulse Oximeters","McKesson Brand","147.47","226.99","283.99","79.52","35%","57.00","N/A","https://imgcdn.mckesson.com/CumulusWeb/Images/Item_Detail/1027187_ppkgleft.jpg"
"gid://shopify/Product/us-5517","1027181","SpO2 Sensor McKesson Multi-Site Pediatric Reusable 3 Foot Cord","Pulse Oximeters","McKesson Brand","146.78","225.99","282.99","79.21","35%","57.00","N/A","https://imgcdn.mckesson.com/CumulusWeb/Images/Item_Detail/1027181_ppkgleft.jpg"
"gid://shopify/Product/us-5518","1027182","SpO2 Sensor McKesson Finger Adult Reusable 3 Foot Cord","Pulse Oximeters","McKesson Brand","138.41","212.99","266.99","74.58","35%","54.00","N/A","https://imgcdn.mckesson.com/CumulusWeb/Images/Item_Detail/1027182_ppkgfront.jpg"
"gid://shopify/Product/us-5519","1048950","SpO2 Sensor Nellcor® Finger Multiple Users Single Patient Use","Pulse Oximeters","Medtronic MITG","2319.16","3221.99","4027.99","902.83","28%","806.00","N/A","https://imgcdn.mckesson.com/CumulusWeb/Images/Item_Detail/1048950_front.jpg"
"gid://shopify/Product/us-5520","1269302","Handheld Pulse Oximeter Rad-G® Adult / Infant / Pediatric Battery Operated LCD Display","Pulse Oximeters","Masimo Corp","979.85","1360.99","1701.99","381.14","28%","341.00","N/A","https://imgcdn.mckesson.com/CumulusWeb/Images/Item_Detail/1269302_left.jpg"
"gid://shopify/Product/us-5521","854265","Handheld Pulse Co-Oximeter Pronto® Pediatric Battery Operated LCD Display","Pulse Oximeters","Masimo Corp","712.25","989.99","1237.99","277.74","28%","248.00","N/A","https://imgcdn.mckesson.com/CumulusWeb/Images/Item_Detail/854265_front.jpg"
"gid://shopify/Product/us-5522","941910","Handheld Pulse Oximeter Nellcor™ Adult Battery Operated LCD Display","Pulse Oximeters","Medtronic MITG","533.85","741.99","927.99","208.14","28%","186.00","N/A","https://imgcdn.mckesson.com/CumulusWeb/Images/Item_Detail/941910_ppkgright.jpg"
"gid://shopify/Product/us-5523","1079392","SpO2 Sensor RD SET Finger Adult / Infant / Pediatric Single Patient Use No Cord","Pulse Oximeters","Masimo Corp","473.03","727.99","909.99","254.96","35%","182.00","N/A","https://imgcdn.mckesson.com/CumulusWeb/Images/Item_Detail/1079392_front.jpg"
"gid://shopify/Product/us-5524","447812","SpO2 Sensor OxiMax™ Foot Multiple Users Single Patient Use","Pulse Oximeters","Medtronic MITG","432.48","665.99","832.99","233.51","35%","167.00","N/A","https://imgcdn.mckesson.com/CumulusWeb/Images/Item_Detail/447812_front.jpg"
"gid://shopify/Product/us-5525","1185403","SpO2 Sensor RD SET Finger Multiple Users Single Patient Use 3 Foot Cord","Pulse Oximeters","Masimo Corp","371.67","571.99","714.99","200.32","35%","143.00","N/A","https://imgcdn.mckesson.com/CumulusWeb/Images/Item_Detail/1185403_front.jpg"
"gid://shopify/Product/us-5526","1062598","SpO2 Sensor Finger Adult Single Patient Use 3 Foot Cord","Pulse Oximeters","Nonin Medical","367.61","565.99","707.99","198.38","35%","142.00","N/A","https://imgcdn.mckesson.com/CumulusWeb/Images/Item_Detail/1062598_pdet.jpg"
"gid://shopify/Product/us-5527","805394","SpO2 Sensor Lncs® Finger Adult Single Patient Use 3 Foot Cord","Pulse Oximeters","Masimo Corp","348.69","536.99","671.99","188.30","35%","135.00","N/A","https://imgcdn.mckesson.com/CumulusWeb/Images/Item_Detail/805394_front.jpg"
"gid://shopify/Product/us-5528","1178090","SpO2 Sensor PureLight® Finger Adult Reusable 6 Foot Cord","Pulse Oximeters","Nonin Medical","224.35","345.99","432.99","121.64","35%","87.00","N/A","https://imgcdn.mckesson.com/CumulusWeb/Images/Item_Detail/1178090_left.jpg"
"gid://shopify/Product/us-5529","795552","Fingertip Pulse Oximeter Onyx® Vantage Adult Battery Operated LED Display","Pulse Oximeters","Nonin Medical","202.73","311.99","389.99","109.26","35%","78.00","N/A","https://imgcdn.mckesson.com/CumulusWeb/Images/Item_Detail/795552.JPG"
"gid://shopify/Product/us-5530","546237","SpO2 Sensor Lncs® Finger Adult Reusable 3 Foot Cord","Pulse Oximeters","Masimo Corp","195.97","301.99","377.99","106.02","35%","76.00","N/A","https://imgcdn.mckesson.com/CumulusWeb/Images/Item_Detail/546237_ppkgleft.jpg"
"gid://shopify/Product/us-5531","1179017","SpO2 Sensor Direct Connect Finger Adult / Infant / Pediatric Reusable 3 Foot Cord","Pulse Oximeters","Masimo Corp","189.21","291.99","364.99","102.78","35%","73.00","N/A","https://imgcdn.mckesson.com/CumulusWeb/Images/Item_Detail/1179017_front.jpg"
"gid://shopify/Product/us-5532","1153567","SpO2 Sensor Nellcor® Finger Adult Reusable","Pulse Oximeters","Medtronic MITG","101.36","155.99","194.99","54.63","35%","39.00","N/A","https://imgcdn.mckesson.com/CumulusWeb/Images/Item_Detail/1153567_ppkgleft.jpg"
"gid://shopify/Product/us-5533","841868","Fingertip Pulse Oximeter Adimals® 2150 Pediatric Battery Operated OLED Display","Pulse Oximeters","American Diagnostic Corp","56.40","93.99","117.99","37.59","40%","24.00","N/A","https://imgcdn.mckesson.com/CumulusWeb/Images/Item_Detail/841868_left.jpg"
"gid://shopify/Product/us-5534","479236","Cable, Pulse Oximeter Nellcor® 10 Feet OxiMax* N-600x* Pulse Oximeter","Pulse Oximeters","Medtronic MITG","140.18","215.99","269.99","75.81","35%","54.00","N/A","https://imgcdn.mckesson.com/CumulusWeb/Images/Item_Detail/479236_front.jpg"
"gid://shopify/Product/us-5535","1250938","Total Body Analyzer with NIBP and Oximeter Step On SmartHeart Digital Display 400 lbs. / 200kg White Battery Operated","Pulse Oximeters","Veridian Healthcare LLC","62.21","103.99","129.99","41.78","40%","26.00","N/A","https://imgcdn.mckesson.com/CumulusWeb/Images/Item_Detail/1250938_pkit_.jpg"
"gid://shopify/Product/us-5536","1281425","Pulse Oximeter RPM Pro™ Adult Battery Operated OLED Display","Pulse Oximeters","Veridian Healthcare LLC","41.84","69.99","87.99","28.15","40%","18.00","N/A","https://imgcdn.mckesson.com/CumulusWeb/Images/Item_Detail/1281425_ppkgfront.jpg"
"gid://shopify/Product/us-5537","699689","Fingertip Pulse Oximeter McKesson Adult Battery Operated OLED Display","Pulse Oximeters","McKesson Brand","33.41","55.99","69.99","22.58","40%","14.00","N/A","https://imgcdn.mckesson.com/CumulusWeb/Images/Item_Detail/699689_ppkgleft.jpg"
"gid://shopify/Product/us-5538","800908","Fingertip Pulse Oximeter Advantage™ 2200 Adult Battery Operated LED Display","Pulse Oximeters","American Diagnostic Corp","31.02","51.99","64.99","20.97","40%","13.00","N/A","https://imgcdn.mckesson.com/CumulusWeb/Images/Item_Detail/800908_front.jpg"
"gid://shopify/Product/us-5539","842271","SpO2 Sensor Replacement Wrap","Pulse Oximeters","Medical Grade","29.00","52.99","66.99","23.99","45%","14.00","N/A","https://imgcdn.mckesson.com/CumulusWeb/Images/Item_Detail/842271_front.jpg"
"gid://shopify/Product/us-5540","1156279","Fingertip Pulse Oximeter Carex Adult Battery Operated LED Display","Pulse Oximeters","Medical Grade","27.45","49.99","62.99","22.54","45%","13.00","N/A","https://imgcdn.mckesson.com/CumulusWeb/Images/Item_Detail/1156279_right.jpg"
"gid://shopify/Product/us-5541","1218873","Fingertip Pulse Oximeter SmartHeart™ Adult Battery Operated OLED Display","Pulse Oximeters","Veridian Healthcare LLC","27.16","49.99","62.99","22.83","46%","13.00","N/A","https://imgcdn.mckesson.com/CumulusWeb/Images/Item_Detail/1218873_ppkgright.jpg"
"gid://shopify/Product/us-5542","1134481","Fingertip Pulse Oximeter McKesson Adult / Pediatric Battery Operated LED Display","Pulse Oximeters","McKesson Brand","19.50","35.99","44.99","16.49","46%","9.00","N/A","https://imgcdn.mckesson.com/CumulusWeb/Images/Item_Detail/1134481_ppkgleft.jpg"
"gid://shopify/Product/us-5543","1027183","SpO2 Sensor McKesson Finger Adult Single Patient Use 1-1/2 Foot Cord","Pulse Oximeters","McKesson Brand","15.26","27.99","34.99","12.73","45%","7.00","N/A","https://imgcdn.mckesson.com/CumulusWeb/Images/Item_Detail/1027183_ppkgleft.jpg"
"gid://shopify/Product/us-5544","1218872","Fingertip Pulse Oximeter SmartHeart™ Adult Battery Operated LCD Display","Pulse Oximeters","Veridian Healthcare LLC","18.53","33.99","42.99","15.46","45%","9.00","N/A","https://imgcdn.mckesson.com/CumulusWeb/Images/Item_Detail/1218872_ppkgright.jpg"
"gid://shopify/Product/us-5545","1027184","SpO2 Sensor McKesson Finger Pediatric Single Patient Use 1-1/2 Foot Cord","Pulse Oximeters","McKesson Brand","13.17","23.99","29.99","10.82","45%","6.00","N/A","https://imgcdn.mckesson.com/CumulusWeb/Images/Item_Detail/1027184_ppkgleft.jpg"
"gid://shopify/Product/us-5546","794385","Fingertip Pulse Oximeter Baseline® Adult Battery Operated LED Display","Pulse Oximeters","Fabrication Enterprises","18.75","34.99","43.99","16.24","46%","9.00","N/A","https://imgcdn.mckesson.com/CumulusWeb/Images/Item_Detail/794385.jpg"
"gid://shopify/Product/us-5547","1027185","SpO2 Sensor McKesson Finger Pediatric Single Patient Use 1-1/2 Foot Cord","Pulse Oximeters","McKesson Brand","11.47","20.99","26.99","9.52","45%","6.00","N/A","https://imgcdn.mckesson.com/CumulusWeb/Images/Item_Detail/1027185_ppkgleft.jpg"
"gid://shopify/Product/us-5548","180699","Single Patient Use SpO2 Sensor Replacement Wrap Tidi Multi-Site Multiple Users Single Patient Use","Pulse Oximeters","Tidi Products","9.65","17.99","22.99","8.34","46%","5.00","N/A","https://imgcdn.mckesson.com/CumulusWeb/Images/Item_Detail/180699_side.jpg"
"gid://shopify/Product/us-5549","1068851","SpO2 Sensor Sensoronics Finger Infant Single Patient Use","Pulse Oximeters","Sensoronics Inc","9.06","16.99","21.99","7.93","47%","5.00","N/A","https://imgcdn.mckesson.com/CumulusWeb/Images/Item_Detail/1068851_front.jpg"
"gid://shopify/Product/us-5550","1068285","SpO2 Sensor Sensoronics Finger Infant Single Patient Use 3 Foot Cord","Pulse Oximeters","Sensoronics Inc","9.06","16.99","21.99","7.93","47%","5.00","N/A","https://imgcdn.mckesson.com/CumulusWeb/Images/Item_Detail/1068285.jpg"
"gid://shopify/Product/us-5551","1068854","SpO2 Sensor Sensoronics Finger Infant Single Patient Use 3 Foot Cord","Pulse Oximeters","Sensoronics Inc","9.06","16.99","21.99","7.93","47%","5.00","N/A","https://imgcdn.mckesson.com/CumulusWeb/Images/Item_Detail/1068854_side.jpg"
"gid://shopify/Product/us-5552","1068849","SpO2 Sensor Sensoronics Finger Infant Single Patient Use 3 Foot Cord","Pulse Oximeters","Sensoronics Inc","9.06","16.99","21.99","7.93","47%","5.00","N/A","https://imgcdn.mckesson.com/CumulusWeb/Images/Item_Detail/1068849.jpg"
"gid://shopify/Product/us-5553","1068848","SpO2 Sensor Sensoronics Finger Infant Single Patient Use 3 Foot Cord","Pulse Oximeters","Sensoronics Inc","9.06","16.99","21.99","7.93","47%","5.00","N/A","https://imgcdn.mckesson.com/CumulusWeb/Images/Item_Detail/1068848.jpg"
"gid://shopify/Product/us-5554","852975","Handheld Pulse Co-Oximeter Pronto® Pediatric Battery Operated LCD Display","Pulse Oximeters","Masimo Corp","917.04","1273.99","1592.99","356.95","28%","319.00","N/A","https://imgcdn.mckesson.com/CumulusWeb/Images/Item_Detail/852975_right.jpg"
"gid://shopify/Product/us-5555","1292657","Wearable Double Electric Breast Pump Momcozy S12 Pro Quick","Breast Pumps","Root Technology Ltd","1498.24","2080.99","2601.99","582.75","28%","521.00","N/A","https://imgcdn.mckesson.com/CumulusWeb/Images/Item_Detail/1292657_pkit.jpg"
"gid://shopify/Product/us-5556","1276727","Hands Free Double Electric Breast Pump Z2 Shabbat Mode™ Edition","Breast Pumps","Zev Supplies Corp","343.51","528.99","661.99","185.48","35%","133.00","N/A","https://imgcdn.mckesson.com/CumulusWeb/Images/Item_Detail/1276727_pkit.jpg"
"gid://shopify/Product/us-5557","1173760","Single / Double Electric Breast Pump Kit Spectra S1 Plus","Breast Pumps","Mother's Milk Inc","182.83","281.99","352.99","99.16","35%","71.00","N/A","https://imgcdn.mckesson.com/CumulusWeb/Images/Item_Detail/1173760_pkit.jpg"
"gid://shopify/Product/us-5558","1261817","Hands Free Double Electric Breast Pump Momcozy S12 Pro","Breast Pumps","Root Technology Ltd","93.64","156.99","196.99","63.35","40%","40.00","N/A","https://imgcdn.mckesson.com/CumulusWeb/Images/Item_Detail/1261817_ppkgright.jpg"
"gid://shopify/Product/us-5559","1256458","Double Electric Breast Pump with Go Cups Hands-Free Collection Cups Rumble Tuff® Whisper-C","Breast Pumps","A Cute Baby Inc","379.59","583.99","729.99","204.40","35%","146.00","N/A","https://imgcdn.mckesson.com/CumulusWeb/Images/Item_Detail/1256458_pkit.jpg"
"gid://shopify/Product/us-5560","1257269","Double Electric Breast Pump Spectra® S2 Plus™","Breast Pumps","Mother's Milk Inc","172.72","265.99","332.99","93.27","35%","67.00","N/A","https://imgcdn.mckesson.com/CumulusWeb/Images/Item_Detail/1257269_pkit.jpg"
"gid://shopify/Product/us-5561","1181796","Double Electric Breast Pump Zomee Z2","Breast Pumps","Medical Grade","782.12","1086.99","1358.99","304.87","28%","272.00","E0603","https://imgcdn.mckesson.com/CumulusWeb/Images/Item_Detail/1181796_front.jpg"
"gid://shopify/Product/us-5562","1289137","Wearable Double Electric Breast Pump Momcozy Air 1 Ultra-Slim","Breast Pumps","Root Technology Ltd","270.08","415.99","519.99","145.91","35%","104.00","N/A","https://imgcdn.mckesson.com/CumulusWeb/Images/Item_Detail/1289137_ppkgfront.jpg"
"gid://shopify/Product/us-5563","1225064","Hands Free Double Electric Breast Pump Freestyle™","Breast Pumps","Medela","214.77","330.99","413.99","116.22","35%","83.00","N/A","https://imgcdn.mckesson.com/CumulusWeb/Images/Item_Detail/1225064_front.jpg"
"gid://shopify/Product/us-5564","1195493","Double Electric Breast Pump Kit Ameda® Mya™ Joy Plus Deluxe","Breast Pumps","Ameda Inc","143.01","220.99","276.99","77.98","35%","56.00","N/A","https://imgcdn.mckesson.com/CumulusWeb/Images/Item_Detail/1195493_pkit.jpg"
"gid://shopify/Product/us-5565","1167741","Double Electric Breast Pump Kit Ardo Calypso-To-Go","Breast Pumps","Ardo Medical Inc","135.60","208.99","261.99","73.39","35%","53.00","N/A","https://imgcdn.mckesson.com/CumulusWeb/Images/Item_Detail/1167741_pkit.jpg"
"gid://shopify/Product/us-5566","1269781","Hands Free Double Electric Breast Pump Momcozy S9 Pro-N","Breast Pumps","Root Technology Ltd","85.95","143.99","179.99","58.04","40%","36.00","N/A","https://imgcdn.mckesson.com/CumulusWeb/Images/Item_Detail/1269781_ppkgright.jpg"
"gid://shopify/Product/us-5567","1218041","Double Electric Breast Pump Kit Minuet","Breast Pumps","Zev Supplies Corp","940.14","1305.99","1632.99","365.85","28%","327.00","E0603","https://imgcdn.mckesson.com/CumulusWeb/Images/Item_Detail/1218041_pkit.jpg"
"gid://shopify/Product/us-5568","1291453","Double Electric Breast Pump Mothers Nature™ H1","Breast Pumps","Zev Supplies Corp","916.03","1272.99","1591.99","356.96","28%","319.00","N/A","https://imgcdn.mckesson.com/CumulusWeb/Images/Item_Detail/1291453_pkit.jpg"
"gid://shopify/Product/us-5569","1196046","Double Electric Breast Pump Kit Luna","Breast Pumps","Motif Medical","438.44","674.99","843.99","236.55","35%","169.00","N/A","https://imgcdn.mckesson.com/CumulusWeb/Images/Item_Detail/1196046_pkit.jpg"
"gid://shopify/Product/us-5570","1196042","Double Electric Breast Pump Kit Duo","Breast Pumps","Motif Medical","412.00","633.99","792.99","221.99","35%","159.00","N/A","https://imgcdn.mckesson.com/CumulusWeb/Images/Item_Detail/1196042_pkit.jpg"
"gid://shopify/Product/us-5571","651174","Double Electric Breast Pump Kit Symphony®","Breast Pumps","Medela","222.02","341.99","427.99","119.97","35%","86.00","N/A","https://imgcdn.mckesson.com/CumulusWeb/Images/Item_Detail/651174_pkgleft.jpg"
"gid://shopify/Product/us-5572","1282728","Wearable Breast Pump Willow Sync","Breast Pumps","Willow Innovations Inc","168.74","259.99","324.99","91.25","35%","65.00","N/A","https://imgcdn.mckesson.com/CumulusWeb/Images/Item_Detail/1282728_group.jpg"
"gid://shopify/Product/us-5573","1039501","Double Electric Breast Pump Kit Spectra S2 Plus","Breast Pumps","Mother's Milk Inc","168.95","259.99","324.99","91.04","35%","65.00","N/A","https://imgcdn.mckesson.com/CumulusWeb/Images/Item_Detail/1039501_pkit.jpg"
"gid://shopify/Product/us-5574","1268120","Hands Free Double Electric Breast Pump Momcozy Mobile Style™ M6","Breast Pumps","Root Technology Ltd","160.12","246.99","308.99","86.87","35%","62.00","N/A","https://imgcdn.mckesson.com/CumulusWeb/Images/Item_Detail/1268120_ppkgright.jpg"
"gid://shopify/Product/us-5575","1278912","Double Electric Breast Pump with Wearable CaraCup Milk Collection Inserts Spectra® 9 Plus™","Breast Pumps","Mother's Milk Inc","124.38","191.99","239.99","67.61","35%","48.00","N/A","https://imgcdn.mckesson.com/CumulusWeb/Images/Item_Detail/1278912_pkit.jpg"
"gid://shopify/Product/us-5576","1280007","Hands Free Double Electric Breast Pump Z2 Shabbat Mode™ Edition","Breast Pumps","Zev Supplies Corp","114.50","176.99","221.99","62.49","35%","45.00","N/A","https://imgcdn.mckesson.com/CumulusWeb/Images/Item_Detail/1280007_pkit.jpg"
"gid://shopify/Product/us-5577","1181823","Double Electric Breast Pump Kit Minuet","Breast Pumps","Medical Grade","96.42","160.99","201.99","64.57","40%","41.00","N/A","https://imgcdn.mckesson.com/CumulusWeb/Images/Item_Detail/1181823_pkit.jpg"
"gid://shopify/Product/us-5578","1280059","Double Electric Breast Pump Z2 Shabbat Mode™ Edition","Breast Pumps","Zev Supplies Corp","90.40","150.99","188.99","60.59","40%","38.00","N/A","https://imgcdn.mckesson.com/CumulusWeb/Images/Item_Detail/1280059_pkit.jpg"
"gid://shopify/Product/us-5579","1183315","Double Electric Breast Pump Kit Zomee","Breast Pumps","Medical Grade","85.34","142.99","178.99","57.65","40%","36.00","N/A","https://imgcdn.mckesson.com/CumulusWeb/Images/Item_Detail/1183315_right.jpg"
"gid://shopify/Product/us-5580","1268527","Manual Breast Pump Elvie Curve","Breast Pumps","Willow Innovations Inc","28.92","52.99","66.99","24.07","45%","14.00","N/A","https://imgcdn.mckesson.com/CumulusWeb/Images/Item_Detail/1268527_front.jpg"
"gid://shopify/Product/us-5581","1181794","Double Electric Breast Pump Opera","Breast Pumps","Zev Supplies Corp","723.18","1004.99","1256.99","281.81","28%","252.00","E0604","https://imgcdn.mckesson.com/CumulusWeb/Images/Item_Detail/1181794_left.jpg"
"gid://shopify/Product/us-5582","1267245","Double Electric Breast Pump Kit BabyBuddha® 2.0","Breast Pumps","BabyBuddha Products LLC","1496.99","2079.99","2599.99","583.00","28%","520.00","N/A","https://imgcdn.mckesson.com/CumulusWeb/Images/Item_Detail/1267245_pkit.jpg"
"gid://shopify/Product/us-5583","1290781","Double Electric Breast Pump NaturalWave®","Breast Pumps","Emerson Healthcare","359.78","553.99","692.99","194.21","35%","139.00","N/A","https://imgcdn.mckesson.com/CumulusWeb/Images/Item_Detail/1290781_pkit.jpg"
"gid://shopify/Product/us-5584","1292558","Hands Free Double Electric Breast Pump Momcozy M5 Smart","Breast Pumps","Root Technology Ltd","1702.08","2363.99","2954.99","661.91","28%","591.00","N/A","https://imgcdn.mckesson.com/CumulusWeb/Images/Item_Detail/1292558_pkit.jpg"
"gid://shopify/Product/us-5585","1290782","Wearable Electric Breast Pump DiscreetDuo™ Flow","Breast Pumps","Emerson Healthcare","578.55","803.99","1004.99","225.44","28%","201.00","N/A","https://imgcdn.mckesson.com/CumulusWeb/Images/Item_Detail/1290782_pkit.jpg"
"gid://shopify/Product/us-5586","1218901","Double Electric Breast Pump Kit Cimilre® S6+","Breast Pumps","Symmetrical Health LLC","506.23","703.99","879.99","197.76","28%","176.00","N/A","https://imgcdn.mckesson.com/CumulusWeb/Images/Item_Detail/1218901_front_.jpg"
"gid://shopify/Product/us-5587","1292247","Double Electric Breast Pump Spectra® Synergy Gold","Breast Pumps","Mother's Milk Inc","433.91","667.99","834.99","234.08","35%","167.00","N/A","https://imgcdn.mckesson.com/CumulusWeb/Images/Item_Detail/1292247_ppkgleft.jpg"
"gid://shopify/Product/us-5588","1266858","Hands Free Double Electric Breast Pump Motif Aura Glow™","Breast Pumps","Motif Medical","383.21","589.99","737.99","206.78","35%","148.00","N/A","https://imgcdn.mckesson.com/CumulusWeb/Images/Item_Detail/1266858_pkit.jpg"
"gid://shopify/Product/us-5589","1268525","Hands Free Wearable Double Electric Breast Pump Elvie","Breast Pumps","Willow Innovations Inc","372.88","573.99","717.99","201.11","35%","144.00","N/A","https://imgcdn.mckesson.com/CumulusWeb/Images/Item_Detail/1268525_group.jpg"
"gid://shopify/Product/us-5590","1129042","Breast Pump Spectra S1","Breast Pumps","Mother's Milk Inc","365.66","562.99","703.99","197.33","35%","141.00","N/A","https://imgcdn.mckesson.com/CumulusWeb/Images/Item_Detail/1129042_pkit.jpg"
"gid://shopify/Product/us-5591","1218900","Double Electric Breast Pump Kit Cimilre® S6","Breast Pumps","Symmetrical Health LLC","325.43","500.99","626.99","175.56","35%","126.00","N/A","https://imgcdn.mckesson.com/CumulusWeb/Images/Item_Detail/1218900_front_.jpg"
"gid://shopify/Product/us-5592","1226122","Hands Free Double Electric Breast Pump Willow® 3.0","Breast Pumps","Willow Innovations Inc","271.19","417.99","522.99","146.80","35%","105.00","N/A","https://imgcdn.mckesson.com/CumulusWeb/Images/Item_Detail/1226122_front.jpg"
"gid://shopify/Product/us-5593","1268546","Hands Free Double Electric Breast Pump Elvie Stride 2","Breast Pumps","Willow Innovations Inc","244.06","375.99","469.99","131.93","35%","94.00","N/A","https://imgcdn.mckesson.com/CumulusWeb/Images/Item_Detail/1268546_front.jpg"
"gid://shopify/Product/us-5594","1129040","Breast Pump Spectra S2 Plus","Breast Pumps","Mother's Milk Inc","234.31","360.99","451.99","126.68","35%","91.00","N/A","https://imgcdn.mckesson.com/CumulusWeb/Images/Item_Detail/1129040_pkit.jpg"
"gid://shopify/Product/us-5595","1277305","Double Electric Breast Pump Evenflo Advanced","Breast Pumps","Midway Importing Inc","202.49","311.99","389.99","109.50","35%","78.00","N/A","https://imgcdn.mckesson.com/CumulusWeb/Images/Item_Detail/1277305_pkit.jpg"
"gid://shopify/Product/us-5596","1268121","Hands Free Double Electric Breast Pump Momcozy Mobile Flow™ M9","Breast Pumps","Root Technology Ltd","197.09","303.99","379.99","106.90","35%","76.00","N/A","https://imgcdn.mckesson.com/CumulusWeb/Images/Item_Detail/1268121_pkit.jpg"
"gid://shopify/Product/us-5597","1062665","Single Electric Breast Pump Evenflo Advanced","Breast Pumps","Midway Importing Inc","169.22","260.99","326.99","91.77","35%","66.00","N/A","https://imgcdn.mckesson.com/CumulusWeb/Images/Item_Detail/1062665_pkgright.jpg"
"gid://shopify/Product/us-5598","1268526","Hands Free Double Electric Breast Pump Elvie Stride","Breast Pumps","Willow Innovations Inc","135.59","208.99","261.99","73.40","35%","53.00","N/A","https://imgcdn.mckesson.com/CumulusWeb/Images/Item_Detail/1268526_front.jpg"
"gid://shopify/Product/us-5599","1224118","Hands-Free Double Electric Breast Pump Zomee Fit","Breast Pumps","Zev Supplies Corp","114.50","176.99","221.99","62.49","35%","45.00","N/A","https://imgcdn.mckesson.com/CumulusWeb/Images/Item_Detail/1224118_front.jpg"
"gid://shopify/Product/us-5600","1198136","Single / Double Electric Breast Pump Kit Spectra S2 Plus","Breast Pumps","Mother's Milk Inc","104.67","161.99","202.99","57.32","35%","41.00","N/A","https://imgcdn.mckesson.com/CumulusWeb/Images/Item_Detail/1198136_front.jpg"
"gid://shopify/Product/us-5601","1293526","Wearable Double Electric Breast Pump Momcozy S12 Pro Quick","Breast Pumps","Root Technology Ltd","93.64","156.99","196.99","63.35","40%","40.00","N/A","https://imgcdn.mckesson.com/CumulusWeb/Images/Item_Detail/1293526_pkitpdet.jpg"
"gid://shopify/Product/us-5602","1251031","Double Electric Breast Pump Kit Zomee Z2","Breast Pumps","Zev Supplies Corp","90.40","150.99","188.99","60.59","40%","38.00","N/A","https://imgcdn.mckesson.com/CumulusWeb/Images/Item_Detail/1251031_pkit.jpg"
"gid://shopify/Product/us-5603","1272576","Double Electric Breast Pump Medela Pump In Style® Pro","Breast Pumps","Medela","72.32","120.99","151.99","48.67","40%","31.00","N/A","https://imgcdn.mckesson.com/CumulusWeb/Images/Item_Detail/1272576_pkit.jpg"
"gid://shopify/Product/us-5604","1268524","Hands Free Wearable Single Electric Breast Pump Elvie","Breast Pumps","Willow Innovations Inc","50.85","84.99","106.99","34.14","40%","22.00","N/A","https://imgcdn.mckesson.com/CumulusWeb/Images/Item_Detail/1268524_front.jpg"
"gid://shopify/Product/us-5605","1268545","Hands Free Single Electric Breast Pump Elvie Stride 2","Breast Pumps","Willow Innovations Inc","38.42","64.99","81.99","26.57","41%","17.00","N/A","https://imgcdn.mckesson.com/CumulusWeb/Images/Item_Detail/1268545_front.jpg"
"gid://shopify/Product/us-5606","1293510","Warming Wearable Electric Breast Pump Mothers Nature W1","Breast Pumps","Zev Supplies Corp","1844.11","2561.99","3202.99","717.88","28%","641.00","N/A","https://imgcdn.mckesson.com/CumulusWeb/Images/Item_Detail/1293510_pkit.jpg"
"gid://shopify/Product/us-5607","1183316","Double Electric Breast Pump Kit Zomee","Breast Pumps","Medical Grade","78.34","130.99","163.99","52.65","40%","33.00","N/A","https://imgcdn.mckesson.com/CumulusWeb/Images/Item_Detail/1183316_pkit.jpg"
"gid://shopify/Product/us-5608","1175913","Double Electric Breast Pump Kit Pump In Style® with MaxFlow™","Breast Pumps","Medela","74.49","124.99","156.99","50.50","40%","32.00","N/A","https://imgcdn.mckesson.com/CumulusWeb/Images/Item_Detail/1175913_pkit_.jpg"
"gid://shopify/Product/us-5609","1244518","Hands Free Double Electric Breast Pump Lansinoh® DiscreetDuo™","Breast Pumps","Emerson Healthcare","72.32","120.99","151.99","48.67","40%","31.00","N/A","https://imgcdn.mckesson.com/CumulusWeb/Images/Item_Detail/1244518_pkit.jpg"
"gid://shopify/Product/us-5610","165216","Incontinence Liner Wings™ 7 X 17 Inch Moderate Absorbency Polymer Core One Size Fits Most","Incontinence & Care","Cardinal","48.44","80.99","101.99","32.55","40%","21.00","N/A","https://imgcdn.mckesson.com/CumulusWeb/Images/Item_Detail/165216_ppkgleft.jpg"
"gid://shopify/Product/us-5611","580352","Incontinence Brief TENA® Ultra Adult Large Unisex Disposable Heavy Absorbency","Incontinence & Care","Essity HMS North America Inc","63.85","106.99","133.99","43.14","40%","27.00","N/A","https://imgcdn.mckesson.com/CumulusWeb/Images/Item_Detail/580352_ppkgfront.jpg"
"gid://shopify/Product/us-5612","321487","Incontinence Brief TENA ProSkin™ Ultra Adult Large Unisex Disposable Heavy Absorbency","Incontinence & Care","Essity HMS North America Inc","37.59","62.99","78.99","25.40","40%","16.00","N/A","https://imgcdn.mckesson.com/CumulusWeb/Images/Item_Detail/321487_pkgfront.jpg"
"gid://shopify/Product/us-5613","860104","Absorbent Underwear MoliCare® Premium Mobile 6D Pull On with Tear Away Seams Adult X-Large Unisex Disposable Moderate Absorbency","Incontinence & Care","Hartmann","19.90","36.99","46.99","17.09","46%","10.00","N/A","https://imgcdn.mckesson.com/CumulusWeb/Images/Item_Detail/860104_ppkgfront.jpg"
"gid://shopify/Product/us-5614","1128076","Absorbent Underwear Attends® Premier Pull On with Tear Away Seams Adult Medium Unisex Disposable Heavy Absorbency","Incontinence & Care","Attends Healthcare Products","18.71","34.99","43.99","16.28","47%","9.00","N/A","https://imgcdn.mckesson.com/CumulusWeb/Images/Item_Detail/1128076_ppkgleft.jpg"
"gid://shopify/Product/us-5615","628594","Incontinence Brief TENA ProSkin™ Super Adult X-Large Unisex Disposable Heavy Absorbency","Incontinence & Care","Essity HMS North America Inc","18.81","34.99","43.99","16.18","46%","9.00","N/A","https://imgcdn.mckesson.com/CumulusWeb/Images/Item_Detail/628594_pkgfront.jpg"
"gid://shopify/Product/us-5616","628610","Incontinence Brief TENA ProSkin™ Ultra Adult X-Large Unisex Disposable Heavy Absorbency","Incontinence & Care","Essity HMS North America Inc","11.24","20.99","26.99","9.75","46%","6.00","N/A","https://imgcdn.mckesson.com/CumulusWeb/Images/Item_Detail/628610_pkgfront.jpg"
"gid://shopify/Product/us-5617","683242","Incontinence Brief TENA® Small Brief Adult Small Unisex Disposable Moderate Absorbency","Incontinence & Care","Essity HMS North America Inc","6.16","11.99","14.99","5.83","49%","3.00","N/A","https://imgcdn.mckesson.com/CumulusWeb/Images/Item_Detail/683242_ppkgfront.jpg"
"gid://shopify/Product/us-5618","1234966","Absorbent Underwear FitRight® Bariatric Pull On with Tear Away Seams Adult 2X-Large Unisex Disposable Heavy Absorbency","Incontinence & Care","Medline","32.45","54.99","68.99","22.54","41%","14.00","N/A","https://imgcdn.mckesson.com/CumulusWeb/Images/Item_Detail/1234966_pkgfront.jpg"
"gid://shopify/Product/us-5619","1266486","Incontinence Brief Rely® Adult Large Unisex Disposable Heavy Absorbency","Incontinence & Care","Medical Grade","29.59","53.99","67.99","24.40","45%","14.00","N/A","https://imgcdn.mckesson.com/CumulusWeb/Images/Item_Detail/1266486_pkgfront.jpg"
"gid://shopify/Product/us-5620","738763","Absorbent Underwear TENA® Women™ Super Plus Pull On with Tear Away Seams Adult Large Female Disposable Heavy Absorbency","Incontinence & Care","Essity HMS North America Inc","17.66","32.99","41.99","15.33","46%","9.00","N/A","https://imgcdn.mckesson.com/CumulusWeb/Images/Item_Detail/738763_ppkgfront.jpg"
"gid://shopify/Product/us-5621","1163846","Incontinence Brief Seni® Super Adult Medium Unisex Disposable Heavy Absorbency","Incontinence & Care","TZMO USA Inc","16.36","29.99","37.99","13.63","45%","8.00","N/A","https://imgcdn.mckesson.com/CumulusWeb/Images/Item_Detail/1163846_pkgfront_.jpg"
"gid://shopify/Product/us-5622","1163864","Incontinence Brief Seni® Classic Plus Adult Large Unisex Disposable Moderate Absorbency","Incontinence & Care","TZMO USA Inc","15.05","27.99","34.99","12.94","46%","7.00","N/A","https://imgcdn.mckesson.com/CumulusWeb/Images/Item_Detail/1163864_pkgfront_.jpg"
"gid://shopify/Product/us-5623","1163868","Incontinence Brief Seni® Classic Plus Adult X-Large Unisex Disposable Moderate Absorbency","Incontinence & Care","TZMO USA Inc","16.05","29.99","37.99","13.94","46%","8.00","N/A","https://imgcdn.mckesson.com/CumulusWeb/Images/Item_Detail/1163868_pkgfront_.jpg"
"gid://shopify/Product/us-5624","1271896","Absorbent Underwear TENA ProSkin™ Plus Pull On with Tear Away Seams Adult 3X-Large Unisex Disposable Moderate Absorbency","Incontinence & Care","Essity HMS North America Inc","14.88","27.99","34.99","13.11","47%","7.00","N/A","https://imgcdn.mckesson.com/CumulusWeb/Images/Item_Detail/1271896_left.jpg"
"gid://shopify/Product/us-5625","1163848","Absorbent Underwear Seni® Active Super Pull On with Tear Away Seams Adult Large Unisex Disposable Moderate Absorbency","Incontinence & Care","TZMO USA Inc","13.33","24.99","31.99","11.66","47%","7.00","N/A","https://imgcdn.mckesson.com/CumulusWeb/Images/Item_Detail/1163848_pkgfront_.jpg"
"gid://shopify/Product/us-5626","1176299","Incontinence Brief Wings™ Quilted Plus with BreatheEasy™ Technology Adult Large Unisex Disposable Heavy Absorbency","Incontinence & Care","Cardinal","10.23","18.99","23.99","8.76","46%","5.00","N/A","https://imgcdn.mckesson.com/CumulusWeb/Images/Item_Detail/1176299_ppkgleft.jpg"
"gid://shopify/Product/us-5627","814881","Absorbent Underwear Sure Care™ Extra Pull On with Tear Away Seams Adult Large Unisex Disposable Moderate Absorbency","Incontinence & Care","Cardinal","10.28","18.99","23.99","8.71","46%","5.00","N/A","https://imgcdn.mckesson.com/CumulusWeb/Images/Item_Detail/814881_ppkgleft.jpg"
"gid://shopify/Product/us-5628","1163833","Incontinence Brief Seni® Super Adult X-Small Unisex Disposable Heavy Absorbency","Incontinence & Care","TZMO USA Inc","12.27","22.99","28.99","10.72","47%","6.00","N/A","https://imgcdn.mckesson.com/CumulusWeb/Images/Item_Detail/1163833_pkgfront_.jpg"
"gid://shopify/Product/us-5629","1266484","Incontinence Brief Rely® Adult Medium Unisex Disposable Heavy Absorbency","Incontinence & Care","Medical Grade","5.55","10.99","13.99","5.44","49%","3.00","N/A","https://imgcdn.mckesson.com/CumulusWeb/Images/Item_Detail/1266484_pkgfront.jpg"
"gid://shopify/Product/us-5630","1176298","Incontinence Brief Wings™ Quilted Plus with BreatheEasy™ Technology Adult Medium Unisex Disposable Heavy Absorbency","Incontinence & Care","Cardinal","5.12","9.99","12.99","4.87","49%","3.00","N/A","https://imgcdn.mckesson.com/CumulusWeb/Images/Item_Detail/1176298_pkgleft.jpg"
"gid://shopify/Product/us-5631","1245724","Incontinence Brief TENA Dry Comfort™ Adult Medium Unisex Disposable Moderate Absorbency","Incontinence & Care","Essity HMS North America Inc","6.47","11.99","14.99","5.52","46%","3.00","N/A","https://imgcdn.mckesson.com/CumulusWeb/Images/Item_Detail/1245724_pkgfront.jpg"
"gid://shopify/Product/us-5632","564947","Absorbent Underwear FitRight® Classic Pull On with Tear Away Seams Small Unisex Disposable Moderate Absorbency","Incontinence & Care","Medline","70.64","117.99","147.99","47.35","40%","30.00","N/A","https://imgcdn.mckesson.com/CumulusWeb/Images/Item_Detail/564947_pkgfront.jpg"
"gid://shopify/Product/us-5633","1184218","Absorbent Underwear Depend® Fresh Protection™ Waistband Style Adult 2X-Large Female Disposable Heavy Absorbency","Incontinence & Care","Kimberly Clark","26.46","48.99","61.99","22.53","46%","13.00","N/A","https://imgcdn.mckesson.com/CumulusWeb/Images/Item_Detail/1184218_pkgfront.jpg"
"gid://shopify/Product/us-5634","1266923","Incontinence Brief Wings™ Ultra Adult Size 3 Unisex Disposable Heavy Absorbency","Incontinence & Care","Cardinal","9.79","17.99","22.99","8.20","46%","5.00","N/A","https://imgcdn.mckesson.com/CumulusWeb/Images/Item_Detail/1266923_pkgleft.jpg"
"gid://shopify/Product/us-5635","997960","Incontinence Brief Wings™ Basic Adult Medium Unisex Disposable Moderate Absorbency","Incontinence & Care","Cardinal","3.28","5.99","7.99","2.71","45%","2.00","N/A","https://imgcdn.mckesson.com/CumulusWeb/Images/Item_Detail/997960_ppkgright.jpg"
"gid://shopify/Product/us-5636","1266922","Incontinence Brief Wings™ Ultra Size 2 Unisex Disposable Heavy Absorbency","Incontinence & Care","Cardinal","8.52","15.99","19.99","7.47","47%","4.00","N/A","https://imgcdn.mckesson.com/CumulusWeb/Images/Item_Detail/1266922_pkgleft.jpg"
"gid://shopify/Product/us-5637","874618","Incontinence Brief Wings™ Plus Adult Large Unisex Disposable Heavy Absorbency","Incontinence & Care","Cardinal","8.28","15.99","19.99","7.71","48%","4.00","N/A","https://imgcdn.mckesson.com/CumulusWeb/Images/Item_Detail/874618_ppkgleft.jpg"
"gid://shopify/Product/us-5638","1266921","Incontinence Brief Wings™ Ultra Adult Size 1 Unisex Disposable Heavy Absorbency","Incontinence & Care","Cardinal","6.84","12.99","16.99","6.15","47%","4.00","N/A","https://imgcdn.mckesson.com/CumulusWeb/Images/Item_Detail/1266921_pkgleft.jpg"
"gid://shopify/Product/us-5639","997962","Incontinence Brief Wings™ Basic Adult Large Unisex Disposable Moderate Absorbency","Incontinence & Care","Cardinal","6.13","11.99","14.99","5.86","49%","3.00","N/A","https://imgcdn.mckesson.com/CumulusWeb/Images/Item_Detail/997962_ppkgleft.jpg"
"gid://shopify/Product/us-5640","997963","Incontinence Brief Wings™ Basic Adult X-Large Unisex Disposable Moderate Absorbency","Incontinence & Care","Cardinal","6.13","11.99","14.99","5.86","49%","3.00","N/A","https://imgcdn.mckesson.com/CumulusWeb/Images/Item_Detail/997963_ppkgright.jpg"
"gid://shopify/Product/us-5641","780086","Incontinence Brief Wings™ Extra Quilted Adult X-Large Unisex Disposable Moderate Absorbency","Incontinence & Care","Cardinal","4.43","8.99","11.99","4.56","51%","3.00","N/A","https://imgcdn.mckesson.com/CumulusWeb/Images/Item_Detail/780086_left.jpg"
"gid://shopify/Product/us-5642","775027","Suction Tube Handle Rigid Type Open Tip Frazier Style Non-Vented 8 Fr. NonSterile","Incontinence & Care","BR Surgical","51.67","86.99","108.99","35.32","41%","22.00","N/A","https://imgcdn.mckesson.com/CumulusWeb/Images/Item_Detail/775027.jpg"
"gid://shopify/Product/us-5643","1246972","Absorbent Underwear FitRight® Bariatric Pull On with Tear Away Seams Adult 3X-Large Unisex Disposable Heavy Absorbency","Incontinence & Care","Medline","43.78","72.99","91.99","29.21","40%","19.00","N/A","https://imgcdn.mckesson.com/CumulusWeb/Images/Item_Detail/1246972_pkgfront.jpg"
"gid://shopify/Product/us-5644","444299","Hip Protection Brief Hipsters® Standard Brief X-Large Beige Unisex","Incontinence & Care","Tidi Products","45.87","76.99","96.99","31.12","40%","20.00","N/A","https://imgcdn.mckesson.com/CumulusWeb/Images/Item_Detail/444299_ls.jpg"
"gid://shopify/Product/us-5645","1210601","Incontinence Brief FitRight® Bariatric Adult 3X-Large Unisex Disposable Heavy Absorbency","Incontinence & Care","Medline","35.36","58.99","73.99","23.63","40%","15.00","N/A","https://imgcdn.mckesson.com/CumulusWeb/Images/Item_Detail/1210601_pkgleft.jpg"
"gid://shopify/Product/us-5646","444298","Hip Protection Brief Hipsters® Standard Brief Small Beige Unisex","Incontinence & Care","Tidi Products","40.63","67.99","84.99","27.36","40%","17.00","N/A","https://imgcdn.mckesson.com/CumulusWeb/Images/Item_Detail/444298_ls.jpg"
"gid://shopify/Product/us-5647","1246192","Incontinence Brief Abena Slip Flexi Fit Adult Medium / Large Unisex Disposable Heavy Absorbency","Incontinence & Care","Abena North America","35.44","59.99","74.99","24.55","41%","15.00","N/A","https://imgcdn.mckesson.com/CumulusWeb/Images/Item_Detail/1246192_ppkgleft.jpg"
"gid://shopify/Product/us-5648","1174292","Incontinence Brief MoliCare® Premium Elastic 8D Adult Large Unisex Disposable Heavy Absorbency","Incontinence & Care","Hartmann","31.73","52.99","66.99","21.26","40%","14.00","N/A","https://imgcdn.mckesson.com/CumulusWeb/Images/Item_Detail/1174292_ppkgfront.jpg"
"gid://shopify/Product/us-5649","1218202","Incontinence Brief Abena® Slip Premium M3 Adult Medium Unisex Disposable Heavy Absorbency","Incontinence & Care","Abena North America","28.80","52.99","66.99","24.19","46%","14.00","N/A","https://imgcdn.mckesson.com/CumulusWeb/Images/Item_Detail/1218202_ppkgleft.jpg"
"gid://shopify/Product/us-5650","1195442","Incontinence Brief MoliCare® Premium Elastic 8D Adult Small Unisex Disposable Heavy Absorbency","Incontinence & Care","Hartmann","26.23","47.99","59.99","21.76","45%","12.00","N/A","https://imgcdn.mckesson.com/CumulusWeb/Images/Item_Detail/1195442_ppkgfront.jpg"
"gid://shopify/Product/us-5651","1218207","Incontinence Brief Abena® Slip Premium L3 Adult Large Unisex Disposable Heavy Absorbency","Incontinence & Care","Abena North America","28.23","51.99","64.99","23.76","46%","13.00","N/A","https://imgcdn.mckesson.com/CumulusWeb/Images/Item_Detail/1218207_ppkgleft.jpg"
"gid://shopify/Product/us-5652","1153086","Incontinence Brief MoliCare® Premium Elastic 10D Adult Medium Unisex Disposable Heavy Absorbency","Incontinence & Care","Hartmann","23.51","42.99","53.99","19.48","45%","11.00","N/A","https://imgcdn.mckesson.com/CumulusWeb/Images/Item_Detail/1153086_ppkgfront.jpg"
"gid://shopify/Product/us-5653","1174289","Incontinence Brief MoliCare® Premium Elastic 6D Adult X-Large Unisex Disposable Moderate Absorbency","Incontinence & Care","Hartmann","23.56","42.99","53.99","19.43","45%","11.00","N/A","https://imgcdn.mckesson.com/CumulusWeb/Images/Item_Detail/1174289_ppkgfront.jpg"
"gid://shopify/Product/us-5654","947454","Eye Speculum Barraquer","Incontinence & Care","BR Surgical","28.81","52.99","66.99","24.18","46%","14.00","N/A","https://imgcdn.mckesson.com/CumulusWeb/Images/Item_Detail/947454_side.jpg"
"gid://shopify/Product/us-5655","1277389","Absorbent Underwear MoliCare® premium Mobile 6D Pull On with Tear Away Seams Adult Large Unisex Disposable Moderate Absorbency","Incontinence & Care","Hartmann","16.45","29.99","37.99","13.54","45%","8.00","N/A","https://imgcdn.mckesson.com/CumulusWeb/Images/Item_Detail/1277389_ppkgleft.jpg"
"gid://shopify/Product/us-5656","761661","Absorbent Underwear Attends® Pull On with Tear Away Seams Adult X-Large Unisex Disposable Heavy Absorbency","Incontinence & Care","Attends Healthcare Products","22.05","40.99","51.99","18.94","46%","11.00","N/A","https://imgcdn.mckesson.com/CumulusWeb/Images/Item_Detail/761661_right.jpg"
"gid://shopify/Product/us-5657","1163865","Incontinence Brief Seni® Super Adult X-Large Unisex Disposable Heavy Absorbency","Incontinence & Care","TZMO USA Inc","20.44","37.99","47.99","17.55","46%","10.00","N/A","https://imgcdn.mckesson.com/CumulusWeb/Images/Item_Detail/1163865_pkgfront_.jpg"
"gid://shopify/Product/us-5658","879855","Absorbent Underwear HealthDri™ Pull On Adult Large Male Reusable Moderate Absorbency","Incontinence & Care","Salk Inc","18.40","33.99","42.99","15.59","46%","9.00","N/A","https://imgcdn.mckesson.com/CumulusWeb/Images/Item_Detail/879855_left.jpg"
"gid://shopify/Product/us-5659","1218234","Absorbent Underwear Abena® Premium Pants L2 Pull On with Tear Away Seams Adult Large Unisex Disposable Heavy Absorbency","Incontinence & Care","Abena North America","18.49","33.99","42.99","15.50","46%","9.00","N/A","https://imgcdn.mckesson.com/CumulusWeb/Images/Item_Detail/1218234_ppkgleft.jpg"
"gid://shopify/Product/us-5660","829960","Absorbent Underwear Sure Care™ Plus Pull On with Tear Away Seams Adult X-Large Unisex Disposable Heavy Absorbency","Incontinence & Care","Cardinal","13.85","25.99","32.99","12.14","47%","7.00","N/A","https://imgcdn.mckesson.com/CumulusWeb/Images/Item_Detail/829960_ppkgleft.jpg"
"gid://shopify/Product/us-5661","814886","Absorbent Underwear Sure Care™ Extra Pull On with Tear Away Seams Adult X-Large Unisex Disposable Moderate Absorbency","Incontinence & Care","Cardinal","13.22","24.99","31.99","11.77","47%","7.00","N/A","https://imgcdn.mckesson.com/CumulusWeb/Images/Item_Detail/814886_ppkgleft.jpg"
"gid://shopify/Product/us-5662","1218227","Absorbent Underwear Abena® Premium Pants S2 Pull On with Tear Away Seams Adult Small Unisex Disposable Heavy Absorbency","Incontinence & Care","Abena North America","18.00","32.99","41.99","14.99","45%","9.00","N/A","https://imgcdn.mckesson.com/CumulusWeb/Images/Item_Detail/1218227_ppkgleft.jpg"
"gid://shopify/Product/us-5663","1218236","Absorbent Underwear Abena® Premium Pants XL1 Pull On with Tear Away Seams Adult X-Large Unisex Disposable Heavy Absorbency","Incontinence & Care","Abena North America","17.25","31.99","39.99","14.74","46%","8.00","N/A","https://imgcdn.mckesson.com/CumulusWeb/Images/Item_Detail/1218236_ppkgleft.jpg"
"gid://shopify/Product/us-5664","1247854","Incontinence Brief Attends® Care Advanced Adult X-Large Unisex Disposable Heavy Absorbency","Incontinence & Care","Attends Healthcare Products","16.04","29.99","37.99","13.95","47%","8.00","N/A","https://imgcdn.mckesson.com/CumulusWeb/Images/Item_Detail/1247854_ppkgleft.jpg"
"gid://shopify/Product/us-5665","884707","Incontinence Brief Tranquility® Essential Adult Large Unisex Disposable Moderate Absorbency","Incontinence & Care","Principle Business Enterprises","14.46","26.99","33.99","12.53","46%","7.00","N/A","https://imgcdn.mckesson.com/CumulusWeb/Images/Item_Detail/884707_pkgright.jpg"
"gid://shopify/Product/us-5666","1247853","Incontinence Brief Attends® Care Advanced Adult Large Unisex Disposable Heavy Absorbency","Incontinence & Care","Attends Healthcare Products","13.67","24.99","31.99","11.32","45%","7.00","N/A","https://imgcdn.mckesson.com/CumulusWeb/Images/Item_Detail/1247853_ppkgleft.jpg"
"gid://shopify/Product/us-5667","814879","Absorbent Underwear Sure Care™ Extra Pull On with Tear Away Seams Adult Small / Medium Unisex Disposable Moderate Absorbency","Incontinence & Care","Cardinal","9.25","16.99","21.99","7.74","46%","5.00","N/A","https://imgcdn.mckesson.com/CumulusWeb/Images/Item_Detail/814879_ppkgleft.jpg"
"gid://shopify/Product/us-5668","1163856","Incontinence Brief Seni® Classic Plus Adult Regular Unisex Disposable Moderate Absorbency","Incontinence & Care","TZMO USA Inc","13.54","24.99","31.99","11.45","46%","7.00","N/A","https://imgcdn.mckesson.com/CumulusWeb/Images/Item_Detail/1163856_pkgfront_.jpg"
"gid://shopify/Product/us-5669","826345","Absorbent Underwear Light & Dry™ Pull On Adult Small Male Reusable Light Absorbency","Incontinence & Care","Salk Inc","11.99","21.99","27.99","10.00","45%","6.00","N/A","https://imgcdn.mckesson.com/CumulusWeb/Images/Item_Detail/826345_left.jpg"
"gid://shopify/Product/us-5670","1163843","Absorbent Underwear Seni® Active Classic Plus Pull On with Tear Away Seams Adult Medium Unisex Disposable Moderate Absorbency","Incontinence & Care","TZMO USA Inc","11.37","20.99","26.99","9.62","46%","6.00","N/A","https://imgcdn.mckesson.com/CumulusWeb/Images/Item_Detail/1163843_pkgfront_.jpg"
"gid://shopify/Product/us-5671","1163827","Incontinence Brief Seni® Super Plus Adult Small Unisex Disposable Heavy Absorbency","Incontinence & Care","TZMO USA Inc","8.52","15.99","19.99","7.47","47%","4.00","N/A","https://imgcdn.mckesson.com/CumulusWeb/Images/Item_Detail/1163827_pkgfront.jpg"
"gid://shopify/Product/us-5672","1176297","Incontinence Brief Wings™ Quilted Plus with BreatheEasy™ Technology Adult Small Unisex Disposable Heavy Absorbency","Incontinence & Care","Cardinal","4.84","8.99","11.99","4.15","46%","3.00","N/A","https://imgcdn.mckesson.com/CumulusWeb/Images/Item_Detail/1176297_ppkgleft.jpg"
"gid://shopify/Product/us-5673","1163849","Absorbent Underwear Seni® Active Super Pull On with Tear Away Seams Adult Medium Unisex Disposable Moderate Absorbency","Incontinence & Care","TZMO USA Inc","12.94","23.99","29.99","11.05","46%","6.00","N/A","https://imgcdn.mckesson.com/CumulusWeb/Images/Item_Detail/1163849_pkgfront_.jpg"
"gid://shopify/Product/us-5674","1163845","Absorbent Underwear Seni® Active Super Pull On with Tear Away Seams Adult X-Large Unisex Disposable Moderate Absorbency","Incontinence & Care","TZMO USA Inc","12.17","22.99","28.99","10.82","47%","6.00","N/A","https://imgcdn.mckesson.com/CumulusWeb/Images/Item_Detail/1163845_pkgfront_.jpg"
"gid://shopify/Product/us-5675","1257966","Incontinence Brief Wings™ Plus Adult Size 2 / Large Unisex Disposable Heavy Absorbency","Incontinence & Care","Cardinal","6.21","11.99","14.99","5.78","48%","3.00","N/A","https://imgcdn.mckesson.com/CumulusWeb/Images/Item_Detail/1257966_pkgleft.jpg"
"gid://shopify/Product/us-5676","1163820","Absorbent Underwear Seni® Active Super Plus Pull On with Tear Away Seams Adult X-Large Unisex Disposable Heavy Absorbency","Incontinence & Care","TZMO USA Inc","6.88","12.99","16.99","6.11","47%","4.00","N/A","https://imgcdn.mckesson.com/CumulusWeb/Images/Item_Detail/1163820_pkgfront.jpg"
"gid://shopify/Product/us-5677","1271873","Absorbent Underwear TENA Dry Comfort™ Pull On with Tear Away Seams Adult Small Unisex Disposable Moderate Absorbency","Incontinence & Care","Essity HMS North America Inc","6.20","11.99","14.99","5.79","48%","3.00","N/A","https://imgcdn.mckesson.com/CumulusWeb/Images/Item_Detail/1271873_right.jpg"
"gid://shopify/Product/us-5678","1221428","Incontinence Brief FitRight® Ultra Adult X-Large Unisex Disposable Heavy Absorbency","Incontinence & Care","Medline","70.43","117.99","147.99","47.56","40%","30.00","N/A","https://imgcdn.mckesson.com/CumulusWeb/Images/Item_Detail/1221428_pkgfront.jpg"
"gid://shopify/Product/us-5679","734305","Suction Tube Handle Rigid Type Open Tip Frazier Style Non-Vented 3 Fr. NonSterile","Incontinence & Care","BR Surgical","50.51","84.99","106.99","34.48","41%","22.00","N/A","https://imgcdn.mckesson.com/CumulusWeb/Images/Item_Detail/734305.jpg"
"gid://shopify/Product/us-5680","734306","Suction Tube Handle Rigid Type Open Tip Frazier Style Non-Vented 5 Fr. NonSterile","Incontinence & Care","BR Surgical","50.51","84.99","106.99","34.48","41%","22.00","N/A","https://imgcdn.mckesson.com/CumulusWeb/Images/Item_Detail/734306.jpg"
"gid://shopify/Product/us-5681","1174288","Incontinence Brief MoliCare® Premium Elastic 6D Adult Large Unisex Disposable Moderate Absorbency","Incontinence & Care","Hartmann","33.66","56.99","71.99","23.33","41%","15.00","N/A","https://imgcdn.mckesson.com/CumulusWeb/Images/Item_Detail/1174288_ppkgfront.jpg"
"gid://shopify/Product/us-5682","1153088","Incontinence Brief MoliCare® Premium Elastic 10D Adult X-Large Unisex Disposable Heavy Absorbency","Incontinence & Care","Hartmann","28.66","52.99","66.99","24.33","46%","14.00","N/A","https://imgcdn.mckesson.com/CumulusWeb/Images/Item_Detail/1153088_ppkgfront.jpg"
"gid://shopify/Product/us-5683","1218209","Incontinence Brief Abena® Slip Premium XL2 Adult X-Large Unisex Disposable Heavy Absorbency","Incontinence & Care","Abena North America","30.06","50.99","63.99","20.93","41%","13.00","N/A","https://imgcdn.mckesson.com/CumulusWeb/Images/Item_Detail/1218209_ppkgleft.jpg"
"gid://shopify/Product/us-5684","879857","Absorbent Underwear HealthDri™ Pull On Adult Small Male Reusable Heavy Absorbency","Incontinence & Care","Salk Inc","20.83","37.99","47.99","17.16","45%","10.00","N/A","https://imgcdn.mckesson.com/CumulusWeb/Images/Item_Detail/879857_left.jpg"
"gid://shopify/Product/us-5685","1218230","Absorbent Underwear Abena® Premium Pants M2 Pull On with Tear Away Seams Adult Medium Unisex Disposable Heavy Absorbency","Incontinence & Care","Abena North America","17.60","31.99","39.99","14.39","45%","8.00","N/A","https://imgcdn.mckesson.com/CumulusWeb/Images/Item_Detail/1218230_ppkgleft.jpg"
"gid://shopify/Product/us-5686","1163830","Incontinence Brief Seni® Super Plus Adult X-Large Unisex Disposable Heavy Absorbency","Incontinence & Care","TZMO USA Inc","8.52","15.99","19.99","7.47","47%","4.00","N/A","https://imgcdn.mckesson.com/CumulusWeb/Images/Item_Detail/1163830_pkgfront.jpg"
"gid://shopify/Product/us-5687","1283881","Incontinence Brief Seni® Classic Adult Large Unisex Disposable Moderate Absorbency","Incontinence & Care","TZMO USA Inc","12.94","23.99","29.99","11.05","46%","6.00","N/A","https://imgcdn.mckesson.com/CumulusWeb/Images/Item_Detail/1283881_right.jpg"
"gid://shopify/Product/us-5688","1163817","Absorbent Underwear Seni® Active Super Plus Pull On with Tear Away Seams Adult Large Unisex Disposable Heavy Absorbency","Incontinence & Care","TZMO USA Inc","7.08","12.99","16.99","5.91","45%","4.00","N/A","https://imgcdn.mckesson.com/CumulusWeb/Images/Item_Detail/1163817_pkgfront.jpg"
"gid://shopify/Product/us-5689","1293372","Absorbent Underwear MoliCare® premium Mobile Pull On with Tear Away Seams Adult Small Unisex Disposable Moderate Absorbency","Incontinence & Care","Hartmann","13.52","24.99","31.99","11.47","46%","7.00","N/A","https://imgcdn.mckesson.com/CumulusWeb/Images/Item_Detail/1293372_ppkgright.jpg"
"gid://shopify/Product/us-5690","1163818","Absorbent Underwear Seni® Active Super Plus Pull On with Tear Away Seams Adult Medium Unisex Disposable Heavy Absorbency","Incontinence & Care","TZMO USA Inc","6.88","12.99","16.99","6.11","47%","4.00","N/A","https://imgcdn.mckesson.com/CumulusWeb/Images/Item_Detail/1163818_pkgfront.jpg"
"gid://shopify/Product/us-5691","1005776","Incontinence Brief FitRight® Bariatric Adult 4X-Large Unisex Disposable Heavy Absorbency","Incontinence & Care","Medline","147.28","226.99","283.99","79.71","35%","57.00","N/A","https://imgcdn.mckesson.com/CumulusWeb/Images/Item_Detail/1005776_pkgright.jpg"
"gid://shopify/Product/us-5692","662535","Incontinence Brief Wings™ Overnight Quilted Adult Medium Unisex Disposable Heavy Absorbency","Incontinence & Care","Cardinal","59.91","99.99","124.99","40.08","40%","25.00","N/A","https://imgcdn.mckesson.com/CumulusWeb/Images/Item_Detail/662535_ppkgleft.jpg"
"gid://shopify/Product/us-5693","864860","Incontinence Brief Wings™ Overnight Quilted Adult Large Unisex Disposable Heavy Absorbency","Incontinence & Care","Cardinal","57.27","95.99","119.99","38.72","40%","24.00","N/A","https://imgcdn.mckesson.com/CumulusWeb/Images/Item_Detail/864860_ppkgleft.jpg"
"gid://shopify/Product/us-5694","864861","Incontinence Brief Wings™ Overnight Quilted Adult X-Large Unisex Disposable Heavy Absorbency","Incontinence & Care","Cardinal","57.27","95.99","119.99","38.72","40%","24.00","N/A","https://imgcdn.mckesson.com/CumulusWeb/Images/Item_Detail/864861_ppkgleft.jpg"
"gid://shopify/Product/us-5695","721887","Incontinence Brief Wings™ Super Adult 3X-Large Unisex Disposable Heavy Absorbency","Incontinence & Care","Cardinal","53.75","89.99","112.99","36.24","40%","23.00","N/A","https://imgcdn.mckesson.com/CumulusWeb/Images/Item_Detail/721887_pkgright.jpg"
"gid://shopify/Product/us-5696","1194077","Incontinence Brief Prevail® Bariatric Adult Bariatric Size C Unisex Disposable Heavy Absorbency","Incontinence & Care","First Quality Products LLC","79.00","131.99","164.99","52.99","40%","33.00","N/A","https://imgcdn.mckesson.com/CumulusWeb/Images/Item_Detail/1194077_pkgfront.jpg"
"gid://shopify/Product/us-5697","670605","Incontinence Brief TENA ProSkin Stretch™ Super Adult Large / X-Large Unisex Disposable Heavy Absorbency","Incontinence & Care","Essity HMS North America Inc","62.48","104.99","131.99","42.51","40%","27.00","N/A","https://imgcdn.mckesson.com/CumulusWeb/Images/Item_Detail/670605_pkgfront.jpg"
"gid://shopify/Product/us-5698","694181","Incontinence Brief TENA® Ultra Adult Medium Unisex Disposable Heavy Absorbency","Incontinence & Care","Essity HMS North America Inc","63.59","105.99","132.99","42.40","40%","27.00","N/A","https://imgcdn.mckesson.com/CumulusWeb/Images/Item_Detail/694181_pkgfront.jpg"
"gid://shopify/Product/us-5699","238454","Incontinence Brief Tranquility® Slimline® Adult Medium Unisex Disposable Heavy Absorbency","Incontinence & Care","Principle Business Enterprises","57.21","95.99","119.99","38.78","40%","24.00","N/A","https://imgcdn.mckesson.com/CumulusWeb/Images/Item_Detail/238454_pkgright2.jpg"
"gid://shopify/Product/us-5700","670604","Incontinence Brief TENA ProSkin Stretch™ Super Adult Medium Unisex Disposable Heavy Absorbency","Incontinence & Care","Essity HMS North America Inc","53.96","89.99","112.99","36.03","40%","23.00","N/A","https://imgcdn.mckesson.com/CumulusWeb/Images/Item_Detail/670604_pkgfront.jpg"
"gid://shopify/Product/us-5701","522094","Absorbent Underwear Attends® Pull On with Tear Away Seams Adult Large Unisex Disposable Heavy Absorbency","Incontinence & Care","Attends Healthcare Products","49.40","82.99","103.99","33.59","40%","21.00","N/A","https://imgcdn.mckesson.com/CumulusWeb/Images/Item_Detail/522094_ppkgleft.jpg"
"gid://shopify/Product/us-5702","522093","Absorbent Underwear Attends® Pull On with Tear Away Seams Adult Medium Unisex Disposable Heavy Absorbency","Incontinence & Care","Attends Healthcare Products","49.40","82.99","103.99","33.59","40%","21.00","N/A","https://imgcdn.mckesson.com/CumulusWeb/Images/Item_Detail/522093_ppkgleft_.jpg"
"gid://shopify/Product/us-5703","522095","Absorbent Underwear Attends® Pull On with Tear Away Seams Adult X-Large Unisex Disposable Heavy Absorbency","Incontinence & Care","Attends Healthcare Products","49.40","82.99","103.99","33.59","40%","21.00","N/A","https://imgcdn.mckesson.com/CumulusWeb/Images/Item_Detail/522095_ppkleft.jpg"
"gid://shopify/Product/us-5704","724912","Incontinence Brief McKesson Ultra Bariatric Brief Adult 3X-Large Unisex Disposable Heavy Absorbency","Incontinence & Care","McKesson Brand","43.50","72.99","91.99","29.49","40%","19.00","N/A","https://imgcdn.mckesson.com/CumulusWeb/Images/Item_Detail/724912.jpg"
"gid://shopify/Product/us-5705","444296","Hip Protection Brief Hipsters® Standard Large Beige Unisex","Incontinence & Care","Tidi Products","45.87","76.99","96.99","31.12","40%","20.00","N/A","https://imgcdn.mckesson.com/CumulusWeb/Images/Item_Detail/444296_left.jpg"
"gid://shopify/Product/us-5706","653192","Incontinence Brief Wings™ Super Quilted Adult 2X-Large Unisex Disposable Heavy Absorbency","Incontinence & Care","Cardinal","38.85","64.99","81.99","26.14","40%","17.00","N/A","https://imgcdn.mckesson.com/CumulusWeb/Images/Item_Detail/653192_pkgright.jpg"
"gid://shopify/Product/us-5707","721375","Absorbent Underwear Prevail® Daily Underwear Maximum Pull On with Tear Away Seams Adult X-Large Unisex Disposable Heavy Absorbency","Incontinence & Care","First Quality Products LLC","39.96","66.99","83.99","27.03","40%","17.00","N/A","https://imgcdn.mckesson.com/CumulusWeb/Images/Item_Detail/721375_pkgfront_.jpg"
"gid://shopify/Product/us-5708","742323","Incontinence Brief McKesson Ultra Brief Adult 2X-Large Unisex Disposable Heavy Absorbency","Incontinence & Care","McKesson Brand","33.96","56.99","71.99","23.03","40%","15.00","N/A","https://imgcdn.mckesson.com/CumulusWeb/Images/Item_Detail/742323.jpg"
"gid://shopify/Product/us-5709","444297","Hip Protection Brief Hipsters® Standard Brief Medium Beige Unisex","Incontinence & Care","Tidi Products","40.63","67.99","84.99","27.36","40%","17.00","N/A","https://imgcdn.mckesson.com/CumulusWeb/Images/Item_Detail/444297_left.jpg"
"gid://shopify/Product/us-5710","682565","Incontinence Brief Prevail® Breezers® Adult X-Large Unisex Disposable Heavy Absorbency","Incontinence & Care","Medical Grade","38.74","64.99","81.99","26.25","40%","17.00","N/A","https://imgcdn.mckesson.com/CumulusWeb/Images/Item_Detail/682565_pkgfront.jpg"
"gid://shopify/Product/us-5711","677288","Incontinence Brief Prevail® Daily Adult Small Unisex Disposable Heavy Absorbency","Incontinence & Care","First Quality Products LLC","35.35","58.99","73.99","23.64","40%","15.00","N/A","https://imgcdn.mckesson.com/CumulusWeb/Images/Item_Detail/677288_pkgfront_.jpg"
"gid://shopify/Product/us-5712","835157","Incontinence Brief FitRight™ Plus Adult 2X-Large Unisex Disposable Moderate Absorbency","Incontinence & Care","Medline","31.33","52.99","66.99","21.66","41%","14.00","N/A","https://imgcdn.mckesson.com/CumulusWeb/Images/Item_Detail/835157_pkgright.jpg"
"gid://shopify/Product/us-5713","864858","Incontinence Brief Wings™ Plus Quilted Adult Large Unisex Disposable Heavy Absorbency","Incontinence & Care","Cardinal","31.35","52.99","66.99","21.64","41%","14.00","N/A","https://imgcdn.mckesson.com/CumulusWeb/Images/Item_Detail/864858_ppkgleft.jpg"
"gid://shopify/Product/us-5714","630819","Incontinence Brief Wings™ Plus Quilted Adult Medium Unisex Disposable Heavy Absorbency","Incontinence & Care","Cardinal","32.42","54.99","68.99","22.57","41%","14.00","N/A","https://imgcdn.mckesson.com/CumulusWeb/Images/Item_Detail/630819_pkgfront.jpg"
"gid://shopify/Product/us-5715","724917","Absorbent Underwear McKesson Ultra Underwear Pull On with Tear Away Seams Adult Large Unisex Disposable Heavy Absorbency","Incontinence & Care","McKesson Brand","31.13","51.99","64.99","20.86","40%","13.00","N/A","https://imgcdn.mckesson.com/CumulusWeb/Images/Item_Detail/724917_1.jpg"
"gid://shopify/Product/us-5716","724916","Absorbent Underwear McKesson Ultra Underwear Pull On with Tear Away Seams Adult Medium Unisex Disposable Heavy Absorbency","Incontinence & Care","McKesson Brand","31.13","51.99","64.99","20.86","40%","13.00","N/A","https://imgcdn.mckesson.com/CumulusWeb/Images/Item_Detail/724916.jpg"
"gid://shopify/Product/us-5717","724918","Absorbent Underwear McKesson Ultra Underwear Pull On with Tear Away Seams Adult X-Large Unisex Disposable Heavy Absorbency","Incontinence & Care","McKesson Brand","31.13","51.99","64.99","20.86","40%","13.00","N/A","https://imgcdn.mckesson.com/CumulusWeb/Images/Item_Detail/724918.jpg"
"gid://shopify/Product/us-5718","724919","Absorbent Underwear McKesson Ultra Underwear Pull On with Tear Away Seams Adult 2X-Large Unisex Disposable Heavy Absorbency","Incontinence & Care","McKesson Brand","31.13","51.99","64.99","20.86","40%","13.00","N/A","https://imgcdn.mckesson.com/CumulusWeb/Images/Item_Detail/724919.jpg"
"gid://shopify/Product/us-5719","1246196","Incontinence Brief Abena Slip Flexi Fit Adult Large / X-Large Unisex Disposable Heavy Absorbency","Incontinence & Care","Abena North America","31.49","52.99","66.99","21.50","41%","14.00","N/A","https://imgcdn.mckesson.com/CumulusWeb/Images/Item_Detail/1246196_ppkgleft.jpg"
"gid://shopify/Product/us-5720","855376","Hip Protection Brief with Pads GeriHip® Brief Large White","Incontinence & Care","Prevent Products","30.88","51.99","64.99","21.11","41%","13.00","N/A","https://imgcdn.mckesson.com/CumulusWeb/Images/Item_Detail/855376.jpg"
"gid://shopify/Product/us-5721","1174291","Incontinence Brief MoliCare® Premium Elastic 8D Adult Medium Unisex Disposable Heavy Absorbency","Incontinence & Care","Hartmann","29.22","53.99","67.99","24.77","46%","14.00","N/A","https://imgcdn.mckesson.com/CumulusWeb/Images/Item_Detail/1174291_ppkgfront.jpg"
"gid://shopify/Product/us-5722","1174287","Incontinence Brief MoliCare® Premium Elastic 6D Adult Medium Unisex Disposable Moderate Absorbency","Incontinence & Care","Hartmann","28.40","51.99","64.99","23.59","45%","13.00","N/A","https://imgcdn.mckesson.com/CumulusWeb/Images/Item_Detail/1174287_ppkgfront.jpg"
"gid://shopify/Product/us-5723","1174286","Incontinence Brief MoliCare® Premium Elastic 6D Adult Small Unisex Disposable Moderate Absorbency","Incontinence & Care","Hartmann","26.78","48.99","61.99","22.21","45%","13.00","N/A","https://imgcdn.mckesson.com/CumulusWeb/Images/Item_Detail/1174286_ppkgfront.jpg"
"gid://shopify/Product/us-5724","794218","Incontinence Brief TENA ProSkin Stretch™ Ultra Adult 2X-Large Unisex Disposable Heavy Absorbency","Incontinence & Care","Essity HMS North America Inc","30.22","50.99","63.99","20.77","41%","13.00","N/A","https://imgcdn.mckesson.com/CumulusWeb/Images/Item_Detail/794218_pkgfront.jpg"
"gid://shopify/Product/us-5725","1218203","Incontinence Brief Abena® Slip Premium M4 Adult Medium Unisex Disposable Heavy Absorbency","Incontinence & Care","Abena North America","30.41","50.99","63.99","20.58","40%","13.00","N/A","https://imgcdn.mckesson.com/CumulusWeb/Images/Item_Detail/1218203_ppkgleft.jpg"
"gid://shopify/Product/us-5726","1218208","Incontinence Brief Abena® Slip Premium L4 Adult Large Unisex Disposable Heavy Absorbency","Incontinence & Care","Abena North America","29.49","53.99","67.99","24.50","45%","14.00","N/A","https://imgcdn.mckesson.com/CumulusWeb/Images/Item_Detail/1218208_ppkgleft.jpg"
"gid://shopify/Product/us-5727","1153087","Incontinence Brief MoliCare® Premium Elastic 10D Adult Large Unisex Disposable Heavy Absorbency","Incontinence & Care","Hartmann","25.73","46.99","58.99","21.26","45%","12.00","N/A","https://imgcdn.mckesson.com/CumulusWeb/Images/Item_Detail/1153087_ppkgfront.jpg"
"gid://shopify/Product/us-5728","1218197","Incontinence Brief Abena® Slip Premium S2 Adult Small Unisex Disposable Heavy Absorbency","Incontinence & Care","Abena North America","27.37","49.99","62.99","22.62","45%","13.00","N/A","https://imgcdn.mckesson.com/CumulusWeb/Images/Item_Detail/1218197_ppkgleft.jpg"
"gid://shopify/Product/us-5729","1160331","Absorbent Underwear Depend® Silhouette® Waistband Style Adult Medium Female Disposable Heavy Absorbency","Incontinence & Care","Kimberly Clark","26.85","48.99","61.99","22.14","45%","13.00","N/A","https://imgcdn.mckesson.com/CumulusWeb/Images/Item_Detail/1160331_pkgfront_.jpg"
"gid://shopify/Product/us-5730","1218198","Incontinence Brief Abena® Slip Premium S4 Adult Small Unisex Disposable Heavy Absorbency","Incontinence & Care","Abena North America","27.06","49.99","62.99","22.93","46%","13.00","N/A","https://imgcdn.mckesson.com/CumulusWeb/Images/Item_Detail/1218198_ppkgleft.jpg"
"gid://shopify/Product/us-5731","1132145","Absorbent Underwear Depend® Real Fit® Waistband Style Adult Large / X-Large Male Disposable Heavy Absorbency","Incontinence & Care","Kimberly Clark","26.07","47.99","59.99","21.92","46%","12.00","N/A","https://imgcdn.mckesson.com/CumulusWeb/Images/Item_Detail/1132145_pkgfront_.jpg"
"gid://shopify/Product/us-5732","1132144","Absorbent Underwear Depend® Real Fit® Waistband Style Adult Small / Medium Male Disposable Heavy Absorbency","Incontinence & Care","Kimberly Clark","26.07","47.99","59.99","21.92","46%","12.00","N/A","https://imgcdn.mckesson.com/CumulusWeb/Images/Item_Detail/1132144_pkgfront_.jpg"
"gid://shopify/Product/us-5733","1205940","Absorbent Underwear Depend® Silhouette® Waistband Style Adult X-Large Female Disposable Heavy Absorbency","Incontinence & Care","Kimberly Clark","26.07","47.99","59.99","21.92","46%","12.00","N/A","https://imgcdn.mckesson.com/CumulusWeb/Images/Item_Detail/1205940_pkgfront_.jpg"
"gid://shopify/Product/us-5734","1205939","Absorbent Underwear Depend® Silhouette® Waistband Style Adult Large Female Disposable Heavy Absorbency","Incontinence & Care","Kimberly Clark","26.07","47.99","59.99","21.92","46%","12.00","N/A","https://imgcdn.mckesson.com/CumulusWeb/Images/Item_Detail/1205939_pkgfront_.jpg"
"gid://shopify/Product/us-5735","1191493","Absorbent Underwear Depend® Silhouette® Waistband Style Adult Small Female Disposable Heavy Absorbency","Incontinence & Care","Kimberly Clark","26.07","47.99","59.99","21.92","46%","12.00","N/A","https://imgcdn.mckesson.com/CumulusWeb/Images/Item_Detail/1191493_pkgfront_.jpg"
"gid://shopify/Product/us-5736","959407","Incontinence Brief TENA® Stretch™ Plus Adult 2X-Large Unisex Disposable Moderate Absorbency","Incontinence & Care","Essity HMS North America Inc","25.38","46.99","58.99","21.61","46%","12.00","N/A","https://imgcdn.mckesson.com/CumulusWeb/Images/Item_Detail/959407_ppkgfront.jpg"
"gid://shopify/Product/us-5737","1188021","Absorbent Underwear Depend® Fresh Protection™ Waistband Style Adult Large Male Disposable Heavy Absorbency","Incontinence & Care","Kimberly Clark","27.25","49.99","62.99","22.74","45%","13.00","N/A","https://imgcdn.mckesson.com/CumulusWeb/Images/Item_Detail/1188021_pkgfront.jpg"
"gid://shopify/Product/us-5738","1184203","Absorbent Underwear Depend® Fresh Protection™ Waistband Style Adult Medium Female Disposable Heavy Absorbency","Incontinence & Care","Kimberly Clark","27.25","49.99","62.99","22.74","45%","13.00","N/A","https://imgcdn.mckesson.com/CumulusWeb/Images/Item_Detail/1184203_pkgfront_.jpg"
"gid://shopify/Product/us-5739","1189141","Absorbent Underwear Depend® Fresh Protection™ Waistband Style Adult X-Large Male Disposable Heavy Absorbency","Incontinence & Care","Kimberly Clark","27.25","49.99","62.99","22.74","45%","13.00","N/A","https://imgcdn.mckesson.com/CumulusWeb/Images/Item_Detail/1189141_pkgfront.jpg"
"gid://shopify/Product/us-5740","1184202","Absorbent Underwear Depend® Fresh Protection™ Waistband Style Adult Small / Medium Male Disposable Heavy Absorbency","Incontinence & Care","Kimberly Clark","26.46","48.99","61.99","22.53","46%","13.00","N/A","https://imgcdn.mckesson.com/CumulusWeb/Images/Item_Detail/1184202_pkgfront.jpg"
"gid://shopify/Product/us-5741","1184201","Absorbent Underwear Depend® Fresh Protection™ Waistband Style Adult Large Female Disposable Heavy Absorbency","Incontinence & Care","Kimberly Clark","26.46","48.99","61.99","22.53","46%","13.00","N/A","https://imgcdn.mckesson.com/CumulusWeb/Images/Item_Detail/1184201_pkgfront.jpg"
"gid://shopify/Product/us-5742","1184204","Absorbent Underwear Depend® Fresh Protection™ Waistband Style Adult Small Female Disposable Heavy Absorbency","Incontinence & Care","Kimberly Clark","26.46","48.99","61.99","22.53","46%","13.00","N/A","https://imgcdn.mckesson.com/CumulusWeb/Images/Item_Detail/1184204_pkgfront.jpg"
"gid://shopify/Product/us-5743","1287200","Incontinence Brief TENA® ProSkin™ Super Adult X-Large Unisex Disposable Heavy Absorbency","Incontinence & Care","Essity HMS North America Inc","25.08","45.99","57.99","20.91","45%","12.00","N/A","https://imgcdn.mckesson.com/CumulusWeb/Images/Item_Detail/1287200_front.jpg"
"gid://shopify/Product/us-5744","871836","Incontinence Brief TENA ProSkin Stretch™ Ultra Adult Large / X-Large Unisex Disposable Heavy Absorbency","Incontinence & Care","Essity HMS North America Inc","24.26","44.99","56.99","20.73","46%","12.00","N/A","https://imgcdn.mckesson.com/CumulusWeb/Images/Item_Detail/871836_pkgfront.jpg"
"gid://shopify/Product/us-5745","1198444","Incontinence Brief TENA Complete + Care Ultra™ Adult 2X-Large Unisex Disposable Moderate Absorbency","Incontinence & Care","Essity HMS North America Inc","24.66","44.99","56.99","20.33","45%","12.00","N/A","https://imgcdn.mckesson.com/CumulusWeb/Images/Item_Detail/1198444_ppkgfront.jpg"
"gid://shopify/Product/us-5746","1163871","Incontinence Brief Seni® Super Plus Adult Large Unisex Disposable Heavy Absorbency","Incontinence & Care","TZMO USA Inc","22.99","41.99","52.99","19.00","45%","11.00","N/A","https://imgcdn.mckesson.com/CumulusWeb/Images/Item_Detail/1163871_pkgfront.jpg"
"gid://shopify/Product/us-5747","1078992","Incontinence Brief Attends® Overnight Adult X-Large Unisex Disposable Heavy Absorbency","Incontinence & Care","Attends Healthcare Products","23.00","41.99","52.99","18.99","45%","11.00","N/A","https://imgcdn.mckesson.com/CumulusWeb/Images/Item_Detail/1078992_ppkgleft_.jpg"
"gid://shopify/Product/us-5748","938010","Incontinence Brief Abri-Form™ Comfort M4 Adult Medium Unisex Disposable Heavy Absorbency","Incontinence & Care","Abena North America","21.51","39.99","49.99","18.48","46%","10.00","N/A","https://imgcdn.mckesson.com/CumulusWeb/Images/Item_Detail/938010_pkgright.jpg"
"gid://shopify/Product/us-5749","835156","Incontinence Brief FitRight™ Plus Adult X-Large Unisex Disposable Moderate Absorbency","Incontinence & Care","Medline","16.95","30.99","38.99","14.04","45%","8.00","N/A","https://imgcdn.mckesson.com/CumulusWeb/Images/Item_Detail/835156_pkgright.jpg"
"gid://shopify/Product/us-5750","1163873","Incontinence Brief Seni® Super Plus Adult X-Large Unisex Disposable Heavy Absorbency","Incontinence & Care","TZMO USA Inc","24.01","43.99","54.99","19.98","45%","11.00","N/A","https://imgcdn.mckesson.com/CumulusWeb/Images/Item_Detail/1163873_pkgfront.jpg"
"gid://shopify/Product/us-5751","1218238","Absorbent Underwear Abena® Premium Pants XL3 Pull On with Tear Away Seams Adult X-Large Unisex Disposable Heavy Absorbency","Incontinence & Care","Abena North America","21.58","39.99","49.99","18.41","46%","10.00","N/A","https://imgcdn.mckesson.com/CumulusWeb/Images/Item_Detail/1218238_ppkgleft.jpg"
"gid://shopify/Product/us-5752","955308","Incontinence Brief Attends® Bariatric Adult 4X-Large Unisex Disposable Heavy Absorbency","Incontinence & Care","Attends Healthcare Products","21.61","39.99","49.99","18.38","46%","10.00","N/A","https://imgcdn.mckesson.com/CumulusWeb/Images/Item_Detail/955308_ppkgleft_.jpg"
"gid://shopify/Product/us-5753","938011","Incontinence Brief Abri-Form™ Comfort L4 Adult Large Unisex Disposable Heavy Absorbency","Incontinence & Care","Abena North America","21.67","39.99","49.99","18.32","46%","10.00","N/A","https://imgcdn.mckesson.com/CumulusWeb/Images/Item_Detail/938011_pkgright.jpg"
"gid://shopify/Product/us-5754","1078991","Incontinence Brief Attends® Overnight Adult Large Unisex Disposable Heavy Absorbency","Incontinence & Care","Attends Healthcare Products","21.79","39.99","49.99","18.20","46%","10.00","N/A","https://imgcdn.mckesson.com/CumulusWeb/Images/Item_Detail/1078991_ppkgleft_.jpg"
"gid://shopify/Product/us-5755","1078990","Incontinence Brief Attends® Overnight Adult Medium Unisex Disposable Heavy Absorbency","Incontinence & Care","Attends Healthcare Products","21.79","39.99","49.99","18.20","46%","10.00","N/A","https://imgcdn.mckesson.com/CumulusWeb/Images/Item_Detail/1078990_ppkgleft_.jpg"
"gid://shopify/Product/us-5756","1287197","Incontinence Brief TENA® ProSkin™ Super Adult Large Unisex Disposable Heavy Absorbency","Incontinence & Care","Essity HMS North America Inc","20.95","38.99","48.99","18.04","46%","10.00","N/A","https://imgcdn.mckesson.com/CumulusWeb/Images/Item_Detail/1287197_front.jpg"
"gid://shopify/Product/us-5757","1163866","Incontinence Brief Seni® Super Plus Adult Regular Unisex Disposable Heavy Absorbency","Incontinence & Care","TZMO USA Inc","20.95","38.99","48.99","18.04","46%","10.00","N/A","https://imgcdn.mckesson.com/CumulusWeb/Images/Item_Detail/1163866_pkgfront.jpg"
"gid://shopify/Product/us-5758","1260916","Absorbent Underwear Nexwear Pull On Adult X-Large Male Disposable Moderate Absorbency","Incontinence & Care","Valrico LLC","21.07","38.99","48.99","17.92","46%","10.00","N/A","https://imgcdn.mckesson.com/CumulusWeb/Images/Item_Detail/1260916_front.jpg"
"gid://shopify/Product/us-5759","1218237","Absorbent Underwear Abena® Premium Pants XL2 Pull On with Tear Away Seams Adult X-Large Unisex Disposable Heavy Absorbency","Incontinence & Care","Abena North America","20.34","36.99","46.99","16.65","45%","10.00","N/A","https://imgcdn.mckesson.com/CumulusWeb/Images/Item_Detail/1218237_ppkgleft.jpg"
"gid://shopify/Product/us-5760","1260915","Absorbent Underwear Nexwear Pull On Adult Large Male Disposable Moderate Absorbency","Incontinence & Care","Valrico LLC","20.52","37.99","47.99","17.47","46%","10.00","N/A","https://imgcdn.mckesson.com/CumulusWeb/Images/Item_Detail/1260915_front.jpg"
"gid://shopify/Product/us-5761","1260918","Absorbent Underwear Nexwear Pull On Adult Large Female Disposable Moderate Absorbency","Incontinence & Care","Valrico LLC","20.52","37.99","47.99","17.47","46%","10.00","N/A","https://imgcdn.mckesson.com/CumulusWeb/Images/Item_Detail/1260918_ppkgleft.jpg"
"gid://shopify/Product/us-5762","709216","Incontinence Brief TENA ProSkin Stretch™ Ultra Adult Medium Unisex Disposable Heavy Absorbency","Incontinence & Care","Essity HMS North America Inc","20.62","37.99","47.99","17.37","46%","10.00","N/A","https://imgcdn.mckesson.com/CumulusWeb/Images/Item_Detail/709216_pkgfront.jpg"
"gid://shopify/Product/us-5763","1184056","Absorbent Underwear Attends® Bariatric Pull On with Tear Away Seams Adult 3X-Large Unisex Disposable Heavy Absorbency","Incontinence & Care","Attends Healthcare Products","19.68","35.99","44.99","16.31","45%","9.00","N/A","https://imgcdn.mckesson.com/CumulusWeb/Images/Item_Detail/1184056_ppkgleft.jpg"
"gid://shopify/Product/us-5764","1260964","Absorbent Underwear Nexwear Pull On Adult Small / Medium Male Disposable Moderate Absorbency","Incontinence & Care","Valrico LLC","19.80","35.99","44.99","16.19","45%","9.00","N/A","https://imgcdn.mckesson.com/CumulusWeb/Images/Item_Detail/1260964_front.jpg"
"gid://shopify/Product/us-5765","1218210","Incontinence Brief Abena® Slip Premium XL4 Adult X-Large Unisex Disposable Heavy Absorbency","Incontinence & Care","Abena North America","19.88","36.99","46.99","17.11","46%","10.00","N/A","https://imgcdn.mckesson.com/CumulusWeb/Images/Item_Detail/1218210_ppkgleft.jpg"
"gid://shopify/Product/us-5766","1224720","Absorbent Underwear Depend® Night Defense® Waistband Style Adult X-Large Female Disposable Heavy Absorbency","Incontinence & Care","Kimberly Clark","19.02","34.99","43.99","15.97","46%","9.00","N/A","https://imgcdn.mckesson.com/CumulusWeb/Images/Item_Detail/1224720_pkgleft.jpg"
"gid://shopify/Product/us-5767","1224722","Absorbent Underwear Depend® Night Defense® Pull On with Tear Away Seams Adult Large Male Disposable Heavy Absorbency","Incontinence & Care","Kimberly Clark","19.02","34.99","43.99","15.97","46%","9.00","N/A","https://imgcdn.mckesson.com/CumulusWeb/Images/Item_Detail/1224722_pkgfront.jpg"
"gid://shopify/Product/us-5768","1224723","Absorbent Underwear Depend® Night Defense® Pull On with Tear Away Seams Adult X-Large Male Disposable Heavy Absorbency","Incontinence & Care","Kimberly Clark","19.02","34.99","43.99","15.97","46%","9.00","N/A","https://imgcdn.mckesson.com/CumulusWeb/Images/Item_Detail/1224723_pkgfront_.jpg"
"gid://shopify/Product/us-5769","1163804","Absorbent Underwear Depend® Night Defense® Waistband Style Adult Small Female Disposable Heavy Absorbency","Incontinence & Care","Kimberly Clark","19.02","34.99","43.99","15.97","46%","9.00","N/A","https://imgcdn.mckesson.com/CumulusWeb/Images/Item_Detail/1163804_pkgleft.jpg"
"gid://shopify/Product/us-5770","1254292","Incontinence Brief Attends® Overnight Bariatric Adult 5X-Large Unisex Disposable Heavy Absorbency","Incontinence & Care","Attends Healthcare Products","17.56","31.99","39.99","14.43","45%","8.00","N/A","https://imgcdn.mckesson.com/CumulusWeb/Images/Item_Detail/1254292_pkgfront.jpg"
"gid://shopify/Product/us-5771","973140","Incontinence Brief McKesson Ultra Plus Stretch Brief Adult 2X-Large / 3X-Large Unisex Disposable Heavy Absorbency","Incontinence & Care","McKesson Brand","16.57","30.99","38.99","14.42","47%","8.00","N/A","https://imgcdn.mckesson.com/CumulusWeb/Images/Item_Detail/973140_.jpg"
"gid://shopify/Product/us-5772","919703","Absorbent Underwear FitRight® Extra Pull On with Tear Away Seams Adult Large Unisex Disposable Moderate Absorbency","Incontinence & Care","Medline","13.65","24.99","31.99","11.34","45%","7.00","N/A","https://imgcdn.mckesson.com/CumulusWeb/Images/Item_Detail/919703_pkgleft.jpg"
"gid://shopify/Product/us-5773","1163863","Incontinence Brief Seni® Super Plus Adult Medium Unisex Disposable Heavy Absorbency","Incontinence & Care","TZMO USA Inc","19.93","36.99","46.99","17.06","46%","10.00","N/A","https://imgcdn.mckesson.com/CumulusWeb/Images/Item_Detail/1163863_pkgfront.jpg"
"gid://shopify/Product/us-5774","1218235","Absorbent Underwear Abena® Premium Pants L3 Pull On with Tear Away Seams Adult Large Unisex Disposable Heavy Absorbency","Incontinence & Care","Abena North America","19.97","36.99","46.99","17.02","46%","10.00","N/A","https://imgcdn.mckesson.com/CumulusWeb/Images/Item_Detail/1218235_ppkgleft.jpg"
"gid://shopify/Product/us-5775","1131159","Absorbent Underwear TENA ProSkin™ Plus Pull On with Tear Away Seams Adult 2X-Large Unisex Disposable Moderate Absorbency","Incontinence & Care","Essity HMS North America Inc","19.27","35.99","44.99","16.72","46%","9.00","N/A","https://imgcdn.mckesson.com/CumulusWeb/Images/Item_Detail/1131159_ppkgfront.jpg"
"gid://shopify/Product/us-5776","1163805","Absorbent Underwear Depend® Night Defense® Waistband Style Adult Large Female Disposable Heavy Absorbency","Incontinence & Care","Kimberly Clark","18.47","33.99","42.99","15.52","46%","9.00","N/A","https://imgcdn.mckesson.com/CumulusWeb/Images/Item_Detail/1163805_pkgleft.jpg"
"gid://shopify/Product/us-5777","1163806","Absorbent Underwear Depend® Night Defense® Waistband Style Adult Medium Female Disposable Heavy Absorbency","Incontinence & Care","Kimberly Clark","18.47","33.99","42.99","15.52","46%","9.00","N/A","https://imgcdn.mckesson.com/CumulusWeb/Images/Item_Detail/1163806_pkgleft.jpg"
"gid://shopify/Product/us-5778","1090312","Absorbent Underwear Depend® Fresh Protection™ Waistband Style Adult Large Male Disposable Heavy Absorbency","Incontinence & Care","Kimberly Clark","18.59","33.99","42.99","15.40","45%","9.00","N/A","https://imgcdn.mckesson.com/CumulusWeb/Images/Item_Detail/1090312_pkgfront.jpg"
"gid://shopify/Product/us-5779","1090308","Absorbent Underwear Depend® Fresh Protection™ Waistband Style Adult Large Female Disposable Heavy Absorbency","Incontinence & Care","Kimberly Clark","18.59","33.99","42.99","15.40","45%","9.00","N/A","https://imgcdn.mckesson.com/CumulusWeb/Images/Item_Detail/1090308_pkgfront.jpg"
"gid://shopify/Product/us-5780","1090313","Absorbent Underwear Depend® Fresh Protection™ Waistband Style Adult X-Large Male Disposable Heavy Absorbency","Incontinence & Care","Kimberly Clark","18.59","33.99","42.99","15.40","45%","9.00","N/A","https://imgcdn.mckesson.com/CumulusWeb/Images/Item_Detail/1090313_pkgfront.jpg"
"gid://shopify/Product/us-5781","1090310","Absorbent Underwear Depend® Fresh Protection™ Waistband Style Adult X-Large Female Disposable Heavy Absorbency","Incontinence & Care","Kimberly Clark","18.59","33.99","42.99","15.40","45%","9.00","N/A","https://imgcdn.mckesson.com/CumulusWeb/Images/Item_Detail/1090310_pkgfront.jpg"
"gid://shopify/Product/us-5782","1090305","Absorbent Underwear Depend® Fresh Protection™ Waistband Style Adult Medium Female Disposable Heavy Absorbency","Incontinence & Care","Kimberly Clark","18.59","33.99","42.99","15.40","45%","9.00","N/A","https://imgcdn.mckesson.com/CumulusWeb/Images/Item_Detail/1090305_pkgfront.jpg"
"gid://shopify/Product/us-5783","1090304","Absorbent Underwear Depend® Fresh Protection™ Waistband Style Adult Small Female Disposable Heavy Absorbency","Incontinence & Care","Kimberly Clark","18.59","33.99","42.99","15.40","45%","9.00","N/A","https://imgcdn.mckesson.com/CumulusWeb/Images/Item_Detail/1090304_pkgfront.jpg"
"gid://shopify/Product/us-5784","984194","Absorbent Underwear Depend® Fresh Protection™ Waistband Style Adult Small / Medium Male Disposable Heavy Absorbency","Incontinence & Care","Kimberly Clark","18.59","33.99","42.99","15.40","45%","9.00","N/A","https://imgcdn.mckesson.com/CumulusWeb/Images/Item_Detail/984194_pkgfront.jpg"
"gid://shopify/Product/us-5785","738749","Absorbent Underwear TENA® MEN™ Maximum Plus Pull On with Tear Away Seams Adult Small / Medium Male Disposable Heavy Absorbency","Incontinence & Care","Essity HMS North America Inc","17.66","32.99","41.99","15.33","46%","9.00","N/A","https://imgcdn.mckesson.com/CumulusWeb/Images/Item_Detail/738749_pkgfront.jpg"
"gid://shopify/Product/us-5786","738751","Absorbent Underwear TENA® MEN™ Maximum Plus Pull On with Tear Away Seams Adult Large / X-Large Male Disposable Heavy Absorbency","Incontinence & Care","Essity HMS North America Inc","17.66","32.99","41.99","15.33","46%","9.00","N/A","https://imgcdn.mckesson.com/CumulusWeb/Images/Item_Detail/738751_pkgfront.jpg"
"gid://shopify/Product/us-5787","738745","Absorbent Underwear TENA® Women™ Super Plus Pull On with Tear Away Seams Adult X-Large Female Disposable Heavy Absorbency","Incontinence & Care","Essity HMS North America Inc","17.66","32.99","41.99","15.33","46%","9.00","N/A","https://imgcdn.mckesson.com/CumulusWeb/Images/Item_Detail/738745_ppkgfront.jpg"
"gid://shopify/Product/us-5788","1115186","Absorbent Underwear TENA® Women™ Super Plus Pull On with Tear Away Seams Adult Small / Medium Female Disposable Heavy Absorbency","Incontinence & Care","Essity HMS North America Inc","17.66","32.99","41.99","15.33","46%","9.00","N/A","https://imgcdn.mckesson.com/CumulusWeb/Images/Item_Detail/1115186_ppkgfront.jpg"
"gid://shopify/Product/us-5789","959411","Incontinence Brief TENA® ProSkin™ Plus Adult X-Small Unisex Disposable Moderate Absorbency","Incontinence & Care","Essity HMS North America Inc","17.80","32.99","41.99","15.19","46%","9.00","N/A","https://imgcdn.mckesson.com/CumulusWeb/Images/Item_Detail/959411_ppkgfront.jpg"
"gid://shopify/Product/us-5790","1246162","Absorbent Underwear Depend® Silhouette® Waistband Style Adult Medium Female Disposable Heavy Absorbency","Incontinence & Care","Kimberly Clark","17.80","32.99","41.99","15.19","46%","9.00","N/A","https://imgcdn.mckesson.com/CumulusWeb/Images/Item_Detail/1246162_pkgfront.jpg"
"gid://shopify/Product/us-5791","1246165","Absorbent Underwear Depend® Real Fit® Waistband Style Adult Small / Medium Male Disposable Heavy Absorbency","Incontinence & Care","Kimberly Clark","17.80","32.99","41.99","15.19","46%","9.00","N/A","https://imgcdn.mckesson.com/CumulusWeb/Images/Item_Detail/1246165_pkgfront.jpg"
"gid://shopify/Product/us-5792","1246161","Absorbent Underwear Depend® Silhouette® Waistband Style Adult Small Female Disposable Heavy Absorbency","Incontinence & Care","Kimberly Clark","17.80","32.99","41.99","15.19","46%","9.00","N/A","https://imgcdn.mckesson.com/CumulusWeb/Images/Item_Detail/1246161_pkgfront.jpg"
"gid://shopify/Product/us-5793","1246164","Absorbent Underwear Depend® Silhouette® Waistband Style Adult X-Large Female Disposable Heavy Absorbency","Incontinence & Care","Kimberly Clark","17.80","32.99","41.99","15.19","46%","9.00","N/A","https://imgcdn.mckesson.com/CumulusWeb/Images/Item_Detail/1246164_pkgfront.jpg"
"gid://shopify/Product/us-5794","1117751","Absorbent Underwear TENA® ProSkin™ Extra Pull On with Tear Away Seams Adult 2X-Large Unisex Disposable Moderate Absorbency","Incontinence & Care","Essity HMS North America Inc","17.85","32.99","41.99","15.14","46%","9.00","N/A","https://imgcdn.mckesson.com/CumulusWeb/Images/Item_Detail/1117751_pkgfront.jpg"
"gid://shopify/Product/us-5795","835153","Incontinence Brief FitRight™ Plus Adult Medium Unisex Disposable Moderate Absorbency","Incontinence & Care","Medline","11.77","21.99","27.99","10.22","46%","6.00","N/A","https://imgcdn.mckesson.com/CumulusWeb/Images/Item_Detail/835153_pkgright.jpg"
"gid://shopify/Product/us-5796","1123837","Absorbent Underwear McKesson Ultimate Underwear Pull On with Tear Away Seams Adult X-Large Unisex Disposable Heavy Absorbency","Incontinence & Care","McKesson Brand","11.80","21.99","27.99","10.19","46%","6.00","N/A","https://imgcdn.mckesson.com/CumulusWeb/Images/Item_Detail/1123837_.jpg"
"gid://shopify/Product/us-5797","1163862","Incontinence Brief Seni® Super Adult Large Unisex Disposable Heavy Absorbency","Incontinence & Care","TZMO USA Inc","19.42","35.99","44.99","16.57","46%","9.00","N/A","https://imgcdn.mckesson.com/CumulusWeb/Images/Item_Detail/1163862_pkgfront_.jpg"
"gid://shopify/Product/us-5798","812269","Incontinence Brief Depend® Protection With Tabs Adult Large Unisex Disposable Heavy Absorbency","Incontinence & Care","Kimberly Clark","18.64","33.99","42.99","15.35","45%","9.00","N/A","https://imgcdn.mckesson.com/CumulusWeb/Images/Item_Detail/812269_pkgfront.jpg"
"gid://shopify/Product/us-5799","812268","Incontinence Brief Depend® Adult Small / Medium Unisex Disposable Heavy Absorbency","Incontinence & Care","Kimberly Clark","18.64","33.99","42.99","15.35","45%","9.00","N/A","https://imgcdn.mckesson.com/CumulusWeb/Images/Item_Detail/812268_pkgfront.jpg"
"gid://shopify/Product/us-5800","1218231","Absorbent Underwear Abena® Premium Pants M3 Pull On with Tear Away Seams Adult Medium Unisex Disposable Heavy Absorbency","Incontinence & Care","Abena North America","18.64","33.99","42.99","15.35","45%","9.00","N/A","https://imgcdn.mckesson.com/CumulusWeb/Images/Item_Detail/1218231_ppkgleft.jpg"
"gid://shopify/Product/us-5801","1252478","Absorbent Underwear Tranquility® Premium OverNight™ Pull On with Tear Away Seams Adult 3X-Large Unisex Disposable Heavy Absorbency","Incontinence & Care","Principle Business Enterprises","18.77","34.99","43.99","16.22","46%","9.00","N/A","https://imgcdn.mckesson.com/CumulusWeb/Images/Item_Detail/1252478_pkgright.jpg"
"gid://shopify/Product/us-5802","1053409","Absorbent Underwear TENA ProSkin Overnight™ Super Pull On with Tear Away Seams Adult Large Unisex Disposable Heavy Absorbency","Incontinence & Care","Essity HMS North America Inc","17.91","32.99","41.99","15.08","46%","9.00","N/A","https://imgcdn.mckesson.com/CumulusWeb/Images/Item_Detail/1053409_ppkgfront.jpg"
"gid://shopify/Product/us-5803","1053410","Absorbent Underwear TENA ProSkin Overnight™ Super Pull On with Tear Away Seams Adult X-Large Unisex Disposable Heavy Absorbency","Incontinence & Care","Essity HMS North America Inc","18.04","32.99","41.99","14.95","45%","9.00","N/A","https://imgcdn.mckesson.com/CumulusWeb/Images/Item_Detail/1053410_ppkgfront_.jpg"
"gid://shopify/Product/us-5804","761660","Absorbent Underwear Attends® Pull On with Tear Away Seams Adult Large Unisex Disposable Heavy Absorbency","Incontinence & Care","Attends Healthcare Products","17.15","31.99","39.99","14.84","46%","8.00","N/A","https://imgcdn.mckesson.com/CumulusWeb/Images/Item_Detail/761660_right.jpg"
"gid://shopify/Product/us-5805","763435","Incontinence Brief Tranquility® AIR-Plus™ Bariatric Adult 4 to 5X-Large Unisex Disposable Heavy Absorbency","Incontinence & Care","Principle Business Enterprises","17.16","31.99","39.99","14.83","46%","8.00","N/A","https://imgcdn.mckesson.com/CumulusWeb/Images/Item_Detail/763435_ppkgright.jpg"
"gid://shopify/Product/us-5806","1246166","Absorbent Underwear Depend® Real Fit® Waistband Style Adult Large / X-Large Male Disposable Heavy Absorbency","Incontinence & Care","Kimberly Clark","17.28","31.99","39.99","14.71","46%","8.00","N/A","https://imgcdn.mckesson.com/CumulusWeb/Images/Item_Detail/1246166_pkgfront.jpg"
"gid://shopify/Product/us-5807","1246163","Absorbent Underwear Depend® Silhouette® Waistband Style Adult Large Female Disposable Heavy Absorbency","Incontinence & Care","Kimberly Clark","17.28","31.99","39.99","14.71","46%","8.00","N/A","https://imgcdn.mckesson.com/CumulusWeb/Images/Item_Detail/1246163_pkgfront.jpg"
"gid://shopify/Product/us-5808","1266023","Absorbent Underwear TENA® Men Overnight Extra Coverage™ Pull On with Tear Away Seams Adult Large / X-Large Male Disposable Heavy Absorbency","Incontinence & Care","Essity HMS North America Inc","16.52","30.99","38.99","14.47","47%","8.00","N/A","https://imgcdn.mckesson.com/CumulusWeb/Images/Item_Detail/1266023_ppkgfront.jpg"
"gid://shopify/Product/us-5809","884712","Absorbent Underwear Tranquility® Essential Pull On with Tear Away Seams Adult X-Large Unisex Disposable Moderate Absorbency","Incontinence & Care","Principle Business Enterprises","16.53","30.99","38.99","14.46","47%","8.00","N/A","https://imgcdn.mckesson.com/CumulusWeb/Images/Item_Detail/884712_pkgright.jpg"
"gid://shopify/Product/us-5810","1126351","Incontinence Brief Prevail Air™ Overnight Adult Size 2 / Large Unisex Disposable Heavy Absorbency","Incontinence & Care","First Quality Products LLC","15.74","28.99","36.99","13.25","46%","8.00","N/A","https://imgcdn.mckesson.com/CumulusWeb/Images/Item_Detail/1126351_pkgfront_.jpg"
"gid://shopify/Product/us-5811","1126352","Incontinence Brief Prevail Air™ Overnight Adult Size 3 / X-Large Unisex Disposable Heavy Absorbency","Incontinence & Care","First Quality Products LLC","15.74","28.99","36.99","13.25","46%","8.00","N/A","https://imgcdn.mckesson.com/CumulusWeb/Images/Item_Detail/1126352_pkgfront_.jpg"
"gid://shopify/Product/us-5812","1234413","Incontinence Brief Prevail Air™ Overnight Adult Size 1 / Medium Unisex Disposable Heavy Absorbency","Incontinence & Care","Medical Grade","15.74","28.99","36.99","13.25","46%","8.00","N/A","https://imgcdn.mckesson.com/CumulusWeb/Images/Item_Detail/1234413_pkgfront.jpg"
"gid://shopify/Product/us-5813","1287196","Incontinence Brief TENA® ProSkin™ Ultra Adult X-Large Unisex Disposable Heavy Absorbency","Incontinence & Care","Essity HMS North America Inc","14.99","27.99","34.99","13.00","46%","7.00","N/A","https://imgcdn.mckesson.com/CumulusWeb/Images/Item_Detail/1287196_front.jpg"
"gid://shopify/Product/us-5814","722309","Incontinence Brief Tranquility® HI-Rise™ Bariatric Adult 3X-Large Unisex Disposable Heavy Absorbency","Incontinence & Care","Principle Business Enterprises","14.30","25.99","32.99","11.69","45%","7.00","N/A","https://imgcdn.mckesson.com/CumulusWeb/Images/Item_Detail/722309_ppkgright.jpg"
"gid://shopify/Product/us-5815","1277388","Absorbent Underwear MoliCare® premium Mobile 6D Pull On with Tear Away Seams Adult Medium Unisex Disposable Moderate Absorbency","Incontinence & Care","Hartmann","14.23","25.99","32.99","11.76","45%","7.00","N/A","https://imgcdn.mckesson.com/CumulusWeb/Images/Item_Detail/1277388_ppkgleft.jpg"
"gid://shopify/Product/us-5816","1123836","Absorbent Underwear McKesson Ultimate Underwear Pull On with Tear Away Seams Adult Large Unisex Disposable Heavy Absorbency","Incontinence & Care","McKesson Brand","10.57","19.99","24.99","9.42","47%","5.00","N/A","https://imgcdn.mckesson.com/CumulusWeb/Images/Item_Detail/1123836.jpg"
"gid://shopify/Product/us-5817","683380","Absorbent Underwear Sure Care™ Super Pull On with Tear Away Seams Adult Large Unisex Disposable Heavy Absorbency","Incontinence & Care","Cardinal","10.57","19.99","24.99","9.42","47%","5.00","N/A","https://imgcdn.mckesson.com/CumulusWeb/Images/Item_Detail/683380_pkgright.jpg"
"gid://shopify/Product/us-5818","439575","Absorbent Underwear Sure Care™ Super Pull On with Tear Away Seams Adult Medium Unisex Disposable Heavy Absorbency","Incontinence & Care","Cardinal","10.57","19.99","24.99","9.42","47%","5.00","N/A","https://imgcdn.mckesson.com/CumulusWeb/Images/Item_Detail/439575_pkgright.jpg"
"gid://shopify/Product/us-5819","547559","Absorbent Underwear Sure Care™ Super Pull On with Tear Away Seams Adult X-Large Unisex Disposable Heavy Absorbency","Incontinence & Care","Cardinal","10.57","19.99","24.99","9.42","47%","5.00","N/A","https://imgcdn.mckesson.com/CumulusWeb/Images/Item_Detail/547559_pkgright.jpg"
"gid://shopify/Product/us-5820","1117514","Absorbent Underwear Sure Care™ Plus Select Pull On with Tear Away Seams Adult 2X-Large Unisex Disposable Heavy Absorbency","Incontinence & Care","Cardinal","9.12","16.99","21.99","7.87","46%","5.00","N/A","https://imgcdn.mckesson.com/CumulusWeb/Images/Item_Detail/1117514_pkgleft_.jpg"
"gid://shopify/Product/us-5821","980310","Incontinence Brief McKesson Extended Wear Brief Adult Medium Unisex Disposable Heavy Absorbency","Incontinence & Care","McKesson Brand","8.48","15.99","19.99","7.51","47%","4.00","N/A","https://imgcdn.mckesson.com/CumulusWeb/Images/Item_Detail/980310_.jpg"
"gid://shopify/Product/us-5822","884175","Absorbent Underwear McKesson Ultra Underwear Pull On with Tear Away Seams Adult Small Unisex Disposable Heavy Absorbency","Incontinence & Care","McKesson Brand","8.49","15.99","19.99","7.50","47%","4.00","N/A","https://imgcdn.mckesson.com/CumulusWeb/Images/Item_Detail/884175_1.jpg"
"gid://shopify/Product/us-5823","960581","Incontinence Brief Wings™ Ultra Adult Large Unisex Disposable Heavy Absorbency","Incontinence & Care","Cardinal","7.81","14.99","18.99","7.18","48%","4.00","N/A","https://imgcdn.mckesson.com/CumulusWeb/Images/Item_Detail/960581_pkgfront.jpg"
"gid://shopify/Product/us-5824","747160","Incontinence Brief Wings™ Plus Quilted Adult Small Unisex Disposable Heavy Absorbency","Incontinence & Care","Cardinal","3.92","7.99","9.99","4.07","51%","2.00","N/A","https://imgcdn.mckesson.com/CumulusWeb/Images/Item_Detail/747160_ppkgleft.jpg"
"gid://shopify/Product/us-5825","1128074","Incontinence Brief Attends® Premier Adult Large Unisex Disposable Heavy Absorbency","Incontinence & Care","Attends Healthcare Products","18.16","33.99","42.99","15.83","47%","9.00","N/A","https://imgcdn.mckesson.com/CumulusWeb/Images/Item_Detail/1128074_ppkgleft.jpg"
"gid://shopify/Product/us-5826","1281873","Absorbent Underwear Attends® Premier Pull On with Tear Away Seams Adult X-Large Unisex Disposable Heavy Absorbency","Incontinence & Care","Attends Healthcare Products","18.16","33.99","42.99","15.83","47%","9.00","N/A","https://imgcdn.mckesson.com/CumulusWeb/Images/Item_Detail/1281873_ppkgleft.jpg"
"gid://shopify/Product/us-5827","1128073","Incontinence Brief Attends® Premier Adult Medium Unisex Disposable Heavy Absorbency","Incontinence & Care","Attends Healthcare Products","18.16","33.99","42.99","15.83","47%","9.00","N/A","https://imgcdn.mckesson.com/CumulusWeb/Images/Item_Detail/1128073_ppkgleft_.jpg"
"gid://shopify/Product/us-5828","1128075","Incontinence Brief Attends® Premier Adult X-Large Unisex Disposable Heavy Absorbency","Incontinence & Care","Attends Healthcare Products","18.16","33.99","42.99","15.83","47%","9.00","N/A","https://imgcdn.mckesson.com/CumulusWeb/Images/Item_Detail/1128075_ppkgleft.jpg"
"gid://shopify/Product/us-5829","1028713","Absorbent Underwear Attends® Care Pull On with Tear Away Seams Adult X-Large Unisex Disposable Heavy Absorbency","Incontinence & Care","Attends Healthcare Products","18.16","33.99","42.99","15.83","47%","9.00","N/A","https://imgcdn.mckesson.com/CumulusWeb/Images/Item_Detail/1028713_ppkgleft.jpg"
"gid://shopify/Product/us-5830","1287199","Incontinence Brief TENA® ProSkin™ Super Adult Medium Unisex Disposable Heavy Absorbency","Incontinence & Care","Essity HMS North America Inc","16.88","30.99","38.99","14.11","46%","8.00","N/A","https://imgcdn.mckesson.com/CumulusWeb/Images/Item_Detail/1287199_front.jpg"
"gid://shopify/Product/us-5831","1281872","Absorbent Underwear Attends® Premier Pull On with Tear Away Seams Adult Large Unisex Disposable Heavy Absorbency","Incontinence & Care","Attends Healthcare Products","15.89","28.99","36.99","13.10","45%","8.00","N/A","https://imgcdn.mckesson.com/CumulusWeb/Images/Item_Detail/1281872_ppkgleft.jpg"
"gid://shopify/Product/us-5832","1053408","Absorbent Underwear TENA ProSkin Overnight™ Super Pull On with Tear Away Seams Adult Medium Unisex Disposable Heavy Absorbency","Incontinence & Care","Essity HMS North America Inc","16.03","29.99","37.99","13.96","47%","8.00","N/A","https://imgcdn.mckesson.com/CumulusWeb/Images/Item_Detail/1053408_pkgfront.jpg"
"gid://shopify/Product/us-5833","665229","Absorbent Underwear Tranquility® Premium OverNight™ Pull On with Tear Away Seams Adult Medium Unisex Disposable Heavy Absorbency","Incontinence & Care","Principle Business Enterprises","15.26","27.99","34.99","12.73","45%","7.00","N/A","https://imgcdn.mckesson.com/CumulusWeb/Images/Item_Detail/665229_pkgright_1.jpg"
"gid://shopify/Product/us-5834","665231","Absorbent Underwear Tranquility® Premium OverNight™ Pull On with Tear Away Seams Adult X-Large Unisex Disposable Heavy Absorbency","Incontinence & Care","Principle Business Enterprises","15.26","27.99","34.99","12.73","45%","7.00","N/A","https://imgcdn.mckesson.com/CumulusWeb/Images/Item_Detail/665231_pkgright_1.jpg"
"gid://shopify/Product/us-5835","665230","Absorbent Underwear Tranquility® Premium OverNight™ Pull On with Tear Away Seams Adult Large Unisex Disposable Heavy Absorbency","Incontinence & Care","Principle Business Enterprises","15.26","27.99","34.99","12.73","45%","7.00","N/A","https://imgcdn.mckesson.com/CumulusWeb/Images/Item_Detail/665230_pkgright_1.jpg"
"gid://shopify/Product/us-5836","813408","Absorbent Underwear Tranquility® Premium OverNight™ Pull On with Tear Away Seams Adult 2X-Large Unisex Disposable Heavy Absorbency","Incontinence & Care","Principle Business Enterprises","15.26","27.99","34.99","12.73","45%","7.00","N/A","https://imgcdn.mckesson.com/CumulusWeb/Images/Item_Detail/813408_pkgright.jpg"
"gid://shopify/Product/us-5837","665228","Absorbent Underwear Tranquility® Premium OverNight™ Pull On with Tear Away Seams Adult Small Unisex Disposable Heavy Absorbency","Incontinence & Care","Principle Business Enterprises","15.26","27.99","34.99","12.73","45%","7.00","N/A","https://imgcdn.mckesson.com/CumulusWeb/Images/Item_Detail/665228_pkgright_1.jpg"
"gid://shopify/Product/us-5838","695741","Absorbent Underwear Tranquility® Premium OverNight™ Pull On with Tear Away Seams Adult X-Small Unisex Disposable Heavy Absorbency","Incontinence & Care","Principle Business Enterprises","15.26","27.99","34.99","12.73","45%","7.00","N/A","https://imgcdn.mckesson.com/CumulusWeb/Images/Item_Detail/695741_pkgright_1.jpg"
"gid://shopify/Product/us-5839","1028711","Absorbent Underwear Attends® Care Pull On with Tear Away Seams Adult Large Unisex Disposable Heavy Absorbency","Incontinence & Care","Attends Healthcare Products","15.32","27.99","34.99","12.67","45%","7.00","N/A","https://imgcdn.mckesson.com/CumulusWeb/Images/Item_Detail/1028711_ppkgleft.jpg"
"gid://shopify/Product/us-5840","1252479","Absorbent Underwear Tranquility® Essential Pull On with Tear Away Seams Adult 3X-Large Unisex Disposable Heavy Absorbency","Incontinence & Care","Principle Business Enterprises","14.53","26.99","33.99","12.46","46%","7.00","N/A","https://imgcdn.mckesson.com/CumulusWeb/Images/Item_Detail/1252479_pkgright.jpg"
"gid://shopify/Product/us-5841","1163858","Absorbent Underwear Seni® Active Super Plus Pull On with Tear Away Seams Adult Large Unisex Disposable Heavy Absorbency","Incontinence & Care","TZMO USA Inc","14.63","26.99","33.99","12.36","46%","7.00","N/A","https://imgcdn.mckesson.com/CumulusWeb/Images/Item_Detail/1163858_pkgfront.jpg"
"gid://shopify/Product/us-5842","801663","Incontinence Brief Tranquility SmartCore™ Adult X-Large Unisex Disposable Heavy Absorbency","Incontinence & Care","Principle Business Enterprises","13.67","24.99","31.99","11.32","45%","7.00","N/A","https://imgcdn.mckesson.com/CumulusWeb/Images/Item_Detail/801663_pkgright.jpg"
"gid://shopify/Product/us-5843","695735","Absorbent Underwear Tranquility® Premium DayTime™ Pull On with Tear Away Seams Adult Medium Unisex Disposable Heavy Absorbency","Incontinence & Care","Principle Business Enterprises","13.67","24.99","31.99","11.32","45%","7.00","N/A","https://imgcdn.mckesson.com/CumulusWeb/Images/Item_Detail/695735_ppkgfront.jpg"
"gid://shopify/Product/us-5844","695737","Absorbent Underwear Tranquility® Premium DayTime™ Pull On with Tear Away Seams Adult Large Unisex Disposable Heavy Absorbency","Incontinence & Care","Principle Business Enterprises","13.67","24.99","31.99","11.32","45%","7.00","N/A","https://imgcdn.mckesson.com/CumulusWeb/Images/Item_Detail/695737_ppkgfront.jpg"
"gid://shopify/Product/us-5845","695738","Absorbent Underwear Tranquility® Premium DayTime™ Pull On with Tear Away Seams Adult X-Large Unisex Disposable Heavy Absorbency","Incontinence & Care","Principle Business Enterprises","13.67","24.99","31.99","11.32","45%","7.00","N/A","https://imgcdn.mckesson.com/CumulusWeb/Images/Item_Detail/695738_ppkgfront.jpg"
"gid://shopify/Product/us-5846","822621","Absorbent Underwear Tranquility® Premium DayTime™ Pull On with Tear Away Seams Adult 2X-Large Unisex Disposable Heavy Absorbency","Incontinence & Care","Principle Business Enterprises","13.67","24.99","31.99","11.32","45%","7.00","N/A","https://imgcdn.mckesson.com/CumulusWeb/Images/Item_Detail/822621_ppkgfront.jpg"
"gid://shopify/Product/us-5847","884711","Absorbent Underwear Tranquility® Essential Pull On with Tear Away Seams Adult Large Unisex Disposable Moderate Absorbency","Incontinence & Care","Principle Business Enterprises","13.83","25.99","32.99","12.16","47%","7.00","N/A","https://imgcdn.mckesson.com/CumulusWeb/Images/Item_Detail/884711_pkgright.jpg"
"gid://shopify/Product/us-5848","1262779","Bowel Containment Swim Brief Swimmates™ Pull On with Tear Away Seams Adult Small Unisex Disposable Moderate Absorbency","Incontinence & Care","Principle Business Enterprises","13.01","23.99","29.99","10.98","46%","6.00","N/A","https://imgcdn.mckesson.com/CumulusWeb/Images/Item_Detail/1262779_ppkgright.jpg"
"gid://shopify/Product/us-5849","884136","Bowel Containment Swim Brief Swimmates™ Pull On with Tear Away Seams Adult Medium Unisex Disposable Moderate Absorbency","Incontinence & Care","Principle Business Enterprises","13.02","23.99","29.99","10.97","46%","6.00","N/A","https://imgcdn.mckesson.com/CumulusWeb/Images/Item_Detail/884136_ppkgright.jpg"
"gid://shopify/Product/us-5850","884133","Bowel Containment Swim Brief Swimmates™ Pull On with Tear Away Seams Adult Large Unisex Disposable Moderate Absorbency","Incontinence & Care","Principle Business Enterprises","13.02","23.99","29.99","10.97","46%","6.00","N/A","https://imgcdn.mckesson.com/CumulusWeb/Images/Item_Detail/884133_ppkgright.jpg"
"gid://shopify/Product/us-5851","884135","Bowel Containment Swim Brief Swimmates™ Pull On with Tear Away Seams Adult X-Large Unisex Disposable Moderate Absorbency","Incontinence & Care","Principle Business Enterprises","13.02","23.99","29.99","10.97","46%","6.00","N/A","https://imgcdn.mckesson.com/CumulusWeb/Images/Item_Detail/884135_ppkgright.jpg"
"gid://shopify/Product/us-5852","1293458","Bowel Containment Swim Brief Tranquility® Swimmates™ Pull On with Tear Away Seams Adult X-Small Unisex Disposable Moderate Absorbency","Incontinence & Care","Principle Business Enterprises","13.02","23.99","29.99","10.97","46%","6.00","N/A","https://imgcdn.mckesson.com/CumulusWeb/Images/Item_Detail/1293458_ppkgright.jpg"
"gid://shopify/Product/us-5853","884134","Bowel Containment Swim Brief Swimmates™ Pull On with Tear Away Seams Adult 2X-Large Unisex Disposable Moderate Absorbency","Incontinence & Care","Principle Business Enterprises","13.02","23.99","29.99","10.97","46%","6.00","N/A","https://imgcdn.mckesson.com/CumulusWeb/Images/Item_Detail/884134_pkgfront.jpg"
"gid://shopify/Product/us-5854","461046","Incontinence Brief Tranquility® Bariatric Adult 3X-Large Unisex Disposable Heavy Absorbency","Incontinence & Care","Principle Business Enterprises","13.03","23.99","29.99","10.96","46%","6.00","N/A","https://imgcdn.mckesson.com/CumulusWeb/Images/Item_Detail/461046_ppkgright.jpg"
"gid://shopify/Product/us-5855","884706","Incontinence Brief Tranquility® Essential Adult Medium Unisex Disposable Moderate Absorbency","Incontinence & Care","Principle Business Enterprises","13.03","23.99","29.99","10.96","46%","6.00","N/A","https://imgcdn.mckesson.com/CumulusWeb/Images/Item_Detail/884706_pkgright.jpg"
"gid://shopify/Product/us-5856","978893","Absorbent Underwear TENA® ProSkin™ Extra Pull On with Tear Away Seams Adult Large Unisex Disposable Moderate Absorbency","Incontinence & Care","Essity HMS North America Inc","13.08","23.99","29.99","10.91","45%","6.00","N/A","https://imgcdn.mckesson.com/CumulusWeb/Images/Item_Detail/978893_pkgfront.jpg"
"gid://shopify/Product/us-5857","1039110","Absorbent Underwear Attends® Discreet Pull On with Tear Away Seams Adult Medium Female Disposable Heavy Absorbency","Incontinence & Care","Attends Healthcare Products","13.09","23.99","29.99","10.90","45%","6.00","N/A","https://imgcdn.mckesson.com/CumulusWeb/Images/Item_Detail/1039110_ppkgleft_.jpg"
"gid://shopify/Product/us-5858","957930","Incontinence Brief Attends® Care Advanced Adult Large Unisex Disposable Heavy Absorbency","Incontinence & Care","Attends Healthcare Products","13.12","23.99","29.99","10.87","45%","6.00","N/A","https://imgcdn.mckesson.com/CumulusWeb/Images/Item_Detail/957930_ppkgleft_.jpg"
"gid://shopify/Product/us-5859","1102092","Incontinence Brief Total Dry™ X-Plus Adult Medium Unisex Disposable Heavy Absorbency","Incontinence & Care","Secure Personal Care Products","13.17","23.99","29.99","10.82","45%","6.00","N/A","https://imgcdn.mckesson.com/CumulusWeb/Images/Item_Detail/1102092_pkgleft.jpg"
"gid://shopify/Product/us-5860","1188957","Incontinence Brief Tranquility® Essential Adult 2X-Large Unisex Disposable Heavy Absorbency","Incontinence & Care","Principle Business Enterprises","12.40","22.99","28.99","10.59","46%","6.00","N/A","https://imgcdn.mckesson.com/CumulusWeb/Images/Item_Detail/1188957_pkgright.jpg"
"gid://shopify/Product/us-5861","835155","Incontinence Brief FitRight™ Plus Adult Large Unisex Disposable Moderate Absorbency","Incontinence & Care","Medline","13.59","24.99","31.99","11.40","46%","7.00","N/A","https://imgcdn.mckesson.com/CumulusWeb/Images/Item_Detail/835155_pkgright.jpg"
"gid://shopify/Product/us-5862","980311","Incontinence Brief McKesson Extended Wear Brief Adult Large / X-Large Unisex Disposable Heavy Absorbency","Incontinence & Care","McKesson Brand","10.75","19.99","24.99","9.24","46%","5.00","N/A","https://imgcdn.mckesson.com/CumulusWeb/Images/Item_Detail/980311_.jpg"
"gid://shopify/Product/us-5863","823429","Absorbent Underwear Sure Care™ Plus Pull On with Tear Away Seams Adult Large Unisex Disposable Heavy Absorbency","Incontinence & Care","Cardinal","10.77","19.99","24.99","9.22","46%","5.00","N/A","https://imgcdn.mckesson.com/CumulusWeb/Images/Item_Detail/823429_ppkgleft.jpg"
"gid://shopify/Product/us-5864","960584","Incontinence Brief Wings™ Super Quilted Adult Large Unisex Disposable Heavy Absorbency","Incontinence & Care","Cardinal","9.89","17.99","22.99","8.10","45%","5.00","N/A","https://imgcdn.mckesson.com/CumulusWeb/Images/Item_Detail/960584_pkgleft.jpg"
"gid://shopify/Product/us-5865","960585","Incontinence Brief Wings™ Super Quilted Adult X-Large Unisex Disposable Heavy Absorbency","Incontinence & Care","Cardinal","9.89","17.99","22.99","8.10","45%","5.00","N/A","https://imgcdn.mckesson.com/CumulusWeb/Images/Item_Detail/960585_pkgfront.jpg"
"gid://shopify/Product/us-5866","1123839","Absorbent Underwear McKesson Extended Wear Underwear Pull On with Tear Away Seams Adult Large Unisex Disposable Heavy Absorbency","Incontinence & Care","McKesson Brand","10.00","18.99","23.99","8.99","47%","5.00","N/A","https://imgcdn.mckesson.com/CumulusWeb/Images/Item_Detail/1123839.jpg"
"gid://shopify/Product/us-5867","1123840","Absorbent Underwear McKesson Extended Wear Underwear Pull On with Tear Away Seams Adult X-Large Unisex Disposable Heavy Absorbency","Incontinence & Care","McKesson Brand","10.01","18.99","23.99","8.98","47%","5.00","N/A","https://imgcdn.mckesson.com/CumulusWeb/Images/Item_Detail/1123840.jpg"
"gid://shopify/Product/us-5868","1123838","Absorbent Underwear McKesson Extended Wear Underwear Pull On with Tear Away Seams Adult Medium Unisex Disposable Heavy Absorbency","Incontinence & Care","McKesson Brand","10.01","18.99","23.99","8.98","47%","5.00","N/A","https://imgcdn.mckesson.com/CumulusWeb/Images/Item_Detail/1123838.jpg"
"gid://shopify/Product/us-5869","884171","Incontinence Brief McKesson Ultra Brief Adult Small Unisex Disposable Heavy Absorbency","Incontinence & Care","McKesson Brand","8.56","15.99","19.99","7.43","46%","4.00","N/A","https://imgcdn.mckesson.com/CumulusWeb/Images/Item_Detail/884171.jpg"
"gid://shopify/Product/us-5870","1123835","Absorbent Underwear McKesson Ultimate Underwear Pull On with Tear Away Seams Adult Medium Unisex Disposable Heavy Absorbency","Incontinence & Care","McKesson Brand","8.60","15.99","19.99","7.39","46%","4.00","N/A","https://imgcdn.mckesson.com/CumulusWeb/Images/Item_Detail/1123835.jpg"
"gid://shopify/Product/us-5871","868374","Incontinence Brief Wings™ Plus Quilted Adult X-Large Unisex Disposable Heavy Absorbency","Incontinence & Care","Cardinal","7.84","14.99","18.99","7.15","48%","4.00","N/A","https://imgcdn.mckesson.com/CumulusWeb/Images/Item_Detail/868374_pkgleft.jpg"
"gid://shopify/Product/us-5872","960582","Incontinence Brief Wings™ Ultra Adult X-Large Unisex Disposable Heavy Absorbency","Incontinence & Care","Cardinal","7.16","13.99","17.99","6.83","49%","4.00","N/A","https://imgcdn.mckesson.com/CumulusWeb/Images/Item_Detail/960582_pkgfront.jpg"
"gid://shopify/Product/us-5873","1222510","Absorbent Underwear McKesson Super Underwear Pull On with Tear Away Seams Adult Small Unisex Disposable Moderate Absorbency","Incontinence & Care","McKesson Brand","7.26","13.99","17.99","6.73","48%","4.00","N/A","https://imgcdn.mckesson.com/CumulusWeb/Images/Item_Detail/1222510_pkgfront.jpg"
"gid://shopify/Product/us-5874","1278781","Absorbent Underwear McKesson Premium Discreet Heavy Underwear Pull On with Tear Away Seams Adult Large Female Disposable Heavy Absorbency","Incontinence & Care","McKesson Brand","7.26","13.99","17.99","6.73","48%","4.00","N/A","https://imgcdn.mckesson.com/CumulusWeb/Images/Item_Detail/1278781_badge.jpg"
"gid://shopify/Product/us-5875","1278780","Absorbent Underwear McKesson Premium Discreet Heavy Underwear Pull On with Tear Away Seams Adult Large Male Disposable Heavy Absorbency","Incontinence & Care","McKesson Brand","7.26","13.99","17.99","6.73","48%","4.00","N/A","https://imgcdn.mckesson.com/CumulusWeb/Images/Item_Detail/1278780_badge.jpg"
"gid://shopify/Product/us-5876","1278779","Absorbent Underwear McKesson Premium Discreet Heavy Underwear Pull On with Tear Away Seams Adult Small / Medium Female Disposable Heavy Absorbency","Incontinence & Care","McKesson Brand","6.54","11.99","14.99","5.45","45%","3.00","N/A","https://imgcdn.mckesson.com/CumulusWeb/Images/Item_Detail/1278779_badge.jpg"
"gid://shopify/Product/us-5877","1278778","Absorbent Underwear McKesson Premium Discreet Heavy Underwear Pull On with Tear Away Seams Adult Small / Medium Male Disposable Heavy Absorbency","Incontinence & Care","McKesson Brand","6.54","11.99","14.99","5.45","45%","3.00","N/A","https://imgcdn.mckesson.com/CumulusWeb/Images/Item_Detail/1278778_badge.jpg"
"gid://shopify/Product/us-5878","1141834","Incontinence Brief McKesson Ultimate Brief Adult Medium Unisex Disposable Heavy Absorbency","Incontinence & Care","McKesson Brand","5.85","10.99","13.99","5.14","47%","3.00","N/A","https://imgcdn.mckesson.com/CumulusWeb/Images/Item_Detail/1141834_pkgfront.jpg"
"gid://shopify/Product/us-5879","1123841","Incontinence Brief McKesson Super Brief Adult Medium Unisex Disposable Moderate Absorbency","Incontinence & Care","McKesson Brand","4.60","8.99","11.99","4.39","49%","3.00","N/A","https://imgcdn.mckesson.com/CumulusWeb/Images/Item_Detail/1123841_.jpg"
"gid://shopify/Product/us-5880","960580","Incontinence Brief Wings™ Ultra Adult Medium Unisex Disposable Heavy Absorbency","Incontinence & Care","Cardinal","4.63","8.99","11.99","4.36","48%","3.00","N/A","https://imgcdn.mckesson.com/CumulusWeb/Images/Item_Detail/960580_pkgfront.jpg"
"gid://shopify/Product/us-5881","801664","Incontinence Brief Tranquility SmartCore™ Adult 2X-Large Unisex Disposable Heavy Absorbency","Incontinence & Care","Principle Business Enterprises","16.21","29.99","37.99","13.78","46%","8.00","N/A","https://imgcdn.mckesson.com/CumulusWeb/Images/Item_Detail/801664_pkgright.jpg"
"gid://shopify/Product/us-5882","761659","Absorbent Underwear Attends® Pull On with Tear Away Seams Adult Medium Unisex Disposable Heavy Absorbency","Incontinence & Care","Attends Healthcare Products","15.44","28.99","36.99","13.55","47%","8.00","N/A","https://imgcdn.mckesson.com/CumulusWeb/Images/Item_Detail/761659_ppkgleft.jpg"
"gid://shopify/Product/us-5883","978862","Absorbent Underwear TENA® ProSkin™ Extra Pull On with Tear Away Seams Adult Small Unisex Disposable Moderate Absorbency","Incontinence & Care","Essity HMS North America Inc","14.71","26.99","33.99","12.28","45%","7.00","N/A","https://imgcdn.mckesson.com/CumulusWeb/Images/Item_Detail/978862_pkgfront.jpg"
"gid://shopify/Product/us-5884","950225","Incontinence Brief Attends® Advanced Adult Large Unisex Disposable Heavy Absorbency","Incontinence & Care","Attends Healthcare Products","14.82","26.99","33.99","12.17","45%","7.00","N/A","https://imgcdn.mckesson.com/CumulusWeb/Images/Item_Detail/950225_ppkgleft_.jpg"
"gid://shopify/Product/us-5885","1135411","Absorbent Underwear TENA® ProSkin™ Pull On with Tear Away Seams Adult Large Male Disposable Moderate Absorbency","Incontinence & Care","Essity HMS North America Inc","13.96","25.99","32.99","12.03","46%","7.00","N/A","https://imgcdn.mckesson.com/CumulusWeb/Images/Item_Detail/1135411_ppkgfront.jpg"
"gid://shopify/Product/us-5886","1135410","Absorbent Underwear TENA® ProSkin™ Pull On with Tear Away Seams Adult Medium Male Disposable Moderate Absorbency","Incontinence & Care","Essity HMS North America Inc","13.96","25.99","32.99","12.03","46%","7.00","N/A","https://imgcdn.mckesson.com/CumulusWeb/Images/Item_Detail/1135410_ppkgfront.jpg"
"gid://shopify/Product/us-5887","1135407","Absorbent Underwear TENA® ProSkin™ Protective Pull On with Tear Away Seams Adult Small / Medium Female Disposable Moderate Absorbency","Incontinence & Care","Essity HMS North America Inc","13.96","25.99","32.99","12.03","46%","7.00","N/A","https://imgcdn.mckesson.com/CumulusWeb/Images/Item_Detail/1135407_ppkgfront.jpg"
"gid://shopify/Product/us-5888","1135408","Absorbent Underwear TENA® ProSkin™ Protective Pull On with Tear Away Seams Adult Large Female Disposable Moderate Absorbency","Incontinence & Care","Essity HMS North America Inc","13.96","25.99","32.99","12.03","46%","7.00","N/A","https://imgcdn.mckesson.com/CumulusWeb/Images/Item_Detail/1135408_ppkgfront.jpg"
"gid://shopify/Product/us-5889","1135412","Absorbent Underwear TENA® ProSkin™ Pull On with Tear Away Seams Adult X-Large Male Disposable Moderate Absorbency","Incontinence & Care","Essity HMS North America Inc","13.96","25.99","32.99","12.03","46%","7.00","N/A","https://imgcdn.mckesson.com/CumulusWeb/Images/Item_Detail/1135412_ppkgfront.jpg"
"gid://shopify/Product/us-5890","1135409","Absorbent Underwear TENA® ProSkin™ Protective Pull On with Tear Away Seams Adult X-Large Female Disposable Moderate Absorbency","Incontinence & Care","Essity HMS North America Inc","13.96","25.99","32.99","12.03","46%","7.00","N/A","https://imgcdn.mckesson.com/CumulusWeb/Images/Item_Detail/1135409_ppkgfront.jpg"
"gid://shopify/Product/us-5891","1283882","Incontinence Brief Seni® Classic Adult X-Large Unisex Disposable Moderate Absorbency","Incontinence & Care","TZMO USA Inc","14.02","25.99","32.99","11.97","46%","7.00","N/A","https://imgcdn.mckesson.com/CumulusWeb/Images/Item_Detail/1283882_right.jpg"
"gid://shopify/Product/us-5892","950226","Incontinence Brief Attends® Advanced Adult X-Large Unisex Disposable Heavy Absorbency","Incontinence & Care","Attends Healthcare Products","14.06","25.99","32.99","11.93","46%","7.00","N/A","https://imgcdn.mckesson.com/CumulusWeb/Images/Item_Detail/950226_ppkgleft_.jpg"
"gid://shopify/Product/us-5893","1182393","Absorbent Underwear TENA® ProSkin™ Plus Pull On with Tear Away Seams Adult Large Unisex Disposable Moderate Absorbency","Incontinence & Care","Essity HMS North America Inc","12.46","22.99","28.99","10.53","46%","6.00","N/A","https://imgcdn.mckesson.com/CumulusWeb/Images/Item_Detail/1182393_pkgfront.jpg"
"gid://shopify/Product/us-5894","1163847","Incontinence Brief Seni® Classic Plus Adult Medium Unisex Disposable Moderate Absorbency","Incontinence & Care","TZMO USA Inc","12.54","22.99","28.99","10.45","45%","6.00","N/A","https://imgcdn.mckesson.com/CumulusWeb/Images/Item_Detail/1163847_pkgfront_.jpg"
"gid://shopify/Product/us-5895","1287195","Incontinence Brief TENA® ProSkin™ Ultra Adult Large Unisex Disposable Heavy Absorbency","Incontinence & Care","Essity HMS North America Inc","12.57","22.99","28.99","10.42","45%","6.00","N/A","https://imgcdn.mckesson.com/CumulusWeb/Images/Item_Detail/1287195_front.jpg"
"gid://shopify/Product/us-5896","1182392","Absorbent Underwear TENA® ProSkin™ Plus Pull On with Tear Away Seams Adult Medium Unisex Disposable Moderate Absorbency","Incontinence & Care","Essity HMS North America Inc","12.64","22.99","28.99","10.35","45%","6.00","N/A","https://imgcdn.mckesson.com/CumulusWeb/Images/Item_Detail/1182392_pkgfront.jpg"
"gid://shopify/Product/us-5897","1182394","Absorbent Underwear TENA® ProSkin™ Plus Pull On with Tear Away Seams Adult X-Large Unisex Disposable Moderate Absorbency","Incontinence & Care","Essity HMS North America Inc","12.64","22.99","28.99","10.35","45%","6.00","N/A","https://imgcdn.mckesson.com/CumulusWeb/Images/Item_Detail/1182394_pkgfront.jpg"
"gid://shopify/Product/us-5898","696226","Absorbent Underwear Tranquility® Essential Pull On with Tear Away Seams Adult X-Small Unisex Disposable Heavy Absorbency","Incontinence & Care","Principle Business Enterprises","11.76","21.99","27.99","10.23","47%","6.00","N/A","https://imgcdn.mckesson.com/CumulusWeb/Images/Item_Detail/696226_pkgright.jpg"
"gid://shopify/Product/us-5899","418716","Absorbent Underwear Tranquility® Essential Pull On with Tear Away Seams Adult Medium Unisex Disposable Heavy Absorbency","Incontinence & Care","Principle Business Enterprises","11.76","21.99","27.99","10.23","47%","6.00","N/A","https://imgcdn.mckesson.com/CumulusWeb/Images/Item_Detail/418716_pkgright.jpg"
"gid://shopify/Product/us-5900","418717","Absorbent Underwear Tranquility® Essential Pull On with Tear Away Seams Adult Large Unisex Disposable Heavy Absorbency","Incontinence & Care","Principle Business Enterprises","11.76","21.99","27.99","10.23","47%","6.00","N/A","https://imgcdn.mckesson.com/CumulusWeb/Images/Item_Detail/418717_pkgright.jpg"
"gid://shopify/Product/us-5901","665239","Absorbent Underwear Tranquility® Essential Pull On with Tear Away Seams Adult Small Unisex Disposable Heavy Absorbency","Incontinence & Care","Principle Business Enterprises","11.76","21.99","27.99","10.23","47%","6.00","N/A","https://imgcdn.mckesson.com/CumulusWeb/Images/Item_Detail/665239_pkgright.jpg"
"gid://shopify/Product/us-5902","455913","Absorbent Underwear Tranquility® Essential Pull On with Tear Away Seams Adult X-Large Unisex Disposable Heavy Absorbency","Incontinence & Care","Principle Business Enterprises","11.76","21.99","27.99","10.23","47%","6.00","N/A","https://imgcdn.mckesson.com/CumulusWeb/Images/Item_Detail/455913_pkgright.jpg"
"gid://shopify/Product/us-5903","813405","Absorbent Underwear Tranquility® Essential Pull On with Tear Away Seams Adult 2X-Large Unisex Disposable Heavy Absorbency","Incontinence & Care","Principle Business Enterprises","11.76","21.99","27.99","10.23","47%","6.00","N/A","https://imgcdn.mckesson.com/CumulusWeb/Images/Item_Detail/813405_pkgright.jpg"
"gid://shopify/Product/us-5904","978867","Absorbent Underwear TENA® ProSkin™ Extra Pull On with Tear Away Seams Adult Medium Unisex Disposable Moderate Absorbency","Incontinence & Care","Essity HMS North America Inc","11.85","21.99","27.99","10.14","46%","6.00","N/A","https://imgcdn.mckesson.com/CumulusWeb/Images/Item_Detail/978867_pkgfront.jpg"
"gid://shopify/Product/us-5905","950223","Incontinence Brief Attends® Advanced Adult Medium Unisex Disposable Heavy Absorbency","Incontinence & Care","Attends Healthcare Products","11.11","20.99","26.99","9.88","47%","6.00","N/A","https://imgcdn.mckesson.com/CumulusWeb/Images/Item_Detail/950223_ppkgleft_.jpg"
"gid://shopify/Product/us-5906","884709","Absorbent Underwear Tranquility® Essential Pull On with Tear Away Seams Adult Small Unisex Disposable Moderate Absorbency","Incontinence & Care","Principle Business Enterprises","11.12","20.99","26.99","9.87","47%","6.00","N/A","https://imgcdn.mckesson.com/CumulusWeb/Images/Item_Detail/884709_pkgright.jpg"
"gid://shopify/Product/us-5907","1283335","Incontinence Brief TENA Stretch™ Plus Adult Large / X-Large Unisex Disposable Moderate Absorbency","Incontinence & Care","Essity HMS North America Inc","11.14","20.99","26.99","9.85","47%","6.00","N/A","https://imgcdn.mckesson.com/CumulusWeb/Images/Item_Detail/1283335_front.jpg"
"gid://shopify/Product/us-5908","1247855","Incontinence Brief Attends® Bariatric Adult 3X-Large Unisex Disposable Heavy Absorbency","Incontinence & Care","Attends Healthcare Products","11.20","20.99","26.99","9.79","47%","6.00","N/A","https://imgcdn.mckesson.com/CumulusWeb/Images/Item_Detail/1247855_ppkgleft.jpg"
"gid://shopify/Product/us-5909","889079","Absorbent Underwear Prevail® Daily Underwear Pull On with Tear Away Seams Adult Small / Medium Male Disposable Heavy Absorbency","Incontinence & Care","Medical Grade","11.20","20.99","26.99","9.79","47%","6.00","N/A","https://imgcdn.mckesson.com/CumulusWeb/Images/Item_Detail/889079_pkgfront_.jpg"
"gid://shopify/Product/us-5910","889080","Absorbent Underwear Prevail® Daily Underwear Pull On with Tear Away Seams Adult Large Male Disposable Heavy Absorbency","Incontinence & Care","Medical Grade","11.20","20.99","26.99","9.79","47%","6.00","N/A","https://imgcdn.mckesson.com/CumulusWeb/Images/Item_Detail/889080_pkgfront_.jpg"
"gid://shopify/Product/us-5911","1131098","Absorbent Underwear Prevail® Daily Underwear Pull On with Tear Away Seams Adult 2X-Large Male Disposable Heavy Absorbency","Incontinence & Care","First Quality Products LLC","11.20","20.99","26.99","9.79","47%","6.00","N/A","https://imgcdn.mckesson.com/CumulusWeb/Images/Item_Detail/1131098_pkgfront_.jpg"
"gid://shopify/Product/us-5912","1178182","Absorbent Underwear Prevail® Daily Underwear Pull On with Tear Away Seams Adult X-Large Male Disposable Heavy Absorbency","Incontinence & Care","First Quality Products LLC","11.20","20.99","26.99","9.79","47%","6.00","N/A","https://imgcdn.mckesson.com/CumulusWeb/Images/Item_Detail/1178182_pkgfront_.jpg"
"gid://shopify/Product/us-5913","1261578","Incontinence Brief Prevail® Nu-Fit® Adult X-Large Unisex Disposable Heavy Absorbency","Incontinence & Care","Medical Grade","10.50","19.99","24.99","9.49","47%","5.00","N/A","https://imgcdn.mckesson.com/CumulusWeb/Images/Item_Detail/1261578_pkgfront_.jpg"
"gid://shopify/Product/us-5914","884170","Incontinence Brief McKesson Ultra Plus Stretch Brief Adult Medium Unisex Disposable Heavy Absorbency","Incontinence & Care","McKesson Brand","10.10","18.99","23.99","8.89","47%","5.00","N/A","https://imgcdn.mckesson.com/CumulusWeb/Images/Item_Detail/884170.jpg"
"gid://shopify/Product/us-5915","1282085","Absorbent Underwear McKesson Premium Discreet Maximum Underwear Pull On with Tear Away Seams Adult X-Large Female Disposable Heavy Absorbency","Incontinence & Care","McKesson Brand","10.17","18.99","23.99","8.82","46%","5.00","N/A","https://imgcdn.mckesson.com/CumulusWeb/Images/Item_Detail/1282085_pkgfront.jpg"
"gid://shopify/Product/us-5916","1282086","Absorbent Underwear McKesson Premium Discreet Maximum Underwear Pull On with Tear Away Seams Adult X-Large Male Disposable Heavy Absorbency","Incontinence & Care","McKesson Brand","10.17","18.99","23.99","8.82","46%","5.00","N/A","https://imgcdn.mckesson.com/CumulusWeb/Images/Item_Detail/1282086_pkgfront.jpg"
"gid://shopify/Product/us-5917","1278783","Absorbent Underwear McKesson Premium Discreet Heavy Underwear Pull On with Tear Away Seams Adult X-Large Female Disposable Heavy Absorbency","Incontinence & Care","McKesson Brand","9.44","17.99","22.99","8.55","48%","5.00","N/A","https://imgcdn.mckesson.com/CumulusWeb/Images/Item_Detail/1278783_badge.jpg"
"gid://shopify/Product/us-5918","1278782","Absorbent Underwear McKesson Premium Discreet Heavy Underwear Pull On with Tear Away Seams Adult X-Large Male Disposable Heavy Absorbency","Incontinence & Care","McKesson Brand","9.44","17.99","22.99","8.55","48%","5.00","N/A","https://imgcdn.mckesson.com/CumulusWeb/Images/Item_Detail/1278782_badge.jpg"
"gid://shopify/Product/us-5919","1282083","Absorbent Underwear McKesson Premium Discreet Maximum Underwear Pull On with Tear Away Seams Adult Large Female Disposable Heavy Absorbency","Incontinence & Care","McKesson Brand","9.44","17.99","22.99","8.55","48%","5.00","N/A","https://imgcdn.mckesson.com/CumulusWeb/Images/Item_Detail/1282083_pkgfront.jpg"
"gid://shopify/Product/us-5920","1282084","Absorbent Underwear McKesson Premium Discreet Maximum Underwear Pull On with Tear Away Seams Adult Large Male Disposable Heavy Absorbency","Incontinence & Care","McKesson Brand","9.44","17.99","22.99","8.55","48%","5.00","N/A","https://imgcdn.mckesson.com/CumulusWeb/Images/Item_Detail/1282084_pkgfront.jpg"
"gid://shopify/Product/us-5921","1123846","Incontinence Brief McKesson Ultimate Brief Adult X-Large Unisex Disposable Heavy Absorbency","Incontinence & Care","McKesson Brand","8.78","15.99","19.99","7.21","45%","4.00","N/A","https://imgcdn.mckesson.com/CumulusWeb/Images/Item_Detail/1123846_pkgfront.jpg"
"gid://shopify/Product/us-5922","1123845","Incontinence Brief McKesson Ultimate Brief Adult Large Unisex Disposable Heavy Absorbency","Incontinence & Care","McKesson Brand","8.78","15.99","19.99","7.21","45%","4.00","N/A","https://imgcdn.mckesson.com/CumulusWeb/Images/Item_Detail/1123845_pkgfront.jpg"
"gid://shopify/Product/us-5923","960586","Absorbent Underwear Sure Care™ Ultra Pull On with Tear Away Seams Adult Medium Unisex Disposable Heavy Absorbency","Incontinence & Care","Cardinal","8.81","16.99","21.99","8.18","48%","5.00","N/A","https://imgcdn.mckesson.com/CumulusWeb/Images/Item_Detail/960586_ppkgleft.jpg"
"gid://shopify/Product/us-5924","960587","Absorbent Underwear Sure Care™ Ultra Pull On with Tear Away Seams Adult Large Unisex Disposable Heavy Absorbency","Incontinence & Care","Cardinal","8.81","16.99","21.99","8.18","48%","5.00","N/A","https://imgcdn.mckesson.com/CumulusWeb/Images/Item_Detail/960587_pkgfront.jpg"
"gid://shopify/Product/us-5925","959987","Absorbent Underwear Sure Care™ Ultra Pull On with Tear Away Seams Adult X-Large Unisex Disposable Heavy Absorbency","Incontinence & Care","Cardinal","8.81","16.99","21.99","8.18","48%","5.00","N/A","https://imgcdn.mckesson.com/CumulusWeb/Images/Item_Detail/959987_pkgfront.jpg"
"gid://shopify/Product/us-5926","1222509","Incontinence Brief McKesson Super Brief Adult 2X-Large Unisex Disposable Moderate Absorbency","Incontinence & Care","McKesson Brand","7.36","13.99","17.99","6.63","47%","4.00","N/A","https://imgcdn.mckesson.com/CumulusWeb/Images/Item_Detail/1222509_pkgfront.jpg"
"gid://shopify/Product/us-5927","814880","Absorbent Underwear Sure Care™ Extra Pull On with Tear Away Seams Adult Large Unisex Disposable Moderate Absorbency","Incontinence & Care","Cardinal","7.40","13.99","17.99","6.59","47%","4.00","N/A","https://imgcdn.mckesson.com/CumulusWeb/Images/Item_Detail/814880_ppkgright.jpg"
"gid://shopify/Product/us-5928","846765","Incontinence Brief Wings™ Extra Quilted Adult X-Large Unisex Disposable Moderate Absorbency","Incontinence & Care","Cardinal","6.64","12.99","16.99","6.35","49%","4.00","N/A","https://imgcdn.mckesson.com/CumulusWeb/Images/Item_Detail/846765_ppkgleft.jpg"
"gid://shopify/Product/us-5929","849690","Incontinence Brief Wings™ Extra Quilted Adult Large Unisex Disposable Moderate Absorbency","Incontinence & Care","Cardinal","6.65","12.99","16.99","6.34","49%","4.00","N/A","https://imgcdn.mckesson.com/CumulusWeb/Images/Item_Detail/849690_ppkgleft.jpg"
"gid://shopify/Product/us-5930","973139","Incontinence Brief McKesson Classic Brief Adult Large Unisex Disposable Light Absorbency","Incontinence & Care","McKesson Brand","6.05","10.99","13.99","4.94","45%","3.00","N/A","https://imgcdn.mckesson.com/CumulusWeb/Images/Item_Detail/973139.jpg"
"gid://shopify/Product/us-5931","973141","Incontinence Brief McKesson Classic Brief Adult X-Large Unisex Disposable Light Absorbency","Incontinence & Care","McKesson Brand","6.05","10.99","13.99","4.94","45%","3.00","N/A","https://imgcdn.mckesson.com/CumulusWeb/Images/Item_Detail/973141.jpg"
"gid://shopify/Product/us-5932","973142","Incontinence Brief McKesson Classic Brief Adult Medium Unisex Disposable Light Absorbency","Incontinence & Care","McKesson Brand","6.05","10.99","13.99","4.94","45%","3.00","N/A","https://imgcdn.mckesson.com/CumulusWeb/Images/Item_Detail/973142.jpg"
"gid://shopify/Product/us-5933","955305","Incontinence Brief Attends® Adult Large Unisex Disposable Heavy Absorbency","Incontinence & Care","Attends Healthcare Products","14.13","25.99","32.99","11.86","46%","7.00","N/A","https://imgcdn.mckesson.com/CumulusWeb/Images/Item_Detail/955305_ppkgleft_.jpg"
"gid://shopify/Product/us-5934","1281871","Absorbent Underwear Attends® Premier Pull On with Tear Away Seams Adult Medium Unisex Disposable Heavy Absorbency","Incontinence & Care","Attends Healthcare Products","14.13","25.99","32.99","11.86","46%","7.00","N/A","https://imgcdn.mckesson.com/CumulusWeb/Images/Item_Detail/1281871_ppkgleft.jpg"
"gid://shopify/Product/us-5935","897121","Incontinence Brief TENA ProSkin Stretch™ Super Adult 3X-Large Unisex Disposable Heavy Absorbency","Incontinence & Care","Essity HMS North America Inc","14.16","25.99","32.99","11.83","46%","7.00","N/A","https://imgcdn.mckesson.com/CumulusWeb/Images/Item_Detail/897121_pkgfront.jpg"
"gid://shopify/Product/us-5936","1163859","Absorbent Underwear Seni® Active Super Plus Pull On with Tear Away Seams Adult Medium Unisex Disposable Heavy Absorbency","Incontinence & Care","TZMO USA Inc","14.20","25.99","32.99","11.79","45%","7.00","N/A","https://imgcdn.mckesson.com/CumulusWeb/Images/Item_Detail/1163859_pkgfront.jpg"
"gid://shopify/Product/us-5937","1169933","Absorbent Underwear Seni® Active Super Plus Pull On with Tear Away Seams Adult X-Large Unisex Disposable Heavy Absorbency","Incontinence & Care","TZMO USA Inc","14.20","25.99","32.99","11.79","45%","7.00","N/A","https://imgcdn.mckesson.com/CumulusWeb/Images/Item_Detail/1169933_pkgfront.jpg"
"gid://shopify/Product/us-5938","1226547","Absorbent Underwear Seni® Active Super Plus Pull On with Tear Away Seams Adult 2X-Large Unisex Disposable Heavy Absorbency","Incontinence & Care","TZMO USA Inc","14.20","25.99","32.99","11.79","45%","7.00","N/A","https://imgcdn.mckesson.com/CumulusWeb/Images/Item_Detail/1226547_pkgfront.jpg"
"gid://shopify/Product/us-5939","1163860","Absorbent Underwear Seni® Active Super Plus Pull On with Tear Away Seams Adult Small Unisex Disposable Heavy Absorbency","Incontinence & Care","TZMO USA Inc","14.20","25.99","32.99","11.79","45%","7.00","N/A","https://imgcdn.mckesson.com/CumulusWeb/Images/Item_Detail/1163860_pkgfront.jpg"
"gid://shopify/Product/us-5940","959160","Incontinence Brief Attends® Adult X-Large Unisex Disposable Heavy Absorbency","Incontinence & Care","Attends Healthcare Products","13.59","24.99","31.99","11.40","46%","7.00","N/A","https://imgcdn.mckesson.com/CumulusWeb/Images/Item_Detail/959160_ppkgleft_.jpg"
"gid://shopify/Product/us-5941","848957","Absorbent Underwear Attends® Pull On with Tear Away Seams Adult Medium Unisex Disposable Heavy Absorbency","Incontinence & Care","Attends Healthcare Products","12.71","23.99","29.99","11.28","47%","6.00","N/A","https://imgcdn.mckesson.com/CumulusWeb/Images/Item_Detail/848957_ppkgleft.jpg"
"gid://shopify/Product/us-5942","738816","Absorbent Underwear Attends® Pull On with Tear Away Seams Adult Large Unisex Disposable Heavy Absorbency","Incontinence & Care","Attends Healthcare Products","12.71","23.99","29.99","11.28","47%","6.00","N/A","https://imgcdn.mckesson.com/CumulusWeb/Images/Item_Detail/738816_ppkgleft_.jpg"
"gid://shopify/Product/us-5943","461061","Absorbent Underwear Attends® Pull On with Tear Away Seams Adult X-Large Unisex Disposable Heavy Absorbency","Incontinence & Care","Attends Healthcare Products","12.71","23.99","29.99","11.28","47%","6.00","N/A","https://imgcdn.mckesson.com/CumulusWeb/Images/Item_Detail/461061_ppkgleft.jpg"
"gid://shopify/Product/us-5944","830764","Absorbent Underwear Attends® Overnight Pull On with Tear Away Seams Adult Large Unisex Disposable Heavy Absorbency","Incontinence & Care","Attends Healthcare Products","12.71","23.99","29.99","11.28","47%","6.00","N/A","https://imgcdn.mckesson.com/CumulusWeb/Images/Item_Detail/830764_ppkgleft.jpg"
"gid://shopify/Product/us-5945","830767","Absorbent Underwear Attends® Overnight Pull On with Tear Away Seams Adult X-Large Unisex Disposable Heavy Absorbency","Incontinence & Care","Attends Healthcare Products","12.71","23.99","29.99","11.28","47%","6.00","N/A","https://imgcdn.mckesson.com/CumulusWeb/Images/Item_Detail/830767_ppkgleft_.jpg"
"gid://shopify/Product/us-5946","830766","Absorbent Underwear Attends® Overnight Pull On with Tear Away Seams Adult Medium Unisex Disposable Heavy Absorbency","Incontinence & Care","Attends Healthcare Products","12.71","23.99","29.99","11.28","47%","6.00","N/A","https://imgcdn.mckesson.com/CumulusWeb/Images/Item_Detail/830766_ppkgleft.jpg"
"gid://shopify/Product/us-5947","1039114","Absorbent Underwear Attends® For Men Pull On with Tear Away Seams Adult Large Male Disposable Heavy Absorbency","Incontinence & Care","Attends Healthcare Products","12.71","23.99","29.99","11.28","47%","6.00","N/A","https://imgcdn.mckesson.com/CumulusWeb/Images/Item_Detail/1039114_ppkgleft_.jpg"
"gid://shopify/Product/us-5948","1039111","Absorbent Underwear Attends® Discreet Pull On with Tear Away Seams Adult Large Female Disposable Heavy Absorbency","Incontinence & Care","Attends Healthcare Products","12.71","23.99","29.99","11.28","47%","6.00","N/A","https://imgcdn.mckesson.com/CumulusWeb/Images/Item_Detail/1039111_ppkgleft.jpg"
"gid://shopify/Product/us-5949","1039113","Absorbent Underwear Attends® For Men Pull On with Tear Away Seams Adult Small / Medium Male Disposable Heavy Absorbency","Incontinence & Care","Attends Healthcare Products","12.71","23.99","29.99","11.28","47%","6.00","N/A","https://imgcdn.mckesson.com/CumulusWeb/Images/Item_Detail/1039113_ppkgleft_.jpg"
"gid://shopify/Product/us-5950","884710","Absorbent Underwear Tranquility® Essential Pull On with Tear Away Seams Adult Medium Unisex Disposable Moderate Absorbency","Incontinence & Care","Principle Business Enterprises","12.71","23.99","29.99","11.28","47%","6.00","N/A","https://imgcdn.mckesson.com/CumulusWeb/Images/Item_Detail/884710_pkgright.jpg"
"gid://shopify/Product/us-5951","1039112","Absorbent Underwear Attends® Discreet Pull On with Tear Away Seams Adult X-Large Female Disposable Heavy Absorbency","Incontinence & Care","Attends Healthcare Products","12.71","23.99","29.99","11.28","47%","6.00","N/A","https://imgcdn.mckesson.com/CumulusWeb/Images/Item_Detail/1039112_ppkgleft_.jpg"
"gid://shopify/Product/us-5952","950228","Absorbent Underwear Attends® Bariatric Pull On with Tear Away Seams Adult 2X-Large Unisex Disposable Heavy Absorbency","Incontinence & Care","Attends Healthcare Products","12.72","23.99","29.99","11.27","47%","6.00","N/A","https://imgcdn.mckesson.com/CumulusWeb/Images/Item_Detail/950228_ppkgleft_.jpg"
"gid://shopify/Product/us-5953","585794","Incontinence Brief Tranquility® ATN Adult X-Large Unisex Disposable Heavy Absorbency","Incontinence & Care","Principle Business Enterprises","12.75","23.99","29.99","11.24","47%","6.00","N/A","https://imgcdn.mckesson.com/CumulusWeb/Images/Item_Detail/585794_pkgright2.jpg"
"gid://shopify/Product/us-5954","1163834","Incontinence Brief Seni® Super Adult Small Unisex Disposable Heavy Absorbency","Incontinence & Care","TZMO USA Inc","12.77","23.99","29.99","11.22","47%","6.00","N/A","https://imgcdn.mckesson.com/CumulusWeb/Images/Item_Detail/1163834_pkgfront_.jpg"
"gid://shopify/Product/us-5955","957931","Incontinence Brief Attends® Care Advanced Adult X-Large Unisex Disposable Heavy Absorbency","Incontinence & Care","Attends Healthcare Products","12.83","23.99","29.99","11.16","47%","6.00","N/A","https://imgcdn.mckesson.com/CumulusWeb/Images/Item_Detail/957931_ppkgleft_.jpg"
"gid://shopify/Product/us-5956","981738","Incontinence Brief Attends® Stretch Adult Large / X-Large Unisex Disposable Heavy Absorbency","Incontinence & Care","Attends Healthcare Products","12.03","21.99","27.99","9.96","45%","6.00","N/A","https://imgcdn.mckesson.com/CumulusWeb/Images/Item_Detail/981738_ppkgleft_.jpg"
"gid://shopify/Product/us-5957","980213","Incontinence Brief Attends® Stretch Adult Medium / Regular Unisex Disposable Heavy Absorbency","Incontinence & Care","Attends Healthcare Products","12.03","21.99","27.99","9.96","45%","6.00","N/A","https://imgcdn.mckesson.com/CumulusWeb/Images/Item_Detail/980213_ppkgleft_.jpg"
"gid://shopify/Product/us-5958","1279250","Absorbent Underwear Attends Sleep Comfort Premium Overnight Pull On with Tear Away Seams Adult 2X-Large Unisex Disposable Heavy Absorbency","Incontinence & Care","Attends Healthcare Products","12.11","22.99","28.99","10.88","47%","6.00","N/A","https://imgcdn.mckesson.com/CumulusWeb/Images/Item_Detail/1279250_ppkgleft.jpg"
"gid://shopify/Product/us-5959","1279248","Absorbent Underwear Attends Sleep Comfort Premium Overnight Pull On with Tear Away Seams Adult Large Unisex Disposable Heavy Absorbency","Incontinence & Care","Attends Healthcare Products","12.11","22.99","28.99","10.88","47%","6.00","N/A","https://imgcdn.mckesson.com/CumulusWeb/Images/Item_Detail/1279248_ppkgleft.jpg"
"gid://shopify/Product/us-5960","1279247","Absorbent Underwear Attends Sleep Comfort Premium Overnight Pull On with Tear Away Seams Adult Medium Unisex Disposable Heavy Absorbency","Incontinence & Care","Attends Healthcare Products","12.11","22.99","28.99","10.88","47%","6.00","N/A","https://imgcdn.mckesson.com/CumulusWeb/Images/Item_Detail/1279247_ppkgleft.jpg"
"gid://shopify/Product/us-5961","1279249","Absorbent Underwear Attends Sleep Comfort Premium Overnight Pull On with Tear Away Seams Adult X-Large Unisex Disposable Heavy Absorbency","Incontinence & Care","Attends Healthcare Products","12.11","22.99","28.99","10.88","47%","6.00","N/A","https://imgcdn.mckesson.com/CumulusWeb/Images/Item_Detail/1279249_ppkgleft.jpg"
"gid://shopify/Product/us-5962","1279246","Absorbent Underwear Attends Sleep Comfort Premium Overnight Pull On with Tear Away Seams Adult Small Unisex Disposable Heavy Absorbency","Incontinence & Care","Attends Healthcare Products","12.11","22.99","28.99","10.88","47%","6.00","N/A","https://imgcdn.mckesson.com/CumulusWeb/Images/Item_Detail/1279246_ppkgleft.jpg"
"gid://shopify/Product/us-5963","1283880","Incontinence Brief Seni® Classic Adult Regular Unisex Disposable Moderate Absorbency","Incontinence & Care","TZMO USA Inc","12.11","22.99","28.99","10.88","47%","6.00","N/A","https://imgcdn.mckesson.com/CumulusWeb/Images/Item_Detail/1283880_right.jpg"
"gid://shopify/Product/us-5964","1163842","Absorbent Underwear Seni® Active Classic Plus Pull On with Tear Away Seams Adult Large Unisex Disposable Moderate Absorbency","Incontinence & Care","TZMO USA Inc","11.37","20.99","26.99","9.62","46%","6.00","N/A","https://imgcdn.mckesson.com/CumulusWeb/Images/Item_Detail/1163842_pkgfront_.jpg"
"gid://shopify/Product/us-5965","1283883","Incontinence Brief Seni® Classic Adult Medium Unisex Disposable Moderate Absorbency","Incontinence & Care","TZMO USA Inc","11.38","20.99","26.99","9.61","46%","6.00","N/A","https://imgcdn.mckesson.com/CumulusWeb/Images/Item_Detail/1283883_right.jpg"
"gid://shopify/Product/us-5966","955303","Incontinence Brief Attends® Adult Medium Unisex Disposable Heavy Absorbency","Incontinence & Care","Attends Healthcare Products","10.59","19.99","24.99","9.40","47%","5.00","N/A","https://imgcdn.mckesson.com/CumulusWeb/Images/Item_Detail/955303_ppkgleft_.jpg"
"gid://shopify/Product/us-5967","1271872","Incontinence Brief TENA Complete + Care Ultra™ Adult 3X-Large / 4X-Large Unisex Disposable Moderate Absorbency","Incontinence & Care","Essity HMS North America Inc","10.63","19.99","24.99","9.36","47%","5.00","N/A","https://imgcdn.mckesson.com/CumulusWeb/Images/Item_Detail/1271872_left.jpg"
"gid://shopify/Product/us-5968","1074463","Absorbent Underwear TENA ProSkin™ Plus Pull On with Tear Away Seams Adult Small Unisex Disposable Moderate Absorbency","Incontinence & Care","Essity HMS North America Inc","10.65","19.99","24.99","9.34","47%","5.00","N/A","https://imgcdn.mckesson.com/CumulusWeb/Images/Item_Detail/1074463_ppkgfront.jpg"
"gid://shopify/Product/us-5969","1243825","Incontinence Brief TENA Complete + Care Ultra™ Adult Large Unisex Disposable Moderate Absorbency","Incontinence & Care","Essity HMS North America Inc","9.96","18.99","23.99","9.03","48%","5.00","N/A","https://imgcdn.mckesson.com/CumulusWeb/Images/Item_Detail/1243825_pkgfront.jpg"
"gid://shopify/Product/us-5970","572720","Absorbent Underwear Prevail® Per-Fit® Extra Pull On with Tear Away Seams Adult Medium Unisex Disposable Heavy Absorbency","Incontinence & Care","First Quality Products LLC","8.48","15.99","19.99","7.51","47%","4.00","N/A","https://imgcdn.mckesson.com/CumulusWeb/Images/Item_Detail/572720_pkgfront_.jpg"
"gid://shopify/Product/us-5971","1083189","Absorbent Underwear Prevail® Per-Fit® Pull On with Tear Away Seams Adult Large Female Disposable Moderate Absorbency","Incontinence & Care","First Quality Products LLC","8.48","15.99","19.99","7.51","47%","4.00","N/A","https://imgcdn.mckesson.com/CumulusWeb/Images/Item_Detail/1083189_pkgfront.jpg"
"gid://shopify/Product/us-5972","881922","Absorbent Underwear Prevail® Per-Fit® Pull On with Tear Away Seams Adult Medium Female Disposable Moderate Absorbency","Incontinence & Care","First Quality Products LLC","8.48","15.99","19.99","7.51","47%","4.00","N/A","https://imgcdn.mckesson.com/CumulusWeb/Images/Item_Detail/881922_pkgfront_.jpg"
"gid://shopify/Product/us-5973","881924","Absorbent Underwear Prevail® Per-Fit® Pull On with Tear Away Seams Adult X-Large Female Disposable Moderate Absorbency","Incontinence & Care","First Quality Products LLC","8.48","15.99","19.99","7.51","47%","4.00","N/A","https://imgcdn.mckesson.com/CumulusWeb/Images/Item_Detail/881924_pkgfront_.jpg"
"gid://shopify/Product/us-5974","881920","Absorbent Underwear Prevail® Per-Fit® Pull On with Tear Away Seams Adult Large Male Disposable Heavy Absorbency","Incontinence & Care","First Quality Products LLC","8.48","15.99","19.99","7.51","47%","4.00","N/A","https://imgcdn.mckesson.com/CumulusWeb/Images/Item_Detail/881920_pkgfront_.jpg"
"gid://shopify/Product/us-5975","881919","Absorbent Underwear Prevail® Per-Fit® Pull On with Tear Away Seams Adult Medium Male Disposable Heavy Absorbency","Incontinence & Care","First Quality Products LLC","8.48","15.99","19.99","7.51","47%","4.00","N/A","https://imgcdn.mckesson.com/CumulusWeb/Images/Item_Detail/881919_pkgfront.jpg"
"gid://shopify/Product/us-5976","881921","Absorbent Underwear Prevail® Per-Fit® Pull On with Tear Away Seams Adult X-Large Male Disposable Heavy Absorbency","Incontinence & Care","First Quality Products LLC","8.48","15.99","19.99","7.51","47%","4.00","N/A","https://imgcdn.mckesson.com/CumulusWeb/Images/Item_Detail/881921_pkgfront_.jpg"
"gid://shopify/Product/us-5977","1163824","Incontinence Brief Seni® Super Plus Adult Large Unisex Disposable Heavy Absorbency","Incontinence & Care","TZMO USA Inc","8.52","15.99","19.99","7.47","47%","4.00","N/A","https://imgcdn.mckesson.com/CumulusWeb/Images/Item_Detail/1163824_pkgfront.jpg"
"gid://shopify/Product/us-5978","1176300","Incontinence Brief Wings™ Quilted Plus with BreatheEasy™ Technology Adult X-Large Unisex Disposable Heavy Absorbency","Incontinence & Care","Cardinal","9.68","17.99","22.99","8.31","46%","5.00","N/A","https://imgcdn.mckesson.com/CumulusWeb/Images/Item_Detail/1176300_ppkgleft.jpg"
"gid://shopify/Product/us-5979","829959","Absorbent Underwear Sure Care™ Plus Pull On with Tear Away Seams Adult Medium Unisex Disposable Heavy Absorbency","Incontinence & Care","Cardinal","9.69","17.99","22.99","8.30","46%","5.00","N/A","https://imgcdn.mckesson.com/CumulusWeb/Images/Item_Detail/829959_ppkgleft.jpg"
"gid://shopify/Product/us-5980","884169","Incontinence Brief McKesson Ultra Plus Stretch Brief Adult Large / X-Large Unisex Disposable Heavy Absorbency","Incontinence & Care","McKesson Brand","9.70","17.99","22.99","8.29","46%","5.00","N/A","https://imgcdn.mckesson.com/CumulusWeb/Images/Item_Detail/884169.jpg"
"gid://shopify/Product/us-5981","800831","Incontinence Brief McKesson Ultra Brief Adult Large Unisex Disposable Heavy Absorbency","Incontinence & Care","McKesson Brand","8.19","14.99","18.99","6.80","45%","4.00","N/A","https://imgcdn.mckesson.com/CumulusWeb/Images/Item_Detail/800831.jpg"
"gid://shopify/Product/us-5982","800833","Incontinence Brief McKesson Ultra Brief Adult X-Large Unisex Disposable Heavy Absorbency","Incontinence & Care","McKesson Brand","8.19","14.99","18.99","6.80","45%","4.00","N/A","https://imgcdn.mckesson.com/CumulusWeb/Images/Item_Detail/800833.jpg"
"gid://shopify/Product/us-5983","1282078","Absorbent Underwear McKesson Premium Discreet Maximum Underwear Pull On with Tear Away Seams Adult Small / Medium Female Disposable Heavy Absorbency","Incontinence & Care","McKesson Brand","8.23","14.99","18.99","6.76","45%","4.00","N/A","https://imgcdn.mckesson.com/CumulusWeb/Images/Item_Detail/1282078_pkgfront.jpg"
"gid://shopify/Product/us-5984","1282077","Absorbent Underwear McKesson Premium Discreet Maximum Underwear Pull On with Tear Away Seams Adult Small / Medium Male Disposable Heavy Absorbency","Incontinence & Care","McKesson Brand","8.23","14.99","18.99","6.76","45%","4.00","N/A","https://imgcdn.mckesson.com/CumulusWeb/Images/Item_Detail/1282077_pkgfront.jpg"
"gid://shopify/Product/us-5985","1222507","Incontinence Brief McKesson Super Brief Adult Small Unisex Disposable Moderate Absorbency","Incontinence & Care","McKesson Brand","7.46","13.99","17.99","6.53","47%","4.00","N/A","https://imgcdn.mckesson.com/CumulusWeb/Images/Item_Detail/1222507_pkgfront.jpg"
"gid://shopify/Product/us-5986","1261576","Incontinence Brief Prevail® Nu-Fit® Adult Medium Unisex Disposable Heavy Absorbency","Incontinence & Care","Medical Grade","6.54","11.99","14.99","5.45","45%","3.00","N/A","https://imgcdn.mckesson.com/CumulusWeb/Images/Item_Detail/1261576_pkgfront_.jpg"
"gid://shopify/Product/us-5987","457770","Incontinence Brief Tranquility® ATN Adult Small Unisex Disposable Heavy Absorbency","Incontinence & Care","Principle Business Enterprises","6.55","11.99","14.99","5.44","45%","3.00","N/A","https://imgcdn.mckesson.com/CumulusWeb/Images/Item_Detail/457770_pkgright2.jpg"
"gid://shopify/Product/us-5988","1123842","Incontinence Brief McKesson Super Brief Adult Large Unisex Disposable Moderate Absorbency","Incontinence & Care","McKesson Brand","6.89","12.99","16.99","6.10","47%","4.00","N/A","https://imgcdn.mckesson.com/CumulusWeb/Images/Item_Detail/1123842.jpg"
"gid://shopify/Product/us-5989","1123843","Incontinence Brief McKesson Super Brief Adult X-Large Unisex Disposable Moderate Absorbency","Incontinence & Care","McKesson Brand","6.89","12.99","16.99","6.10","47%","4.00","N/A","https://imgcdn.mckesson.com/CumulusWeb/Images/Item_Detail/1123843.jpg"
"gid://shopify/Product/us-5990","800832","Incontinence Brief McKesson Ultra Brief Adult Medium Unisex Disposable Heavy Absorbency","Incontinence & Care","McKesson Brand","5.46","9.99","12.99","4.53","45%","3.00","N/A","https://imgcdn.mckesson.com/CumulusWeb/Images/Item_Detail/800832_1.jpg"
"gid://shopify/Product/us-5991","1218226","Absorbent Underwear Abena® Premium Pants S1 Pull On with Tear Away Seams Adult Small Unisex Disposable Heavy Absorbency","Incontinence & Care","Abena North America","15.48","28.99","36.99","13.51","47%","8.00","N/A","https://imgcdn.mckesson.com/CumulusWeb/Images/Item_Detail/1218226_ppkgleft.jpg"
"gid://shopify/Product/us-5992","1243753","Absorbent Underwear Prevail® Per-Fit® Extra Pull On with Tear Away Seams Adult 2X-Large Unisex Disposable Heavy Absorbency","Incontinence & Care","Medical Grade","14.17","25.99","32.99","11.82","45%","7.00","N/A","https://imgcdn.mckesson.com/CumulusWeb/Images/Item_Detail/1243753_pkgfront.jpg"
"gid://shopify/Product/us-5993","1294175","Incontinence Brief Prevail® Bariatric Adult Bariatric Size B Unisex Disposable Heavy Absorbency","Incontinence & Care","First Quality Products LLC","13.62","24.99","31.99","11.37","45%","7.00","N/A","https://imgcdn.mckesson.com/CumulusWeb/Images/Item_Detail/1294175_pkgfront_.jpg"
"gid://shopify/Product/us-5994","1028712","Absorbent Underwear Attends® Care Pull On with Tear Away Seams Adult Medium Unisex Disposable Heavy Absorbency","Incontinence & Care","Attends Healthcare Products","13.62","24.99","31.99","11.37","45%","7.00","N/A","https://imgcdn.mckesson.com/CumulusWeb/Images/Item_Detail/1028712_right.jpg"
"gid://shopify/Product/us-5995","1277118","Absorbent Underwear Attends® for Men Pull On with Tear Away Seams Adult X-Large Male Disposable Heavy Absorbency","Incontinence & Care","Attends Healthcare Products","12.71","23.99","29.99","11.28","47%","6.00","N/A","https://imgcdn.mckesson.com/CumulusWeb/Images/Item_Detail/1277118_pkgfront.jpg"
"gid://shopify/Product/us-5996","978895","Absorbent Underwear TENA® ProSkin™ Extra Pull On with Tear Away Seams Adult X-Large Unisex Disposable Moderate Absorbency","Incontinence & Care","Essity HMS North America Inc","12.35","22.99","28.99","10.64","46%","6.00","N/A","https://imgcdn.mckesson.com/CumulusWeb/Images/Item_Detail/978895_pkgfront.jpg"
"gid://shopify/Product/us-5997","1243826","Incontinence Brief TENA Complete + Care Ultra™ Adult X-Large Unisex Disposable Moderate Absorbency","Incontinence & Care","Essity HMS North America Inc","11.42","20.99","26.99","9.57","46%","6.00","N/A","https://imgcdn.mckesson.com/CumulusWeb/Images/Item_Detail/1243826_pkgfront.jpg"
"gid://shopify/Product/us-5998","579584","Absorbent Underwear Prevail® Daily Underwear Extra Pull On with Tear Away Seams Adult 2X-Large Unisex Disposable Moderate Absorbency","Incontinence & Care","First Quality Products LLC","9.99","18.99","23.99","9.00","47%","5.00","N/A","https://imgcdn.mckesson.com/CumulusWeb/Images/Item_Detail/579584_pkgfront_.jpg"
"gid://shopify/Product/us-5999","402957","Absorbent Underwear Prevail® Daily Underwear Extra Pull On with Tear Away Seams Adult Large Unisex Disposable Moderate Absorbency","Incontinence & Care","First Quality Products LLC","9.99","18.99","23.99","9.00","47%","5.00","N/A","https://imgcdn.mckesson.com/CumulusWeb/Images/Item_Detail/402957_pkgfront.jpg"
"gid://shopify/Product/us-6000","402953","Absorbent Underwear Prevail® Daily Underwear Extra Pull On with Tear Away Seams Adult Medium Unisex Disposable Moderate Absorbency","Incontinence & Care","First Quality Products LLC","9.99","18.99","23.99","9.00","47%","5.00","N/A","https://imgcdn.mckesson.com/CumulusWeb/Images/Item_Detail/402953_pkgfront.jpg"
"gid://shopify/Product/us-6001","466609","Absorbent Underwear Prevail® Daily Underwear Extra Pull On with Tear Away Seams Adult X-Large Unisex Disposable Moderate Absorbency","Incontinence & Care","First Quality Products LLC","9.99","18.99","23.99","9.00","47%","5.00","N/A","https://imgcdn.mckesson.com/CumulusWeb/Images/Item_Detail/466609_pkgfront_.jpg"
"gid://shopify/Product/us-6002","889082","Absorbent Underwear Prevail® Daily Underwear Pull On with Tear Away Seams Adult Large Female Disposable Heavy Absorbency","Incontinence & Care","Medical Grade","9.99","18.99","23.99","9.00","47%","5.00","N/A","https://imgcdn.mckesson.com/CumulusWeb/Images/Item_Detail/889082_pkgfront_.jpg"
"gid://shopify/Product/us-6003","889081","Absorbent Underwear Prevail® Daily Underwear Pull On with Tear Away Seams Adult Medium Female Disposable Heavy Absorbency","Incontinence & Care","Medical Grade","9.99","18.99","23.99","9.00","47%","5.00","N/A","https://imgcdn.mckesson.com/CumulusWeb/Images/Item_Detail/889081_pkgfront.jpg"
"gid://shopify/Product/us-6004","450592","Absorbent Underwear Prevail® Daily Underwear Maximum Pull On with Tear Away Seams Adult Small / Medium Unisex Disposable Heavy Absorbency","Incontinence & Care","First Quality Products LLC","9.99","18.99","23.99","9.00","47%","5.00","N/A","https://imgcdn.mckesson.com/CumulusWeb/Images/Item_Detail/450592_pkgfront_.jpg"
"gid://shopify/Product/us-6005","1126187","Absorbent Underwear Prevail® Daily Underwear Pull On with Tear Away Seams Adult 2X-Large Female Disposable Heavy Absorbency","Incontinence & Care","First Quality Products LLC","9.99","18.99","23.99","9.00","47%","5.00","N/A","https://imgcdn.mckesson.com/CumulusWeb/Images/Item_Detail/1126187_pkgfront_.jpg"
"gid://shopify/Product/us-6006","889083","Absorbent Underwear Prevail® Daily Underwear Pull On with Tear Away Seams Adult X-Large Female Disposable Heavy Absorbency","Incontinence & Care","Medical Grade","9.99","18.99","23.99","9.00","47%","5.00","N/A","https://imgcdn.mckesson.com/CumulusWeb/Images/Item_Detail/889083_pkgfront_.jpg"
"gid://shopify/Product/us-6007","450593","Absorbent Underwear Prevail® Daily Underwear Maximum Pull On with Tear Away Seams Adult Large Unisex Disposable Heavy Absorbency","Incontinence & Care","First Quality Products LLC","9.99","18.99","23.99","9.00","47%","5.00","N/A","https://imgcdn.mckesson.com/CumulusWeb/Images/Item_Detail/450593_pkgfront_.jpg"
"gid://shopify/Product/us-6008","1178181","Absorbent Underwear Prevail® Daily Underwear Pull On with Tear Away Seams Adult Small Female Disposable Heavy Absorbency","Incontinence & Care","First Quality Products LLC","9.99","18.99","23.99","9.00","47%","5.00","N/A","https://imgcdn.mckesson.com/CumulusWeb/Images/Item_Detail/1178181_pkgfront_.jpg"
"gid://shopify/Product/us-6009","955307","Incontinence Brief Attends® Care Advanced Adult Medium Unisex Disposable Heavy Absorbency","Incontinence & Care","Attends Healthcare Products","9.99","18.99","23.99","9.00","47%","5.00","N/A","https://imgcdn.mckesson.com/CumulusWeb/Images/Item_Detail/955307_ppkgleft_.jpg"
"gid://shopify/Product/us-6010","1163835","Incontinence Brief Seni® Super Quatro Adult Large Unisex Disposable Heavy Absorbency","Incontinence & Care","TZMO USA Inc","10.07","18.99","23.99","8.92","47%","5.00","N/A","https://imgcdn.mckesson.com/CumulusWeb/Images/Item_Detail/1163835_pkgfront.jpg"
"gid://shopify/Product/us-6011","1163836","Incontinence Brief Seni® Super Quatro Adult Medium Unisex Disposable Heavy Absorbency","Incontinence & Care","TZMO USA Inc","10.07","18.99","23.99","8.92","47%","5.00","N/A","https://imgcdn.mckesson.com/CumulusWeb/Images/Item_Detail/1163836_pkgfront.jpg"
"gid://shopify/Product/us-6012","1163839","Incontinence Brief Seni® Super Quatro Adult X-Large Unisex Disposable Heavy Absorbency","Incontinence & Care","TZMO USA Inc","10.07","18.99","23.99","8.92","47%","5.00","N/A","https://imgcdn.mckesson.com/CumulusWeb/Images/Item_Detail/1163839_pkgfront.jpg"
"gid://shopify/Product/us-6013","1163837","Incontinence Brief Seni® Super Quatro Adult Regular Unisex Disposable Heavy Absorbency","Incontinence & Care","TZMO USA Inc","10.07","18.99","23.99","8.92","47%","5.00","N/A","https://imgcdn.mckesson.com/CumulusWeb/Images/Item_Detail/1163837_pkgfront.jpg"
"gid://shopify/Product/us-6014","1163838","Incontinence Brief Seni® Super Quatro Adult Small Unisex Disposable Heavy Absorbency","Incontinence & Care","TZMO USA Inc","10.07","18.99","23.99","8.92","47%","5.00","N/A","https://imgcdn.mckesson.com/CumulusWeb/Images/Item_Detail/1163838_pkgfront.jpg"
"gid://shopify/Product/us-6015","665234","Incontinence Brief Tranquility® ATN Adult Large Unisex Disposable Heavy Absorbency","Incontinence & Care","Principle Business Enterprises","10.09","18.99","23.99","8.90","47%","5.00","N/A","https://imgcdn.mckesson.com/CumulusWeb/Images/Item_Detail/665234_pkgright.jpg"
"gid://shopify/Product/us-6016","1188955","Incontinence Brief Tranquility® Essential Adult Large Unisex Disposable Heavy Absorbency","Incontinence & Care","Principle Business Enterprises","9.32","16.99","21.99","7.67","45%","5.00","N/A","https://imgcdn.mckesson.com/CumulusWeb/Images/Item_Detail/1188955_pkgright.jpg"
"gid://shopify/Product/us-6017","451111","Incontinence Brief Tranquility® ATN Adult Medium Unisex Disposable Heavy Absorbency","Incontinence & Care","Principle Business Enterprises","8.66","15.99","19.99","7.33","46%","4.00","N/A","https://imgcdn.mckesson.com/CumulusWeb/Images/Item_Detail/451111_pkgright2.jpg"
"gid://shopify/Product/us-6018","1261577","Incontinence Brief Prevail® Nu-Fit® Adult Large Unisex Disposable Heavy Absorbency","Incontinence & Care","Medical Grade","8.74","15.99","19.99","7.25","45%","4.00","N/A","https://imgcdn.mckesson.com/CumulusWeb/Images/Item_Detail/1261577_pkgfront_.jpg"
"gid://shopify/Product/us-6019","801661","Incontinence Brief Tranquility SmartCore™ Adult Medium Unisex Disposable Heavy Absorbency","Incontinence & Care","Principle Business Enterprises","8.74","15.99","19.99","7.25","45%","4.00","N/A","https://imgcdn.mckesson.com/CumulusWeb/Images/Item_Detail/801661_pkgright.jpg"
"gid://shopify/Product/us-6020","1030222","Incontinence Brief Tranquility® Slimline® Adult Large Unisex Disposable Heavy Absorbency","Incontinence & Care","Principle Business Enterprises","8.74","15.99","19.99","7.25","45%","4.00","N/A","https://imgcdn.mckesson.com/CumulusWeb/Images/Item_Detail/1030222_pkgright.jpg"
"gid://shopify/Product/us-6021","1188954","Incontinence Brief Tranquility® Essential Adult Medium Unisex Disposable Heavy Absorbency","Incontinence & Care","Principle Business Enterprises","7.31","13.99","17.99","6.68","48%","4.00","N/A","https://imgcdn.mckesson.com/CumulusWeb/Images/Item_Detail/1188954_pkgright.jpg"
"gid://shopify/Product/us-6022","1222511","Absorbent Underwear McKesson Super Underwear Pull On with Tear Away Seams Adult 2X-Large Unisex Disposable Moderate Absorbency","Incontinence & Care","McKesson Brand","6.93","12.99","16.99","6.06","47%","4.00","N/A","https://imgcdn.mckesson.com/CumulusWeb/Images/Item_Detail/1222511_pkgfront_.jpg"
"gid://shopify/Product/us-6023","814878","Absorbent Underwear Sure Care™ Extra Pull On with Tear Away Seams Adult Small / Medium Unisex Disposable Moderate Absorbency","Incontinence & Care","Cardinal","6.97","12.99","16.99","6.02","46%","4.00","N/A","https://imgcdn.mckesson.com/CumulusWeb/Images/Item_Detail/814878_ppkgleft.jpg"
"gid://shopify/Product/us-6024","814885","Absorbent Underwear Sure Care™ Extra Pull On with Tear Away Seams Adult X-Large Unisex Disposable Moderate Absorbency","Incontinence & Care","Cardinal","6.97","12.99","16.99","6.02","46%","4.00","N/A","https://imgcdn.mckesson.com/CumulusWeb/Images/Item_Detail/814885_ppkgleft.jpg"
"gid://shopify/Product/us-6025","1123833","Absorbent Underwear McKesson Super Underwear Pull On with Tear Away Seams Adult Large Unisex Disposable Moderate Absorbency","Incontinence & Care","McKesson Brand","6.33","11.99","14.99","5.66","47%","3.00","N/A","https://imgcdn.mckesson.com/CumulusWeb/Images/Item_Detail/1123833.jpg"
"gid://shopify/Product/us-6026","1123832","Absorbent Underwear McKesson Super Underwear Pull On with Tear Away Seams Adult Medium Unisex Disposable Moderate Absorbency","Incontinence & Care","McKesson Brand","6.33","11.99","14.99","5.66","47%","3.00","N/A","https://imgcdn.mckesson.com/CumulusWeb/Images/Item_Detail/1123832.jpg"
"gid://shopify/Product/us-6027","1123834","Absorbent Underwear McKesson Super Underwear Pull On with Tear Away Seams Adult X-Large Unisex Disposable Moderate Absorbency","Incontinence & Care","McKesson Brand","6.33","11.99","14.99","5.66","47%","3.00","N/A","https://imgcdn.mckesson.com/CumulusWeb/Images/Item_Detail/1123834.jpg"
"gid://shopify/Product/us-6028","1243752","Absorbent Underwear Prevail® Per-Fit® Extra Pull On with Tear Away Seams Adult X-Large Unisex Disposable Heavy Absorbency","Incontinence & Care","Medical Grade","12.11","22.99","28.99","10.88","47%","6.00","N/A","https://imgcdn.mckesson.com/CumulusWeb/Images/Item_Detail/1243752_pkgfront.jpg"
"gid://shopify/Product/us-6029","342308","Incontinence Brief Tranquility® Slimline® Adult X-Large Unisex Disposable Heavy Absorbency","Incontinence & Care","Principle Business Enterprises","11.65","21.99","27.99","10.34","47%","6.00","N/A","https://imgcdn.mckesson.com/CumulusWeb/Images/Item_Detail/342308_pkgright.jpg"
"gid://shopify/Product/us-6030","771656","Absorbent Underwear Attends® Care Pull On with Tear Away Seams Adult Medium Unisex Disposable Heavy Absorbency","Incontinence & Care","Attends Healthcare Products","10.90","19.99","24.99","9.09","45%","5.00","N/A","https://imgcdn.mckesson.com/CumulusWeb/Images/Item_Detail/771656_ppkgleft_.jpg"
"gid://shopify/Product/us-6031","771657","Absorbent Underwear Attends® Care Pull On with Tear Away Seams Adult Large Unisex Disposable Heavy Absorbency","Incontinence & Care","Attends Healthcare Products","10.90","19.99","24.99","9.09","45%","5.00","N/A","https://imgcdn.mckesson.com/CumulusWeb/Images/Item_Detail/771657_ppkgleft_.jpg"
"gid://shopify/Product/us-6032","771658","Absorbent Underwear Attends® Care Pull On with Tear Away Seams Adult X-Large Unisex Disposable Heavy Absorbency","Incontinence & Care","Attends Healthcare Products","10.90","19.99","24.99","9.09","45%","5.00","N/A","https://imgcdn.mckesson.com/CumulusWeb/Images/Item_Detail/771658_ppkgleft_.jpg"
"gid://shopify/Product/us-6033","950224","Incontinence Brief Attends® Advanced Adult Regular Unisex Disposable Heavy Absorbency","Incontinence & Care","Attends Healthcare Products","10.98","19.99","24.99","9.01","45%","5.00","N/A","https://imgcdn.mckesson.com/CumulusWeb/Images/Item_Detail/950224_ppkgleft_.jpg"
"gid://shopify/Product/us-6034","801662","Incontinence Brief Tranquility SmartCore™ Adult Large Unisex Disposable Heavy Absorbency","Incontinence & Care","Principle Business Enterprises","10.25","18.99","23.99","8.74","46%","5.00","N/A","https://imgcdn.mckesson.com/CumulusWeb/Images/Item_Detail/801662_pkgright.jpg"
"gid://shopify/Product/us-6035","1287198","Incontinence Brief TENA® ProSkin™ Plus Adult Small Unisex Disposable Moderate Absorbency","Incontinence & Care","Essity HMS North America Inc","10.26","18.99","23.99","8.73","46%","5.00","N/A","https://imgcdn.mckesson.com/CumulusWeb/Images/Item_Detail/1287198_ppkgfront_.jpg"
"gid://shopify/Product/us-6036","1163841","Absorbent Underwear Seni® Active Classic Plus Pull On with Tear Away Seams Adult X-Large Unisex Disposable Moderate Absorbency","Incontinence & Care","TZMO USA Inc","10.26","18.99","23.99","8.73","46%","5.00","N/A","https://imgcdn.mckesson.com/CumulusWeb/Images/Item_Detail/1163841_pkgfront_.jpg"
"gid://shopify/Product/us-6037","950227","Incontinence Brief Attends® Bariatric Adult 2X-Large Unisex Disposable Heavy Absorbency","Incontinence & Care","Attends Healthcare Products","10.29","18.99","23.99","8.70","46%","5.00","N/A","https://imgcdn.mckesson.com/CumulusWeb/Images/Item_Detail/950227_ppkgleft_.jpg"
"gid://shopify/Product/us-6038","1287201","Incontinence Brief TENA® ProSkin™ Ultra Adult Medium Unisex Disposable Heavy Absorbency","Incontinence & Care","Essity HMS North America Inc","10.29","18.99","23.99","8.70","46%","5.00","N/A","https://imgcdn.mckesson.com/CumulusWeb/Images/Item_Detail/1287201_front.jpg"
"gid://shopify/Product/us-6039","1243750","Absorbent Underwear Prevail® Per-Fit® Extra Pull On with Tear Away Seams Adult Small Unisex Disposable Heavy Absorbency","Incontinence & Care","First Quality Products LLC","8.48","15.99","19.99","7.51","47%","4.00","N/A","https://imgcdn.mckesson.com/CumulusWeb/Images/Item_Detail/1243750_pkgfront_.jpg"
"gid://shopify/Product/us-6040","1245726","Incontinence Brief TENA Dry Comfort™ Adult X-Large Unisex Disposable Moderate Absorbency","Incontinence & Care","Essity HMS North America Inc","9.61","17.99","22.99","8.38","47%","5.00","N/A","https://imgcdn.mckesson.com/CumulusWeb/Images/Item_Detail/1245726_pkgfront.jpg"
"gid://shopify/Product/us-6041","1283336","Incontinence Brief TENA Stretch™ Plus Adult Medium / Regular Unisex Disposable Moderate Absorbency","Incontinence & Care","Essity HMS North America Inc","9.62","17.99","22.99","8.37","47%","5.00","N/A","https://imgcdn.mckesson.com/CumulusWeb/Images/Item_Detail/1283336_front.jpg"
"gid://shopify/Product/us-6042","959416","Absorbent Underwear TENA® Classic Pull On with Tear Away Seams Adult Large Unisex Disposable Moderate Absorbency","Incontinence & Care","Essity HMS North America Inc","9.63","17.99","22.99","8.36","46%","5.00","N/A","https://imgcdn.mckesson.com/CumulusWeb/Images/Item_Detail/959416_ppkgfront.jpg"
"gid://shopify/Product/us-6043","959415","Absorbent Underwear TENA® Classic Pull On with Tear Away Seams Adult Medium Unisex Disposable Moderate Absorbency","Incontinence & Care","Essity HMS North America Inc","9.63","17.99","22.99","8.36","46%","5.00","N/A","https://imgcdn.mckesson.com/CumulusWeb/Images/Item_Detail/959415_ppkgfront.jpg"
"gid://shopify/Product/us-6044","959417","Absorbent Underwear TENA® Classic Pull On with Tear Away Seams Adult X-Large Unisex Disposable Moderate Absorbency","Incontinence & Care","Essity HMS North America Inc","9.63","17.99","22.99","8.36","46%","5.00","N/A","https://imgcdn.mckesson.com/CumulusWeb/Images/Item_Detail/959417_ppkgfront.jpg"
"gid://shopify/Product/us-6045","1227003","Incontinence Brief Prevail® Per-Fit 360°™ Adult Size 2 Unisex Disposable Heavy Absorbency","Incontinence & Care","Medical Grade","8.78","15.99","19.99","7.21","45%","4.00","N/A","https://imgcdn.mckesson.com/CumulusWeb/Images/Item_Detail/1227003_pkgfront_.jpg"
"gid://shopify/Product/us-6046","1227004","Incontinence Brief Prevail® Per-Fit 360°™ Adult Size 3 Unisex Disposable Heavy Absorbency","Incontinence & Care","Medical Grade","8.78","15.99","19.99","7.21","45%","4.00","N/A","https://imgcdn.mckesson.com/CumulusWeb/Images/Item_Detail/1227004_pkgfront_.jpg"
"gid://shopify/Product/us-6047","554691","Incontinence Brief Prevail® Per-Fit® Maximum Plus Adult Large Unisex Disposable Heavy Absorbency","Incontinence & Care","Medical Grade","8.78","15.99","19.99","7.21","45%","4.00","N/A","https://imgcdn.mckesson.com/CumulusWeb/Images/Item_Detail/554691_pkgfront_.jpg"
"gid://shopify/Product/us-6048","456884","Incontinence Brief Prevail® Per-Fit® Maximum Plus Adult X-Large Unisex Disposable Heavy Absorbency","Incontinence & Care","Medical Grade","8.78","15.99","19.99","7.21","45%","4.00","N/A","https://imgcdn.mckesson.com/CumulusWeb/Images/Item_Detail/456884_pkgfront_.jpg"
"gid://shopify/Product/us-6049","1234415","Incontinence Brief Prevail® Per-Fit® Maximum Plus Adult Medium Unisex Disposable Heavy Absorbency","Incontinence & Care","Medical Grade","8.78","15.99","19.99","7.21","45%","4.00","N/A","https://imgcdn.mckesson.com/CumulusWeb/Images/Item_Detail/1234415_pkgfront_.jpg"
"gid://shopify/Product/us-6050","546743","Absorbent Underwear Attends® Pull On with Tear Away Seams Adult Small Unisex Disposable Heavy Absorbency","Incontinence & Care","Attends Healthcare Products","8.78","15.99","19.99","7.21","45%","4.00","N/A","https://imgcdn.mckesson.com/CumulusWeb/Images/Item_Detail/546743_ppkgleft_.jpg"
"gid://shopify/Product/us-6051","527654","Incontinence Brief Prevail® Per-Fit® Maximum Plus Adult Regular Unisex Disposable Heavy Absorbency","Incontinence & Care","Medical Grade","8.78","15.99","19.99","7.21","45%","4.00","N/A","https://imgcdn.mckesson.com/CumulusWeb/Images/Item_Detail/527654_pkgfront_.jpg"
"gid://shopify/Product/us-6052","1234412","Incontinence Brief Prevail® Per-Fit 360°™ Adult Size 1 Unisex Disposable Heavy Absorbency","Incontinence & Care","Medical Grade","8.79","15.99","19.99","7.20","45%","4.00","N/A","https://imgcdn.mckesson.com/CumulusWeb/Images/Item_Detail/1234412_pkgfront_.jpg"
"gid://shopify/Product/us-6053","1245725","Incontinence Brief TENA Dry Comfort™ Adult Large Unisex Disposable Moderate Absorbency","Incontinence & Care","Essity HMS North America Inc","8.15","14.99","18.99","6.84","46%","4.00","N/A","https://imgcdn.mckesson.com/CumulusWeb/Images/Item_Detail/1245725_pkgfront.jpg"
"gid://shopify/Product/us-6054","832021","Incontinence Brief Prevail® Nu-Fit® Adult 2X-Large Unisex Disposable Heavy Absorbency","Incontinence & Care","First Quality Products LLC","8.17","14.99","18.99","6.82","45%","4.00","N/A","https://imgcdn.mckesson.com/CumulusWeb/Images/Item_Detail/832021_pkgfront.jpg"
"gid://shopify/Product/us-6055","1243824","Incontinence Brief TENA Complete + Care Ultra™ Adult Medium Unisex Disposable Moderate Absorbency","Incontinence & Care","Essity HMS North America Inc","7.46","13.99","17.99","6.53","47%","4.00","N/A","https://imgcdn.mckesson.com/CumulusWeb/Images/Item_Detail/1243824_pkgfront.jpg"
"gid://shopify/Product/us-6056","801660","Incontinence Brief Tranquility SmartCore™ Adult Small Unisex Disposable Heavy Absorbency","Incontinence & Care","Principle Business Enterprises","6.74","12.99","16.99","6.25","48%","4.00","N/A","https://imgcdn.mckesson.com/CumulusWeb/Images/Item_Detail/801660_pkgright.jpg"
"gid://shopify/Product/us-6057","1179008","Bladder Control Pad TENA Sensitive Care™ Extra Coverage 9 Inch Length Light Absorbency Dry-Fast Core™ One Size Fits Most","Incontinence & Care","Essity HMS North America Inc","6.75","12.99","16.99","6.24","48%","4.00","N/A","https://imgcdn.mckesson.com/CumulusWeb/Images/Item_Detail/1179008_pkgfront_.jpg"
"gid://shopify/Product/us-6058","409346","Absorbent Underwear Sure Care™ Plus Pull On with Tear Away Seams Adult Large Unisex Disposable Heavy Absorbency","Incontinence & Care","Cardinal","7.75","14.99","18.99","7.24","48%","4.00","N/A","https://imgcdn.mckesson.com/CumulusWeb/Images/Item_Detail/409346_pkgfront.jpg"
"gid://shopify/Product/us-6059","409347","Absorbent Underwear Sure Care™ Plus Pull On with Tear Away Seams Adult Small / Medium Unisex Disposable Heavy Absorbency","Incontinence & Care","Cardinal","7.75","14.99","18.99","7.24","48%","4.00","N/A","https://imgcdn.mckesson.com/CumulusWeb/Images/Item_Detail/409347_pkgfront.jpg"
"gid://shopify/Product/us-6060","439577","Absorbent Underwear Sure Care™ Plus Pull On with Tear Away Seams Adult X-Large Unisex Disposable Heavy Absorbency","Incontinence & Care","Cardinal","7.75","14.99","18.99","7.24","48%","4.00","N/A","https://imgcdn.mckesson.com/CumulusWeb/Images/Item_Detail/439577_pkgfront.jpg"
"gid://shopify/Product/us-6061","445129","Incontinence Brief Tranquility® ATN Adult X-Small Unisex Disposable Heavy Absorbency","Incontinence & Care","Principle Business Enterprises","6.04","10.99","13.99","4.95","45%","3.00","N/A","https://imgcdn.mckesson.com/CumulusWeb/Images/Item_Detail/445129_pkgright.jpg"
"gid://shopify/Product/us-6062","884177","Absorbent Underwear McKesson Classic Underwear Pull On with Tear Away Seams Adult Medium Unisex Disposable Light Absorbency","Incontinence & Care","McKesson Brand","6.36","11.99","14.99","5.63","47%","3.00","N/A","https://imgcdn.mckesson.com/CumulusWeb/Images/Item_Detail/884177.jpg"
"gid://shopify/Product/us-6063","884176","Absorbent Underwear McKesson Classic Underwear Pull On with Tear Away Seams Adult Large Unisex Disposable Light Absorbency","Incontinence & Care","McKesson Brand","6.36","11.99","14.99","5.63","47%","3.00","N/A","https://imgcdn.mckesson.com/CumulusWeb/Images/Item_Detail/884176.jpg"
"gid://shopify/Product/us-6064","884178","Absorbent Underwear McKesson Classic Underwear Pull On with Tear Away Seams Adult X-Large Unisex Disposable Light Absorbency","Incontinence & Care","McKesson Brand","6.36","11.99","14.99","5.63","47%","3.00","N/A","https://imgcdn.mckesson.com/CumulusWeb/Images/Item_Detail/884178.jpg"
"gid://shopify/Product/us-6065","1188953","Incontinence Brief Tranquility® Essential Adult Small Unisex Disposable Heavy Absorbency","Incontinence & Care","Principle Business Enterprises","5.37","9.99","12.99","4.62","46%","3.00","N/A","https://imgcdn.mckesson.com/CumulusWeb/Images/Item_Detail/1188953_pkgright.jpg"
"gid://shopify/Product/us-6066","1263961","Absorbent Underwear Prevail® Nu-Fit® Pull On with Tear Away Seams Adult X-Large Unisex Disposable Heavy Absorbency","Incontinence & Care","First Quality Products LLC","10.81","19.99","24.99","9.18","46%","5.00","N/A","https://imgcdn.mckesson.com/CumulusWeb/Images/Item_Detail/1263961_pkgfront.jpg"
"gid://shopify/Product/us-6067","1243751","Absorbent Underwear Prevail® Per-Fit® Extra Pull On with Tear Away Seams Adult Large Unisex Disposable Heavy Absorbency","Incontinence & Care","Medical Grade","9.44","17.99","22.99","8.55","48%","5.00","N/A","https://imgcdn.mckesson.com/CumulusWeb/Images/Item_Detail/1243751_pkgfront_.jpg"
"gid://shopify/Product/us-6068","554688","Incontinence Brief Prevail® Breezers® Adult Large Unisex Disposable Heavy Absorbency","Incontinence & Care","Medical Grade","9.69","17.99","22.99","8.30","46%","5.00","N/A","https://imgcdn.mckesson.com/CumulusWeb/Images/Item_Detail/554688_pkgfront.jpg"
"gid://shopify/Product/us-6069","1234416","Incontinence Brief Prevail® Breezers® Adult Medium Unisex Disposable Heavy Absorbency","Incontinence & Care","Medical Grade","9.69","17.99","22.99","8.30","46%","5.00","N/A","https://imgcdn.mckesson.com/CumulusWeb/Images/Item_Detail/1234416_pkgfront.jpg"
"gid://shopify/Product/us-6070","527367","Incontinence Brief Prevail® Breezers® Adult Regular Unisex Disposable Heavy Absorbency","Incontinence & Care","Medical Grade","9.69","17.99","22.99","8.30","46%","5.00","N/A","https://imgcdn.mckesson.com/CumulusWeb/Images/Item_Detail/527367_pkgfront.jpg"
"gid://shopify/Product/us-6071","1189992","Absorbent Underwear Prevail® Overnight Pull On with Tear Away Seams Adult Small / Medium Unisex Disposable Heavy Absorbency","Incontinence & Care","First Quality Products LLC","8.93","16.99","21.99","8.06","47%","5.00","N/A","https://imgcdn.mckesson.com/CumulusWeb/Images/Item_Detail/1189992_pkgfront_.jpg"
"gid://shopify/Product/us-6072","1189993","Absorbent Underwear Prevail® Overnight Pull On with Tear Away Seams Adult Large Unisex Disposable Heavy Absorbency","Incontinence & Care","First Quality Products LLC","8.93","16.99","21.99","8.06","47%","5.00","N/A","https://imgcdn.mckesson.com/CumulusWeb/Images/Item_Detail/1189993_pkgfront_.jpg"
"gid://shopify/Product/us-6073","1189997","Absorbent Underwear Prevail® Overnight Pull On with Tear Away Seams Adult X-Large Unisex Disposable Heavy Absorbency","Incontinence & Care","First Quality Products LLC","8.93","16.99","21.99","8.06","47%","5.00","N/A","https://imgcdn.mckesson.com/CumulusWeb/Images/Item_Detail/1189997_pkgfront.jpg"
"gid://shopify/Product/us-6074","1183653","Incontinence Brief Prevail® Air™ Adult Size 2 / Large Unisex Disposable Heavy Absorbency","Incontinence & Care","First Quality Products LLC","9.08","16.99","21.99","7.91","47%","5.00","N/A","https://imgcdn.mckesson.com/CumulusWeb/Images/Item_Detail/1183653_pkgfront_.jpg"
"gid://shopify/Product/us-6075","1183654","Incontinence Brief Prevail® Air™ Adult Size 3 / X-Large Unisex Disposable Heavy Absorbency","Incontinence & Care","First Quality Products LLC","9.08","16.99","21.99","7.91","47%","5.00","N/A","https://imgcdn.mckesson.com/CumulusWeb/Images/Item_Detail/1183654_pkgfront_.jpg"
"gid://shopify/Product/us-6076","1234063","Incontinence Brief Prevail® Air™ Adult Size 1 / Medium Unisex Disposable Heavy Absorbency","Incontinence & Care","Medical Grade","9.08","16.99","21.99","7.91","47%","5.00","N/A","https://imgcdn.mckesson.com/CumulusWeb/Images/Item_Detail/1234063_pkgfront.jpg"
"gid://shopify/Product/us-6077","960583","Incontinence Brief Wings™ Super Quilted Adult Medium Unisex Disposable Heavy Absorbency","Incontinence & Care","Cardinal","5.13","9.99","12.99","4.86","49%","3.00","N/A","https://imgcdn.mckesson.com/CumulusWeb/Images/Item_Detail/960583_pkgleft.jpg"
"gid://shopify/Product/us-6078","409934","Incontinence Belted Undergarment Prevail® Belted Shields Belted Adult One Size Fits Most Unisex Disposable Light Absorbency","Incontinence & Care","First Quality Products LLC","10.29","18.99","23.99","8.70","46%","5.00","N/A","https://imgcdn.mckesson.com/CumulusWeb/Images/Item_Detail/409934_pkgfront.jpg"
"gid://shopify/Product/us-6079","959413","Absorbent Underwear TENA® Dry Comfort™ Pull On with Tear Away Seams Adult Large Unisex Disposable Moderate Absorbency","Incontinence & Care","Essity HMS North America Inc","8.39","15.99","19.99","7.60","48%","4.00","N/A","https://imgcdn.mckesson.com/CumulusWeb/Images/Item_Detail/959413_ppkgfront.jpg"
"gid://shopify/Product/us-6080","959412","Absorbent Underwear TENA® Dry Comfort™ Pull On with Tear Away Seams Adult Medium Unisex Disposable Moderate Absorbency","Incontinence & Care","Essity HMS North America Inc","8.39","15.99","19.99","7.60","48%","4.00","N/A","https://imgcdn.mckesson.com/CumulusWeb/Images/Item_Detail/959412_ppkgfront.jpg"
"gid://shopify/Product/us-6081","959414","Absorbent Underwear TENA® Dry Comfort™ Pull On with Tear Away Seams Adult X-Large Unisex Disposable Moderate Absorbency","Incontinence & Care","Essity HMS North America Inc","8.39","15.99","19.99","7.60","48%","4.00","N/A","https://imgcdn.mckesson.com/CumulusWeb/Images/Item_Detail/959414_ppkgfront.jpg"
"gid://shopify/Product/us-6082","1198169","Incontinence Brief Tranquility® Essential Adult X-Large Unisex Disposable Heavy Absorbency","Incontinence & Care","Principle Business Enterprises","7.79","14.99","18.99","7.20","48%","4.00","N/A","https://imgcdn.mckesson.com/CumulusWeb/Images/Item_Detail/1198169_pkgright.jpg"
"gid://shopify/Product/us-6083","780087","Incontinence Brief Wings™ Extra Quilted Adult Large Unisex Disposable Moderate Absorbency","Incontinence & Care","Cardinal","3.84","6.99","8.99","3.15","45%","2.00","N/A","https://imgcdn.mckesson.com/CumulusWeb/Images/Item_Detail/780087_pkgfront.jpg"
"gid://shopify/Product/us-6084","1263981","Absorbent Underwear Prevail® Nu-Fit® Pull On with Tear Away Seams Adult Large Unisex Disposable Heavy Absorbency","Incontinence & Care","First Quality Products LLC","8.40","15.99","19.99","7.59","47%","4.00","N/A","https://imgcdn.mckesson.com/CumulusWeb/Images/Item_Detail/1263981_pkgfront.jpg"
"gid://shopify/Product/us-6085","1263980","Absorbent Underwear Prevail® Nu-Fit® Pull On with Tear Away Seams Adult Medium Unisex Disposable Heavy Absorbency","Incontinence & Care","First Quality Products LLC","7.57","13.99","17.99","6.42","46%","4.00","N/A","https://imgcdn.mckesson.com/CumulusWeb/Images/Item_Detail/1263980_pkgfront.jpg"
"gid://shopify/Product/us-6086","406420","Incontinence Brief Tranquility® Slimline® Adult Small Unisex Disposable Heavy Absorbency","Incontinence & Care","Principle Business Enterprises","5.09","9.99","12.99","4.90","49%","3.00","N/A","https://imgcdn.mckesson.com/CumulusWeb/Images/Item_Detail/406420_pkgright2.jpg"
"gid://shopify/Product/us-6087","417011","Incontinence Brief Tranquility® Slimline® Adult X-Small Unisex Disposable Heavy Absorbency","Incontinence & Care","Principle Business Enterprises","5.09","9.99","12.99","4.90","49%","3.00","N/A","https://imgcdn.mckesson.com/CumulusWeb/Images/Item_Detail/417011_pkgright2.jpg"
"gid://shopify/Product/us-6088","780352","Incontinence Brief Wings™ Extra Quilted Adult Medium Unisex Disposable Moderate Absorbency","Incontinence & Care","Cardinal","3.23","5.99","7.99","2.76","46%","2.00","N/A","https://imgcdn.mckesson.com/CumulusWeb/Images/Item_Detail/780352_pkgfront.jpg"
"gid://shopify/Product/us-6089","1056477","Incontinence Brief MoliCare® Slip Maxi Adult Medium Unisex Disposable Heavy Absorbency","Incontinence & Care","Medline","31.28","52.99","66.99","21.71","41%","14.00","N/A","https://imgcdn.mckesson.com/CumulusWeb/Images/Item_Detail/1056477_pkgleft.jpg"
"gid://shopify/Product/us-6090","1107771","Absorbent Underwear Abri-Flex™ XXL Pull On with Tear Away Seams Adult 2X-Large Male Disposable Moderate Absorbency","Incontinence & Care","Abena North America","25.96","47.99","59.99","22.03","46%","12.00","N/A","https://imgcdn.mckesson.com/CumulusWeb/Images/Item_Detail/1107771_front1.jpg"
"gid://shopify/Product/us-6091","881364","Absorbent Underwear MoliCare® Premium Mobile 6D Pull On with Tear Away Seams Adult Small Unisex Disposable Moderate Absorbency","Incontinence & Care","Hartmann","13.52","24.99","31.99","11.47","46%","7.00","N/A","https://imgcdn.mckesson.com/CumulusWeb/Images/Item_Detail/881364_ppkgfront.jpg"
"gid://shopify/Product/us-6092","684047","Incontinence Brief Wings™ Plus Adult Small Unisex Disposable Heavy Absorbency","Incontinence & Care","Cardinal","5.24","9.99","12.99","4.75","48%","3.00","N/A","https://imgcdn.mckesson.com/CumulusWeb/Images/Item_Detail/684047.jpg"
"gid://shopify/Product/us-6093","365229","Incontinence Brief Wings™ Plus Adult Medium Unisex Disposable Heavy Absorbency","Incontinence & Care","Cardinal","5.37","9.99","12.99","4.62","46%","3.00","N/A","https://imgcdn.mckesson.com/CumulusWeb/Images/Item_Detail/365229_ppkgleft.jpg"
"gid://shopify/Product/us-6094","1214301","Incontinence Brief Wings™ Plus Adult Size 1 Unisex Disposable Heavy Absorbency","Incontinence & Care","Cardinal","4.06","7.99","9.99","3.93","49%","2.00","N/A","https://imgcdn.mckesson.com/CumulusWeb/Images/Item_Detail/1214301_pkgfront_.jpg"
"gid://shopify/Product/us-6095","1128077","Absorbent Underwear Attends® Premier Pull On with Tear Away Seams Adult Large Unisex Disposable Heavy Absorbency","Incontinence & Care","Attends Healthcare Products","13.62","24.99","31.99","11.37","45%","7.00","N/A","https://imgcdn.mckesson.com/CumulusWeb/Images/Item_Detail/1128077_ppkgleft.jpg"
"gid://shopify/Product/us-6096","864857","Incontinence Brief Wings™ Ultra Adult X-Large Unisex Disposable Heavy Absorbency","Incontinence & Care","Cardinal","7.60","13.99","17.99","6.39","46%","4.00","N/A","https://imgcdn.mckesson.com/CumulusWeb/Images/Item_Detail/864857.jpg"
"gid://shopify/Product/us-6097","1212209","Incontinence Brief Wings™ Plus Adult Size 2 Unisex Disposable Heavy Absorbency","Incontinence & Care","Cardinal","4.35","7.99","9.99","3.64","46%","2.00","N/A","https://imgcdn.mckesson.com/CumulusWeb/Images/Item_Detail/1212209_pkgfront.jpg"
"gid://shopify/Product/us-6098","208638","Incontinence Liner Simplicity™ 4-1/2 X 14 Inch Moderate Absorbency Polymer Core One Size Fits Most","Incontinence & Care","Cardinal","5.17","9.99","12.99","4.82","48%","3.00","N/A","https://imgcdn.mckesson.com/CumulusWeb/Images/Item_Detail/208638_pkgfront.jpg"
"gid://shopify/Product/us-6099","874623","Incontinence Brief Wings™ Plus Adult X-Large Unisex Disposable Heavy Absorbency","Incontinence & Care","Cardinal","0.55","0.99","1.99","0.44","44%","1.00","N/A","https://imgcdn.mckesson.com/CumulusWeb/Images/Item_Detail/874623_pkgleft.jpg"
