SKU,Product Name,HCPCS Code,Manufacturer,MFR Part Number,Category,Dealer Price,Retail Price,Stock Status,UOM,Description,Features,Image URL,Manuals,Product URL
363818,Blood Pressure Connector McKesson LUMEON™ For use with Clock Face Aneroid Sphygmomanometers,,McKesson Brand,01-891FGM,"Accessories, Sphyg.",$0.35 ,,In Stock - Network,EA/1,,,https://imgcdn.mckesson.com/CumulusWeb/Images/Item_Detail/363818_pkgfront.jpg,,https://mms.mckesson.com/product/363818/McKesson-Brand-01-891FGM
363819,Blood Pressure Connector McKesson LUMEON™ For use with Clock Face Aneroid Sphygmomanometers,,McKesson Brand,01-891MGM,"Accessories, Sphyg.",$0.55 ,,In Stock - Network,EA/1,,,https://imgcdn.mckesson.com/CumulusWeb/Images/Item_Detail/363819_bc_ea.jpg,,https://mms.mckesson.com/product/363819/McKesson-Brand-01-891MGM
803212,Blood Pressure Inflation Bulb McKesson Brand For use with Clock Face Aneroid Sphygmomanometers,,McKesson Brand,01-873NGM,"Accessories, Sphyg.",$1.53 ,,"In Stock (Get it Tomorrow, Oct 1)",BX/1,,,https://imgcdn.mckesson.com/CumulusWeb/Images/Item_Detail/803212_front.jpg,,https://mms.mckesson.com/product/803212/McKesson-Brand-01-873NGM
992647,Blood Pressure Inflation Bulb McKesson LUMEON™ For use with Clock Face Aneroid Sphygmomanometers,,McKesson Brand,01-870NGM,"Accessories, Sphyg.",$2.31 ,,"In Stock - Network (Get it Friday, Oct 2)",BX/1,,,https://imgcdn.mckesson.com/CumulusWeb/Images/Item_Detail/992647_right.jpg,,https://mms.mckesson.com/product/992647/McKesson-Brand-01-870NGM
807341,Blood Pressure Bulb with Deflation Valve McKesson Brand For use with Clock Face Aneroid Sphygmomanometers,,McKesson Brand,01-875NGM,"Accessories, Sphyg.",$3.38 ,,"In Stock (Get it Tomorrow, Oct 1)",EA/1,,,https://imgcdn.mckesson.com/CumulusWeb/Images/Item_Detail/807341_front.jpg,,https://mms.mckesson.com/product/807341/McKesson-Brand-01-875NGM
635135,Single Patient Use Blood Pressure Cuff Tempa-Kuff® 27.5 to 36.5 cm Arm Cloth Fabric Cuff Adult Cuff,,Welch Allyn,39048,"Disposable, Cuffs, Sphyg.",$3.45 ,,"In Stock (Get it Tomorrow, Oct 1)",EA/1,,,https://imgcdn.mckesson.com/CumulusWeb/Images/Item_Detail/635135.jpg,,https://mms.mckesson.com/product/635135/Welch-Allyn-39048
363810,Blood Pressure Deflation Valve McKesson LUMEON™ For use with Clock Face Aneroid Sphygmomanometers,,McKesson Brand,01-871GM,"Accessories, Sphyg.",$3.99 ,,"In Stock (Get it Tomorrow, Oct 1)",EA/1,,,https://imgcdn.mckesson.com/CumulusWeb/Images/Item_Detail/363810_side.jpg,,https://mms.mckesson.com/product/363810/McKesson-Brand-01-871GM
187577,Cushion Grip One Size Fits Most Blue Mild Resistance,,Skil-Care,201030,"Physical Therapy, Physical Therapy",$4.24 ,,"In Stock - Network (Get it Saturday, Oct 3)",EA/1,,,https://imgcdn.mckesson.com/CumulusWeb/Images/Item_Detail/187577_ls.jpg,,https://mms.mckesson.com/product/187577/Skil-Care-201030
746565,Single Patient Use Blood Pressure Cuff FlexiPort® 25 to 34 cm Arm Cloth Fabric Cuff Adult Cuff,,Welch Allyn,SOFT-11-1SC,"Disposable, Cuffs, Sphyg.",$4.81 ,,"In Stock (Get it Tomorrow, Oct 1)",EA/1,,,https://imgcdn.mckesson.com/CumulusWeb/Images/Item_Detail/746565_left.jpg,,https://mms.mckesson.com/product/746565/Welch-Allyn-SOFT-11-1SC
1007666,Blood Pressure Bulb with Deflation Valve McKesson LUMEON™ For use with Clock Face Aneroid Sphygmomanometers,,McKesson Brand,01-872NGM,"Accessories, Sphyg.",$6.43 ,,"In Stock (Get it Tomorrow, Oct 1)",EA/1,,,https://imgcdn.mckesson.com/CumulusWeb/Images/Item_Detail/1007666.jpg,,https://mms.mckesson.com/product/1007666/McKesson-Brand-01-872NGM
29035,Blood Pressure Inflation Bladder For use with Universal Blood Pressure Units,,W.A. Baum,1841,"Accessories, Sphyg.",$6.69 ,,"In Stock - Network (Get it Friday, Oct 2)",EA/1,,,https://imgcdn.mckesson.com/CumulusWeb/Images/Item_Detail/29035.jpg,,https://mms.mckesson.com/product/29035/WA-Baum-1841
854389,Reusable Blood Pressure Cuff McKesson 11.8 to 16.5 Inch Arm Nylon Cuff Large Adult Cuff,,McKesson Brand,1992,"Inflation Sets, Sphyg.",$6.78 ,,"In Stock (Get it Tomorrow, Oct 1)",EA/1,,,https://imgcdn.mckesson.com/CumulusWeb/Images/Item_Detail/854389_right.jpg,,https://mms.mckesson.com/product/854389/McKesson-Brand-1992
1002159,Blood Pressure Tube Set Welch Allyn® For use with Connectors to Flexi Port Adapter,,Welch Allyn,2-MQ,"Accessories, Sphyg.",$7.84 ,,"In Stock (Get it Tomorrow, Oct 1)",EA/1,,,https://imgcdn.mckesson.com/CumulusWeb/Images/Item_Detail/1002159_pdet.jpg,,https://mms.mckesson.com/product/1002159/Welch-Allyn-2-MQ
678200,Cold and Cough Relief Coricidin® HBP Chest Congestion & Cough 200 mg - 10 mg Strength Softgel 20 per Bottle,,Bayer,11523715802,Upper Respiratory,$7.96 ,,"In Stock (Get it Tomorrow, Oct 1)",EA/1,,,https://imgcdn.mckesson.com/CumulusWeb/Images/Item_Detail/678200_pkgleft.jpg,,https://mms.mckesson.com/product/678200/Bayer-11523715802
803202,Reusable Blood Pressure Cuff McKesson LUMEON™ 19 to 27 cm Arm Nylon Cuff Small Adult Cuff,,McKesson Brand,01-845-10SARB-2GM,"Inflation Sets, Sphyg.",$8.87 ,,"In Stock (Get it Tomorrow, Oct 1)",BX/1,,,https://imgcdn.mckesson.com/CumulusWeb/Images/Item_Detail/803202_left.jpg,,https://mms.mckesson.com/product/803202/McKesson-Brand-01-845-10SARB-2GM
363783,Blood Pressure Gauge McKesson Brand For use with Standard Aneroid Sphygmomanometers (01-775 Series),,McKesson Brand,01-809GM,"Accessories, Sphyg.",$9.72 ,,"In Stock (Get it Tomorrow, Oct 1)",EA/1,,,https://imgcdn.mckesson.com/CumulusWeb/Images/Item_Detail/363783_front2.jpg,,https://mms.mckesson.com/product/363783/McKesson-Brand-01-809GM
959812,Safety Lancet Novaplus 26 Gauge Retractable Pressure Activated Finger,,ASP Global LLC,8041,"Lancets, Blood Collection",$9.98 ,,In Stock - Network,BX/100,,,https://imgcdn.mckesson.com/CumulusWeb/Images/Item_Detail/959812_right.jpg,,https://mms.mckesson.com/product/959812/ASP-Global-LLC-8041
853623,Safety Lancet ReadyLance™ 26 Gauge Retractable Pressure Activated Finger,,ASP Global LLC,804,"Lancets, Blood Collection",$9.98 ,,"In Stock - Network (Get it Tuesday, Oct 6)",BX/100,,,https://imgcdn.mckesson.com/CumulusWeb/Images/Item_Detail/853623_pkgright.jpg,,https://mms.mckesson.com/product/853623/ASP-Global-LLC-804
536431,Blood Pressure Bulb with Deflation Valve Adflow™ For use with All Pocket and Clock Aneroids and Mercury Sphygs,,American Diagnostic Corp,872N,"Accessories, Sphyg.",$10.20 ,,"In Stock - Network (Get it Saturday, Oct 3)",EA/1,,,https://imgcdn.mckesson.com/CumulusWeb/Images/Item_Detail/536431_right.jpg,,https://mms.mckesson.com/product/536431/American-Diagnostic-Corp-872N
1073893,Aneroid Sphygmomanometer Unit MedSource Pediatric Cuff Arm Nylon Cuff 12 - 17 cm Pocket Aneroid,,MedSource International,MS-BP300,"Electronic, Units, Sphyg.",$10.58 ,,"In Stock - Network (Get it Saturday, Oct 3)",EA/1,,,https://imgcdn.mckesson.com/CumulusWeb/Images/Item_Detail/1073893.jpg,,https://mms.mckesson.com/product/1073893/MedSource-International-MS-BP300
803203,Reusable Blood Pressure Cuff Kit McKesson LUMEON™ 23 to 40 cm Arm Nylon Cuff Adult Cuff,,McKesson Brand,01-845-11ABK-2GM,"Inflation Sets, Sphyg.",$10.58 ,,"In Stock (Get it Tomorrow, Oct 1)",BX/1,,,https://imgcdn.mckesson.com/CumulusWeb/Images/Item_Detail/803203_ppkgleft.jpg,,https://mms.mckesson.com/product/803203/McKesson-Brand-01-845-11ABK-2GM
827020,Safety Lancet SensiLance™ 26 Gauge Retractable Pressure Activated Finger,,Dynarex,7114,"Lancets, Blood Collection",$10.65 ,,"In Stock - Network (Get it Saturday, Oct 3)",BX/100,,,https://imgcdn.mckesson.com/CumulusWeb/Images/Item_Detail/827020_ppkgleft.jpg,,https://mms.mckesson.com/product/827020/Dynarex-7114
1217982,Safety Lancet McKesson 26 Gauge Retractable Pressure Activated Finger,,McKesson Brand,16-PASL26GX,"Lancets, Blood Collection",$10.65 ,,"In Stock (Get it Tomorrow, Oct 1)",BX/100,,,https://imgcdn.mckesson.com/CumulusWeb/Images/Item_Detail/1217982_ppkgfront.jpg,,https://mms.mckesson.com/product/1217982/McKesson-Brand-16-PASL26GX
827019,Safety Lancet SensiLance™ 28 Gauge Retractable Pressure Activated Finger,,Dynarex,7115,"Lancets, Blood Collection",$10.65 ,,"In Stock (Get it Tomorrow, Oct 1)",BX/100,,,https://imgcdn.mckesson.com/CumulusWeb/Images/Item_Detail/827019_ppkgleft.jpg,,https://mms.mckesson.com/product/827019/Dynarex-7115
1029662,Blood Pressure Tubing McKesson LUMEON™ For use with Clock Face Aneroid Sphygmomanometers,,McKesson Brand,01-885NGM,"Accessories, Sphyg.",$10.70 ,,"In Stock (Get it Tomorrow, Oct 1)",PK/1,,,https://imgcdn.mckesson.com/CumulusWeb/Images/Item_Detail/1029662.jpg,,https://mms.mckesson.com/product/1029662/McKesson-Brand-01-885NGM
1165879,Reusable Blood Pressure Cuff 22 to 36 cm Arm Nylon Cuff Medium Cuff,,Drive DeVilbiss Healthcare,BP2001,"Reusable, Cuffs, Sphyg.",$10.78 ,,"In Stock - Network (Get it Tuesday, Oct 6)",EA/1,,,https://imgcdn.mckesson.com/CumulusWeb/Images/Item_Detail/1165879_right.jpg,,https://mms.mckesson.com/product/1165879/Drive-DeVilbiss-Healthcare-BP2001
1237844,Digital Blood Pressure Monitor MABIS® Adult Cuff Wrist Cloth Fabric Cuff 5.3 to 8.5 inches Mobile,,Mabis Healthcare,04-615-001,"Electronic, Units, Sphyg.",$11.79 ,,"In Stock (Get it Tomorrow, Oct 1)",EA/1,,,https://imgcdn.mckesson.com/CumulusWeb/Images/Item_Detail/1237844_front.jpg,,https://mms.mckesson.com/product/1237844/Mabis-Healthcare-04-615-001
1044907,Aneroid Sphygmomanometer Unit MooreBrand® Large Adult Cuff Arm Nylon Cuff 23 - 40 cm Pocket Aneroid,,MedSource International,MS-BP200,"Manual, Units, Sphyg.",$11.91 ,,"In Stock - Network (Get it Saturday, Oct 3)",EA/1,,,https://imgcdn.mckesson.com/CumulusWeb/Images/Item_Detail/1044907_pkit.jpg,,https://mms.mckesson.com/product/1044907/MedSource-International-MS-BP200
363782,Blood Pressure Gauge McKesson Brand For use with Deluxe Aneroid Sphygmomanometers (01-720 Series),,McKesson Brand,01-802GM,"Accessories, Sphyg.",$11.97 ,,"In Stock (Get it Tomorrow, Oct 1)",EA/1,,,https://imgcdn.mckesson.com/CumulusWeb/Images/Item_Detail/363782_ppkgleft.jpg,,https://mms.mckesson.com/product/363782/McKesson-Brand-01-802GM
1217981,Safety Lancet McKesson 21 Gauge Retractable Pressure Activated Finger,,McKesson Brand,16-PASL21GX,"Lancets, Blood Collection",$12.43 ,,"In Stock (Get it Tomorrow, Oct 1)",BX/100,,,https://imgcdn.mckesson.com/CumulusWeb/Images/Item_Detail/1217981_ppkgfront.jpg,,https://mms.mckesson.com/product/1217981/McKesson-Brand-16-PASL21GX
1217983,Safety Lancet McKesson 30 Gauge Retractable Pressure Activated Finger,,McKesson Brand,16-PASL30GX,"Lancets, Blood Collection",$12.43 ,,"In Stock (Get it Tomorrow, Oct 1)",BX/100,,,https://imgcdn.mckesson.com/CumulusWeb/Images/Item_Detail/1217983_ppkgfront.jpg,,https://mms.mckesson.com/product/1217983/McKesson-Brand-16-PASL30GX
803209,Reusable Blood Pressure Cuff and Bulb McKesson LUMEON™ 13.9 to 19.5 cm Arm Nylon Cuff Child Cuff,,McKesson Brand,01-865-9CGRGM,"Inflation Sets, Sphyg.",$13.15 ,,"In Stock (Get it Tomorrow, Oct 1)",BX/1,,,https://imgcdn.mckesson.com/CumulusWeb/Images/Item_Detail/803209_front_.jpg,,https://mms.mckesson.com/product/803209/McKesson-Brand-01-865-9CGRGM
803197,Aneroid Sphygmomanometer Unit McKesson Brand Adult Cuff Arm Nylon Cuff 23 - 40 cm Pocket Aneroid,,McKesson Brand,01-775-11ANGM,"Manual, Units, Sphyg.",$13.58 ,,"In Stock (Get it Tomorrow, Oct 1)",BX/1,,,https://imgcdn.mckesson.com/CumulusWeb/Images/Item_Detail/803197_ppkgleft2.jpg,,https://mms.mckesson.com/product/803197/McKesson-Brand-01-775-11ANGM
625462,Aneroid Sphygmomanometer Unit MABIS®Legacy Adult Cuff Arm Nylon Cuff 28 - 42 cm Pocket Aneroid,,Mabis Healthcare,01-110-021,"Manual, Units, Sphyg.",$13.64 ,,"In Stock - Network (Get it Tuesday, Oct 6)",EA/1,,,https://imgcdn.mckesson.com/CumulusWeb/Images/Item_Detail/625462_front2.jpg,,https://mms.mckesson.com/product/625462/Mabis-Healthcare-01-110-021
363779,Aneroid Sphygmomanometer Unit BASIC Adult Cuff Arm Nylon Cuff 23 - 40 cm Pocket Aneroid,,McKesson Brand,01-776MCE,"Manual, Units, Sphyg.",$13.69 ,,"In Stock (Get it Tomorrow, Oct 1)",EA/1,,,https://imgcdn.mckesson.com/CumulusWeb/Images/Item_Detail/363779_ppkgleft.jpg,,https://mms.mckesson.com/product/363779/McKesson-Brand-01-776MCE
803205,Reusable Blood Pressure Cuff and Bulb McKesson LUMEON™ 19 to 27 cm Arm Nylon Cuff Small Adult Cuff,,McKesson Brand,01-865-10SARBGM,"Inflation Sets, Sphyg.",$13.92 ,,"In Stock (Get it Tomorrow, Oct 1)",BX/1,,,https://imgcdn.mckesson.com/CumulusWeb/Images/Item_Detail/803205_ppkgleft_.jpg,,https://mms.mckesson.com/product/803205/McKesson-Brand-01-865-10SARBGM
803196,Aneroid Sphygmomanometer Unit McKesson Brand Small Adult Cuff Arm Nylon Cuff 19 - 27 cm Pocket Aneroid,,McKesson Brand,01-775-10SANGM,"Manual, Units, Sphyg.",$14.02 ,,"In Stock (Get it Tomorrow, Oct 1)",BX/1,,,https://imgcdn.mckesson.com/CumulusWeb/Images/Item_Detail/803196_ppkgleft.jpg,,https://mms.mckesson.com/product/803196/McKesson-Brand-01-775-10SANGM
401303,Aneroid Sphygmomanometer Unit MABIS®Precision Adult Cuff Arm Nylon Cuff 28 - 42 cm Pocket Aneroid,,Mabis Healthcare,09-141-011,"Manual, Units, Sphyg.",$14.65 ,,"In Stock - Network (Get it Saturday, Oct 3)",EA/1,,,https://imgcdn.mckesson.com/CumulusWeb/Images/Item_Detail/401303_front.jpg,,https://mms.mckesson.com/product/401303/Mabis-Healthcare-09-141-011
1067633,Aneroid Sphygmomanometer Unit McKesson Brand Pediatric Cuff Arm Nylon Cuff 13 - 19.5 cm Pocket Aneroid,,McKesson Brand,775-9CNMM,"Manual, Units, Sphyg.",$14.84 ,,"In Stock (Get it Tomorrow, Oct 1)",EA/1,,,https://imgcdn.mckesson.com/CumulusWeb/Images/Item_Detail/1067633_ppkgleft.jpg,,https://mms.mckesson.com/product/1067633/McKesson-Brand-775-9CNMM
363778,Aneroid Sphygmomanometer Unit BASIC Small Adult Cuff Arm Nylon Cuff 12 - 17 cm Pocket Aneroid,,McKesson Brand,01-776CMCE,"Manual, Units, Sphyg.",$15.18 ,,"In Stock (Get it Tomorrow, Oct 1)",EA/1,,,https://imgcdn.mckesson.com/CumulusWeb/Images/Item_Detail/363778_ppkgleft.jpg,,https://mms.mckesson.com/product/363778/McKesson-Brand-01-776CMCE
1089100,Reusable Blood Pressure Cuff Drive™ 30.4 to 44 cm Arm Nylon Cuff Extra Large Cuff,,Drive DeVilbiss Healthcare,BP2000,"Reusable, Cuffs, Sphyg.",$15.33 ,,"In Stock (Get it Tomorrow, Oct 1)",EA/1,,,https://imgcdn.mckesson.com/CumulusWeb/Images/Item_Detail/1089100_left.jpg,,https://mms.mckesson.com/product/1089100/Drive-DeVilbiss-Healthcare-BP2000
803206,Reusable Blood Pressure Cuff and Bulb McKesson LUMEON™ 23 to 40 cm Arm Nylon Cuff Adult Cuff,,McKesson Brand,01-865-11ABKGM,"Inflation Sets, Sphyg.",$15.76 ,,"In Stock (Get it Tomorrow, Oct 1)",BX/1,,,https://imgcdn.mckesson.com/CumulusWeb/Images/Item_Detail/803206_front_.jpg,,https://mms.mckesson.com/product/803206/McKesson-Brand-01-865-11ABKGM
465774,"Blood Pressure Inflation System Basket ADC® For use with Wall Sphygs 750 W, 952B, 9000W, 9002W",,American Diagnostic Corp,952-025,"Accessories, Sphyg.",$15.95 ,,"In Stock (Get it Tomorrow, Oct 1)",EA/1,,,https://imgcdn.mckesson.com/CumulusWeb/Images/Item_Detail/465774_left.jpg,,https://mms.mckesson.com/product/465774/American-Diagnostic-Corp-952-025
363781,Blood Pressure Gauge McKesson Brand For use with Professional Aneroid Sphygmomanometers (01-700 Series),,McKesson Brand,01-800GM,"Accessories, Sphyg.",$16.66 ,,"In Stock (Get it Tomorrow, Oct 1)",EA/1,,,https://imgcdn.mckesson.com/CumulusWeb/Images/Item_Detail/363781_front.jpg,,https://mms.mckesson.com/product/363781/McKesson-Brand-01-800GM
942744,Reusable Blood Pressure Cuff Advantage™ 17 to 22 cm Arm Nylon Cuff Small Adult Cuff,,American Diagnostic Corp,850-6021NSA,"Reusable, Cuffs, Sphyg.",$16.77 ,,"In Stock - Network (Get it Saturday, Oct 3)",EA/1,,,https://imgcdn.mckesson.com/CumulusWeb/Images/Item_Detail/942744_left.jpg,,https://mms.mckesson.com/product/942744/American-Diagnostic-Corp-850-6021NSA
1160913,Reusable Blood Pressure Cuff Omron® 18 to 23 cm Arm Small Cuff,,Emerson Healthcare,HEM-CS24-B,"Reusable, Cuffs, Sphyg.",$17.69 ,,"In Stock - Network (Get it Saturday, Oct 3)",EA/1,,,https://imgcdn.mckesson.com/CumulusWeb/Images/Item_Detail/1160913_right.jpg,,https://mms.mckesson.com/product/1160913/Emerson-Healthcare-HEM-CS24-B
985418,Reusable Blood Pressure Cuff Omron® 17 to 22.8 cm Arm Nylon Cuff Small Cuff,,Emerson Healthcare,CD-CS9,"Reusable, Cuffs, Sphyg.",$17.69 ,,"In Stock - Network (Get it Saturday, Oct 3)",EA/1,,,https://imgcdn.mckesson.com/CumulusWeb/Images/Item_Detail/985418_ppkgfront.jpg,,https://mms.mckesson.com/product/985418/Emerson-Healthcare-CD-CS9
1160918,Reusable Blood Pressure Cuff Omron® 23 to 45 cm Arm Nylon Cuff Wide Range Adult Cuff,,Emerson Healthcare,HEM-RML31-B,"Reusable, Cuffs, Sphyg.",$17.69 ,,"In Stock - Network (Get it Tuesday, Oct 6)",EA/1,,,https://imgcdn.mckesson.com/CumulusWeb/Images/Item_Detail/1160918_right.jpg,,https://mms.mckesson.com/product/1160918/Emerson-Healthcare-HEM-RML31-B
922151,Reusable Blood Pressure Cuff Omron® 22.8 to 43 cm Arm Nylon Cuff Wide Range Adult Cuff,,Emerson Healthcare,CFX-WR17,"Reusable, Cuffs, Sphyg.",$17.69 ,,"In Stock (Get it Tomorrow, Oct 1)",EA/1,,,https://imgcdn.mckesson.com/CumulusWeb/Images/Item_Detail/922151_right.jpg,,https://mms.mckesson.com/product/922151/Emerson-Healthcare-CFX-WR17
1067632,Reusable Aneroid / Stethoscope Set McKesson Brand 23 to 33 cm Adult Cuff Single Head General Exam Stethoscope Pocket Aneroid,,McKesson Brand,775-660-11ANMM,"Manual, Units, Sphyg.",$17.88 ,,"In Stock (Get it Tomorrow, Oct 1)",EA/1,,,https://imgcdn.mckesson.com/CumulusWeb/Images/Item_Detail/1067632_front.jpg,,https://mms.mckesson.com/product/1067632/McKesson-Brand-775-660-11ANMM
803198,Aneroid Sphygmomanometer Unit McKesson Brand Large Adult Cuff Arm Nylon Cuff 34 - 50 cm Pocket Aneroid,,McKesson Brand,01-775-12XNGM,"Manual, Units, Sphyg.",$18.23 ,,"In Stock (Get it Tomorrow, Oct 1)",BX/1,,,https://imgcdn.mckesson.com/CumulusWeb/Images/Item_Detail/803198_ppkgleft.jpg,,https://mms.mckesson.com/product/803198/McKesson-Brand-01-775-12XNGM
1188759,Safety Lancet Unistik™ 28 Gauge Retractable Pressure Activated Finger,,,,"Lancets, Blood Collection",$18.51 ,,"In Stock - Network (Get it Saturday, Oct 3)",BX/200,,,https://imgcdn.mckesson.com/CumulusWeb/Images/Item_Detail/1188759_pkgright.jpg,,https://mms.mckesson.com/product/1188759/Owen-Mumford-AT-1444
501875,Reusable Aneroid / Stethoscope Set Adult Cuff Single Head General Exam Stethoscope Pocket Aneroid,,Graham-Field,100-021,"Manual, Units, Sphyg.",$18.83 ,,"In Stock - Network (Get it Tuesday, Oct 6)",EA/1,,,https://imgcdn.mckesson.com/CumulusWeb/Images/Item_Detail/501875_front.jpg,,https://mms.mckesson.com/product/501875/Graham-Field-100-021
781444,Blood Pressure Cuff Barrier Hopkins® For use with Blood Pressure Cuff,,Hopkins Medical Products,690052,"Accessories, Sphyg.",$18.85 ,,"In Stock - Network (Get it Saturday, Oct 3)",PK/100,,,https://imgcdn.mckesson.com/CumulusWeb/Images/Item_Detail/781444_right.jpg,,https://mms.mckesson.com/product/781444/Hopkins-Medical-Products-690052
1165772,Safety Lancet Unistik Touch 23 Gauge Retractable Pressure Activated Finger,,,,"Lancets, Blood Collection",$19.06 ,,"In Stock - Network (Get it Tuesday, Oct 6)",BX/200,,,https://imgcdn.mckesson.com/CumulusWeb/Images/Item_Detail/1165772_right.jpg,,https://mms.mckesson.com/product/1165772/Owen-Mumford-AT-1404
592577,Reusable Blood Pressure Cuff Accufit® 36 to 45 cm Arm Nylon Cuff Large Cuff,,A&D Engineering,UA-281A,"Reusable, Cuffs, Sphyg.",$19.39 ,,"In Stock - Network (Get it Friday, Oct 2)",EA/1,,,https://imgcdn.mckesson.com/CumulusWeb/Images/Item_Detail/592577_front.jpg,,https://mms.mckesson.com/product/592577/AD-Engineering-UA-281A
1239871,Single Patient Use Blood Pressure Cuff Medline Arm Soft Fabric Cuff Small Adult Cuff,,Medline,MDS9912,"Reusable, Cuffs, Sphyg.",$19.48 ,,In Stock - Network,BG/5,,,https://imgcdn.mckesson.com/CumulusWeb/Images/Item_Detail/1239871_front.jpg,,https://mms.mckesson.com/product/1239871/Medline-MDS9912
1041132,Reusable Blood Pressure Cuff Home™ 22 to 42 cm Arm Nylon Cuff Wide Range Adult Cuff,,Welch Allyn,RPM-BPACC-02,"Reusable, Cuffs, Sphyg.",$19.60 ,,"In Stock - Network (Get it Saturday, Oct 3)",EA/1,,,https://imgcdn.mckesson.com/CumulusWeb/Images/Item_Detail/1041132.jpg,,https://mms.mckesson.com/product/1041132/Welch-Allyn-RPM-BPACC-02
363780,Aneroid Sphygmomanometer Unit BASIC Large Adult Cuff Arm Nylon Cuff 34 - 50 cm Pocket Aneroid,,McKesson Brand,01-776XMCE,"Manual, Units, Sphyg.",$19.60 ,,"In Stock (Get it Tomorrow, Oct 1)",EA/1,,,https://imgcdn.mckesson.com/CumulusWeb/Images/Item_Detail/363780_ppkgleft.jpg,,https://mms.mckesson.com/product/363780/McKesson-Brand-01-776XMCE
803207,Reusable Blood Pressure Cuff and Bulb McKesson LUMEON™ 34 to 50 cm Arm Nylon Cuff Large Adult Cuff,,McKesson Brand,01-865-12XBDGM,"Inflation Sets, Sphyg.",$20.06 ,,"In Stock (Get it Tomorrow, Oct 1)",BX/1,,,https://imgcdn.mckesson.com/CumulusWeb/Images/Item_Detail/803207_front.jpg,,https://mms.mckesson.com/product/803207/McKesson-Brand-01-865-12XBDGM
1067606,Aneroid Sphygmomanometer Unit McKesson Deluxe Adult Cuff Arm Nylon Cuff 23 - 40 cm Pocket Aneroid,,McKesson Brand,720-11AORMM,"Manual, Units, Sphyg.",$20.15 ,,"In Stock (Get it Tomorrow, Oct 1)",EA/1,,,https://imgcdn.mckesson.com/CumulusWeb/Images/Item_Detail/1067606_front.jpg,,https://mms.mckesson.com/product/1067606/McKesson-Brand-720-11AORMM
653517,Reusable Blood Pressure Cuff FlexiPort® 7 to 10 cm Arm Nylon Cuff Infant Cuff,,Welch Allyn,REUSE-06,"Reusable, Cuffs, Sphyg.",$20.26 ,,"In Stock (Get it Tomorrow, Oct 1)",EA/1,,,https://imgcdn.mckesson.com/CumulusWeb/Images/Item_Detail/653517_front.jpg,,https://mms.mckesson.com/product/653517/Welch-Allyn-REUSE-06
1067617,Aneroid Sphygmomanometer Unit McKesson Premium Adult Cuff Arm Nylon Cuff 23 - 40 cm Pocket Aneroid,,McKesson Brand,768-11AORMM,"Manual, Units, Sphyg.",$20.68 ,,"In Stock - Network (Get it Saturday, Oct 3)",EA/1,,,https://imgcdn.mckesson.com/CumulusWeb/Images/Item_Detail/1067617_left.jpg,,https://mms.mckesson.com/product/1067617/McKesson-Brand-768-11AORMM
662033,Reusable Blood Pressure Cuff FlexiPort® 9 to 13 cm Arm Nylon Cuff Infant Cuff,,Welch Allyn,REUSE-07-2MQ,"Reusable, Cuffs, Sphyg.",$21 ,,"In Stock - Network (Get it Tuesday, Oct 6)",EA/1,,,https://imgcdn.mckesson.com/CumulusWeb/Images/Item_Detail/662033.jpg,,https://mms.mckesson.com/product/662033/Welch-Allyn-REUSE-07-2MQ
653646,Reusable Blood Pressure Cuff FlexiPort® 12 to 16 cm Arm Nylon Cuff Small Child Cuff,,Welch Allyn,REUSE-08,"Reusable, Cuffs, Sphyg.",$21 ,,"In Stock (Get it Tomorrow, Oct 1)",EA/1,,,https://imgcdn.mckesson.com/CumulusWeb/Images/Item_Detail/653646_front.jpg,,https://mms.mckesson.com/product/653646/Welch-Allyn-REUSE-08
653644,Reusable Blood Pressure Cuff FlexiPort® 9 to 13 cm Arm Nylon Cuff Infant Cuff,,Welch Allyn,REUSE-07,"Reusable, Cuffs, Sphyg.",$21 ,,"In Stock (Get it Tomorrow, Oct 1)",EA/1,,,https://imgcdn.mckesson.com/CumulusWeb/Images/Item_Detail/653644_front.jpg,,https://mms.mckesson.com/product/653644/Welch-Allyn-REUSE-07
651793,Reusable Blood Pressure Cuff FlexiPort® 12 to 16 cm Arm Nylon Cuff Small Child Cuff,,Welch Allyn,REUSE-08-1SC,"Reusable, Cuffs, Sphyg.",$21 ,,"In Stock (Get it Tomorrow, Oct 1)",EA/1,,,https://imgcdn.mckesson.com/CumulusWeb/Images/Item_Detail/651793_front.jpg,,https://mms.mckesson.com/product/651793/Welch-Allyn-REUSE-08-1SC
942745,Reusable Blood Pressure Cuff Advantage™ Ultra 32 to 52 cm Arm Nylon Cuff Large Adult Cuff,,American Diagnostic Corp,850-6022NX,"Reusable, Cuffs, Sphyg.",$21.18 ,,"In Stock (Get it Tomorrow, Oct 1)",EA/1,,,https://imgcdn.mckesson.com/CumulusWeb/Images/Item_Detail/942745_left.jpg,,https://mms.mckesson.com/product/942745/American-Diagnostic-Corp-850-6022NX
1067616,Aneroid Sphygmomanometer Unit McKesson Premium Adult Cuff Arm Nylon Cuff 23 - 40 cm Pocket Aneroid,,McKesson Brand,768-11ANMM,"Manual, Units, Sphyg.",$21.59 ,,"In Stock (Get it Tomorrow, Oct 1)",EA/1,,,https://imgcdn.mckesson.com/CumulusWeb/Images/Item_Detail/1067616_pdet.jpg,,https://mms.mckesson.com/product/1067616/McKesson-Brand-768-11ANMM
1067613,Aneroid Sphygmomanometer Unit McKesson Premium Adult Cuff Arm Nylon Cuff 23 - 40 cm Pocket Aneroid,,McKesson Brand,768-11ABKMM,"Manual, Units, Sphyg.",$21.59 ,,"In Stock (Get it Tomorrow, Oct 1)",EA/1,,,https://imgcdn.mckesson.com/CumulusWeb/Images/Item_Detail/1067613_pdet.jpg,,https://mms.mckesson.com/product/1067613/McKesson-Brand-768-11ABKMM
803204,Reusable Blood Pressure Cuff McKesson LUMEON™ 34 to 50 cm Arm Nylon Cuff Large Adult Cuff,,McKesson Brand,01-845-12XBD-2GM,"Inflation Sets, Sphyg.",$21.69 ,,"In Stock (Get it Tomorrow, Oct 1)",BX/1,,,https://imgcdn.mckesson.com/CumulusWeb/Images/Item_Detail/803204_ppkgleft.jpg,,https://mms.mckesson.com/product/803204/McKesson-Brand-01-845-12XBD-2GM
653435,Reusable Blood Pressure Cuff FlexiPort® 15 to 21 cm Arm Nylon Cuff Child Cuff,,Welch Allyn,REUSE-09-2MQ,"Reusable, Cuffs, Sphyg.",$21.75 ,,"In Stock - Network (Get it Tuesday, Oct 6)",EA/1,,,https://imgcdn.mckesson.com/CumulusWeb/Images/Item_Detail/653435.jpg,,https://mms.mckesson.com/product/653435/Welch-Allyn-REUSE-09-2MQ
653633,Reusable Blood Pressure Cuff FlexiPort® 15 to 21 cm Arm Nylon Cuff Child Cuff,,Welch Allyn,REUSE-09,"Reusable, Cuffs, Sphyg.",$21.75 ,,"In Stock (Get it Tomorrow, Oct 1)",EA/1,,,https://imgcdn.mckesson.com/CumulusWeb/Images/Item_Detail/653633_pkgfront.jpg,,https://mms.mckesson.com/product/653633/Welch-Allyn-REUSE-09
651754,Reusable Blood Pressure Cuff FlexiPort® 15 to 21 cm Arm Nylon Cuff Child Cuff,,Welch Allyn,REUSE-09-1SC,"Reusable, Cuffs, Sphyg.",$21.75 ,,"In Stock (Get it Tomorrow, Oct 1)",EA/1,,,https://imgcdn.mckesson.com/CumulusWeb/Images/Item_Detail/651754_front.jpg,,https://mms.mckesson.com/product/651754/Welch-Allyn-REUSE-09-1SC
803186,Aneroid Sphygmomanometer Unit McKesson LUMEON™ Adult Cuff Arm Nylon Cuff 23 - 40 cm Pocket Aneroid,,McKesson Brand,01-720-11ABKGM,"Manual, Units, Sphyg.",$22.25 ,,"In Stock (Get it Tomorrow, Oct 1)",BX/1,,,https://imgcdn.mckesson.com/CumulusWeb/Images/Item_Detail/803186_front.jpg,,https://mms.mckesson.com/product/803186/McKesson-Brand-01-720-11ABKGM
1247529,Home Automatic Digital Blood Pressure Monitor Zomee Extra Large Cuff Arm Nylon Cuff 16.5 to 21 Inch Desk Model,,Zev Supplies Corp,ZBPM-XL,Breast Pumps & Accessories,$22.35 ,,"In Stock (Get it Tomorrow, Oct 1)",EA/1,,,https://imgcdn.mckesson.com/CumulusWeb/Images/Item_Detail/1247529_pkit.jpg,,https://mms.mckesson.com/product/1247529/Zev-Supplies-Corp-ZBPM-XL
1247509,Home Automatic Digital Blood Pressure Monitor Zomee Adult Cuff Arm Nylon Cuff 8.5 to 16.5 Inch Desk Model,,Zev Supplies Corp,ZBPM-S,Breast Pumps & Accessories,$22.35 ,,"In Stock (Get it Tomorrow, Oct 1)",EA/1,,,https://imgcdn.mckesson.com/CumulusWeb/Images/Item_Detail/1247509_right.jpg,,https://mms.mckesson.com/product/1247509/Zev-Supplies-Corp-ZBPM-S
653436,Reusable Blood Pressure Cuff FlexiPort® 20 to 26 cm Arm Nylon Cuff Small Adult Cuff,,Welch Allyn,REUSE-10-2MQ,"Reusable, Cuffs, Sphyg.",$22.49 ,,"In Stock - Network (Get it Saturday, Oct 3)",EA/1,,,https://imgcdn.mckesson.com/CumulusWeb/Images/Item_Detail/653436_front.jpg,,https://mms.mckesson.com/product/653436/Welch-Allyn-REUSE-10-2MQ
662618,Reusable Blood Pressure Cuff FlexiPort® 20 to 26 cm Arm Nylon Cuff Small Adult Cuff,,Welch Allyn,REUSE-10-1MQ,"Reusable, Cuffs, Sphyg.",$22.49 ,,"In Stock - Network (Get it Tuesday, Oct 6)",EA/1,,,https://imgcdn.mckesson.com/CumulusWeb/Images/Item_Detail/662618.jpg,,https://mms.mckesson.com/product/662618/Welch-Allyn-REUSE-10-1MQ
653634,Reusable Blood Pressure Cuff FlexiPort® 20 to 26 cm Arm Nylon Cuff Small Adult Cuff,,Welch Allyn,REUSE-10,"Reusable, Cuffs, Sphyg.",$22.49 ,,"In Stock (Get it Tomorrow, Oct 1)",EA/1,,,https://imgcdn.mckesson.com/CumulusWeb/Images/Item_Detail/653634_left.jpg,,https://mms.mckesson.com/product/653634/Welch-Allyn-REUSE-10
651727,Reusable Blood Pressure Cuff FlexiPort® 20 to 26 cm Arm Nylon Cuff Small Adult Cuff,,Welch Allyn,REUSE-10-1SC,"Reusable, Cuffs, Sphyg.",$22.49 ,,"In Stock (Get it Tomorrow, Oct 1)",EA/1,,,https://imgcdn.mckesson.com/CumulusWeb/Images/Item_Detail/651727_front.jpg,,https://mms.mckesson.com/product/651727/Welch-Allyn-REUSE-10-1SC
992804,Aneroid Sphygmomanometer Unit Prosphyg™775 Series Adult Cuff Arm Nylon Cuff 23 - 40 cm Pocket Aneroid,,American Diagnostic Corp,775-11AN,"Manual, Units, Sphyg.",$22.49 ,,"In Stock (Get it Tomorrow, Oct 1)",EA/1,,,https://imgcdn.mckesson.com/CumulusWeb/Images/Item_Detail/992804_right.jpg,,https://mms.mckesson.com/product/992804/American-Diagnostic-Corp-775-11AN
651755,Reusable Blood Pressure Cuff FlexiPort® 20 to 26 cm Arm Nylon Cuff Small Adult Cuff,,Welch Allyn,REUSE-10-2TP,"Reusable, Cuffs, Sphyg.",$22.49 ,,"In Stock (Get it Tomorrow, Oct 1)",EA/1,,,https://imgcdn.mckesson.com/CumulusWeb/Images/Item_Detail/651755_front.jpg,,https://mms.mckesson.com/product/651755/Welch-Allyn-REUSE-10-2TP
647323,Aneroid Sphygmomanometer Unit Prosphyg™775 Series Small Adult Cuff Arm Nylon Cuff 19 - 27 cm Pocket Aneroid,,American Diagnostic Corp,775-10SAN,"Manual, Units, Sphyg.",$22.49 ,,"In Stock (Get it Tomorrow, Oct 1)",EA/1,,,https://imgcdn.mckesson.com/CumulusWeb/Images/Item_Detail/647323_right.jpg,,https://mms.mckesson.com/product/647323/American-Diagnostic-Corp-775-10SAN
1041134,Blood Pressure Unit AC Adapter Welch Allyn® For use with Blood Pressure Monitor,,Welch Allyn,RPM-BPACC-04,"Accessories, Sphyg.",$22.87 ,,"In Stock - Network (Get it Tuesday, Oct 6)",EA/1,,,https://imgcdn.mckesson.com/CumulusWeb/Images/Item_Detail/1041134.jpg,,https://mms.mckesson.com/product/1041134/Welch-Allyn-RPM-BPACC-04
803189,Aneroid Sphygmomanometer Unit McKesson LUMEON™ Pediatric Cuff Arm Nylon Cuff 13 - 19.5 cm Pocket Aneroid,,McKesson Brand,01-720-9CGRGM,"Manual, Units, Sphyg.",$23.02 ,,"In Stock (Get it Tomorrow, Oct 1)",BX/1,,,https://imgcdn.mckesson.com/CumulusWeb/Images/Item_Detail/803189_ppkgleft.jpg,,https://mms.mckesson.com/product/803189/McKesson-Brand-01-720-9CGRGM
651796,Reusable Blood Pressure Cuff FlexiPort® 25 to 34 cm Arm Nylon Cuff Adult Cuff,,Welch Allyn,REUSE-11-2SC,"Reusable, Cuffs, Sphyg.",$23.23 ,,"In Stock - Network (Get it Saturday, Oct 3)",EA/1,,,https://imgcdn.mckesson.com/CumulusWeb/Images/Item_Detail/651796.jpg,,https://mms.mckesson.com/product/651796/Welch-Allyn-REUSE-11-2SC
653635,Reusable Blood Pressure Cuff FlexiPort® 25 to 34 cm Arm Nylon Cuff Adult Cuff,,Welch Allyn,REUSE-11,"Reusable, Cuffs, Sphyg.",$23.23 ,,"In Stock (Get it Tomorrow, Oct 1)",EA/1,,,https://imgcdn.mckesson.com/CumulusWeb/Images/Item_Detail/653635_pdet.jpg,,https://mms.mckesson.com/product/653635/Welch-Allyn-REUSE-11
651524,Reusable Blood Pressure Cuff FlexiPort® 25 to 34 cm Arm Nylon Cuff Adult Cuff,,Welch Allyn,REUSE-11-1SC,"Reusable, Cuffs, Sphyg.",$23.23 ,,"In Stock (Get it Tomorrow, Oct 1)",EA/1,,,https://imgcdn.mckesson.com/CumulusWeb/Images/Item_Detail/651524_front.jpg,,https://mms.mckesson.com/product/651524/Welch-Allyn-REUSE-11-1SC
651752,Reusable Blood Pressure Cuff FlexiPort® 25 to 34 cm Arm Nylon Cuff Adult Cuff,,Welch Allyn,REUSE-11-2MQ,"Reusable, Cuffs, Sphyg.",$23.23 ,,"In Stock (Get it Tomorrow, Oct 1)",EA/1,,,https://imgcdn.mckesson.com/CumulusWeb/Images/Item_Detail/651752_front.jpg,,https://mms.mckesson.com/product/651752/Welch-Allyn-REUSE-11-2MQ
850936,Reusable Blood Pressure Cuff and Bulb McKesson LUMEON™ 40 to 66 cm Leg Nylon Cuff Thigh Cuff,,McKesson Brand,01-865-13TBRGM,"Inflation Sets, Sphyg.",$23.42 ,,"In Stock (Get it Tomorrow, Oct 1)",BX/1,,,https://imgcdn.mckesson.com/CumulusWeb/Images/Item_Detail/850936_front_.jpg,,https://mms.mckesson.com/product/850936/McKesson-Brand-01-865-13TBRGM
1226067,Home Automatic Digital Blood Pressure Monitor Smartheart Adult Cuff Arm Nylon Cuff 13.5 to 21.5 cm Talking Model,,Veridian Healthcare LLC,01-527,"Electronic, Units, Sphyg.",$23.53 ,,"In Stock (Get it Tomorrow, Oct 1)",EA/1,,,https://imgcdn.mckesson.com/CumulusWeb/Images/Item_Detail/1226067_pkgright.jpg,,https://mms.mckesson.com/product/1226067/Veridian-Healthcare-LLC-01-527
1067608,Aneroid Sphygmomanometer Unit McKesson Deluxe Large Adult Cuff Arm Nylon Cuff 34 - 50 cm Pocket Aneroid,,McKesson Brand,720-12XORMM,"Manual, Units, Sphyg.",$23.79 ,,"In Stock (Get it Tomorrow, Oct 1)",EA/1,,,https://imgcdn.mckesson.com/CumulusWeb/Images/Item_Detail/1067608_front.jpg,,https://mms.mckesson.com/product/1067608/McKesson-Brand-720-12XORMM
268595,Aneroid Sphygmomanometer Unit MABIS®Precision Pediatric Cuff Arm Nylon Cuff 20 - 29 cm Pocket Aneroid,,Mabis Healthcare,01-140-015,"Manual, Units, Sphyg.",$23.90 ,,In Stock,EA/1,,,https://imgcdn.mckesson.com/CumulusWeb/Images/Item_Detail/268595_pdet.jpg,,https://mms.mckesson.com/product/268595/Mabis-Healthcare-01-140-015
1012669,Home Automatic Digital Blood Pressure Monitor MABIS® One Size Fits Most Cuff Wrist Nylon Cuff 13 - 21 cm Mobile,,Mabis Healthcare,04-810-001,"Electronic, Units, Sphyg.",$24.18 ,,"In Stock (Get it Tomorrow, Oct 1)",EA/1,,,https://imgcdn.mckesson.com/CumulusWeb/Images/Item_Detail/1012669_right.jpg,,https://mms.mckesson.com/product/1012669/Mabis-Healthcare-04-810-001
1226072,Reusable Aneroid / Stethoscope Set Veridian 27.9 to 41.6 cm Adult Cuff Dual Head General Exam Stethoscope Pocket Aneroid,,Veridian Healthcare LLC,02-12601,"Manual, Units, Sphyg.",$24.33 ,,"In Stock - Network (Get it Saturday, Oct 3)",EA/1,,,https://imgcdn.mckesson.com/CumulusWeb/Images/Item_Detail/1226072_pkit.jpg,,https://mms.mckesson.com/product/1226072/Veridian-Healthcare-LLC-02-12601
653516,Blood Pressure Cuff Fitting Welch Allyn®,,Welch Allyn,PORT-2,"Accessories, Sphyg.",$24.53 ,,"In Stock - Network (Get it Tuesday, Oct 6)",PK/10,,,https://imgcdn.mckesson.com/CumulusWeb/Images/Item_Detail/653516_front.jpg,,https://mms.mckesson.com/product/653516/Welch-Allyn-PORT-2
1226088,Reusable Aneroid / Stethoscope Set Veridian 27.9 to 41.6 cm Adult Cuff Dual Head General Exam Stethoscope Pocket Aneroid,,Veridian Healthcare LLC,02-12604,"Manual, Units, Sphyg.",$24.55 ,,"In Stock - Network (Get it Saturday, Oct 3)",EA/1,,,https://imgcdn.mckesson.com/CumulusWeb/Images/Item_Detail/1226088_pkit.jpg,,https://mms.mckesson.com/product/1226088/Veridian-Healthcare-LLC-02-12604
481137,Reusable Aneroid / Stethoscope Set Advantage™ 24 to 33.6 cm Adult Cuff Single Head General Exam Stethoscope Pocket Aneroid,,American Diagnostic Corp,6005,"Manual, Units, Sphyg.",$24.57 ,,"In Stock (Get it Tomorrow, Oct 1)",EA/1,,,https://imgcdn.mckesson.com/CumulusWeb/Images/Item_Detail/481137_pkgleft.jpg,,https://mms.mckesson.com/product/481137/American-Diagnostic-Corp-6005
1039407,Reusable Aneroid / Stethoscope Set Lumiscope® Adult Cuff Dual Head Sprague Stethoscope Pocket Aneroid,,Graham-Field,100-040BK,"Manual, Units, Sphyg.",$24.70 ,,"In Stock (Get it Tomorrow, Oct 1)",EA/1,,,https://imgcdn.mckesson.com/CumulusWeb/Images/Item_Detail/1039407_pkit.jpg,,https://mms.mckesson.com/product/1039407/Graham-Field-100-040BK
803185,Aneroid Sphygmomanometer Unit McKesson LUMEON™ Small Adult Cuff Arm Nylon Cuff 19 - 27 cm Pocket Aneroid,,McKesson Brand,01-720-10SARBGM,"Manual, Units, Sphyg.",$24.81 ,,"In Stock (Get it Tomorrow, Oct 1)",BX/1,,,https://imgcdn.mckesson.com/CumulusWeb/Images/Item_Detail/803185_front2.jpg,,https://mms.mckesson.com/product/803185/McKesson-Brand-01-720-10SARBGM
803187,Aneroid Sphygmomanometer Unit McKesson LUMEON™ Large Adult Cuff Arm Nylon Cuff 34 - 50 cm Pocket Aneroid,,McKesson Brand,01-720-12XBDGM,"Manual, Units, Sphyg.",$25.27 ,,"In Stock (Get it Tomorrow, Oct 1)",BX/1,,,https://imgcdn.mckesson.com/CumulusWeb/Images/Item_Detail/803187_front.jpg,,https://mms.mckesson.com/product/803187/McKesson-Brand-01-720-12XBDGM
935036,Reusable Blood Pressure Cuff ADC® 34 to 50 cm Arm Nylon Cuff Large Adult Cuff,,American Diagnostic Corp,845-780-12XN-2,"Inflation Sets, Sphyg.",$25.56 ,,"In Stock - Network (Get it Friday, Oct 2)",EA/1,,,https://imgcdn.mckesson.com/CumulusWeb/Images/Item_Detail/935036.jpg,,https://mms.mckesson.com/product/935036/American-Diagnostic-Corp-845-780-12XN-2
803182,Aneroid Sphygmomanometer Unit McKesson LUMEON™ Small Adult Cuff Arm Nylon Cuff 19 - 27 cm Pocket Aneroid,,McKesson Brand,01-700-10SARBGM,"Manual, Units, Sphyg.",$25.77 ,,"In Stock (Get it Tomorrow, Oct 1)",BX/1,,,https://imgcdn.mckesson.com/CumulusWeb/Images/Item_Detail/803182_front.jpg,,https://mms.mckesson.com/product/803182/McKesson-Brand-01-700-10SARBGM
803183,Aneroid Sphygmomanometer Unit McKesson LUMEON™ Adult Cuff Arm Nylon Cuff 23 - 40 cm Pocket Aneroid,,McKesson Brand,01-700-11ABKGM,"Manual, Units, Sphyg.",$25.87 ,,"In Stock (Get it Tomorrow, Oct 1)",BX/1,,,https://imgcdn.mckesson.com/CumulusWeb/Images/Item_Detail/803183_front.jpg,,https://mms.mckesson.com/product/803183/McKesson-Brand-01-700-11ABKGM
626464,Reusable Blood Pressure Cuff Mindray™ 33 to 47 cm Arm Nylon Cuff Large Adult Cuff,,Mindray USA,115-027716-00,"Reusable, Cuffs, Sphyg.",$26.35 ,,"In Stock (Get it Tomorrow, Oct 1)",EA/1,,,https://imgcdn.mckesson.com/CumulusWeb/Images/Item_Detail/626464_front.jpg,,https://mms.mckesson.com/product/626464/Mindray-USA-115-027716-00
1192930,Reusable Blood Pressure Cuff 40 to 54 cm Arm Nylon Cuff Extra Large Cuff,,Welch Allyn,BPACC-03,"Reusable, Cuffs, Sphyg.",$26.40 ,,"In Stock - Network (Get it Tuesday, Oct 6)",EA/1,,,https://imgcdn.mckesson.com/CumulusWeb/Images/Item_Detail/1192930_right_.jpg,,https://mms.mckesson.com/product/1192930/Welch-Allyn-BPACC-03
662641,Reusable Blood Pressure Cuff FlexiPort® 32 to 43 cm Arm Nylon Cuff Large Adult Cuff,,Welch Allyn,REUSE-12,"Reusable, Cuffs, Sphyg.",$26.40 ,,"In Stock (Get it Tomorrow, Oct 1)",EA/1,,,https://imgcdn.mckesson.com/CumulusWeb/Images/Item_Detail/662641_pdet.jpg,,https://mms.mckesson.com/product/662641/Welch-Allyn-REUSE-12
651787,Reusable Blood Pressure Cuff FlexiPort® 32 to 43 cm Arm Nylon Cuff Large Adult Cuff,,Welch Allyn,REUSE-12-1SC,"Reusable, Cuffs, Sphyg.",$26.40 ,,"In Stock (Get it Tomorrow, Oct 1)",EA/1,,,https://imgcdn.mckesson.com/CumulusWeb/Images/Item_Detail/651787_front.jpg,,https://mms.mckesson.com/product/651787/Welch-Allyn-REUSE-12-1SC
1041133,Reusable Blood Pressure Cuff Home™ 40 to 54 cm Arm Nylon Cuff Extra Large Cuff,,Welch Allyn,RPM-BPACC-03,"Reusable, Cuffs, Sphyg.",$26.40 ,,"In Stock (Get it Tomorrow, Oct 1)",EA/1,,,https://imgcdn.mckesson.com/CumulusWeb/Images/Item_Detail/1041133_right.jpg,,https://mms.mckesson.com/product/1041133/Welch-Allyn-RPM-BPACC-03
651753,Reusable Blood Pressure Cuff FlexiPort® 32 to 43 cm Arm Nylon Cuff Large Adult Cuff,,Welch Allyn,REUSE-12-2MQ,"Reusable, Cuffs, Sphyg.",$26.40 ,,"In Stock (Get it Tomorrow, Oct 1)",EA/1,,,https://imgcdn.mckesson.com/CumulusWeb/Images/Item_Detail/651753_front.jpg,,https://mms.mckesson.com/product/651753/Welch-Allyn-REUSE-12-2MQ
854387,Home Automatic Digital Blood Pressure Monitor McKesson One Size Fits Most Cuff Wrist Nylon Cuff Desk Model,,McKesson Brand,1990,"Electronic, Units, Sphyg.",$26.44 ,,"In Stock (Get it Tomorrow, Oct 1)",EA/1,,,https://imgcdn.mckesson.com/CumulusWeb/Images/Item_Detail/854387_ppkgleft.jpg,,https://mms.mckesson.com/product/854387/McKesson-Brand-1990
1012666,Home Automatic Digital Blood Pressure Monitor MABIS® Large Cuff Arm Nylon Cuff 23 - 40 cm Desk Model,,Mabis Healthcare,04-635-001,"Electronic, Units, Sphyg.",$26.50 ,,"In Stock (Get it Tomorrow, Oct 1)",EA/1,,,https://imgcdn.mckesson.com/CumulusWeb/Images/Item_Detail/1012666_front.jpg,,https://mms.mckesson.com/product/1012666/Mabis-Healthcare-04-635-001
421655,Aneroid Sphygmomanometer Unit Prosphyg™760 Series Adult Cuff Arm Nylon Cuff 23 - 40 cm Pocket Aneroid,,American Diagnostic Corp,760-11ABK,"Manual, Units, Sphyg.",$26.62 ,,"In Stock - Network (Get it Saturday, Oct 3)",EA/1,,,https://imgcdn.mckesson.com/CumulusWeb/Images/Item_Detail/421655_left.jpg,,https://mms.mckesson.com/product/421655/American-Diagnostic-Corp-760-11ABK
995509,Aneroid Sphygmomanometer Unit McKesson LUMEON™ Pediatric Cuff Arm Nylon Cuff 13 - 19.5 cm Pocket Aneroid,,McKesson Brand,01-700-9CGRGM,"Manual, Units, Sphyg.",$26.65 ,,"In Stock (Get it Tomorrow, Oct 1)",BX/1,,,https://imgcdn.mckesson.com/CumulusWeb/Images/Item_Detail/995509_front.jpg,,https://mms.mckesson.com/product/995509/McKesson-Brand-01-700-9CGRGM
651756,Reusable Blood Pressure Cuff FlexiPort® 25 to 34 cm Arm Nylon Cuff Adult Long Cuff,,Welch Allyn,REUSE-11L-1SC,"Reusable, Cuffs, Sphyg.",$27.14 ,,"In Stock - Network (Get it Friday, Oct 2)",EA/1,,,https://imgcdn.mckesson.com/CumulusWeb/Images/Item_Detail/651756_front.jpg,,https://mms.mckesson.com/product/651756/Welch-Allyn-REUSE-11L-1SC
661371,Reusable Blood Pressure Cuff FlexiPort® 25 to 34 cm Arm Nylon Cuff Adult Long Cuff,,Welch Allyn,REUSE-11L-2SC,"Reusable, Cuffs, Sphyg.",$27.14 ,,"In Stock - Network (Get it Friday, Oct 2)",EA/1,,,https://imgcdn.mckesson.com/CumulusWeb/Images/Item_Detail/661371.jpg,,https://mms.mckesson.com/product/661371/Welch-Allyn-REUSE-11L-2SC
733598,Reusable Blood Pressure Cuff FlexiPort® 25 to 34 cm Arm Nylon Cuff Adult Long Cuff,,Welch Allyn,REUSE-11L-2MQ,"Reusable, Cuffs, Sphyg.",$27.14 ,,"In Stock - Network (Get it Tuesday, Oct 6)",EA/1,,,https://imgcdn.mckesson.com/CumulusWeb/Images/Item_Detail/733598.jpg,,https://mms.mckesson.com/product/733598/Welch-Allyn-REUSE-11L-2MQ
653647,Reusable Blood Pressure Cuff FlexiPort® 25 to 34 cm Arm Nylon Cuff Adult Long Cuff,,Welch Allyn,REUSE-11L,"Reusable, Cuffs, Sphyg.",$27.14 ,,"In Stock (Get it Tomorrow, Oct 1)",EA/1,,,https://imgcdn.mckesson.com/CumulusWeb/Images/Item_Detail/653647_front.jpg,,https://mms.mckesson.com/product/653647/Welch-Allyn-REUSE-11L
778514,Blood Pressure Hose For use with Blood Pressure Monitor,,Mindray USA,6200-30-09688,"Accessories, Sphyg.",$27.23 ,,"In Stock (Get it Tomorrow, Oct 1)",EA/1,,,https://imgcdn.mckesson.com/CumulusWeb/Images/Item_Detail/778514.jpg,,https://mms.mckesson.com/product/778514/Mindray-USA-6200-30-09688
935051,Reusable Blood Pressure Cuff and Bulb Adcuff™ 19 to 27 cm Arm Nylon Cuff Small Adult Cuff,,American Diagnostic Corp,865-10SABK,"Inflation Sets, Sphyg.",$27.72 ,,"In Stock - Network (Get it Tuesday, Oct 6)",EA/1,,,https://imgcdn.mckesson.com/CumulusWeb/Images/Item_Detail/935051_left.jpg,,https://mms.mckesson.com/product/935051/American-Diagnostic-Corp-865-10SABK
1089467,Reusable Aneroid / Stethoscope Set McKesson Brand 23 to 33 cm Adult Cuff Dual Head Sprague Stethoscope Pocket Aneroid,,McKesson Brand,775-641-11ANMM,"Manual, Units, Sphyg.",$27.88 ,,"In Stock (Get it Tomorrow, Oct 1)",EA/1,,,https://imgcdn.mckesson.com/CumulusWeb/Images/Item_Detail/1089467_front.jpg,,https://mms.mckesson.com/product/1089467/McKesson-Brand-775-641-11ANMM
682576,Reusable Blood Pressure Cuff Mindray™ 24 to 35 cm Arm Nylon Cuff Adult Cuff,,Mindray USA,115-027715-00,"Disposable, Cuffs, Sphyg.",$28.11 ,,"In Stock (Get it Tomorrow, Oct 1)",EA/1,,,https://imgcdn.mckesson.com/CumulusWeb/Images/Item_Detail/682576_pkgfront.jpg,,https://mms.mckesson.com/product/682576/Mindray-USA-115-027715-00
804069,Aneroid Sphygmomanometer Unit McKesson LUMEON™ Thigh Cuff Thigh Nylon Cuff 40 - 66 cm Pocket Aneroid,,McKesson Brand,01-720-13TBRGM,"Manual, Units, Sphyg.",$28.17 ,,"In Stock (Get it Tomorrow, Oct 1)",BX/1,,,https://imgcdn.mckesson.com/CumulusWeb/Images/Item_Detail/804069_ppkgleft.jpg,,https://mms.mckesson.com/product/804069/McKesson-Brand-01-720-13TBRGM
1237413,Digital Blood Pressure Monitor Smartheart Adult Cuff Wrist 5.5 X 7.6 Inch Mobile,,Veridian Healthcare LLC,01-508,"Electronic, Units, Sphyg.",$28.89 ,,"In Stock (Get it Tomorrow, Oct 1)",EA/1,,,https://imgcdn.mckesson.com/CumulusWeb/Images/Item_Detail/1237413_left.jpg,,https://mms.mckesson.com/product/1237413/Veridian-Healthcare-LLC-01-508
803184,Aneroid Sphygmomanometer Unit McKesson LUMEON™ Large Adult Cuff Arm Nylon Cuff 34 - 50 cm Pocket Aneroid,,McKesson Brand,01-700-12XBDGM,"Manual, Units, Sphyg.",$28.90 ,,"In Stock (Get it Tomorrow, Oct 1)",BX/1,,,https://imgcdn.mckesson.com/CumulusWeb/Images/Item_Detail/803184_front.jpg,,https://mms.mckesson.com/product/803184/McKesson-Brand-01-700-12XBDGM
1047816,Home Automatic Digital Blood Pressure Monitor Drive™ Medium Cuff Wrist Cloth Fabric Cuff 13 - 22 cm Mobile,,Drive DeVilbiss Healthcare,BP3200,"Reusable, Cuffs, Sphyg.",$29.15 ,,"In Stock (Get it Tomorrow, Oct 1)",EA/1,,,https://imgcdn.mckesson.com/CumulusWeb/Images/Item_Detail/1047816_front.jpg,,https://mms.mckesson.com/product/1047816/Drive-DeVilbiss-Healthcare-BP3200
511570,Reusable Blood Pressure Cuff Mindray™ 27.5 to 36.5 cm Arm Nylon Cuff Adult Long Cuff,,Mindray USA,115-027718-00,"Reusable, Cuffs, Sphyg.",$29.44 ,,"In Stock (Get it Tomorrow, Oct 1)",EA/1,,,https://imgcdn.mckesson.com/CumulusWeb/Images/Item_Detail/511570_front.jpg,,https://mms.mckesson.com/product/511570/Mindray-USA-115-027718-00
1269801,Digital Blood Pressure Monitor AND Wide Cuff Arm Nylon Cuff 8.6 tp 16.5 Inch Circumference Desk Model,,A&D Engineering,UA-660,"Electronic, Units, Sphyg.",$29.52 ,,"In Stock (Get it Tomorrow, Oct 1)",EA/1,,,https://imgcdn.mckesson.com/CumulusWeb/Images/Item_Detail/1269801_front.jpg,,https://mms.mckesson.com/product/1269801/AD-Engineering-UA-660
860346,Single Patient Use MRSA Kit without thermometer Adult Cuff Single Head Disposable Stethoscope Pocket Aneroid,,Hopkins Medical Products,695252,"Manual, Units, Sphyg.",$29.79 ,,"In Stock - Network (Get it Tuesday, Oct 6)",EA/1,,,https://imgcdn.mckesson.com/CumulusWeb/Images/Item_Detail/860346.jpg,,https://mms.mckesson.com/product/860346/Hopkins-Medical-Products-695252
1067622,Reusable Aneroid / Stethoscope Set McKesson Brand 23 to 33 cm Adult Cuff Dual Head Sprague Stethoscope Pocket Aneroid,,McKesson Brand,768-641-11ADGMM,"Manual, Units, Sphyg.",$30.05 ,,"In Stock - Network (Get it Tuesday, Oct 6)",EA/1,,,https://imgcdn.mckesson.com/CumulusWeb/Images/Item_Detail/1067622_left.jpg,,https://mms.mckesson.com/product/1067622/McKesson-Brand-768-641-11ADGMM
1067624,Reusable Aneroid / Stethoscope Set McKesson Brand 23 to 33 cm Adult Cuff Dual Head Sprague Stethoscope Pocket Aneroid,,McKesson Brand,768-641-11ANMM,"Manual, Units, Sphyg.",$30.05 ,,"In Stock (Get it Tomorrow, Oct 1)",EA/1,,,https://imgcdn.mckesson.com/CumulusWeb/Images/Item_Detail/1067624_pdet.jpg,,https://mms.mckesson.com/product/1067624/McKesson-Brand-768-641-11ANMM
1067623,Reusable Aneroid / Stethoscope Set McKesson Brand 23 to 33 cm Adult Cuff Dual Head Sprague Stethoscope Pocket Aneroid,,McKesson Brand,768-641-11AMMM,"Manual, Units, Sphyg.",$30.05 ,,"In Stock (Get it Tomorrow, Oct 1)",EA/1,,,https://imgcdn.mckesson.com/CumulusWeb/Images/Item_Detail/1067623_pdet.jpg,,https://mms.mckesson.com/product/1067623/McKesson-Brand-768-641-11AMMM
1067625,Reusable Aneroid / Stethoscope Set McKesson Brand 23 to 33 cm Adult Cuff Dual Head Sprague Stethoscope Pocket Aneroid,,McKesson Brand,768-641-11AORMM,"Manual, Units, Sphyg.",$30.05 ,,"In Stock (Get it Tomorrow, Oct 1)",EA/1,,,https://imgcdn.mckesson.com/CumulusWeb/Images/Item_Detail/1067625_pdet.jpg,,https://mms.mckesson.com/product/1067625/McKesson-Brand-768-641-11AORMM
653816,Blood Pressure Tube Set Bronze Series DS44 For use with FlexiPort Blood Pressure Cuff,,Welch Allyn,1DSLC,Miscellaneous Endoscopic Supplies,$30.24 ,,"In Stock (Get it Tomorrow, Oct 1)",EA/1,,,https://imgcdn.mckesson.com/CumulusWeb/Images/Item_Detail/653816_side.jpg,,https://mms.mckesson.com/product/653816/Welch-Allyn-1DSLC
651795,Reusable Blood Pressure Cuff FlexiPort® 32 to 43 cm Arm Nylon Cuff Adult Long Cuff,,Welch Allyn,REUSE-12L-1SC,"Reusable, Cuffs, Sphyg.",$30.29 ,,"In Stock - Network (Get it Saturday, Oct 3)",EA/1,,,https://imgcdn.mckesson.com/CumulusWeb/Images/Item_Detail/651795_front.jpg,,https://mms.mckesson.com/product/651795/Welch-Allyn-REUSE-12L-1SC
653437,Reusable Blood Pressure Cuff FlexiPort® 32 to 43 cm Arm Nylon Cuff Adult Long Cuff,,Welch Allyn,REUSE-12L-2MQ,"Reusable, Cuffs, Sphyg.",$30.29 ,,"In Stock - Network (Get it Saturday, Oct 3)",EA/1,,,https://imgcdn.mckesson.com/CumulusWeb/Images/Item_Detail/653437.jpg,,https://mms.mckesson.com/product/653437/Welch-Allyn-REUSE-12L-2MQ
671038,Reusable Blood Pressure Cuff FlexiPort® 32 to 43 cm Arm Nylon Cuff Adult Long Cuff,,Welch Allyn,REUSE-12L,"Reusable, Cuffs, Sphyg.",$30.29 ,,"In Stock (Get it Tomorrow, Oct 1)",EA/1,,,https://imgcdn.mckesson.com/CumulusWeb/Images/Item_Detail/671038_front.jpg,,https://mms.mckesson.com/product/671038/Welch-Allyn-REUSE-12L
741596,Aneroid Sphygmomanometer Unit MABIS®Legacy Large Adult Cuff Arm Nylon Cuff 33 - 51 cm Pocket Aneroid,,Mabis Healthcare,01-110-026,"Manual, Units, Sphyg.",$30.63 ,,In Stock,EA/1,,,https://imgcdn.mckesson.com/CumulusWeb/Images/Item_Detail/741596_pdet.jpg,,https://mms.mckesson.com/product/741596/Mabis-Healthcare-01-110-026
1058324,Home Automatic Digital Blood Pressure Monitor Drive™ Medium Cuff Arm Nylon Cuff 22 - 36 cm Desk Model,,Drive DeVilbiss Healthcare,BP3600,Physiologic Monitoring Systems,$30.85 ,,"In Stock (Get it Tomorrow, Oct 1)",EA/1,,,https://imgcdn.mckesson.com/CumulusWeb/Images/Item_Detail/1058324_front.jpg,,https://mms.mckesson.com/product/1058324/Drive-DeVilbiss-Healthcare-BP3600
854388,Home Automatic Digital Blood Pressure Monitor McKesson Brand Adult Cuff Arm Nylon Cuff 22 - 36 cm Desk Model,,McKesson Brand,1991,"Electronic, Units, Sphyg.",$31.05 ,,"In Stock (Get it Tomorrow, Oct 1)",EA/1,,,https://imgcdn.mckesson.com/CumulusWeb/Images/Item_Detail/854388_ppkgleft.jpg,,https://mms.mckesson.com/product/854388/McKesson-Brand-1991
257022,Aneroid Sphygmomanometer Unit Prosphyg™760 Series Large Adult Cuff Arm Nylon Cuff 34 - 50 cm Pocket Aneroid,,American Diagnostic Corp,760-12XBK,"Manual, Units, Sphyg.",$31.79 ,,"In Stock - Network (Get it Tuesday, Oct 6)",EA/1,,,https://imgcdn.mckesson.com/CumulusWeb/Images/Item_Detail/257022_left.jpg,,https://mms.mckesson.com/product/257022/American-Diagnostic-Corp-760-12XBK
1028721,Aneroid Sphygmomanometer Unit McKesson LUMEON™ Thigh Cuff Thigh Nylon Cuff 40 - 66 cm Pocket Aneroid,,McKesson Brand,01-700-13TBRGM,"Manual, Units, Sphyg.",$32.06 ,,"In Stock (Get it Tomorrow, Oct 1)",BX/1,,,https://imgcdn.mckesson.com/CumulusWeb/Images/Item_Detail/1028721_ppkgleft.jpg,,https://mms.mckesson.com/product/1028721/McKesson-Brand-01-700-13TBRGM
1028819,Reusable Aneroid / Stethoscope Set Proscope™ 23 to 33 cm Adult Cuff Dual Head General Exam Stethoscope Pocket Aneroid,,American Diagnostic Corp,776-670-11ANFE,"Manual, Units, Sphyg.",$33.41 ,,"In Stock - Network (Get it Tuesday, Oct 6)",EA/1,,,https://imgcdn.mckesson.com/CumulusWeb/Images/Item_Detail/1028819_front.jpg,,https://mms.mckesson.com/product/1028819/American-Diagnostic-Corp-776-670-11ANFE
497344,Aneroid Sphygmomanometer Unit Prosphyg™760 Series Infant Cuff Arm Nylon Cuff 9 - 14 cm Pocket Aneroid,,American Diagnostic Corp,760-7IBK,"Manual, Units, Sphyg.",$33.79 ,,"In Stock - Network (Get it Saturday, Oct 3)",EA/1,,,https://imgcdn.mckesson.com/CumulusWeb/Images/Item_Detail/497344_left.jpg,,https://mms.mckesson.com/product/497344/American-Diagnostic-Corp-760-7IBK
1029677,Reusable Aneroid / Stethoscope Set McKesson Brand 23 to 33 cm Adult Cuff Dual Head Sprague Stethoscope Pocket Aneroid,,McKesson Brand,01-768-641-11AVGM,"Manual, Units, Sphyg.",$34.32 ,,"In Stock (Get it Tomorrow, Oct 1)",BX/1,,,https://imgcdn.mckesson.com/CumulusWeb/Images/Item_Detail/1029677.jpg,,https://mms.mckesson.com/product/1029677/McKesson-Brand-01-768-641-11AVGM
803194,Reusable Aneroid / Stethoscope Set McKesson Brand 23 to 33 cm Adult Cuff Dual Head Sprague Stethoscope Pocket Aneroid,,McKesson Brand,01-768-641-11ARBGM,"Manual, Units, Sphyg.",$34.34 ,,"In Stock (Get it Tomorrow, Oct 1)",BX/1,,,https://imgcdn.mckesson.com/CumulusWeb/Images/Item_Detail/803194_ppkgleft.jpg,,https://mms.mckesson.com/product/803194/McKesson-Brand-01-768-641-11ARBGM
803195,Reusable Aneroid / Stethoscope Set McKesson Brand 23 to 33 cm Adult Cuff Dual Head Sprague Stethoscope Pocket Aneroid,,McKesson Brand,01-768-641-11ATLGM,"Manual, Units, Sphyg.",$34.34 ,,"In Stock (Get it Tomorrow, Oct 1)",BX/1,,,https://imgcdn.mckesson.com/CumulusWeb/Images/Item_Detail/803195_ppkgleft.jpg,,https://mms.mckesson.com/product/803195/McKesson-Brand-01-768-641-11ATLGM
648810,Blood Pressure Connector Welch Allyn®,,Welch Allyn,5082-100,"Accessories, Sphyg.",$34.38 ,,"In Stock - Network (Get it Saturday, Oct 3)",PK/10,,,https://imgcdn.mckesson.com/CumulusWeb/Images/Item_Detail/648810.jpg,,https://mms.mckesson.com/product/648810/Welch-Allyn-5082-100
786776,Single Patient Use MRSA Kit with thermometer Hopkins® 23 to 33 cm Adult Cuff Single Head Disposable Stethoscope Pocket Aneroid,,Hopkins Medical Products,695258,"Manual, Units, Sphyg.",$35.09 ,,"In Stock (Get it Tomorrow, Oct 1)",EA/1,,,https://imgcdn.mckesson.com/CumulusWeb/Images/Item_Detail/786776_pkit_.jpg,,https://mms.mckesson.com/product/786776/Hopkins-Medical-Products-695258
477062,Reusable Blood Pressure Cuff and Bulb Calibrated® V-Lok® 33 to 47 cm Arm Polyester Fabric Cuff Large Adult Cuff,,W.A. Baum,1825S,"Inflation Sets, Sphyg.",$35.17 ,,"In Stock - Network (Get it Tuesday, Oct 6)",EA/1,,,https://imgcdn.mckesson.com/CumulusWeb/Images/Item_Detail/477062.jpg,,https://mms.mckesson.com/product/477062/WA-Baum-1825S
45934,Reusable Blood Pressure Cuff and Bulb Calibrated® V-Lok® 33 to 47 cm Arm Polyester Fabric Cuff Large Adult Cuff,,W.A. Baum,1825,"Inflation Sets, Sphyg.",$35.17 ,,"In Stock (Get it Tomorrow, Oct 1)",EA/1,,,https://imgcdn.mckesson.com/CumulusWeb/Images/Item_Detail/45934_ppkgleft.jpg,,https://mms.mckesson.com/product/45934/WA-Baum-1825
1027490,Reusable Blood Pressure Cuff M-Series 27 to 35 cm Arm Cloth Fabric Cuff Adult Cuff,,EdanUSA & MDPro,CUFF.E9,"Reusable, Cuffs, Sphyg.",$35.68 ,,"In Stock (Get it Tomorrow, Oct 1)",EA/1,,,https://imgcdn.mckesson.com/CumulusWeb/Images/Item_Detail/1027490.jpg,,https://mms.mckesson.com/product/1027490/EdanUSA-MDPro-CUFFE9
803191,Reusable Aneroid / Stethoscope Set McKesson Brand 23 to 33 cm Adult Cuff Dual Head Sprague Stethoscope Pocket Aneroid,,McKesson Brand,01-768-641-11ABKGM,"Manual, Units, Sphyg.",$36.17 ,,"In Stock (Get it Tomorrow, Oct 1)",BX/1,,,https://imgcdn.mckesson.com/CumulusWeb/Images/Item_Detail/803191_ppkgleft.jpg,,https://mms.mckesson.com/product/803191/McKesson-Brand-01-768-641-11ABKGM
651791,Reusable Blood Pressure Cuff and Bulb FlexiPort® 15 to 21 cm Arm Nylon Cuff Child Cuff,,Welch Allyn,REUSE-09-2BV,"Reusable, Cuffs, Sphyg.",$36.42 ,,"In Stock - Network (Get it Saturday, Oct 3)",EA/1,,,https://imgcdn.mckesson.com/CumulusWeb/Images/Item_Detail/651791.jpg,,https://mms.mckesson.com/product/651791/Welch-Allyn-REUSE-09-2BV
1055467,Home Automatic Digital Blood Pressure Monitor Drive™ Medium Cuff Arm Nylon Cuff 22 - 36 cm Desk Model,,Drive DeVilbiss Healthcare,BP3400,Physiologic Monitoring Systems,$36.77 ,,"In Stock (Get it Tomorrow, Oct 1)",EA/1,,,https://imgcdn.mckesson.com/CumulusWeb/Images/Item_Detail/1055467_front.jpg,,https://mms.mckesson.com/product/1055467/Drive-DeVilbiss-Healthcare-BP3400
1281430,Digital Blood Pressure Monitor Trackstar Adult Cuff Wrist Mobile,,Veridian Healthcare LLC,302-WS380,"Electronic, Units, Sphyg.",$37.65 ,,"In Stock (Get it Tomorrow, Oct 1)",EA/1,,,https://imgcdn.mckesson.com/CumulusWeb/Images/Item_Detail/1281430_ppkgfront.jpg,,https://mms.mckesson.com/product/1281430/Veridian-Healthcare-LLC-302-WS380
788081,Single Patient Use Vital Signs Kit with thermometer ISO 25 to 40 cm Adult Cuff Dual Head General Exam Stethoscope Pocket Aneroid,,Hopkins Medical Products,695269,"Manual, Units, Sphyg.",$37.82 ,,"In Stock - Network (Get it Saturday, Oct 3)",EA/1,,,https://imgcdn.mckesson.com/CumulusWeb/Images/Item_Detail/788081.jpg,,https://mms.mckesson.com/product/788081/Hopkins-Medical-Products-695269
832507,Single Patient Use Vital Signs Kit with thermometer ISO Adult Cuff Dual Head Sprague Stethoscope Pocket Aneroid,,Hopkins Medical Products,694863,"Manual, Units, Sphyg.",$38.34 ,,"In Stock - Network (Get it Tuesday, Oct 6)",EA/1,,,https://imgcdn.mckesson.com/CumulusWeb/Images/Item_Detail/832507_pkit.jpg,,https://mms.mckesson.com/product/832507/Hopkins-Medical-Products-694863
651762,Reusable Blood Pressure Cuff and Bulb FlexiPort® 25 to 34 cm Arm Nylon Cuff Adult Cuff,,Welch Allyn,REUSE-11-2BV,"Reusable, Cuffs, Sphyg.",$38.65 ,,In Stock - Network,EA/1,,,https://imgcdn.mckesson.com/CumulusWeb/Images/Item_Detail/651762_front.jpg,,https://mms.mckesson.com/product/651762/Welch-Allyn-REUSE-11-2BV
455176,Coiled Tubing 4 Foot Length For use with Tycos 509 Wall and Mobile Aneroid Sphygmomanometers,,Welch Allyn,5089-39,"Accessories, Sphyg.",$40.14 ,,"In Stock (Get it Tomorrow, Oct 1)",EA/1,,,https://imgcdn.mckesson.com/CumulusWeb/Images/Item_Detail/455176_right.jpg,,https://mms.mckesson.com/product/455176/Welch-Allyn-5089-39
653753,Reusable Blood Pressure Cuff FlexiPort® 40 to 55 cm Leg Nylon Cuff Thigh Cuff,,Welch Allyn,REUSE-13,"Reusable, Cuffs, Sphyg.",$40.52 ,,"In Stock (Get it Tomorrow, Oct 1)",EA/1,,,https://imgcdn.mckesson.com/CumulusWeb/Images/Item_Detail/653753_front.jpg,,https://mms.mckesson.com/product/653753/Welch-Allyn-REUSE-13
651761,Reusable Blood Pressure Cuff FlexiPort® 40 to 55 cm Leg Nylon Cuff Thigh Cuff,,Welch Allyn,REUSE-13-1SC,"Reusable, Cuffs, Sphyg.",$40.52 ,,"In Stock (Get it Tomorrow, Oct 1)",EA/1,,,https://imgcdn.mckesson.com/CumulusWeb/Images/Item_Detail/651761_front.jpg,,https://mms.mckesson.com/product/651761/Welch-Allyn-REUSE-13-1SC
652546,Reusable Blood Pressure Cuff FlexiPort® 40 to 55 cm Leg Nylon Cuff Thigh Cuff,,Welch Allyn,REUSE-13-2MQ,"Reusable, Cuffs, Sphyg.",$40.52 ,,"In Stock (Get it Tomorrow, Oct 1)",EA/1,,,https://imgcdn.mckesson.com/CumulusWeb/Images/Item_Detail/652546_front.jpg,,https://mms.mckesson.com/product/652546/Welch-Allyn-REUSE-13-2MQ
465186,"Blood Pressure Connector Welch Allyn® For use with Sphygmomanometer cuffs; BCI, Colin, and Datascope Passport XG and Expert monitor cuffs",,Welch Allyn,5082-168,"Accessories, Sphyg.",$40.88 ,,"In Stock - Network (Get it Saturday, Oct 3)",PK/10,,,https://imgcdn.mckesson.com/CumulusWeb/Images/Item_Detail/465186_left.jpg,,https://mms.mckesson.com/product/465186/Welch-Allyn-5082-168
108980,Reusable Blood Pressure Cuff and Bulb Omni-Kuff® 32 to 43 cm Arm Nylon Cuff Large Adult Cuff,,Welch Allyn,1602,"Inflation Sets, Sphyg.",$40.95 ,,"In Stock - Network (Get it Saturday, Oct 3)",EA/1,,,https://imgcdn.mckesson.com/CumulusWeb/Images/Item_Detail/2502_1602_2.jpg,,https://mms.mckesson.com/product/108980/Welch-Allyn-1602
651788,Reusable Blood Pressure Cuff and Bulb FlexiPort® 32 to 43 cm Arm Nylon Cuff Large Adult Cuff,,Welch Allyn,REUSE-12-2BV,"Reusable, Cuffs, Sphyg.",$42.01 ,,"In Stock - Network (Get it Saturday, Oct 3)",EA/1,,,https://imgcdn.mckesson.com/CumulusWeb/Images/Item_Detail/651788_front.jpg,,https://mms.mckesson.com/product/651788/Welch-Allyn-REUSE-12-2BV
332035,Blood Pressure Inflation Bulb Welch Allyn® For use with Hand Aneroid DS58,,Welch Allyn,5086-06,Stethoscope Parts,$42.37 ,,In Stock - Network,EA/1,,,https://imgcdn.mckesson.com/CumulusWeb/Images/Item_Detail/WA_332035.jpg,,https://mms.mckesson.com/product/332035/Welch-Allyn-5086-06
731720,Reusable Blood Pressure Cuff IQvitals® 26 to 35 cm Arm Nylon Cuff Adult Cuff,,Midmark,3-009-0064,"Reusable, Cuffs, Sphyg.",$47.37 ,,"In Stock (Get it Tomorrow, Oct 1)",EA/1,,,https://imgcdn.mckesson.com/CumulusWeb/Images/Item_Detail/731720_family.jpg,,https://mms.mckesson.com/product/731720/Midmark-3-009-0064
705134,Blood Pressure Unit AC Adapter Omron For use with HEM-907XL,,Emerson Healthcare,HEM-ADPT907,"Accessories, Sphyg.",$47.68 ,,"In Stock - Network (Get it Saturday, Oct 3)",EA/1,,,https://imgcdn.mckesson.com/CumulusWeb/Images/Item_Detail/705134_front.jpg,,https://mms.mckesson.com/product/705134/Emerson-Healthcare-HEM-ADPT907
387144,Blood Pressure Gauge McKesson LUMEON™ For use with McKesson Lumeon™ Wall Aneroid Sphygmomanometer MFR # 01-750W-11ABKGM and McKesson Lumeon Mobile Aneroid Sphygmomanometer MFR # 01-752M-11ABKGM,,McKesson Brand,01-805GM,"Accessories, Sphyg.",$48.87 ,,"In Stock - Network (Get it Tuesday, Oct 6)",EA/1,,,https://imgcdn.mckesson.com/CumulusWeb/Images/Item_Detail/387144_front.jpg,,https://mms.mckesson.com/product/387144/McKesson-Brand-01-805GM
483381,Coiled Tubing 8 Foot Length For use with Tycos 509 Wall and Mobile Aneroid Sphygmomanometers,,Welch Allyn,5089-13,"Accessories, Sphyg.",$49.44 ,,"In Stock - Network (Get it Saturday, Oct 3)",EA/1,,,https://imgcdn.mckesson.com/CumulusWeb/Images/Item_Detail/483381_front.jpg,,https://mms.mckesson.com/product/483381/Welch-Allyn-5089-13
1226102,Home Automatic Digital Blood Pressure Monitor Smartheart Adult Cuff Arm Nylon Cuff 22 to 42 cm Desk Model,,Veridian Healthcare LLC,01-509,"Electronic, Units, Sphyg.",$49.68 ,,"In Stock (Get it Tomorrow, Oct 1)",EA/1,,,https://imgcdn.mckesson.com/CumulusWeb/Images/Item_Detail/1226102_pkgright.jpg,,https://mms.mckesson.com/product/1226102/Veridian-Healthcare-LLC-01-509
1012668,Home Automatic Digital Blood Pressure Monitor MABIS® Multiple Sizes Arm Nylon Cuff 23 - 40 cm Talking Model,,Mabis Healthcare,04-655-001,"Electronic, Units, Sphyg.",$50.56 ,,"In Stock (Get it Tomorrow, Oct 1)",EA/1,,,https://imgcdn.mckesson.com/CumulusWeb/Images/Item_Detail/1012668_front.jpg,,https://mms.mckesson.com/product/1012668/Mabis-Healthcare-04-655-001
257005,Aneroid Sphygmomanometer Unit Diagnostix™720 Series Adult Cuff Arm Nylon Cuff 23 - 40 cm Pocket Aneroid,,American Diagnostic Corp,720-11ABK,"Manual, Units, Sphyg.",$51.03 ,,"In Stock - Network (Get it Tuesday, Oct 6)",EA/1,,,https://imgcdn.mckesson.com/CumulusWeb/Images/Item_Detail/257005_left.jpg,,https://mms.mckesson.com/product/257005/American-Diagnostic-Corp-720-11ABK
740158,Reusable Blood Pressure Cuff IQvitals® 34 to 42 cm Arm Nylon Cuff Large Adult Cuff,,Midmark,3-009-0066,"Reusable, Cuffs, Sphyg.",$51.55 ,,"In Stock (Get it Tomorrow, Oct 1)",EA/1,,,https://imgcdn.mckesson.com/CumulusWeb/Images/Item_Detail/740158_family.jpg,,https://mms.mckesson.com/product/740158/Midmark-3-009-0066
1170723,Home Automatic Digital Blood Pressure Monitor A&D Medical Wide Range Adult Cuff Arm Nylon Cuff 22 - 42 cm Desk Model,,A&D Engineering,UA-651BLE,Manual Blood Pressure,$51.65 ,,"In Stock (Get it Tomorrow, Oct 1)",EA/1,,,https://imgcdn.mckesson.com/CumulusWeb/Images/Item_Detail/1170723_pdet.jpg,,https://mms.mckesson.com/product/1170723/AD-Engineering-UA-651BLE
1217966,Home Automatic Digital Blood Pressure Monitor Advantage Connect® Wide Range Adult Cuff Arm Nylon Cuff 22 - 42 cm Desk Model,,American Diagnostic Corp,6024N,"Electronic, Units, Sphyg.",$51.88 ,,"In Stock (Get it Tomorrow, Oct 1)",EA/1,,,https://imgcdn.mckesson.com/CumulusWeb/Images/Item_Detail/1217966_right.jpg,,https://mms.mckesson.com/product/1217966/American-Diagnostic-Corp-6024N
1204869,Reusable Blood Pressure Cuff Axia Arm Adult Cuff,,Soma Technology,AN4003,"Reusable, Cuffs, Sphyg.",$51.94 ,,"In Stock - Network (Get it Saturday, Oct 3)",EA/1,,,https://imgcdn.mckesson.com/CumulusWeb/Images/Item_Detail/1204869_front.jpg,,https://mms.mckesson.com/product/1204869/Soma-Technology-AN4003
1204868,Reusable Blood Pressure Cuff Expression MR 27.5 to 36.5 cm Arm Adult Cuff,,Soma Technology,AN4001,"Reusable, Cuffs, Sphyg.",$51.94 ,,"In Stock - Network (Get it Tuesday, Oct 6)",EA/1,,,https://imgcdn.mckesson.com/CumulusWeb/Images/Item_Detail/1204868_front.jpg,,https://mms.mckesson.com/product/1204868/Soma-Technology-AN4001
476607,Blood Pressure Unit Carrying Case Welch Allyn® For use with all Blood Pressure Cuffs,,Welch Allyn,5085-07,Accessories/Parts Welch Allyn,$53.16 ,,"In Stock - Network (Get it Tuesday, Oct 6)",EA/1,,,https://imgcdn.mckesson.com/CumulusWeb/Images/Item_Detail/476607.jpg,,https://mms.mckesson.com/product/476607/Welch-Allyn-5085-07
1065325,Connector Tubing For use with Neo NIBP Cuffs,,EdanUSA & MDPro,01.57.471021-11,"Accessories, Sphyg.",$53.52 ,,"In Stock - Network (Get it Saturday, Oct 3)",EA/1,,,https://imgcdn.mckesson.com/CumulusWeb/Images/Item_Detail/1065325_left.jpg,,https://mms.mckesson.com/product/1065325/EdanUSA-MDPro-0157471021-11
1150426,Home Automatic Digital Blood Pressure Monitor Omron®5 Series™ Wide Range Adult Cuff Arm Nylon Cuff 23 - 43 cm Desk Model,,Emerson Healthcare,BP7250,"Electronic, Units, Sphyg.",$54.47 ,,In Stock,EA/1,,,https://imgcdn.mckesson.com/CumulusWeb/Images/Item_Detail/1150426_ppkgleft.jpg,,https://mms.mckesson.com/product/1150426/Emerson-Healthcare-BP7250
1139516,Single Patient Use Blood Pressure Cuff SnapQuik™ 5.4 to 9.1 cm Arm Vinyl Cuff Neonatal 3 Cuff,,Welch Allyn,NEO-3-1,"Disposable, Cuffs, Sphyg.",$56.76 ,,In Stock - Network,BX/10,,,https://imgcdn.mckesson.com/CumulusWeb/Images/Item_Detail/ImageNotAvailable_gray_.jpg,,https://mms.mckesson.com/product/1139516/Welch-Allyn-NEO-3-1
257009,Aneroid Sphygmomanometer Unit Diagnostix™720 Series Large Adult Cuff Arm Nylon Cuff 34 - 50 cm Pocket Aneroid,,American Diagnostic Corp,720-12XBK,"Manual, Units, Sphyg.",$58.97 ,,"In Stock - Network (Get it Tuesday, Oct 6)",EA/1,,,https://imgcdn.mckesson.com/CumulusWeb/Images/Item_Detail/257009_left.jpg,,https://mms.mckesson.com/product/257009/American-Diagnostic-Corp-720-12XBK
803190,Aneroid Sphygmomanometer Unit McKesson LUMEON™ Adult Cuff Arm Nylon Cuff 23 - 40 cm Wall Mount,,McKesson Brand,01-750W-11ABKGM,"Manual, Units, Sphyg.",$59.71 ,,"In Stock (Get it Tomorrow, Oct 1)",BX/1,,,https://imgcdn.mckesson.com/CumulusWeb/Images/Item_Detail/803190_front_.jpg,,https://mms.mckesson.com/product/803190/McKesson-Brand-01-750W-11ABKGM
1281424,Digital Blood Pressure Monitor RPM Pro™ Adult Cuff Arm Cloth Fabric Cuff 8.6 to 17.7 inch Circumference Mobile,,Veridian Healthcare LLC,302-2110B,"Electronic, Units, Sphyg.",$61.39 ,,"In Stock (Get it Tomorrow, Oct 1)",EA/1,,,https://imgcdn.mckesson.com/CumulusWeb/Images/Item_Detail/1281424_ppkgright.jpg,,https://mms.mckesson.com/product/1281424/Veridian-Healthcare-LLC-302-2110B
1240565,Reusable Blood Pressure Cuff FlexiPort™ 40 to 55 cm Limb Nylon Cuff Thigh Cuff,,Welch Allyn,30503-15A,"Disposable, Cuffs, Sphyg.",$61.63 ,,"In Stock - Network (Get it Friday, Oct 2)",EA/1,,,https://imgcdn.mckesson.com/CumulusWeb/Images/Item_Detail/1240565_front.jpg,,https://mms.mckesson.com/product/1240565/Welch-Allyn-30503-15A
973170,Aneroid Sphygmomanometer Unit Bariatric Diagnostix™720 Series Bariatric Cuff Arm Nylon Cuff 44 - 66 cm Pocket Aneroid,,American Diagnostic Corp,720-12BXBD,"Manual, Units, Sphyg.",$63.62 ,,In Stock - Network,EA/1,,,https://imgcdn.mckesson.com/CumulusWeb/Images/Item_Detail/973170_front.jpg,,https://mms.mckesson.com/product/973170/American-Diagnostic-Corp-720-12BXBD
871859,Blood Pressure Hose Flexiport®,,Welch Allyn,4500-34,"Accessories, Sphyg.",$63.86 ,,"In Stock - Network (Get it Friday, Oct 2)",EA/1,,,https://imgcdn.mckesson.com/CumulusWeb/Images/Item_Detail/871859_left.jpg,,https://mms.mckesson.com/product/871859/Welch-Allyn-4500-34
44197,Reusable Blood Pressure Cuff WelchAllyn® 34 to 52 cm Leg Nylon Cuff Thigh Cuff,,Welch Allyn,5082-11,"Reusable, Cuffs, Sphyg.",$64.67 ,,"In Stock - Network (Get it Saturday, Oct 3)",EA/1,,,https://imgcdn.mckesson.com/CumulusWeb/Images/Item_Detail/44197.jpg,,https://mms.mckesson.com/product/44197/Welch-Allyn-5082-11
1250940,Digital Blood Pressure Monitor with Oximeter SmartHeart Adult Cuff Arm 8.6 to 16.5 Inch Desk Model,,Veridian Healthcare LLC,VHKIT-HH2P,"Electronic, Units, Sphyg.",$68.28 ,,"In Stock (Get it Tomorrow, Oct 1)",ST/1,,,https://imgcdn.mckesson.com/CumulusWeb/Images/Item_Detail/1250940_pkit_.jpg,,https://mms.mckesson.com/product/1250940/Veridian-Healthcare-LLC-VHKIT-HH2P
653657,Single Patient Use Blood Pressure Cuff FlexiPort® 20 to 26 cm Arm Cloth Fabric Cuff Small Adult Cuff,,Welch Allyn,SOFT-10,"Disposable, Cuffs, Sphyg.",$68.93 ,,"In Stock (Get it Tomorrow, Oct 1)",CS/20,,,https://imgcdn.mckesson.com/CumulusWeb/Images/Item_Detail/653657_front.jpg,,https://mms.mckesson.com/product/653657/Welch-Allyn-SOFT-10
846837,Single Patient Use Blood Pressure Cuff Trimline® 9 to 14.8 cm Arm Cloth Fabric Cuff Infant Cuff,,Welch Allyn,39045,"Disposable, Cuffs, Sphyg.",$69.49 ,,"In Stock - Network (Get it Tuesday, Oct 6)",CS/20,,,https://imgcdn.mckesson.com/CumulusWeb/Images/Item_Detail/ImageNotAvailable_gray_.jpg,,https://mms.mckesson.com/product/846837/Welch-Allyn-39045
173323,Reusable Blood Pressure Cuff WelchAllyn® 34 to 52 cm Arm Nylon Cuff Large Adult Cuff,,Welch Allyn,5082-44,"Inflation Sets, Sphyg.",$69.87 ,,"In Stock - Network (Get it Saturday, Oct 3)",EA/1,,,https://imgcdn.mckesson.com/CumulusWeb/Images/Item_Detail/173323_front.jpg,,https://mms.mckesson.com/product/173323/Welch-Allyn-5082-44
151592,Reusable Blood Pressure Cuff WelchAllyn® 29 to 42 cm Arm Nylon Cuff Adult Cuff,,Welch Allyn,5082-43,"Inflation Sets, Sphyg.",$69.87 ,,"In Stock - Network (Get it Saturday, Oct 3)",EA/1,,,https://imgcdn.mckesson.com/CumulusWeb/Images/Item_Detail/151592_front.jpg,,https://mms.mckesson.com/product/151592/Welch-Allyn-5082-43
653660,Single Patient Use Blood Pressure Cuff FlexiPort® 25 to 34 cm Arm Cloth Fabric Cuff Adult Cuff,,Welch Allyn,SOFT-11,"Disposable, Cuffs, Sphyg.",$70.28 ,,"In Stock (Get it Tomorrow, Oct 1)",CS/20,,,https://imgcdn.mckesson.com/CumulusWeb/Images/Item_Detail/653660_front.jpg,,https://mms.mckesson.com/product/653660/Welch-Allyn-SOFT-11
522257,Single Patient Use Blood Pressure Cuff Mindray™ 25 to 35 cm Arm Nylon Cuff Adult Cuff,,Mindray USA,115-027565-00,"Disposable, Cuffs, Sphyg.",$70.28 ,,"In Stock (Get it Tomorrow, Oct 1)",BX/10,,,https://imgcdn.mckesson.com/CumulusWeb/Images/Item_Detail/MNDRAY_522257.jpg,,https://mms.mckesson.com/product/522257/Mindray-USA-115-027565-00
801884,Single Patient Use Blood Pressure Cuff FlexiPort® 13 to 16 cm Arm Cloth Fabric Cuff Small Child Cuff,,Welch Allyn,SOFT-08-2MQ,"Disposable, Cuffs, Sphyg.",$70.98 ,,"In Stock (Get it Tomorrow, Oct 1)",CS/20,,,https://imgcdn.mckesson.com/CumulusWeb/Images/Item_Detail/801884.jpg,,https://mms.mckesson.com/product/801884/Welch-Allyn-SOFT-08-2MQ
795231,Single Patient Use Blood Pressure Cuff FlexiPort® 9 to 13 cm Arm Cloth Fabric Cuff Infant Cuff,,Welch Allyn,SOFT-07-2MQ,"Disposable, Cuffs, Sphyg.",$70.98 ,,"In Stock (Get it Tomorrow, Oct 1)",CS/20,,,https://imgcdn.mckesson.com/CumulusWeb/Images/Item_Detail/795231_front.jpg,,https://mms.mckesson.com/product/795231/Welch-Allyn-SOFT-07-2MQ
805517,Single Patient Use Blood Pressure Cuff FlexiPort® 15 to 21 cm Arm Cloth Fabric Cuff Child Cuff,,Welch Allyn,SOFT-09-2MQ,"Disposable, Cuffs, Sphyg.",$72.39 ,,"In Stock (Get it Tomorrow, Oct 1)",CS/20,,,https://imgcdn.mckesson.com/CumulusWeb/Images/Item_Detail/805517.jpg,,https://mms.mckesson.com/product/805517/Welch-Allyn-SOFT-09-2MQ
682710,Single Patient Use Blood Pressure Cuff Tempa-Kuff® 27.5 to 36.5 cm Arm Cloth Fabric Cuff Adult Long Cuff,,Welch Allyn,39019,"Disposable, Cuffs, Sphyg.",$75.68 ,,"In Stock - Network (Get it Saturday, Oct 3)",CS/20,,,https://imgcdn.mckesson.com/CumulusWeb/Images/Item_Detail/682710.jpg,,https://mms.mckesson.com/product/682710/Welch-Allyn-39019
653510,Single Patient Use Blood Pressure Cuff FlexiPort® 25 to 34 cm Arm Cloth Fabric Cuff Adult Long Cuff,,Welch Allyn,SOFT-11L,"Disposable, Cuffs, Sphyg.",$77.04 ,,"In Stock (Get it Tomorrow, Oct 1)",CS/20,,,https://imgcdn.mckesson.com/CumulusWeb/Images/Item_Detail/653510.jpg,,https://mms.mckesson.com/product/653510/Welch-Allyn-SOFT-11L
1081660,Home Automatic Digital Blood Pressure Monitor Home™ Wide Range Adult Cuff Arm Nylon Cuff 22 - 42 cm Desk Model,,Welch Allyn,RPM-BP100,"Electronic, Units, Sphyg.",$77.62 ,,"In Stock - Network (Get it Saturday, Oct 3)",EA/1,,,https://imgcdn.mckesson.com/CumulusWeb/Images/Item_Detail/1081660_front.jpg,,https://mms.mckesson.com/product/1081660/Welch-Allyn-RPM-BP100
882979,Blood Pressure Tube Set Welch Allyn®,,Welch Allyn,1-BARB,"Accessories, Sphyg.",$78.43 ,,"In Stock - Network (Get it Friday, Oct 2)",BG/10,,,https://imgcdn.mckesson.com/CumulusWeb/Images/Item_Detail/882979.jpg,,https://mms.mckesson.com/product/882979/Welch-Allyn-1-BARB
653506,Single Patient Use Blood Pressure Cuff FlexiPort® 32 to 43 cm Arm Cloth Fabric Cuff Large Adult Cuff,,Welch Allyn,SOFT-12,"Disposable, Cuffs, Sphyg.",$79.74 ,,"In Stock (Get it Tomorrow, Oct 1)",CS/20,,,https://imgcdn.mckesson.com/CumulusWeb/Images/Item_Detail/653506_left.jpg,,https://mms.mckesson.com/product/653506/Welch-Allyn-SOFT-12
1056574,Single Patient Use Blood Pressure Cuff Mindray™ 25 to 35 cm Arm Nylon Cuff Adult Long Cuff,,Mindray USA,115-027568-00,"Disposable, Cuffs, Sphyg.",$82.56 ,,"In Stock (Get it Tomorrow, Oct 1)",BX/10,,,https://imgcdn.mckesson.com/CumulusWeb/Images/Item_Detail/1056574.jpg,,https://mms.mckesson.com/product/1056574/Mindray-USA-115-027568-00
486110,Aneroid Sphygmomanometer Unit DuraShock® Pediatric Cuff Arm Vinyl Cuff 13 - 19.5 cm Pocket Aneroid,,Welch Allyn,DS44-09,"Manual, Units, Sphyg.",$84.74 ,,"In Stock - Network (Get it Friday, Oct 2)",EA/1,,,https://imgcdn.mckesson.com/CumulusWeb/Images/Item_Detail/WA_486110.jpg,,https://mms.mckesson.com/product/486110/Welch-Allyn-DS44-09
984701,Reusable Vascular Blood Pressure Cuff Huntleigh 29 to 42 cm Arm Nylon Cuff Medium Cuff,,Arjo Inc,ACC159,Other Ultrasonic Detectors,$85.29 ,,"In Stock - Network (Get it Tuesday, Oct 6)",EA/1,,,https://imgcdn.mckesson.com/CumulusWeb/Images/Item_Detail/984701.jpg,,https://mms.mckesson.com/product/984701/Arjo-Inc-ACC159
327200,Reusable Blood Pressure Cuff Adult Cuff,,Welch Allyn,5200-02,"Accessories, Sphyg.",$86.42 ,,In Stock - Network,EA/1,,,https://imgcdn.mckesson.com/CumulusWeb/Images/Item_Detail/327200_front.jpg,,https://mms.mckesson.com/product/327200/Welch-Allyn-5200-02
775322,Blood Pressure Hose IQvitals™ For use with Blood Pressure Cuff,,Midmark,3-009-0022,"Accessories, Sphyg.",$91.98 ,,"In Stock (Get it Tomorrow, Oct 1)",EA/1,,,https://imgcdn.mckesson.com/CumulusWeb/Images/Item_Detail/775322_pkgfront.jpg,,https://mms.mckesson.com/product/775322/Midmark-3-009-0022
439665,Reusable Blood Pressure Cuff IntelliSense® 32 to 42 cm Arm Cloth Fabric Cuff Large Cuff,,Emerson Healthcare,HEM-907-CL19,"Inflation Sets, Sphyg.",$94.61 ,,"In Stock (Get it Tomorrow, Oct 1)",EA/1,,,https://imgcdn.mckesson.com/CumulusWeb/Images/Item_Detail/439665_front.jpg,,https://mms.mckesson.com/product/439665/Emerson-Healthcare-HEM-907-CL19
477158,Reusable Blood Pressure Cuff IntelliSense® 22 to 32 cm Arm Nylon Cuff Medium Cuff,,Emerson Healthcare,HEM-907-CR19,"Inflation Sets, Sphyg.",$94.61 ,,"In Stock (Get it Tomorrow, Oct 1)",EA/1,,,https://imgcdn.mckesson.com/CumulusWeb/Images/Item_Detail/477158_front.jpg,,https://mms.mckesson.com/product/477158/Emerson-Healthcare-HEM-907-CR19
436395,Aneroid Sphygmomanometer Unit DuraShock® Adult Cuff Arm Vinyl Cuff 23 - 40 cm Pocket Aneroid,,Welch Allyn,DS44-11,"Manual, Units, Sphyg.",$96.27 ,,"In Stock (Get it Tomorrow, Oct 1)",EA/1,,,https://imgcdn.mckesson.com/CumulusWeb/Images/Item_Detail/436395_pkit.jpg,,https://mms.mckesson.com/product/436395/Welch-Allyn-DS44-11
661373,Single Patient Use Blood Pressure Cuff FlexiPort® 25 to 34 cm Arm Cloth Fabric Cuff Adult Cuff,,Welch Allyn,SOFT-11-1HP,"Disposable, Cuffs, Sphyg.",$96.28 ,,In Stock,CS/20,,,https://imgcdn.mckesson.com/CumulusWeb/Images/Item_Detail/661373_front.jpg,,https://mms.mckesson.com/product/661373/Welch-Allyn-SOFT-11-1HP
1252554,Single Patient Use Blood Pressure Cuff FlexiPort® 25 to 34 cm Arm Vinyl Cuff Adult Cuff,,Welch Allyn,SOFT-11-2MQ,"Disposable, Cuffs, Sphyg.",$96.28 ,,"In Stock (Get it Tomorrow, Oct 1)",CS/20,,,https://imgcdn.mckesson.com/CumulusWeb/Images/Item_Detail/1252554_pdet.jpg,,https://mms.mckesson.com/product/1252554/Welch-Allyn-SOFT-11-2MQ
1252552,Single Patient Use Blood Pressure Cuff FlexiPort® 20 to 26 cm Arm Soft Fabric Cuff Small Adult Cuff,,Welch Allyn,SOFT-10-2MQ,"Disposable, Cuffs, Sphyg.",$96.28 ,,"In Stock (Get it Tomorrow, Oct 1)",CS/20,,,https://imgcdn.mckesson.com/CumulusWeb/Images/Item_Detail/1252552_pdet.jpg,,https://mms.mckesson.com/product/1252552/Welch-Allyn-SOFT-10-2MQ
1252553,Single Patient Use Blood Pressure Cuff FlexiPort® 32 to 43 cm Arm Soft Fabric Cuff Large Adult Cuff,,Welch Allyn,SOFT-12-2MQ,"Disposable, Cuffs, Sphyg.",$96.28 ,,"In Stock (Get it Tomorrow, Oct 1)",CS/20,,,https://imgcdn.mckesson.com/CumulusWeb/Images/Item_Detail/1252553_pdet.jpg,,https://mms.mckesson.com/product/1252553/Welch-Allyn-SOFT-12-2MQ
436397,Aneroid Sphygmomanometer Unit DuraShock® Large Adult Cuff Arm Vinyl Cuff 34 - 50 cm Pocket Aneroid,,Welch Allyn,DS44-12,"Manual, Units, Sphyg.",$101.47 ,,"In Stock (Get it Tomorrow, Oct 1)",EA/1,,,https://imgcdn.mckesson.com/CumulusWeb/Images/Item_Detail/ImageNotAvailable_gray_.jpg,,https://mms.mckesson.com/product/436397/Welch-Allyn-DS44-12
555883,Reusable Blood Pressure Cuff IntelliSense® 42 to 50 cm Arm Cloth Fabric Cuff Extra Large Cuff,,Emerson Healthcare,HEM-907-CX19,"Inflation Sets, Sphyg.",$105.42 ,,"In Stock - Network (Get it Friday, Oct 2)",EA/1,,,https://imgcdn.mckesson.com/CumulusWeb/Images/Item_Detail/555883_front.jpg,,https://mms.mckesson.com/product/555883/Emerson-Healthcare-HEM-907-CX19
46597,Reusable Blood Pressure Cuff and Bulb Trimline® 34 to 52 cm Arm Nylon Cuff Large Adult Cuff,,Welch Allyn,5082-23,"Inflation Sets, Sphyg.",$107.78 ,,"In Stock - Network (Get it Saturday, Oct 3)",EA/1,,,https://imgcdn.mckesson.com/CumulusWeb/Images/Item_Detail/46597.jpg,,https://mms.mckesson.com/product/46597/Welch-Allyn-5082-23
690634,Single Patient Use Blood Pressure Cuff FlexiPort® 25 to 34 cm Arm Cloth Fabric Cuff Adult Long Cuff,,Welch Allyn,SOFT-11L-2MQ,"Disposable, Cuffs, Sphyg.",$109.63 ,,"In Stock (Get it Tomorrow, Oct 1)",CS/20,,,https://imgcdn.mckesson.com/CumulusWeb/Images/Item_Detail/690634_front.jpg,,https://mms.mckesson.com/product/690634/Welch-Allyn-SOFT-11L-2MQ
1177165,NIBP Hose For BP Tube,,Soma Technology,AN2003,"Accessories, Sphyg.",$111.31 ,,"In Stock - Network (Get it Saturday, Oct 3)",EA/1,,,https://imgcdn.mckesson.com/CumulusWeb/Images/Item_Detail/1177165_pdet.jpg,,https://mms.mckesson.com/product/1177165/Soma-Technology-AN2003
692046,Aneroid Sphygmomanometer Unit DuraShock® Large Adult Cuff Arm Nylon Cuff 23 - 40 cm Pocket Aneroid,,Welch Allyn,DS44-12CB,"Manual, Units, Sphyg.",$117.14 ,,"In Stock - Network (Get it Friday, Oct 2)",EA/1,,,https://imgcdn.mckesson.com/CumulusWeb/Images/Item_Detail/WA_692046.jpg,,https://mms.mckesson.com/product/692046/Welch-Allyn-DS44-12CB
662982,Reusable Blood Pressure Cuff LifeSource® 42 to 60 cm Arm Nylon Cuff Extra Large Cuff,,A&D Engineering,UA-789AC,"Electronic, Units, Sphyg.",$118.93 ,,"In Stock - Network (Get it Tuesday, Oct 6)",EA/1,,,https://imgcdn.mckesson.com/CumulusWeb/Images/Item_Detail/662982_front.jpg,,https://mms.mckesson.com/product/662982/AD-Engineering-UA-789AC
1064714,Single Patient Use Blood Pressure Cuff Adcuff™ 35.5 to 46 cm Arm Cloth Fabric Cuff Large Adult Cuff,,American Diagnostic Corp,8450-12X-1HP,"Reusable, Cuffs, Sphyg.",$119.42 ,,"In Stock - Network (Get it Saturday, Oct 3)",PK/20,,,https://imgcdn.mckesson.com/CumulusWeb/Images/Item_Detail/1064714_front.jpg,,https://mms.mckesson.com/product/1064714/American-Diagnostic-Corp-8450-12X-1HP
419497,Blood Pressure Monitor Cart IntelliSense™ Stainless Steel Frame Silver,,Emerson Healthcare,HEM-907-STAND,"Accessories, Sphyg.",$129.07 ,,In Stock,EA/1,,,https://imgcdn.mckesson.com/CumulusWeb/Images/Item_Detail/419497_front_.jpg,,https://mms.mckesson.com/product/419497/Emerson-Healthcare-HEM-907-STAND
1239783,Digital Blood Pressure Monitor Withings Adult Cuff Arm Cloth Fabric Cuff 22 to 42 cm Mobile,,Withings Inc,WPM05-ALL-INTER,"Electronic, Units, Sphyg.",$131.72 ,,"In Stock (Get it Tomorrow, Oct 1)",EA/1,,,https://imgcdn.mckesson.com/CumulusWeb/Images/Item_Detail/1239783_front.jpg,,https://mms.mckesson.com/product/1239783/Withings-Inc-WPM05-ALL-INTER
777591,Peripheral IV Catheter Insyte™ Autoguard™ BC 24 Gauge 3/4 Inch BD Vialon Polyurethane Biomaterial Straight Hub Blood Control Push Button Safety,,BD,382512,Safety Iv Catheters,$132.84 ,,"In Stock (Get it Tomorrow, Oct 1)",BX/50,,,https://imgcdn.mckesson.com/CumulusWeb/Images/Item_Detail/777591_ppkgleft.jpg,,https://mms.mckesson.com/product/777591/BD-382512
329999,Peripheral IV Catheter Insyte™ Autoguard™ 24 Gauge 3/4 Inch BD Vialon Polyurethane Biomaterial Straight Hub Non Blood Control Push Button Safety,,BD,381412,Safety Iv Catheters,$132.84 ,,"In Stock (Get it Tomorrow, Oct 1)",BX/50,,,https://imgcdn.mckesson.com/CumulusWeb/Images/Item_Detail/329999_ppkgleft.jpg,,https://mms.mckesson.com/product/329999/BD-381412
793981,Peripheral IV Catheter Insyte™ Autoguard™ BC 24 Gauge 3/4 Inch BD Vialon Polyurethane Biomaterial Winged Hub Blood Control Push Button Safety,,BD,382612,Safety Iv Catheters,$132.84 ,,"In Stock (Get it Tomorrow, Oct 1)",BX/50,,,https://imgcdn.mckesson.com/CumulusWeb/Images/Item_Detail/793981_ppkgright.jpg,,https://mms.mckesson.com/product/793981/BD-382612
345967,Peripheral IV Catheter Insyte™ Autoguard™ 24 Gauge 3/4 Inch BD Vialon Polyurethane Biomaterial Winged Hub Non Blood Control Push Button Safety,,BD,381512,"Winged IV Catheters,Safety,Parenteral",$132.84 ,,"In Stock (Get it Tomorrow, Oct 1)",BX/50,,,https://imgcdn.mckesson.com/CumulusWeb/Images/Item_Detail/345967_ppkgleft.jpg,,https://mms.mckesson.com/product/345967/BD-381512
827016,Aneroid Sphygmomanometer Unit Dynarex® Extra Large Cuff Thigh Nylon Cuff 34 - 50 cm Pocket Aneroid,,Dynarex,7109,"Manual, Units, Sphyg.",$134.81 ,,"In Stock (Get it Tomorrow, Oct 1)",CS/10,,,https://imgcdn.mckesson.com/CumulusWeb/Images/Item_Detail/827016.jpg,,https://mms.mckesson.com/product/827016/Dynarex-7109
330006,Peripheral IV Catheter Insyte™ Autoguard™ 16 Gauge 1.16 Inch BD Vialon Polyurethane Biomaterial Straight Hub Non Blood Control Push Button Safety,,BD,381454,Safety Iv Catheters,$136.84 ,,"In Stock (Get it Tomorrow, Oct 1)",BX/50,,,https://imgcdn.mckesson.com/CumulusWeb/Images/Item_Detail/330006_ppkgleft.jpg,,https://mms.mckesson.com/product/330006/BD-381454
330008,Peripheral IV Catheter Insyte™ Autoguard™ 14 Gauge 1-3/4 Inch BD Vialon Polyurethane Biomaterial Straight Hub Non Blood Control Push Button Safety,,BD,381467,Safety Iv Catheters,$136.84 ,,"In Stock (Get it Tomorrow, Oct 1)",BX/50,,,https://imgcdn.mckesson.com/CumulusWeb/Images/Item_Detail/330008.jpg,,https://mms.mckesson.com/product/330008/BD-381467
1041130,Home Automatic Digital Blood Pressure Monitor Welch Allyn™ Home™ Wide Range Adult Cuff Arm Nylon Cuff 22 - 42 cm Desk Model,,Welch Allyn,H-BP100SBP,Physiologic Monitoring Systems,$137.14 ,,"In Stock (Get it Tomorrow, Oct 1)",EA/1,,,https://imgcdn.mckesson.com/CumulusWeb/Images/Item_Detail/1041130_right_.jpg,,https://mms.mckesson.com/product/1041130/Welch-Allyn-H-BP100SBP
987554,Wall Mount Bracket For 2400 BP Device Probe,,Welch Allyn,2400-WMB,Manual Blood Pressure,$153.90 ,,"In Stock - Network (Get it Friday, Oct 2)",EA/1,,,https://imgcdn.mckesson.com/CumulusWeb/Images/Item_Detail/987554_right.jpg,,https://mms.mckesson.com/product/987554/Welch-Allyn-2400-WMB
1271006,Connected Device Kit Zewa®,,Veridian Healthcare LLC,VHKIT-CON01,"Electronic, Units, Sphyg.",$154.99 ,,"In Stock - Network (Get it Tuesday, Oct 6)",KT/1,,,https://imgcdn.mckesson.com/CumulusWeb/Images/Item_Detail/1271006_pkit.jpg,,https://mms.mckesson.com/product/1271006/Veridian-Healthcare-LLC-VHKIT-CON01
461152,Aneroid Sphygmomanometer Unit DuraShock® Adult Cuff Arm Nylon Cuff 23 - 40 cm Pocket Aneroid,,Welch Allyn,DS45-11,"Manual, Units, Sphyg.",$156.18 ,,"In Stock - Network (Get it Tuesday, Oct 6)",EA/1,,,https://imgcdn.mckesson.com/CumulusWeb/Images/Item_Detail/461152_front.jpg,,https://mms.mckesson.com/product/461152/Welch-Allyn-DS45-11
500274,Aneroid Sphygmomanometer Unit Multikuf™ Multiple Sizes Arm Nylon Cuff 13 - 50 cm Palm Aneroid,,American Diagnostic Corp,732-BK,"Manual, Units, Sphyg.",$172.06 ,,In Stock - Network,EA/1,,,https://imgcdn.mckesson.com/CumulusWeb/Images/Item_Detail/500274_pkit.jpg,,https://mms.mckesson.com/product/500274/American-Diagnostic-Corp-732-BK
1285294,Digital Blood Pressure Monitor Withings® Adult Cuff Arm Nylon Cuff Mobile,,Withings Inc,WPM07-08-ALL-INT,"Electronic, Units, Sphyg.",$182.40 ,,"In Stock - Network (Get it Tuesday, Oct 6)",EA/1,,,https://imgcdn.mckesson.com/CumulusWeb/Images/Item_Detail/1285294_front.jpg,,https://mms.mckesson.com/product/1285294/Withings-Inc-WPM07-08-ALL-INT
1236112,Single Patient Use Blood Pressure Cuff SunTech®’s Orbit-K™ 23 to 33 cm Arm Adult Long Cuff,,GE Healthcare,2071179-009,"Disposable, Cuffs, Sphyg.",$191.20 ,,In Stock - Network,BX/20,,,https://imgcdn.mckesson.com/CumulusWeb/Images/Item_Detail/1236112_group.jpg,,https://mms.mckesson.com/product/1236112/GE-Healthcare-2071179-009
1253518,Reusable Blood Pressure Cuff Orbit™ 26 to 34 cm Arm Nylon Cuff Adult Cuff,,Florida Medical Sales,SUN-98-0239-02,"Reusable, Cuffs, Sphyg.",$202.73 ,,In Stock - Network,EA/1,,,https://imgcdn.mckesson.com/CumulusWeb/Images/Item_Detail/1253518_front.jpg,,https://mms.mckesson.com/product/1253518/Florida-Medical-Sales-SUN-98-0239-02
1178037,Aneroid Sphygmomanometer Unit McKesson LUMEON™ Adult Cuff Arm Nylon Cuff 23 - 40 cm Mobile,,McKesson Brand,01-752M-11ABKGM,"Manual, Units, Sphyg.",$207.67 ,,"In Stock - Network (Get it Saturday, Oct 3)",BX/1,,,https://imgcdn.mckesson.com/CumulusWeb/Images/Item_Detail/1178037_front_.jpg,,https://mms.mckesson.com/product/1178037/McKesson-Brand-01-752M-11ABKGM
1166240,Automatic Digital Blood Pressure Monitor ProBP 2000™ Adult Cuff Arm Nylon Cuff Desk Model,,Welch Allyn,2000-A,"Electronic, Units, Sphyg.",$211.16 ,,"In Stock (Get it Tomorrow, Oct 1)",EA/1,,,https://imgcdn.mckesson.com/CumulusWeb/Images/Item_Detail/1166240_front.jpg,,https://mms.mckesson.com/product/1166240/Welch-Allyn-2000-A
1259874,Home Automatic Digital Blood Pressure Monitor Smartheart Adult Cuff Arm 22 to 42 cm Pocket Aneroid,,Veridian Healthcare LLC,01-553,"Electronic, Units, Sphyg.",$273.96 ,,"In Stock - Network (Get it Saturday, Oct 3)",CS/12,,,https://imgcdn.mckesson.com/CumulusWeb/Images/Item_Detail/1259874_right.jpg,,https://mms.mckesson.com/product/1259874/Veridian-Healthcare-LLC-01-553
537977,Blood Pressure Gauge Welch Allyn Tycos® For use with Blood Pressure Unit,,Welch Allyn,DS58,"Accessories, Sphyg.",$327.07 ,,"In Stock - Network (Get it Tuesday, Oct 6)",EA/1,,,https://imgcdn.mckesson.com/CumulusWeb/Images/Item_Detail/537977.jpg,,https://mms.mckesson.com/product/537977/Welch-Allyn-DS58
537974,Aneroid Sphygmomanometer Unit Welch Allyn™ Platinum Series DS48 Adult Cuff Arm Nylon Cuff 23 - 40 cm Pocket Aneroid,,Welch Allyn,DS48-11,"Manual, Units, Sphyg.",$400.66 ,,"In Stock (Get it Tomorrow, Oct 1)",EA/1,,,https://imgcdn.mckesson.com/CumulusWeb/Images/Item_Detail/WA_537974.jpg,,https://mms.mckesson.com/product/537974/Welch-Allyn-DS48-11
537978,Aneroid Sphygmomanometer Unit Welch Allyn™ Platinum Series DS48 Adult Cuff Arm Nylon Cuff 23 - 40 cm Palm Aneroid,,Welch Allyn,DS58-11,"Manual, Units, Sphyg.",$419.98 ,,"In Stock (Get it Tomorrow, Oct 1)",EA/1,,,https://imgcdn.mckesson.com/CumulusWeb/Images/Item_Detail/537978_pkit.jpg,,https://mms.mckesson.com/product/537978/Welch-Allyn-DS58-11
537980,Aneroid Sphygmomanometer Unit Welch Allyn™ Platinum Series DS48 Multiple Sizes Arm Nylon Cuff Palm Aneroid,,Welch Allyn,DS58-PD,"Manual, Units, Sphyg.",$422.96 ,,"In Stock - Network (Get it Tuesday, Oct 6)",EA/1,,,https://imgcdn.mckesson.com/CumulusWeb/Images/Item_Detail/537980_pkit.jpg,,https://mms.mckesson.com/product/537980/Welch-Allyn-DS58-PD
1259670,Home Automatic Digital Blood Pressure Monitor 3 Series® Adult Cuff Arm 9 to 17 Inch Desk Model,,Emerson Healthcare,BP7150,"Electronic, Units, Sphyg.",$424.92 ,,"In Stock (Get it Tomorrow, Oct 1)",CS/10,,,https://imgcdn.mckesson.com/CumulusWeb/Images/Item_Detail/1259670_pkgfront.jpg,,https://mms.mckesson.com/product/1259670/Emerson-Healthcare-BP7150
666250,Blood Pressure Tube Set Flexiport® For use with Blood Pressure Cuff,,Welch Allyn,2-BVL,"Accessories, Sphyg.",$448.97 ,,"In Stock (Get it Tomorrow, Oct 1)",BG/10,,,https://imgcdn.mckesson.com/CumulusWeb/Images/Item_Detail/666250.jpg,,https://mms.mckesson.com/product/666250/Welch-Allyn-2-BVL
959364,Blood Pressure Unit Wall Mount Assembly Welch Allyn Connex® For use with Wall Channel,,Welch Allyn,7000-GCX,"Monitors, Auto Bp",$481.48 ,,"In Stock - Network (Get it Tuesday, Oct 6)",EA/1,,,https://imgcdn.mckesson.com/CumulusWeb/Images/Item_Detail/959364.jpg,,https://mms.mckesson.com/product/959364/Welch-Allyn-7000-GCX
264023,Aneroid Sphygmomanometer Unit Ds66 Trigger Aneroid Gold Series Multiple Sizes Arm Nylon Cuff Various Palm Aneroid,,Welch Allyn,5098-30,"Manual, Units, Sphyg.",$481.68 ,,"In Stock (Get it Tomorrow, Oct 1)",EA/1,,,https://imgcdn.mckesson.com/CumulusWeb/Images/Item_Detail/264023_pkit.jpg,,https://mms.mckesson.com/product/264023/Welch-Allyn-5098-30
1288574,Digital Blood Pressure Monitor Omron® 3 Series® Adult Cuff Wrist Nylon Cuff 13 to 21.5 cm Wrist Circumference Mobile,,Emerson Healthcare,BP6100,"Electronic, Units, Sphyg.",$527.77 ,,"In Stock (Get it Tomorrow, Oct 1)",CS/10,,,https://imgcdn.mckesson.com/CumulusWeb/Images/Item_Detail/1288574_ppkgright.jpg,,https://mms.mckesson.com/product/1288574/Emerson-Healthcare-BP6100
1259673,Home Automatic Digital Blood Pressure Monitor 5 Series® Adult Cuff Arm 9 to 17 Inch Desk Model,,Emerson Healthcare,BP7255,"Electronic, Units, Sphyg.",$588.18 ,,"In Stock (Get it Tomorrow, Oct 1)",CS/10,,,https://imgcdn.mckesson.com/CumulusWeb/Images/Item_Detail/1259673_ppkgleft.jpg,,https://mms.mckesson.com/product/1259673/Emerson-Healthcare-BP7255
959356,Automatic Digital Blood Pressure Monitor ProBP 2400™ Multiple Sizes Arm Nylon Cuff 23 - 40 cm Desk Model,,Welch Allyn,2400,"Electronic, Units, Sphyg.",$590.68 ,,"In Stock (Get it Tomorrow, Oct 1)",EA/1,,,https://imgcdn.mckesson.com/CumulusWeb/Images/Item_Detail/959356_front.jpg,,https://mms.mckesson.com/product/959356/Welch-Allyn-2400
959363,Spot Monitor Mobile Work Surface Stand Welch Allyn Mobile Classic Stand with Basket For use with Welch Allyn Connex Spot Monitors,,Welch Allyn,7000-MS3,Instrument/Equipment Carts,$663.86 ,,In Stock - Network,EA/1,,,https://imgcdn.mckesson.com/CumulusWeb/Images/Item_Detail/959363_left.jpg,,https://mms.mckesson.com/product/959363/Welch-Allyn-7000-MS3
485336,Digital Blood Pressure Monitor IntelliSense® Multiple Sizes Arm Nylon Cuff Various Desk Model,,Emerson Healthcare,HEM-907XL,"Electronic, Units, Sphyg.",$677.97 ,,"In Stock (Get it Tomorrow, Oct 1)",EA/1,,,https://imgcdn.mckesson.com/CumulusWeb/Images/Item_Detail/485336_left.jpg,,https://mms.mckesson.com/product/485336/Emerson-Healthcare-HEM-907XL
682517,Blood Pressure Tube Set Welch Allyn®,,Welch Allyn,2-BVS,"Accessories, Sphyg.",$683.87 ,,"In Stock - Network (Get it Saturday, Oct 3)",BG/10,,,https://imgcdn.mckesson.com/CumulusWeb/Images/Item_Detail/682517.jpg,,https://mms.mckesson.com/product/682517/Welch-Allyn-2-BVS
1288560,Digital Blood Pressure Monitor Omron® 7 Series® Adult Cuff Wrist Nylon Cuff 13 to 21.5 cm Wrist Circumference Mobile,,Emerson Healthcare,BP6350,"Electronic, Units, Sphyg.",$725.22 ,,"In Stock (Get it Tomorrow, Oct 1)",CS/10,,,https://imgcdn.mckesson.com/CumulusWeb/Images/Item_Detail/1288560_ppkgright.jpg,,https://mms.mckesson.com/product/1288560/Emerson-Healthcare-BP6350
1028081,Home Automatic Digital Blood Pressure Monitor Clever Choice™ Large Cuff Arm Nylon Cuff 23 - 40 cm Desk Model,,Simple Diagnostics,SDI-1786A,"Monitors, Auto Bp",$788.53 ,,"In Stock - Network (Get it Tuesday, Oct 6)",CS/24,,,https://imgcdn.mckesson.com/CumulusWeb/Images/Item_Detail/1028081_right.jpg,,https://mms.mckesson.com/product/1028081/Simple-Diagnostics-SDI-1786A
1269742,Digital Blood Pressure Monitor Omron 7 Series® Adult Cuff Arm Nylon Cuff 9 to 17 Inch Desk Model,,Emerson Healthcare,BP7360,"Electronic, Units, Sphyg.",$816.72 ,,"In Stock (Get it Tomorrow, Oct 1)",CS/10,,,https://imgcdn.mckesson.com/CumulusWeb/Images/Item_Detail/1269742_ppkgleft.jpg,,https://mms.mckesson.com/product/1269742/Emerson-Healthcare-BP7360
1269741,Digital Blood Pressure Monitor Omron 10 Series® Adult Cuff Arm Nylon Cuff 9 to 17 Inch Desk Model,,Emerson Healthcare,BP7465,"Electronic, Units, Sphyg.",$914.84 ,,"In Stock (Get it Saturday, Oct 3)",CS/10,,,https://imgcdn.mckesson.com/CumulusWeb/Images/Item_Detail/1269741_ppkgleft.jpg,,https://mms.mckesson.com/product/1269741/Emerson-Healthcare-BP7465
1288568,Digital Blood Pressure Monitor Evolv® 700 Series Adult Cuff Arm Nylon Cuff 23 to 43 cm Mobile,,Emerson Healthcare,BP7000,"Electronic, Units, Sphyg.",$923.36 ,,"In Stock (Get it Tomorrow, Oct 1)",CS/10,,,https://imgcdn.mckesson.com/CumulusWeb/Images/Item_Detail/1288568_ppkgleft.jpg,,https://mms.mckesson.com/product/1288568/Emerson-Healthcare-BP7000
1188594,Integrated Wall System McKesson Ophthalmoscope / Otoscope / BP Aneroid / Specula Dispenser / Transformer,,McKesson Brand,156-3L,Line Operated Endoscopic Power,"$1,170.75 ",,In Stock - Network,EA/1,,,https://imgcdn.mckesson.com/CumulusWeb/Images/Item_Detail/1188594_front.jpg,,https://mms.mckesson.com/product/1188594/McKesson-Brand-156-3L
1188597,Integrated Wall System McKesson LED Coaxial Ophthalmoscope / LED MacroView™ Basic Otoscope / BP Aneroid / Specula Dispenser / Thermometer / Transformer,,McKesson Brand,156-4L,Line Operated Endoscopic Power,"$1,390.71 ",,In Stock,EA/1,,,https://imgcdn.mckesson.com/CumulusWeb/Images/Item_Detail/1188597_front.jpg,,https://mms.mckesson.com/product/1188597/McKesson-Brand-156-4L
1188599,Integrated Wall System McKesson LED PanOptic™ Plus Ophthalmoscope / LED MacroView™ Plus Otoscope / BP Aneroid / Specula Dispenser / Thermometer / Transformer / iEXAMINER™ Smart Bracket,,McKesson Brand,156-4PM3,Line Operated Endoscopic Power,"$1,986.73 ",,In Stock,EA/1,,,https://imgcdn.mckesson.com/CumulusWeb/Images/Item_Detail/1188599_front.jpg,,https://mms.mckesson.com/product/1188599/McKesson-Brand-156-4PM3
1154729,"Patient Monitor Welch Allyn® Spot 4400 Monitoring / Spot check NIBP, Thermometer AC Power",,Welch Allyn,44XT-B,Physiologic Monitoring Systems,"$2,412.46 ",,"In Stock (Get it Tomorrow, Oct 1)",EA/1,,,https://imgcdn.mckesson.com/CumulusWeb/Images/Item_Detail/1154729_front_.jpg,,https://mms.mckesson.com/product/1154729/Welch-Allyn-44XT-B
1154730,"Patient Monitor Welch Allyn® Spot 4400 Monitoring / Spot check NIBP, Thermometer, SPO2 AC Power",,Welch Allyn,44WT-B,Physiologic Monitoring Systems,"$3,142.27 ",,"In Stock (Get it Tomorrow, Oct 1)",EA/1,,,https://imgcdn.mckesson.com/CumulusWeb/Images/Item_Detail/1154730_pkit.jpg,,https://mms.mckesson.com/product/1154730/Welch-Allyn-44WT-B
959358,"Patient Monitor Connex® Monitoring / Spot check NIBP, SpO2 AC Power",,Welch Allyn,73WX-B,Physiologic Monitoring Systems,"$3,628.82 ",,"In Stock (Get it Tomorrow, Oct 1)",EA/1,,,https://imgcdn.mckesson.com/CumulusWeb/Images/Item_Detail/959358_front.jpg,,https://mms.mckesson.com/product/959358/Welch-Allyn-73WX-B
946244,"Patient Monitor Connex® Monitoring / Spot check NIBP, SpO2, SureTemp Plus Thermometer AC Power / Battery Operated",,Welch Allyn,71WT-B,Physiologic Monitoring Systems,"$3,872.09 ",,"In Stock (Get it Tomorrow, Oct 1)",EA/1,,,https://imgcdn.mckesson.com/CumulusWeb/Images/Item_Detail/946244_front_.jpg,,https://mms.mckesson.com/product/946244/Welch-Allyn-71WT-B
946245,"Patient Monitor Connex® Monitoring / Spot check NIBP, SpO2, Temperature Battery Operated",,Welch Allyn,71WE-B,Physiologic Monitoring Systems,"$4,044.41 ",,"In Stock (Get it Tomorrow, Oct 1)",EA/1,,,https://imgcdn.mckesson.com/CumulusWeb/Images/Item_Detail/946245_front.jpg,,https://mms.mckesson.com/product/946245/Welch-Allyn-71WE-B
959359,"Patient Monitor Connex® Monitoring / Spot check NIBP, Pulse Rate, Pulse Oximetry, Temperature Battery Operated",,Welch Allyn,73WT-B,Physiologic Monitoring Systems,"$4,257.27 ",,"In Stock (Get it Tomorrow, Oct 1)",EA/1,,,https://imgcdn.mckesson.com/CumulusWeb/Images/Item_Detail/959359_front.jpg,,https://mms.mckesson.com/product/959359/Welch-Allyn-73WT-B
971405,"Patient Monitor Connex® Monitoring / Spot check NIBP, SpO2, SureTemp Plus Thermometer AC Power",,Welch Allyn,73MT-B,Physiologic Monitoring Systems,"$4,399.18 ",,"In Stock (Get it Tomorrow, Oct 1)",EA/1,,,https://imgcdn.mckesson.com/CumulusWeb/Images/Item_Detail/971405_front_.jpg,,https://mms.mckesson.com/product/971405/Welch-Allyn-73MT-B
971403,"Patient Monitor Connex® Monitoring / Spot check NIBP, SpO2, SureTemp Plus Thermometer AC Power",,Welch Allyn,73CT-B,Physiologic Monitoring Systems,"$5,098.59 ",,"In Stock - Network (Get it Tuesday, Oct 6)",EA/1,,,https://imgcdn.mckesson.com/CumulusWeb/Images/Item_Detail/971403_front.jpg,,https://mms.mckesson.com/product/971403/Welch-Allyn-73CT-B
1237216,"Vital Signs Monitor Midmark® Monitoring / Spot check NIBP, SpO2, Exergen TemporalScanner Thermometer AC Power",,Midmark,4-000-0550,Physiologic Monitoring Systems,"$5,353.58 ",,"In Stock - Network (Get it Tuesday, Oct 6)",EA/1,,,https://imgcdn.mckesson.com/CumulusWeb/Images/Item_Detail/1237216_front.jpg,,https://mms.mckesson.com/product/1237216/Midmark-4-000-0550
946261,"Patient Monitor Connex® Monitoring / Spot check NIBP, SpO2, Temperature Battery Operated",,Welch Allyn,75MT-B,Physiologic Monitoring Systems,"$5,552.09 ",,"In Stock - Network (Get it Saturday, Oct 3)",EA/1,,,https://imgcdn.mckesson.com/CumulusWeb/Images/Item_Detail/946261.jpg,,https://mms.mckesson.com/product/946261/Welch-Allyn-75MT-B
1117522,"Patient Monitor Connex® Monitoring NIPB, Pulse Rate, SpO2, SureTemp AC Power",,Welch Allyn,67MXTP-B,"Electronic, Units, Sphyg.","$7,006.26 ",,In Stock,EA/1,,,https://imgcdn.mckesson.com/CumulusWeb/Images/Item_Detail/ImageNotAvailable_gray_.jpg,,https://mms.mckesson.com/product/1117522/Welch-Allyn-67MXTP-B
971872,Automatic Digital Blood Pressure Monitor Tango® Multiple Sizes Arm Nylon Cuff Desk Model,,Welch Allyn,9922-019-50,"Electronic, Units, Sphyg.","$9,242.54 ",,"In Stock - Network (Get it Saturday, Oct 3)",EA/1,,,https://imgcdn.mckesson.com/CumulusWeb/Images/Item_Detail/971872_group.jpg,,https://mms.mckesson.com/product/971872/Welch-Allyn-9922-019-50
,,,,,,,,,,,,,,
,,,,,,,,,,,,,,
,,,,,,,,,,,,,,
,,,,,,,,,,,,,,
,,,,,,,,,,,,,,
,,,,,,,,,,,,,,
,,,,,,,,,,,,,,
,,,,,,,,,,,,,,
,,,,,,,,,,,,,,
,,,,,,,,,,,,,,
,,,,,,,,,,,,,,
,,,,,,,,,,,,,,
,,,,,,,,,,,,,,
,,,,,,,,,,,,,,
,,,,,,,,,,,,,,
,,,,,,,,,,,,,,
,,,,,,,,,,,,,,
,,,,,,,,,,,,,,
,,,,,,,,,,,,,,
,,,,,,,,,,,,,,
,,,,,,,,,,,,,,
,,,,,,,,,,,,,,
,,,,,,,,,,,,,,
,,,,,,,,,,,,,,
,,,,,,,,,,,,,,
,,,,,,,,,,,,,,
,,,,,,,,,,,,,,
,,,,,,,,,,,,,,
,,,,,,,,,,,,,,
,,,,,,,,,,,,,,
,,,,,,,,,,,,,,
,,,,,,,,,,,,,,
,,,,,,,,,,,,,,
,,,,,,,,,,,,,,
,,,,,,,,,,,,,,
,,,,,,,,,,,,,,
,,,,,,,,,,,,,,
,,,,,,,,,,,,,,
,,,,,,,,,,,,,,
,,,,,,,,,,,,,,
,,,,,,,,,,,,,,
,,,,,,,,,,,,,,
,,,,,,,,,,,,,,
,,,,,,,,,,,,,,
,,,,,,,,,,,,,,
,,,,,,,,,,,,,,
,,,,,,,,,,,,,,
,,,,,,,,,,,,,,
,,,,,,,,,,,,,,
,,,,,,,,,,,,,,
,,,,,,,,,,,,,,
,,,,,,,,,,,,,,
,,,,,,,,,,,,,,
,,,,,,,,,,,,,,
,,,,,,,,,,,,,,
,,,,,,,,,,,,,,
,,,,,,,,,,,,,,
,,,,,,,,,,,,,,
,,,,,,,,,,,,,,
,,,,,,,,,,,,,,
,,,,,,,,,,,,,,
,,,,,,,,,,,,,,
,,,,,,,,,,,,,,
,,,,,,,,,,,,,,
,,,,,,,,,,,,,,
,,,,,,,,,,,,,,
,,,,,,,,,,,,,,
,,,,,,,,,,,,,,
,,,,,,,,,,,,,,
,,,,,,,,,,,,,,
,,,,,,,,,,,,,,
,,,,,,,,,,,,,,
,,,,,,,,,,,,,,
,,,,,,,,,,,,,,
,,,,,,,,,,,,,,
,,,,,,,,,,,,,,
,,,,,,,,,,,,,,
,,,,,,,,,,,,,,
,,,,,,,,,,,,,,
,,,,,,,,,,,,,,
,,,,,,,,,,,,,,
,,,,,,,,,,,,,,
,,,,,,,,,,,,,,
,,,,,,,,,,,,,,
,,,,,,,,,,,,,,
,,,,,,,,,,,,,,
,,,,,,,,,,,,,,
,,,,,,,,,,,,,,
,,,,,,,,,,,,,,
,,,,,,,,,,,,,,
,,,,,,,,,,,,,,
,,,,,,,,,,,,,,
,,,,,,,,,,,,,,
,,,,,,,,,,,,,,
,,,,,,,,,,,,,,
,,,,,,,,,,,,,,
,,,,,,,,,,,,,,
,,,,,,,,,,,,,,
,,,,,,,,,,,,,,
,,,,,,,,,,,,,,
,,,,,,,,,,,,,,
,,,,,,,,,,,,,,
,,,,,,,,,,,,,,
,,,,,,,,,,,,,,
,,,,,,,,,,,,,,
,,,,,,,,,,,,,,
,,,,,,,,,,,,,,
,,,,,,,,,,,,,,
,,,,,,,,,,,,,,
,,,,,,,,,,,,,,
,,,,,,,,,,,,,,
,,,,,,,,,,,,,,
,,,,,,,,,,,,,,
,,,,,,,,,,,,,,
,,,,,,,,,,,,,,
,,,,,,,,,,,,,,
,,,,,,,,,,,,,,
,,,,,,,,,,,,,,
,,,,,,,,,,,,,,
,,,,,,,,,,,,,,
,,,,,,,,,,,,,,
,,,,,,,,,,,,,,
,,,,,,,,,,,,,,
,,,,,,,,,,,,,,
,,,,,,,,,,,,,,
,,,,,,,,,,,,,,
,,,,,,,,,,,,,,
,,,,,,,,,,,,,,
,,,,,,,,,,,,,,
,,,,,,,,,,,,,,
,,,,,,,,,,,,,,
,,,,,,,,,,,,,,
,,,,,,,,,,,,,,
,,,,,,,,,,,,,,
,,,,,,,,,,,,,,
,,,,,,,,,,,,,,
,,,,,,,,,,,,,,
,,,,,,,,,,,,,,
,,,,,,,,,,,,,,
,,,,,,,,,,,,,,
,,,,,,,,,,,,,,
,,,,,,,,,,,,,,
,,,,,,,,,,,,,,
,,,,,,,,,,,,,,
,,,,,,,,,,,,,,
,,,,,,,,,,,,,,
,,,,,,,,,,,,,,
,,,,,,,,,,,,,,
,,,,,,,,,,,,,,
,,,,,,,,,,,,,,
,,,,,,,,,,,,,,
,,,,,,,,,,,,,,
,,,,,,,,,,,,,,
,,,,,,,,,,,,,,
,,,,,,,,,,,,,,
,,,,,,,,,,,,,,
,,,,,,,,,,,,,,
,,,,,,,,,,,,,,
,,,,,,,,,,,,,,
,,,,,,,,,,,,,,
,,,,,,,,,,,,,,
,,,,,,,,,,,,,,
,,,,,,,,,,,,,,
,,,,,,,,,,,,,,
,,,,,,,,,,,,,,
,,,,,,,,,,,,,,
,,,,,,,,,,,,,,
,,,,,,,,,,,,,,
,,,,,,,,,,,,,,
,,,,,,,,,,,,,,
,,,,,,,,,,,,,,
,,,,,,,,,,,,,,
,,,,,,,,,,,,,,
,,,,,,,,,,,,,,
,,,,,,,,,,,,,,
,,,,,,,,,,,,,,
,,,,,,,,,,,,,,
,,,,,,,,,,,,,,
,,,,,,,,,,,,,,
,,,,,,,,,,,,,,
,,,,,,,,,,,,,,
,,,,,,,,,,,,,,
,,,,,,,,,,,,,,
,,,,,,,,,,,,,,
,,,,,,,,,,,,,,
,,,,,,,,,,,,,,
,,,,,,,,,,,,,,
,,,,,,,,,,,,,,
,,,,,,,,,,,,,,
,,,,,,,,,,,,,,
,,,,,,,,,,,,,,
,,,,,,,,,,,,,,
,,,,,,,,,,,,,,
,,,,,,,,,,,,,,
,,,,,,,,,,,,,,
,,,,,,,,,,,,,,
,,,,,,,,,,,,,,
,,,,,,,,,,,,,,
,,,,,,,,,,,,,,
,,,,,,,,,,,,,,
,,,,,,,,,,,,,,
,,,,,,,,,,,,,,
,,,,,,,,,,,,,,
,,,,,,,,,,,,,,
,,,,,,,,,,,,,,
,,,,,,,,,,,,,,
,,,,,,,,,,,,,,
,,,,,,,,,,,,,,
,,,,,,,,,,,,,,
,,,,,,,,,,,,,,
,,,,,,,,,,,,,,
,,,,,,,,,,,,,,
,,,,,,,,,,,,,,
,,,,,,,,,,,,,,
,,,,,,,,,,,,,,
,,,,,,,,,,,,,,
,,,,,,,,,,,,,,
,,,,,,,,,,,,,,
,,,,,,,,,,,,,,
,,,,,,,,,,,,,,
,,,,,,,,,,,,,,
,,,,,,,,,,,,,,
,,,,,,,,,,,,,,
,,,,,,,,,,,,,,
,,,,,,,,,,,,,,
,,,,,,,,,,,,,,
,,,,,,,,,,,,,,
,,,,,,,,,,,,,,
,,,,,,,,,,,,,,
,,,,,,,,,,,,,,
,,,,,,,,,,,,,,
,,,,,,,,,,,,,,
,,,,,,,,,,,,,,
,,,,,,,,,,,,,,
,,,,,,,,,,,,,,
,,,,,,,,,,,,,,
,,,,,,,,,,,,,,
,,,,,,,,,,,,,,
,,,,,,,,,,,,,,
,,,,,,,,,,,,,,
,,,,,,,,,,,,,,
,,,,,,,,,,,,,,
,,,,,,,,,,,,,,
,,,,,,,,,,,,,,
,,,,,,,,,,,,,,
,,,,,,,,,,,,,,
,,,,,,,,,,,,,,
,,,,,,,,,,,,,,
,,,,,,,,,,,,,,
,,,,,,,,,,,,,,
,,,,,,,,,,,,,,
,,,,,,,,,,,,,,
,,,,,,,,,,,,,,
,,,,,,,,,,,,,,
,,,,,,,,,,,,,,
,,,,,,,,,,,,,,
,,,,,,,,,,,,,,
,,,,,,,,,,,,,,
,,,,,,,,,,,,,,
,,,,,,,,,,,,,,
,,,,,,,,,,,,,,
,,,,,,,,,,,,,,
,,,,,,,,,,,,,,
,,,,,,,,,,,,,,
,,,,,,,,,,,,,,
,,,,,,,,,,,,,,
,,,,,,,,,,,,,,
,,,,,,,,,,,,,,
,,,,,,,,,,,,,,
,,,,,,,,,,,,,,
,,,,,,,,,,,,,,
,,,,,,,,,,,,,,
,,,,,,,,,,,,,,
,,,,,,,,,,,,,,
,,,,,,,,,,,,,,
,,,,,,,,,,,,,,
,,,,,,,,,,,,,,
,,,,,,,,,,,,,,
,,,,,,,,,,,,,,
,,,,,,,,,,,,,,
,,,,,,,,,,,,,,
,,,,,,,,,,,,,,
,,,,,,,,,,,,,,
,,,,,,,,,,,,,,
,,,,,,,,,,,,,,
,,,,,,,,,,,,,,
,,,,,,,,,,,,,,
,,,,,,,,,,,,,,
,,,,,,,,,,,,,,
,,,,,,,,,,,,,,
,,,,,,,,,,,,,,
,,,,,,,,,,,,,,
,,,,,,,,,,,,,,
,,,,,,,,,,,,,,
,,,,,,,,,,,,,,
,,,,,,,,,,,,,,
,,,,,,,,,,,,,,
,,,,,,,,,,,,,,
,,,,,,,,,,,,,,
,,,,,,,,,,,,,,
,,,,,,,,,,,,,,
,,,,,,,,,,,,,,
,,,,,,,,,,,,,,
,,,,,,,,,,,,,,
,,,,,,,,,,,,,,
,,,,,,,,,,,,,,
,,,,,,,,,,,,,,
,,,,,,,,,,,,,,
,,,,,,,,,,,,,,
,,,,,,,,,,,,,,
,,,,,,,,,,,,,,
,,,,,,,,,,,,,,
,,,,,,,,,,,,,,
,,,,,,,,,,,,,,
,,,,,,,,,,,,,,
,,,,,,,,,,,,,,
,,,,,,,,,,,,,,
,,,,,,,,,,,,,,
,,,,,,,,,,,,,,
,,,,,,,,,,,,,,
,,,,,,,,,,,,,,
,,,,,,,,,,,,,,
,,,,,,,,,,,,,,
,,,,,,,,,,,,,,
,,,,,,,,,,,,,,
,,,,,,,,,,,,,,
,,,,,,,,,,,,,,
,,,,,,,,,,,,,,
,,,,,,,,,,,,,,
,,,,,,,,,,,,,,
,,,,,,,,,,,,,,
,,,,,,,,,,,,,,
,,,,,,,,,,,,,,
,,,,,,,,,,,,,,
,,,,,,,,,,,,,,
,,,,,,,,,,,,,,
,,,,,,,,,,,,,,
,,,,,,,,,,,,,,
,,,,,,,,,,,,,,
,,,,,,,,,,,,,,
,,,,,,,,,,,,,,
,,,,,,,,,,,,,,
,,,,,,,,,,,,,,
,,,,,,,,,,,,,,
,,,,,,,,,,,,,,
,,,,,,,,,,,,,,
,,,,,,,,,,,,,,
,,,,,,,,,,,,,,
,,,,,,,,,,,,,,
,,,,,,,,,,,,,,
,,,,,,,,,,,,,,
,,,,,,,,,,,,,,
,,,,,,,,,,,,,,
,,,,,,,,,,,,,,
,,,,,,,,,,,,,,
,,,,,,,,,,,,,,
,,,,,,,,,,,,,,
,,,,,,,,,,,,,,
,,,,,,,,,,,,,,
,,,,,,,,,,,,,,
,,,,,,,,,,,,,,
,,,,,,,,,,,,,,
,,,,,,,,,,,,,,
,,,,,,,,,,,,,,
,,,,,,,,,,,,,,
,,,,,,,,,,,,,,
,,,,,,,,,,,,,,
,,,,,,,,,,,,,,
,,,,,,,,,,,,,,
,,,,,,,,,,,,,,
,,,,,,,,,,,,,,
,,,,,,,,,,,,,,
,,,,,,,,,,,,,,
,,,,,,,,,,,,,,
,,,,,,,,,,,,,,
,,,,,,,,,,,,,,
,,,,,,,,,,,,,,
,,,,,,,,,,,,,,
,,,,,,,,,,,,,,
,,,,,,,,,,,,,,
,,,,,,,,,,,,,,
,,,,,,,,,,,,,,
,,,,,,,,,,,,,,
,,,,,,,,,,,,,,
,,,,,,,,,,,,,,
,,,,,,,,,,,,,,
,,,,,,,,,,,,,,
,,,,,,,,,,,,,,
,,,,,,,,,,,,,,
,,,,,,,,,,,,,,
,,,,,,,,,,,,,,
,,,,,,,,,,,,,,
,,,,,,,,,,,,,,
,,,,,,,,,,,,,,
,,,,,,,,,,,,,,
,,,,,,,,,,,,,,
,,,,,,,,,,,,,,
,,,,,,,,,,,,,,
,,,,,,,,,,,,,,
,,,,,,,,,,,,,,
,,,,,,,,,,,,,,
,,,,,,,,,,,,,,
,,,,,,,,,,,,,,
,,,,,,,,,,,,,,
,,,,,,,,,,,,,,
,,,,,,,,,,,,,,
,,,,,,,,,,,,,,
,,,,,,,,,,,,,,
,,,,,,,,,,,,,,
,,,,,,,,,,,,,,
,,,,,,,,,,,,,,
,,,,,,,,,,,,,,
,,,,,,,,,,,,,,
,,,,,,,,,,,,,,
,,,,,,,,,,,,,,
,,,,,,,,,,,,,,
,,,,,,,,,,,,,,
,,,,,,,,,,,,,,
,,,,,,,,,,,,,,
,,,,,,,,,,,,,,
,,,,,,,,,,,,,,
,,,,,,,,,,,,,,
,,,,,,,,,,,,,,
,,,,,,,,,,,,,,
,,,,,,,,,,,,,,
,,,,,,,,,,,,,,
,,,,,,,,,,,,,,
,,,,,,,,,,,,,,
,,,,,,,,,,,,,,
,,,,,,,,,,,,,,
,,,,,,,,,,,,,,
,,,,,,,,,,,,,,
,,,,,,,,,,,,,,
,,,,,,,,,,,,,,
,,,,,,,,,,,,,,
,,,,,,,,,,,,,,
,,,,,,,,,,,,,,
,,,,,,,,,,,,,,
,,,,,,,,,,,,,,
,,,,,,,,,,,,,,
,,,,,,,,,,,,,,
,,,,,,,,,,,,,,
,,,,,,,,,,,,,,
,,,,,,,,,,,,,,
,,,,,,,,,,,,,,
,,,,,,,,,,,,,,
,,,,,,,,,,,,,,
,,,,,,,,,,,,,,
,,,,,,,,,,,,,,
,,,,,,,,,,,,,,
,,,,,,,,,,,,,,
,,,,,,,,,,,,,,
,,,,,,,,,,,,,,
,,,,,,,,,,,,,,
,,,,,,,,,,,,,,
,,,,,,,,,,,,,,
,,,,,,,,,,,,,,
,,,,,,,,,,,,,,
,,,,,,,,,,,,,,
,,,,,,,,,,,,,,
,,,,,,,,,,,,,,
,,,,,,,,,,,,,,
,,,,,,,,,,,,,,
,,,,,,,,,,,,,,
,,,,,,,,,,,,,,
,,,,,,,,,,,,,,
,,,,,,,,,,,,,,
,,,,,,,,,,,,,,
,,,,,,,,,,,,,,
,,,,,,,,,,,,,,
,,,,,,,,,,,,,,
,,,,,,,,,,,,,,
,,,,,,,,,,,,,,
,,,,,,,,,,,,,,
,,,,,,,,,,,,,,
,,,,,,,,,,,,,,
,,,,,,,,,,,,,,
,,,,,,,,,,,,,,
,,,,,,,,,,,,,,
,,,,,,,,,,,,,,
,,,,,,,,,,,,,,
,,,,,,,,,,,,,,
,,,,,,,,,,,,,,
,,,,,,,,,,,,,,
,,,,,,,,,,,,,,
,,,,,,,,,,,,,,
,,,,,,,,,,,,,,
,,,,,,,,,,,,,,
,,,,,,,,,,,,,,
,,,,,,,,,,,,,,
,,,,,,,,,,,,,,
,,,,,,,,,,,,,,
,,,,,,,,,,,,,,
,,,,,,,,,,,,,,
,,,,,,,,,,,,,,
,,,,,,,,,,,,,,
,,,,,,,,,,,,,,
,,,,,,,,,,,,,,
,,,,,,,,,,,,,,
,,,,,,,,,,,,,,
,,,,,,,,,,,,,,
,,,,,,,,,,,,,,
,,,,,,,,,,,,,,
,,,,,,,,,,,,,,
,,,,,,,,,,,,,,
,,,,,,,,,,,,,,
,,,,,,,,,,,,,,
,,,,,,,,,,,,,,
,,,,,,,,,,,,,,
,,,,,,,,,,,,,,
,,,,,,,,,,,,,,
,,,,,,,,,,,,,,
,,,,,,,,,,,,,,
,,,,,,,,,,,,,,
,,,,,,,,,,,,,,
,,,,,,,,,,,,,,
,,,,,,,,,,,,,,
,,,,,,,,,,,,,,
,,,,,,,,,,,,,,
,,,,,,,,,,,,,,
,,,,,,,,,,,,,,
,,,,,,,,,,,,,,
,,,,,,,,,,,,,,
,,,,,,,,,,,,,,
,,,,,,,,,,,,,,
,,,,,,,,,,,,,,
,,,,,,,,,,,,,,
,,,,,,,,,,,,,,
,,,,,,,,,,,,,,
,,,,,,,,,,,,,,
,,,,,,,,,,,,,,
,,,,,,,,,,,,,,
,,,,,,,,,,,,,,
,,,,,,,,,,,,,,
,,,,,,,,,,,,,,
,,,,,,,,,,,,,,
,,,,,,,,,,,,,,
,,,,,,,,,,,,,,
,,,,,,,,,,,,,,
,,,,,,,,,,,,,,
,,,,,,,,,,,,,,
,,,,,,,,,,,,,,
,,,,,,,,,,,,,,
,,,,,,,,,,,,,,
,,,,,,,,,,,,,,
,,,,,,,,,,,,,,
,,,,,,,,,,,,,,
,,,,,,,,,,,,,,
,,,,,,,,,,,,,,
,,,,,,,,,,,,,,
,,,,,,,,,,,,,,
,,,,,,,,,,,,,,
,,,,,,,,,,,,,,
,,,,,,,,,,,,,,
,,,,,,,,,,,,,,
,,,,,,,,,,,,,,
,,,,,,,,,,,,,,
,,,,,,,,,,,,,,
,,,,,,,,,,,,,,
,,,,,,,,,,,,,,
,,,,,,,,,,,,,,
,,,,,,,,,,,,,,
,,,,,,,,,,,,,,
,,,,,,,,,,,,,,
,,,,,,,,,,,,,,
,,,,,,,,,,,,,,
,,,,,,,,,,,,,,
,,,,,,,,,,,,,,
,,,,,,,,,,,,,,
,,,,,,,,,,,,,,
,,,,,,,,,,,,,,
,,,,,,,,,,,,,,
,,,,,,,,,,,,,,
,,,,,,,,,,,,,,
,,,,,,,,,,,,,,
,,,,,,,,,,,,,,
,,,,,,,,,,,,,,
,,,,,,,,,,,,,,
,,,,,,,,,,,,,,
,,,,,,,,,,,,,,
,,,,,,,,,,,,,,
,,,,,,,,,,,,,,
,,,,,,,,,,,,,,
,,,,,,,,,,,,,,
,,,,,,,,,,,,,,
,,,,,,,,,,,,,,
,,,,,,,,,,,,,,
,,,,,,,,,,,,,,
,,,,,,,,,,,,,,
,,,,,,,,,,,,,,
,,,,,,,,,,,,,,
,,,,,,,,,,,,,,
,,,,,,,,,,,,,,
,,,,,,,,,,,,,,
,,,,,,,,,,,,,,
,,,,,,,,,,,,,,
,,,,,,,,,,,,,,
,,,,,,,,,,,,,,
,,,,,,,,,,,,,,
,,,,,,,,,,,,,,
,,,,,,,,,,,,,,
,,,,,,,,,,,,,,
,,,,,,,,,,,,,,
,,,,,,,,,,,,,,
,,,,,,,,,,,,,,
,,,,,,,,,,,,,,
,,,,,,,,,,,,,,
,,,,,,,,,,,,,,
,,,,,,,,,,,,,,
,,,,,,,,,,,,,,
,,,,,,,,,,,,,,
,,,,,,,,,,,,,,
,,,,,,,,,,,,,,
,,,,,,,,,,,,,,
,,,,,,,,,,,,,,
,,,,,,,,,,,,,,
,,,,,,,,,,,,,,
,,,,,,,,,,,,,,
,,,,,,,,,,,,,,
,,,,,,,,,,,,,,
,,,,,,,,,,,,,,
,,,,,,,,,,,,,,
,,,,,,,,,,,,,,
,,,,,,,,,,,,,,
,,,,,,,,,,,,,,
,,,,,,,,,,,,,,
,,,,,,,,,,,,,,
,,,,,,,,,,,,,,
,,,,,,,,,,,,,,
,,,,,,,,,,,,,,
,,,,,,,,,,,,,,
,,,,,,,,,,,,,,
,,,,,,,,,,,,,,
,,,,,,,,,,,,,,
,,,,,,,,,,,,,,
,,,,,,,,,,,,,,
,,,,,,,,,,,,,,
,,,,,,,,,,,,,,
,,,,,,,,,,,,,,
,,,,,,,,,,,,,,
,,,,,,,,,,,,,,
,,,,,,,,,,,,,,
,,,,,,,,,,,,,,
,,,,,,,,,,,,,,
,,,,,,,,,,,,,,
,,,,,,,,,,,,,,
,,,,,,,,,,,,,,
,,,,,,,,,,,,,,
,,,,,,,,,,,,,,
,,,,,,,,,,,,,,
,,,,,,,,,,,,,,
,,,,,,,,,,,,,,
,,,,,,,,,,,,,,
,,,,,,,,,,,,,,
,,,,,,,,,,,,,,
,,,,,,,,,,,,,,
,,,,,,,,,,,,,,
,,,,,,,,,,,,,,
,,,,,,,,,,,,,,
,,,,,,,,,,,,,,
,,,,,,,,,,,,,,
,,,,,,,,,,,,,,
,,,,,,,,,,,,,,
,,,,,,,,,,,,,,
,,,,,,,,,,,,,,
,,,,,,,,,,,,,,
,,,,,,,,,,,,,,
,,,,,,,,,,,,,,
,,,,,,,,,,,,,,
,,,,,,,,,,,,,,
,,,,,,,,,,,,,,
,,,,,,,,,,,,,,
,,,,,,,,,,,,,,
,,,,,,,,,,,,,,
,,,,,,,,,,,,,,
,,,,,,,,,,,,,,
,,,,,,,,,,,,,,
,,,,,,,,,,,,,,
,,,,,,,,,,,,,,
,,,,,,,,,,,,,,
,,,,,,,,,,,,,,
,,,,,,,,,,,,,,
,,,,,,,,,,,,,,
,,,,,,,,,,,,,,
,,,,,,,,,,,,,,
,,,,,,,,,,,,,,
,,,,,,,,,,,,,,
,,,,,,,,,,,,,,
,,,,,,,,,,,,,,
,,,,,,,,,,,,,,
,,,,,,,,,,,,,,
,,,,,,,,,,,,,,
,,,,,,,,,,,,,,
,,,,,,,,,,,,,,
,,,,,,,,,,,,,,
,,,,,,,,,,,,,,
,,,,,,,,,,,,,,
,,,,,,,,,,,,,,
,,,,,,,,,,,,,,
,,,,,,,,,,,,,,
,,,,,,,,,,,,,,
,,,,,,,,,,,,,,
,,,,,,,,,,,,,,
,,,,,,,,,,,,,,
,,,,,,,,,,,,,,
,,,,,,,,,,,,,,
,,,,,,,,,,,,,,
,,,,,,,,,,,,,,
,,,,,,,,,,,,,,
,,,,,,,,,,,,,,
,,,,,,,,,,,,,,
,,,,,,,,,,,,,,
,,,,,,,,,,,,,,
,,,,,,,,,,,,,,
,,,,,,,,,,,,,,
,,,,,,,,,,,,,,
,,,,,,,,,,,,,,
,,,,,,,,,,,,,,
,,,,,,,,,,,,,,
,,,,,,,,,,,,,,
,,,,,,,,,,,,,,
,,,,,,,,,,,,,,
,,,,,,,,,,,,,,
,,,,,,,,,,,,,,
,,,,,,,,,,,,,,
,,,,,,,,,,,,,,
,,,,,,,,,,,,,,
,,,,,,,,,,,,,,
,,,,,,,,,,,,,,
,,,,,,,,,,,,,,
,,,,,,,,,,,,,,
,,,,,,,,,,,,,,
,,,,,,,,,,,,,,
,,,,,,,,,,,,,,
,,,,,,,,,,,,,,
,,,,,,,,,,,,,,
,,,,,,,,,,,,,,
,,,,,,,,,,,,,,
,,,,,,,,,,,,,,
,,,,,,,,,,,,,,
,,,,,,,,,,,,,,
,,,,,,,,,,,,,,
,,,,,,,,,,,,,,
,,,,,,,,,,,,,,
,,,,,,,,,,,,,,
,,,,,,,,,,,,,,
,,,,,,,,,,,,,,
,,,,,,,,,,,,,,
,,,,,,,,,,,,,,
,,,,,,,,,,,,,,
,,,,,,,,,,,,,,
,,,,,,,,,,,,,,
,,,,,,,,,,,,,,
,,,,,,,,,,,,,,
,,,,,,,,,,,,,,
,,,,,,,,,,,,,,
,,,,,,,,,,,,,,
,,,,,,,,,,,,,,
,,,,,,,,,,,,,,
,,,,,,,,,,,,,,
,,,,,,,,,,,,,,
,,,,,,,,,,,,,,
,,,,,,,,,,,,,,
,,,,,,,,,,,,,,
,,,,,,,,,,,,,,
,,,,,,,,,,,,,,
,,,,,,,,,,,,,,
,,,,,,,,,,,,,,
,,,,,,,,,,,,,,
,,,,,,,,,,,,,,
,,,,,,,,,,,,,,
,,,,,,,,,,,,,,
,,,,,,,,,,,,,,
,,,,,,,,,,,,,,
,,,,,,,,,,,,,,
,,,,,,,,,,,,,,
,,,,,,,,,,,,,,
,,,,,,,,,,,,,,
,,,,,,,,,,,,,,
,,,,,,,,,,,,,,
,,,,,,,,,,,,,,
,,,,,,,,,,,,,,
,,,,,,,,,,,,,,
,,,,,,,,,,,,,,
,,,,,,,,,,,,,,
,,,,,,,,,,,,,,
,,,,,,,,,,,,,,
,,,,,,,,,,,,,,
,,,,,,,,,,,,,,
,,,,,,,,,,,,,,
,,,,,,,,,,,,,,
,,,,,,,,,,,,,,
,,,,,,,,,,,,,,
,,,,,,,,,,,,,,
,,,,,,,,,,,,,,
,,,,,,,,,,,,,,
,,,,,,,,,,,,,,
,,,,,,,,,,,,,,
,,,,,,,,,,,,,,
,,,,,,,,,,,,,,
,,,,,,,,,,,,,,
,,,,,,,,,,,,,,
,,,,,,,,,,,,,,
,,,,,,,,,,,,,,
,,,,,,,,,,,,,,
,,,,,,,,,,,,,,
,,,,,,,,,,,,,,
,,,,,,,,,,,,,,
,,,,,,,,,,,,,,
,,,,,,,,,,,,,,
,,,,,,,,,,,,,,
,,,,,,,,,,,,,,
,,,,,,,,,,,,,,
,,,,,,,,,,,,,,
,,,,,,,,,,,,,,
,,,,,,,,,,,,,,
,,,,,,,,,,,,,,
,,,,,,,,,,,,,,
,,,,,,,,,,,,,,
,,,,,,,,,,,,,,
,,,,,,,,,,,,,,
,,,,,,,,,,,,,,
,,,,,,,,,,,,,,
,,,,,,,,,,,,,,
,,,,,,,,,,,,,,
,,,,,,,,,,,,,,
,,,,,,,,,,,,,,
,,,,,,,,,,,,,,
,,,,,,,,,,,,,,
,,,,,,,,,,,,,,
,,,,,,,,,,,,,,
,,,,,,,,,,,,,,
,,,,,,,,,,,,,,
,,,,,,,,,,,,,,
,,,,,,,,,,,,,,
,,,,,,,,,,,,,,
,,,,,,,,,,,,,,
,,,,,,,,,,,,,,
,,,,,,,,,,,,,,
,,,,,,,,,,,,,,
,,,,,,,,,,,,,,
,,,,,,,,,,,,,,
,,,,,,,,,,,,,,
,,,,,,,,,,,,,,
,,,,,,,,,,,,,,
,,,,,,,,,,,,,,
,,,,,,,,,,,,,,
,,,,,,,,,,,,,,
,,,,,,,,,,,,,,
,,,,,,,,,,,,,,
,,,,,,,,,,,,,,
,,,,,,,,,,,,,,
,,,,,,,,,,,,,,
,,,,,,,,,,,,,,
,,,,,,,,,,,,,,
,,,,,,,,,,,,,,
,,,,,,,,,,,,,,
,,,,,,,,,,,,,,
,,,,,,,,,,,,,,
,,,,,,,,,,,,,,
,,,,,,,,,,,,,,
,,,,,,,,,,,,,,
,,,,,,,,,,,,,,
,,,,,,,,,,,,,,
,,,,,,,,,,,,,,
,,,,,,,,,,,,,,
,,,,,,,,,,,,,,
,,,,,,,,,,,,,,
,,,,,,,,,,,,,,
,,,,,,,,,,,,,,
,,,,,,,,,,,,,,
,,,,,,,,,,,,,,
,,,,,,,,,,,,,,
,,,,,,,,,,,,,,
,,,,,,,,,,,,,,
,,,,,,,,,,,,,,
,,,,,,,,,,,,,,
,,,,,,,,,,,,,,
,,,,,,,,,,,,,,
,,,,,,,,,,,,,,
,,,,,,,,,,,,,,
,,,,,,,,,,,,,,
,,,,,,,,,,,,,,
,,,,,,,,,,,,,,
,,,,,,,,,,,,,,
,,,,,,,,,,,,,,
,,,,,,,,,,,,,,
,,,,,,,,,,,,,,
,,,,,,,,,,,,,,
,,,,,,,,,,,,,,
,,,,,,,,,,,,,,
,,,,,,,,,,,,,,
,,,,,,,,,,,,,,
,,,,,,,,,,,,,,
,,,,,,,,,,,,,,
,,,,,,,,,,,,,,
,,,,,,,,,,,,,,
,,,,,,,,,,,,,,
,,,,,,,,,,,,,,
,,,,,,,,,,,,,,
,,,,,,,,,,,,,,
,,,,,,,,,,,,,,
,,,,,,,,,,,,,,
,,,,,,,,,,,,,,
,,,,,,,,,,,,,,
,,,,,,,,,,,,,,
,,,,,,,,,,,,,,
,,,,,,,,,,,,,,
,,,,,,,,,,,,,,
,,,,,,,,,,,,,,
,,,,,,,,,,,,,,
,,,,,,,,,,,,,,
,,,,,,,,,,,,,,
,,,,,,,,,,,,,,
,,,,,,,,,,,,,,
,,,,,,,,,,,,,,
,,,,,,,,,,,,,,
,,,,,,,,,,,,,,
,,,,,,,,,,,,,,
,,,,,,,,,,,,,,
,,,,,,,,,,,,,,
,,,,,,,,,,,,,,
,,,,,,,,,,,,,,
,,,,,,,,,,,,,,
,,,,,,,,,,,,,,
,,,,,,,,,,,,,,
,,,,,,,,,,,,,,
,,,,,,,,,,,,,,
,,,,,,,,,,,,,,
,,,,,,,,,,,,,,
,,,,,,,,,,,,,,
,,,,,,,,,,,,,,
,,,,,,,,,,,,,,
,,,,,,,,,,,,,,
,,,,,,,,,,,,,,
,,,,,,,,,,,,,,
,,,,,,,,,,,,,,
,,,,,,,,,,,,,,
,,,,,,,,,,,,,,
,,,,,,,,,,,,,,
,,,,,,,,,,,,,,
,,,,,,,,,,,,,,
,,,,,,,,,,,,,,
,,,,,,,,,,,,,,
,,,,,,,,,,,,,,
,,,,,,,,,,,,,,
,,,,,,,,,,,,,,
,,,,,,,,,,,,,,
,,,,,,,,,,,,,,
,,,,,,,,,,,,,,
,,,,,,,,,,,,,,
,,,,,,,,,,,,,,
,,,,,,,,,,,,,,
,,,,,,,,,,,,,,
,,,,,,,,,,,,,,
,,,,,,,,,,,,,,
,,,,,,,,,,,,,,
,,,,,,,,,,,,,,
,,,,,,,,,,,,,,
,,,,,,,,,,,,,,
,,,,,,,,,,,,,,
,,,,,,,,,,,,,,
,,,,,,,,,,,,,,
,,,,,,,,,,,,,,
,,,,,,,,,,,,,,
,,,,,,,,,,,,,,
,,,,,,,,,,,,,,
,,,,,,,,,,,,,,
,,,,,,,,,,,,,,
,,,,,,,,,,,,,,
,,,,,,,,,,,,,,
,,,,,,,,,,,,,,
,,,,,,,,,,,,,,
,,,,,,,,,,,,,,
,,,,,,,,,,,,,,
,,,,,,,,,,,,,,
,,,,,,,,,,,,,,
,,,,,,,,,,,,,,
,,,,,,,,,,,,,,
,,,,,,,,,,,,,,
,,,,,,,,,,,,,,
,,,,,,,,,,,,,,
,,,,,,,,,,,,,,
,,,,,,,,,,,,,,
,,,,,,,,,,,,,,
,,,,,,,,,,,,,,
,,,,,,,,,,,,,,
,,,,,,,,,,,,,,
,,,,,,,,,,,,,,
,,,,,,,,,,,,,,
,,,,,,,,,,,,,,
,,,,,,,,,,,,,,
,,,,,,,,,,,,,,
,,,,,,,,,,,,,,
,,,,,,,,,,,,,,
,,,,,,,,,,,,,,
,,,,,,,,,,,,,,
,,,,,,,,,,,,,,
,,,,,,,,,,,,,,
,,,,,,,,,,,,,,
,,,,,,,,,,,,,,
,,,,,,,,,,,,,,
,,,,,,,,,,,,,,
,,,,,,,,,,,,,,
,,,,,,,,,,,,,,
,,,,,,,,,,,,,,
,,,,,,,,,,,,,,
,,,,,,,,,,,,,,
,,,,,,,,,,,,,,
,,,,,,,,,,,,,,
,,,,,,,,,,,,,,
,,,,,,,,,,,,,,
,,,,,,,,,,,,,,
,,,,,,,,,,,,,,
,,,,,,,,,,,,,,
,,,,,,,,,,,,,,
,,,,,,,,,,,,,,
,,,,,,,,,,,,,,
,,,,,,,,,,,,,,
,,,,,,,,,,,,,,
,,,,,,,,,,,,,,
,,,,,,,,,,,,,,
,,,,,,,,,,,,,,
,,,,,,,,,,,,,,
,,,,,,,,,,,,,,
,,,,,,,,,,,,,,
,,,,,,,,,,,,,,
,,,,,,,,,,,,,,
,,,,,,,,,,,,,,
,,,,,,,,,,,,,,
,,,,,,,,,,,,,,
,,,,,,,,,,,,,,
,,,,,,,,,,,,,,
,,,,,,,,,,,,,,
,,,,,,,,,,,,,,
,,,,,,,,,,,,,,
,,,,,,,,,,,,,,
,,,,,,,,,,,,,,
,,,,,,,,,,,,,,
,,,,,,,,,,,,,,
,,,,,,,,,,,,,,
,,,,,,,,,,,,,,
,,,,,,,,,,,,,,
,,,,,,,,,,,,,,
,,,,,,,,,,,,,,
,,,,,,,,,,,,,,
,,,,,,,,,,,,,,
,,,,,,,,,,,,,,
,,,,,,,,,,,,,,
,,,,,,,,,,,,,,
,,,,,,,,,,,,,,
,,,,,,,,,,,,,,
,,,,,,,,,,,,,,
,,,,,,,,,,,,,,
,,,,,,,,,,,,,,
,,,,,,,,,,,,,,
,,,,,,,,,,,,,,
,,,,,,,,,,,,,,
,,,,,,,,,,,,,,
,,,,,,,,,,,,,,
,,,,,,,,,,,,,,
,,,,,,,,,,,,,,
,,,,,,,,,,,,,,
,,,,,,,,,,,,,,
,,,,,,,,,,,,,,
,,,,,,,,,,,,,,
,,,,,,,,,,,,,,
,,,,,,,,,,,,,,
,,,,,,,,,,,,,,
,,,,,,,,,,,,,,
,,,,,,,,,,,,,,
,,,,,,,,,,,,,,
,,,,,,,,,,,,,,
,,,,,,,,,,,,,,
,,,,,,,,,,,,,,
,,,,,,,,,,,,,,
,,,,,,,,,,,,,,
,,,,,,,,,,,,,,
,,,,,,,,,,,,,,
,,,,,,,,,,,,,,
,,,,,,,,,,,,,,
,,,,,,,,,,,,,,
,,,,,,,,,,,,,,
,,,,,,,,,,,,,,
,,,,,,,,,,,,,,
,,,,,,,,,,,,,,
,,,,,,,,,,,,,,
,,,,,,,,,,,,,,
,,,,,,,,,,,,,,
,,,,,,,,,,,,,,
,,,,,,,,,,,,,,
,,,,,,,,,,,,,,
,,,,,,,,,,,,,,
,,,,,,,,,,,,,,
,,,,,,,,,,,,,,
,,,,,,,,,,,,,,
,,,,,,,,,,,,,,
,,,,,,,,,,,,,,
,,,,,,,,,,,,,,
,,,,,,,,,,,,,,
,,,,,,,,,,,,,,
,,,,,,,,,,,,,,
,,,,,,,,,,,,,,
,,,,,,,,,,,,,,
,,,,,,,,,,,,,,
,,,,,,,,,,,,,,
,,,,,,,,,,,,,,
,,,,,,,,,,,,,,
,,,,,,,,,,,,,,
,,,,,,,,,,,,,,
,,,,,,,,,,,,,,
,,,,,,,,,,,,,,
,,,,,,,,,,,,,,
,,,,,,,,,,,,,,
,,,,,,,,,,,,,,
,,,,,,,,,,,,,,
,,,,,,,,,,,,,,
,,,,,,,,,,,,,,
,,,,,,,,,,,,,,
,,,,,,,,,,,,,,
,,,,,,,,,,,,,,
,,,,,,,,,,,,,,
,,,,,,,,,,,,,,
,,,,,,,,,,,,,,
,,,,,,,,,,,,,,
,,,,,,,,,,,,,,
,,,,,,,,,,,,,,
,,,,,,,,,,,,,,
,,,,,,,,,,,,,,
,,,,,,,,,,,,,,
,,,,,,,,,,,,,,
,,,,,,,,,,,,,,
,,,,,,,,,,,,,,
,,,,,,,,,,,,,,
,,,,,,,,,,,,,,
,,,,,,,,,,,,,,
,,,,,,,,,,,,,,
,,,,,,,,,,,,,,
,,,,,,,,,,,,,,
,,,,,,,,,,,,,,
,,,,,,,,,,,,,,
,,,,,,,,,,,,,,
,,,,,,,,,,,,,,
,,,,,,,,,,,,,,
,,,,,,,,,,,,,,
,,,,,,,,,,,,,,
,,,,,,,,,,,,,,
,,,,,,,,,,,,,,
,,,,,,,,,,,,,,
,,,,,,,,,,,,,,
,,,,,,,,,,,,,,
,,,,,,,,,,,,,,
,,,,,,,,,,,,,,
,,,,,,,,,,,,,,
,,,,,,,,,,,,,,
,,,,,,,,,,,,,,
,,,,,,,,,,,,,,
,,,,,,,,,,,,,,
,,,,,,,,,,,,,,
,,,,,,,,,,,,,,
,,,,,,,,,,,,,,
,,,,,,,,,,,,,,
,,,,,,,,,,,,,,
,,,,,,,,,,,,,,
,,,,,,,,,,,,,,
,,,,,,,,,,,,,,
,,,,,,,,,,,,,,
,,,,,,,,,,,,,,
,,,,,,,,,,,,,,
,,,,,,,,,,,,,,
,,,,,,,,,,,,,,
,,,,,,,,,,,,,,
,,,,,,,,,,,,,,
,,,,,,,,,,,,,,
,,,,,,,,,,,,,,
,,,,,,,,,,,,,,
,,,,,,,,,,,,,,
,,,,,,,,,,,,,,
,,,,,,,,,,,,,,
,,,,,,,,,,,,,,
,,,,,,,,,,,,,,
,,,,,,,,,,,,,,
,,,,,,,,,,,,,,
,,,,,,,,,,,,,,
,,,,,,,,,,,,,,
,,,,,,,,,,,,,,
,,,,,,,,,,,,,,
,,,,,,,,,,,,,,
,,,,,,,,,,,,,,
,,,,,,,,,,,,,,
,,,,,,,,,,,,,,
,,,,,,,,,,,,,,
,,,,,,,,,,,,,,
,,,,,,,,,,,,,,
,,,,,,,,,,,,,,
,,,,,,,,,,,,,,
,,,,,,,,,,,,,,
,,,,,,,,,,,,,,
,,,,,,,,,,,,,,
,,,,,,,,,,,,,,
,,,,,,,,,,,,,,
,,,,,,,,,,,,,,
,,,,,,,,,,,,,,
,,,,,,,,,,,,,,
,,,,,,,,,,,,,,
,,,,,,,,,,,,,,
,,,,,,,,,,,,,,
,,,,,,,,,,,,,,
,,,,,,,,,,,,,,
,,,,,,,,,,,,,,
,,,,,,,,,,,,,,
,,,,,,,,,,,,,,
,,,,,,,,,,,,,,
,,,,,,,,,,,,,,
,,,,,,,,,,,,,,
,,,,,,,,,,,,,,
,,,,,,,,,,,,,,
,,,,,,,,,,,,,,
,,,,,,,,,,,,,,
,,,,,,,,,,,,,,
,,,,,,,,,,,,,,
,,,,,,,,,,,,,,
,,,,,,,,,,,,,,
,,,,,,,,,,,,,,
,,,,,,,,,,,,,,
,,,,,,,,,,,,,,
,,,,,,,,,,,,,,
,,,,,,,,,,,,,,
,,,,,,,,,,,,,,
,,,,,,,,,,,,,,
,,,,,,,,,,,,,,
,,,,,,,,,,,,,,
,,,,,,,,,,,,,,
,,,,,,,,,,,,,,
,,,,,,,,,,,,,,
,,,,,,,,,,,,,,
,,,,,,,,,,,,,,
,,,,,,,,,,,,,,
,,,,,,,,,,,,,,
,,,,,,,,,,,,,,
,,,,,,,,,,,,,,
,,,,,,,,,,,,,,
,,,,,,,,,,,,,,
,,,,,,,,,,,,,,
,,,,,,,,,,,,,,
,,,,,,,,,,,,,,
,,,,,,,,,,,,,,
,,,,,,,,,,,,,,
,,,,,,,,,,,,,,
,,,,,,,,,,,,,,
,,,,,,,,,,,,,,
,,,,,,,,,,,,,,
,,,,,,,,,,,,,,
,,,,,,,,,,,,,,
,,,,,,,,,,,,,,
,,,,,,,,,,,,,,
,,,,,,,,,,,,,,
,,,,,,,,,,,,,,
,,,,,,,,,,,,,,
,,,,,,,,,,,,,,
,,,,,,,,,,,,,,
,,,,,,,,,,,,,,
,,,,,,,,,,,,,,
,,,,,,,,,,,,,,
,,,,,,,,,,,,,,
,,,,,,,,,,,,,,
,,,,,,,,,,,,,,
,,,,,,,,,,,,,,
,,,,,,,,,,,,,,
,,,,,,,,,,,,,,
,,,,,,,,,,,,,,
,,,,,,,,,,,,,,
,,,,,,,,,,,,,,
,,,,,,,,,,,,,,
,,,,,,,,,,,,,,
,,,,,,,,,,,,,,
,,,,,,,,,,,,,,
,,,,,,,,,,,,,,
,,,,,,,,,,,,,,
,,,,,,,,,,,,,,
,,,,,,,,,,,,,,
,,,,,,,,,,,,,,
,,,,,,,,,,,,,,
,,,,,,,,,,,,,,
,,,,,,,,,,,,,,
,,,,,,,,,,,,,,
,,,,,,,,,,,,,,
,,,,,,,,,,,,,,
,,,,,,,,,,,,,,
,,,,,,,,,,,,,,
,,,,,,,,,,,,,,
,,,,,,,,,,,,,,
,,,,,,,,,,,,,,
,,,,,,,,,,,,,,
,,,,,,,,,,,,,,
,,,,,,,,,,,,,,
,,,,,,,,,,,,,,
,,,,,,,,,,,,,,
,,,,,,,,,,,,,,
,,,,,,,,,,,,,,
,,,,,,,,,,,,,,
,,,,,,,,,,,,,,
,,,,,,,,,,,,,,
,,,,,,,,,,,,,,
,,,,,,,,,,,,,,
,,,,,,,,,,,,,,
,,,,,,,,,,,,,,
,,,,,,,,,,,,,,
