SKU,Product Name,HCPCS Code,Manufacturer,MFR Part Number,Category,Dealer Price,Retail Price,Stock Status,UOM,Description,Features,Image URL,Manuals,Product URL
1195496,Portable Outlet Car Charger Inverter CPAP Power Solutions Portable Outlet Portable Outlet 155W 12 Volt. DC to AC inverter,,Portable Outlet,DC22AC,"Accessories, Chargers - Batteries",$9.38 ,,Limited quantities available,EA/1,,,https://imgcdn.mckesson.com/CumulusWeb/Images/Item_Detail/1195496_pkgfront.jpg,,https://mms.mckesson.com/product/1195496/Portable-Outlet-DC22AC
1222890,CPAP Connector 15 mm ID 22 mm Cuffs,,Sunset Healthcare,RES013,Adapters and Connectors,$2.72 ,,"In Stock (Get it Tomorrow, Oct 1)",PK/10,,,https://imgcdn.mckesson.com/CumulusWeb/Images/Item_Detail/1222890_right.jpg,,https://mms.mckesson.com/product/1222890/Sunset-Healthcare-RES013
1143933,CPAP Unit Prewash Cleanser SoClean® Unscented 8 oz.,,SoClean Inc,PN1101.8,CPAP Accessories,$440.63 ,,In Stock,CS/36,,,https://imgcdn.mckesson.com/CumulusWeb/Images/Item_Detail/1143933_front.jpg,,https://mms.mckesson.com/product/1143933/SoClean-Inc-PN11018
840007,CPAP Wipes,,Mada Medical Products,7035,CPAP Accessories,$74.11 ,,In Stock,CS/12,,,https://imgcdn.mckesson.com/CumulusWeb/Images/Item_Detail/840007_front.jpg,,https://mms.mckesson.com/product/840007/Mada-Medical-Products-7035
575592,CPAP Mask Component CPAP Headgear Mirage Quattro™,,ResMed Corp,16117,CPAP Accessories,$34.14 ,,In Stock,EA/1,,,https://imgcdn.mckesson.com/CumulusWeb/Images/Item_Detail/575592.jpg,,https://mms.mckesson.com/product/575592/ResMed-Corp-16117
949104,CPAP Heated Tubing ResMed AirSense 10 6.5 Foot Length 15 mm ID 22 mm Cuffs,,ResMed Corp,37296,CPAP Accessories,$15.30 ,,In Stock,EA/1,,,https://imgcdn.mckesson.com/CumulusWeb/Images/Item_Detail/949104_front.jpg,,https://mms.mckesson.com/product/949104/ResMed-Corp-37296
768034,Humidifier Filter Kit For Humidifier,,AG Industries,AG1063096,CPAP Accessories,$0.95 ,,In Stock,EA/1,,,https://imgcdn.mckesson.com/CumulusWeb/Images/Item_Detail/768034.jpg,,https://mms.mckesson.com/product/768034/AG-Industries-AG1063096
1202156,CPAP Filter Exceleron Medical Disposable 6 per Pack With Frame,,Spirit Medical,CF-1142828-6,CPAP Accessories,$3.67 ,,In Stock - Network,PK/6,,,https://imgcdn.mckesson.com/CumulusWeb/Images/Item_Detail/1202156_front.jpg,,https://mms.mckesson.com/product/1202156/Spirit-Medical-CF-1142828-6
1168556,CPAP Filter RESmart Disposable Blue / White,,Sunset Healthcare,CF8004,CPAP Accessories,$2.72 ,,In Stock - Network,PK/3,,,https://imgcdn.mckesson.com/CumulusWeb/Images/Item_Detail/1168556_left.jpg,,https://mms.mckesson.com/product/1168556/Sunset-Healthcare-CF8004
999507,CPAP Filter ICON Plus Ultrafine Disposable 2 per Pack No Tab,,Fisher & Paykel,900ICON213,CPAP Accessories,$2.76 ,,In Stock - Network,PK/2,,,https://imgcdn.mckesson.com/CumulusWeb/Images/Item_Detail/999507.jpg,,https://mms.mckesson.com/product/999507/Fisher-Paykel-900ICON213
1216876,CPAP Filter Ultrafine Disposable 2 per Pack White No Tab,,Advanced Medical Resources LLC,F-120,CPAP Accessories,$1.09 ,,In Stock - Network,PK/2,,,https://imgcdn.mckesson.com/CumulusWeb/Images/Item_Detail/1216876_group.jpg,,https://mms.mckesson.com/product/1216876/Advanced-Medical-Resources-LLC-F-120
1201110,CPAP Mask Component CPAP Chin Strap Respura,,AG Industries,SP-CHADJ,CPAP Accessories,$15.04 ,,"In Stock - Network (Get it Friday, Oct 2)",EA/1,,,https://imgcdn.mckesson.com/CumulusWeb/Images/Item_Detail/1201110_pdet.jpg,,https://mms.mckesson.com/product/1201110/AG-Industries-SP-CHADJ
1082822,Cabinet Filter Millennium For Respironics® Millennium Filter,,Sunset Healthcare,OF1001,CPAP Accessories,$8.84 ,,"In Stock - Network (Get it Friday, Oct 2)",PK/10,,,https://imgcdn.mckesson.com/CumulusWeb/Images/Item_Detail/1082822.jpg,,https://mms.mckesson.com/product/1082822/Sunset-Healthcare-OF1001
1103232,CPAP Filter S8 Series Foam / Pollen Disposable 1 per Pack Blue / White No Tab,,Sunset Healthcare,CF2105-1,CPAP Accessories,$0.79 ,,"In Stock - Network (Get it Friday, Oct 2)",EA/1,,,https://imgcdn.mckesson.com/CumulusWeb/Images/Item_Detail/1103232_right.jpg,,https://mms.mckesson.com/product/1103232/Sunset-Healthcare-CF2105-1
785599,CPAP Tubing ThermoSmart™ 6-3/8 Foot Length Tubing Heated Tubing,,Fisher & Paykel,900ICON208,CPAP Accessories,$48.33 ,,"In Stock - Network (Get it Saturday, Oct 3)",EA/1,,,https://imgcdn.mckesson.com/CumulusWeb/Images/Item_Detail/785599.jpg,,https://mms.mckesson.com/product/785599/Fisher-Paykel-900ICON208
1141280,CPAP Tubing 6 Foot Length 15 mm ID 22 mm Cuffs,,Drive DeVilbiss Healthcare,CPAPTUB6TL,CPAP Accessories,$42.11 ,,"In Stock - Network (Get it Saturday, Oct 3)",CS/12,,,https://imgcdn.mckesson.com/CumulusWeb/Images/Item_Detail/1141280_left.jpg,,https://mms.mckesson.com/product/1141280/Drive-DeVilbiss-Healthcare-CPAPTUB6TL
982488,Airway Adapter Set,,Respironics,3473ADU-00,CPAP Accessories,$312.79 ,,"In Stock - Network (Get it Saturday, Oct 3)",PK/10,,,https://imgcdn.mckesson.com/CumulusWeb/Images/Item_Detail/982488_front.jpg,,https://mms.mckesson.com/product/982488/Respironics-3473ADU-00
1171706,Li Ion Battery SoClean,,SoClean Inc,A007-2,CPAP Accessories,$84.30 ,,"In Stock - Network (Get it Saturday, Oct 3)",EA/1,,,https://imgcdn.mckesson.com/CumulusWeb/Images/Item_Detail/1171706_right.jpg,,https://mms.mckesson.com/product/1171706/SoClean-Inc-A007-2
1132450,CPAP Mask Component CPAP Headgear DreamWisp Adult,,Respironics,1137964,CPAP Accessories,$40.23 ,,"In Stock - Network (Get it Saturday, Oct 3)",EA/1,,,https://imgcdn.mckesson.com/CumulusWeb/Images/Item_Detail/1132450.jpg,,https://mms.mckesson.com/product/1132450/Respironics-1137964
785680,CPAP Mask Component CPAP Headgear FitLife,,Respironics,1060808,CPAP Accessories,$34.68 ,,"In Stock - Network (Get it Saturday, Oct 3)",EA/1,,,https://imgcdn.mckesson.com/CumulusWeb/Images/Item_Detail/785680.JPG,,https://mms.mckesson.com/product/785680/Respironics-1060808
1206182,CPAP Heated Tubing Luna II G2 6 Foot Length 19 mm ID 22 mm Cuffs,,React Health,3BCL1010,CPAP Accessories,$33.59 ,,"In Stock - Network (Get it Saturday, Oct 3)",EA/1,,,https://imgcdn.mckesson.com/CumulusWeb/Images/Item_Detail/1206182_left.jpg,,https://mms.mckesson.com/product/1206182/React-Health-3BCL1010
574016,CPAP Bacteria / Viral Filter,,Respironics,342077,CPAP Accessories,$34.99 ,,"In Stock - Network (Get it Saturday, Oct 3)",CS/10,,,https://imgcdn.mckesson.com/CumulusWeb/Images/Item_Detail/574016.jpg,,https://mms.mckesson.com/product/574016/Respironics-342077
871060,CPAP Mask Kit CPAP Headgear Simplus™,,Fisher & Paykel,400HC583,CPAP Accessories,$27.62 ,,"In Stock - Network (Get it Saturday, Oct 3)",EA/1,,,https://imgcdn.mckesson.com/CumulusWeb/Images/Item_Detail/871060.jpg,,https://mms.mckesson.com/product/871060/Fisher-Paykel-400HC583
573693,CPAP Mask Component CPAP Headgear FlexiFit™ 431,,Fisher & Paykel,400HC302,CPAP Accessories,$27.62 ,,"In Stock - Network (Get it Saturday, Oct 3)",EA/1,,,https://imgcdn.mckesson.com/CumulusWeb/Images/Item_Detail/FSHPAY_573693.jpg,,https://mms.mckesson.com/product/573693/Fisher-Paykel-400HC302
883957,CPAP Mask Component CPAP Headgear Wisp™ Nasal Style,,Respironics,1109307,CPAP Accessories,$27.74 ,,"In Stock - Network (Get it Saturday, Oct 3)",EA/1,,,https://imgcdn.mckesson.com/CumulusWeb/Images/Item_Detail/883957_front.jpg,,https://mms.mckesson.com/product/883957/Respironics-1109307
862212,CPAP Mask Component CPAP Headgear Nuance Pro Nasal Pillow Style,,Respironics,1105178,CPAP Accessories,$27.74 ,,"In Stock - Network (Get it Saturday, Oct 3)",EA/1,,,https://imgcdn.mckesson.com/CumulusWeb/Images/Item_Detail/862212_ppkgleft.jpg,,https://mms.mckesson.com/product/862212/Respironics-1105178
862209,CPAP Mask Component CPAP Headgear Nuance Nasal Pillow Style,,Respironics,1105176,CPAP Accessories,$27.74 ,,"In Stock - Network (Get it Saturday, Oct 3)",EA/1,,,https://imgcdn.mckesson.com/CumulusWeb/Images/Item_Detail/862209_right.jpg,,https://mms.mckesson.com/product/862209/Respironics-1105176
1056857,CPAP Mask Component CPAP Headgear Brevida™ Nasal Style,,Fisher & Paykel,400BRE120,CPAP Accessories,$26.24 ,,"In Stock - Network (Get it Saturday, Oct 3)",EA/1,,,https://imgcdn.mckesson.com/CumulusWeb/Images/Item_Detail/1056857.jpg,,https://mms.mckesson.com/product/1056857/Fisher-Paykel-400BRE120
1006118,CPAP Mask Component CPAP Mask Swivel Eson™,,Fisher & Paykel,400HC570,CPAP Accessories,$26.24 ,,"In Stock - Network (Get it Saturday, Oct 3)",EA/1,,,https://imgcdn.mckesson.com/CumulusWeb/Images/Item_Detail/1006118.jpg,,https://mms.mckesson.com/product/1006118/Fisher-Paykel-400HC570
798982,CPAP Mask Component CPAP Chin Strap PureSom,,Sun Med,TMS-09L,CPAP Accessories,$24.14 ,,"In Stock - Network (Get it Saturday, Oct 3)",EA/1,,,https://imgcdn.mckesson.com/CumulusWeb/Images/Item_Detail/798982.jpg,,https://mms.mckesson.com/product/798982/Sun-Med-TMS-09L
825135,CPAP Replacement Mask Parts CPAP Headgear Amara™,,Respironics,1090296,CPAP Accessories,$24.14 ,,"In Stock - Network (Get it Saturday, Oct 3)",EA/1,,,https://imgcdn.mckesson.com/CumulusWeb/Images/Item_Detail/825135_back.jpg,,https://mms.mckesson.com/product/825135/Respironics-1090296
798981,CPAP Mask Component CPAP Chin Strap PureSom,,Sun Med,TMS-09-ADJXL,CPAP Accessories,$18.85 ,,"In Stock - Network (Get it Saturday, Oct 3)",EA/1,,,https://imgcdn.mckesson.com/CumulusWeb/Images/Item_Detail/798981.jpg,,https://mms.mckesson.com/product/798981/Sun-Med-TMS-09-ADJXL
798979,CPAP Mask Component CPAP Chin Strap PureSom,,,,CPAP Accessories,$17.79 ,,"In Stock - Network (Get it Saturday, Oct 3)",EA/1,,,https://imgcdn.mckesson.com/CumulusWeb/Images/Item_Detail/798979.jpg,,https://mms.mckesson.com/product/798979/Sun-Med-TMS-09-ADJ
1202161,CPAP Mask Component CPAP Chin Strap Exceleron Medical,,Spirit Medical,CS-RUBY-ADJXL,CPAP Accessories,$16.32 ,,"In Stock - Network (Get it Saturday, Oct 3)",EA/1,,,https://imgcdn.mckesson.com/CumulusWeb/Images/Item_Detail/1202161_right.jpg,,https://mms.mckesson.com/product/1202161/Spirit-Medical-CS-RUBY-ADJXL
573720,CPAP Water Chamber CPAP Water Chambers and Humidifiers SleepStyle™ 600 SleepStyle 600 Series Standard,,Fisher & Paykel,HC365S,CPAP Accessories,$15.88 ,,"In Stock - Network (Get it Saturday, Oct 3)",EA/1,,,https://imgcdn.mckesson.com/CumulusWeb/Images/Item_Detail/FSHPAY_573720.jpg,,https://mms.mckesson.com/product/573720/Fisher-Paykel-HC365S
836323,LT Compressor Nebulizer System Filter PulmoNeb® For PulmoNeb® LT Compressor Nebulizer System,,Drive DeVilbiss Healthcare,3655LT-602,CPAP Accessories,$7.82 ,,"In Stock - Network (Get it Saturday, Oct 3)",PK/25,,,https://imgcdn.mckesson.com/CumulusWeb/Images/Item_Detail/836323.jpg,,https://mms.mckesson.com/product/836323/Drive-DeVilbiss-Healthcare-3655LT-602
639022,Nebulizer Kit Set CompAir® Elite Compact Compressor Nebulizer NE-C30 and NE-C28-2,,Emerson Healthcare,C900,CPAP Accessories,$16.14 ,,"In Stock - Network (Get it Saturday, Oct 3)",EA/1,,,https://imgcdn.mckesson.com/CumulusWeb/Images/Item_Detail/639022_front.jpg,,https://mms.mckesson.com/product/639022/Emerson-Healthcare-C900
825387,CPAP Mask Component CPAP Chin Strap Respironics®,,AG Industries,AG1012911,CPAP Accessories,$10.73 ,,"In Stock - Network (Get it Saturday, Oct 3)",EA/1,,,https://imgcdn.mckesson.com/CumulusWeb/Images/Item_Detail/825387_pdet.jpg,,https://mms.mckesson.com/product/825387/AG-Industries-AG1012911
1224140,CPAP Replacement Mask Parts CPAP Chin Strap Spirit Medical,,Spirit Medical,CS-RUBYMD,CPAP Accessories,$12.24 ,,"In Stock - Network (Get it Saturday, Oct 3)",EA/1,,,https://imgcdn.mckesson.com/CumulusWeb/Images/Item_Detail/1224140_right.jpg,,https://mms.mckesson.com/product/1224140/Spirit-Medical-CS-RUBYMD
1195399,CPAP Humidifer Seal CPAP Machine Parts DreamStation DreamStation,,Respironics,1120617,CPAP Accessories,$3.25 ,,"In Stock - Network (Get it Saturday, Oct 3)",EA/1,,,https://imgcdn.mckesson.com/CumulusWeb/Images/Item_Detail/1195399_right.jpg,,https://mms.mckesson.com/product/1195399/Respironics-1120617
1139526,CPAP Filter Dreamstation® Ultrafine Disposable 2 per Pack White With Frame,,Drive DeVilbiss Healthcare,CPF-DSD2,CPAP Accessories,$1.30 ,,"In Stock - Network (Get it Saturday, Oct 3)",PK/2,,,https://imgcdn.mckesson.com/CumulusWeb/Images/Item_Detail/1139526.jpg,,https://mms.mckesson.com/product/1139526/Drive-DeVilbiss-Healthcare-CPF-DSD2
1126447,CPAP Mask Component CPAP Chin Strap Sunset,,Sunset Healthcare,CS007M,CPAP Accessories,$8.15 ,,"In Stock - Network (Get it Saturday, Oct 3)",EA/1,,,https://imgcdn.mckesson.com/CumulusWeb/Images/Item_Detail/1126447_pdet.jpg,,https://mms.mckesson.com/product/1126447/Sunset-Healthcare-CS007M
1126448,CPAP Mask Component CPAP Chin Strap Sunset,,Sunset Healthcare,CS007L,CPAP Accessories,$8.15 ,,"In Stock - Network (Get it Saturday, Oct 3)",EA/1,,,https://imgcdn.mckesson.com/CumulusWeb/Images/Item_Detail/1126448_pdet.jpg,,https://mms.mckesson.com/product/1126448/Sunset-Healthcare-CS007L
1126446,CPAP Mask Component CPAP Chin Strap Sunset,,Sunset Healthcare,CS007S,CPAP Accessories,$8.15 ,,"In Stock - Network (Get it Saturday, Oct 3)",EA/1,,,https://imgcdn.mckesson.com/CumulusWeb/Images/Item_Detail/1126446_side.jpg,,https://mms.mckesson.com/product/1126446/Sunset-Healthcare-CS007S
1081731,CPAP Tubing 2 Foot Length 15 mm ID 22 mm Cuffs,,Sun Med,TSB-2GLT,CPAP Accessories,$6.73 ,,"In Stock - Network (Get it Saturday, Oct 3)",EA/1,,,https://imgcdn.mckesson.com/CumulusWeb/Images/Item_Detail/1081731_front.jpg,,https://mms.mckesson.com/product/1081731/Sun-Med-TSB-2GLT
807671,CPAP Mask Component CPAP Chin Strap,,AG Industries,AG302425,CPAP Accessories,$6.82 ,,"In Stock - Network (Get it Saturday, Oct 3)",EA/1,,,https://imgcdn.mckesson.com/CumulusWeb/Images/Item_Detail/807671.jpg,,https://mms.mckesson.com/product/807671/AG-Industries-AG302425
825389,CPAP Mask Component CPAP Headgear,,AG Industries,AG1033678,CPAP Accessories,$4.84 ,,"In Stock - Network (Get it Saturday, Oct 3)",EA/1,,,https://imgcdn.mckesson.com/CumulusWeb/Images/Item_Detail/825389.jpg,,https://mms.mckesson.com/product/825389/AG-Industries-AG1033678
1139795,CPAP Filter Dreamstation® Ultrafine Reusable 1 per Pack White With Frame,,Drive DeVilbiss Healthcare,CPF-DSR1,CPAP Accessories,$1.46 ,,"In Stock - Network (Get it Saturday, Oct 3)",EA/1,,,https://imgcdn.mckesson.com/CumulusWeb/Images/Item_Detail/1139795.jpg,,https://mms.mckesson.com/product/1139795/Drive-DeVilbiss-Healthcare-CPF-DSR1
1202561,CPAP Filter Exceleron Medical Ultrafine Disposable 2 per Pack White No Tab,,Spirit Medical,CF-1029331-2,CPAP Accessories,$0.65 ,,"In Stock - Network (Get it Saturday, Oct 3)",PK/2,,,https://imgcdn.mckesson.com/CumulusWeb/Images/Item_Detail/1202561_left.jpg,,https://mms.mckesson.com/product/1202561/Spirit-Medical-CF-1029331-2
1192966,CPAP Filter Respironics® Pollen Reusable 1 per Pack White With Frame,,Respironics,1142687,CPAP Accessories,$5.44 ,,"In Stock - Network (Get it Saturday, Oct 3)",EA/1,,,https://imgcdn.mckesson.com/CumulusWeb/Images/Item_Detail/1192966_left.jpg,,https://mms.mckesson.com/product/1192966/Respironics-1142687
899365,CPAP Filter ICON Series Ultrafine Disposable 1 per Pack White No Tab,,Sunset Healthcare,CF4003-1,CPAP Accessories,$0.80 ,,"In Stock - Network (Get it Saturday, Oct 3)",EA/1,,,https://imgcdn.mckesson.com/CumulusWeb/Images/Item_Detail/899365_right.jpg,,https://mms.mckesson.com/product/899365/Sunset-Healthcare-CF4003-1
1103228,CPAP Filter M-Series Foam / Pollen Reusable 1 per Pack Black No Tab,,Sunset Healthcare,CF1007F-1,CPAP Accessories,$0.82 ,,"In Stock - Network (Get it Saturday, Oct 3)",EA/1,,,https://imgcdn.mckesson.com/CumulusWeb/Images/Item_Detail/1103228_right.jpg,,https://mms.mckesson.com/product/1103228/Sunset-Healthcare-CF1007F-1
982659,CPAP Filter S8 Series Foam Disposable 2 per Pack Blue / White No Tab,,Sunset Healthcare,CF2105-2,CPAP Accessories,$0.82 ,,"In Stock - Network (Get it Saturday, Oct 3)",PK/2,,,https://imgcdn.mckesson.com/CumulusWeb/Images/Item_Detail/982659.jpg,,https://mms.mckesson.com/product/982659/Sunset-Healthcare-CF2105-2
1103235,CPAP Mask Component CPAP Chin Strap Sunset,,Sunset Healthcare,CS003L,CPAP Accessories,$7.14 ,,"In Stock - Network (Get it Saturday, Oct 3)",EA/1,,,https://imgcdn.mckesson.com/CumulusWeb/Images/Item_Detail/1103235.jpg,,https://mms.mckesson.com/product/1103235/Sunset-Healthcare-CS003L
1103236,CPAP Mask Component CPAP Chin Strap Sunset,,Sunset Healthcare,CS003XL,CPAP Accessories,$7.14 ,,"In Stock - Network (Get it Saturday, Oct 3)",EA/1,,,https://imgcdn.mckesson.com/CumulusWeb/Images/Item_Detail/1103236.jpg,,https://mms.mckesson.com/product/1103236/Sunset-Healthcare-CS003XL
1116308,CPAP Mask Component Chin Strap Adult,,Sunset Healthcare,CS003M,CPAP Accessories,$7.14 ,,"In Stock - Network (Get it Saturday, Oct 3)",EA/1,,,https://imgcdn.mckesson.com/CumulusWeb/Images/Item_Detail/1116308.jpg,,https://mms.mckesson.com/product/1116308/Sunset-Healthcare-CS003M
1116309,CPAP Mask Component CPAP Chin Strap Sunset,,Sunset Healthcare,CS003R,CPAP Accessories,$7.14 ,,"In Stock - Network (Get it Saturday, Oct 3)",EA/1,,,https://imgcdn.mckesson.com/CumulusWeb/Images/Item_Detail/1116309.jpg,,https://mms.mckesson.com/product/1116309/Sunset-Healthcare-CS003R
579868,Air Inlet Filter Model No 3655D Nebulizer,,Drive DeVilbiss Healthcare,3655D-601,CPAP Accessories,$5.13 ,,"In Stock - Network (Get it Saturday, Oct 3)",PK/5,,,https://imgcdn.mckesson.com/CumulusWeb/Images/Item_Detail/579868_front.jpg,,https://mms.mckesson.com/product/579868/Drive-DeVilbiss-Healthcare-3655D-601
1153268,Compressor Filter PulmoNeb® LT For PulmoNeb® LT Compressor Nebulizer System,,Drive DeVilbiss Healthcare,3655LT-601,CPAP Accessories,$2.89 ,,"In Stock - Network (Get it Saturday, Oct 3)",PK/5,,,https://imgcdn.mckesson.com/CumulusWeb/Images/Item_Detail/1153268_front.jpg,,https://mms.mckesson.com/product/1153268/Drive-DeVilbiss-Healthcare-3655LT-601
1082789,Nebulizer Foam Filter For the Medi-Mist Nebulizer,,Sunset Healthcare,BF018,CPAP Accessories,$2.86 ,,"In Stock - Network (Get it Saturday, Oct 3)",PK/10,,,https://imgcdn.mckesson.com/CumulusWeb/Images/Item_Detail/1082789_right.jpg,,https://mms.mckesson.com/product/1082789/Sunset-Healthcare-BF018
1103226,CPAP Filter RemStar Foam / Pollen Reusable 2 per Pack Black No Tab,,Sunset Healthcare,CF1006F-1,CPAP Accessories,$0.99 ,,"In Stock - Network (Get it Saturday, Oct 3)",EA/1,,,https://imgcdn.mckesson.com/CumulusWeb/Images/Item_Detail/1103226.jpg,,https://mms.mckesson.com/product/1103226/Sunset-Healthcare-CF1006F-1
1203234,CPAP Filter ResMed® Pollen Disposable 3 per Pack White No Tab,,Sunset Healthcare,CF2111,CPAP Accessories,$3.06 ,,"In Stock - Network (Get it Saturday, Oct 3)",PK/3,,,https://imgcdn.mckesson.com/CumulusWeb/Images/Item_Detail/1203234_right.jpg,,https://mms.mckesson.com/product/1203234/Sunset-Healthcare-CF2111
1207226,CPAP Filter Dreamstation® 2 Foam / Pollen Disposable 1 per Pack Blue / White With Frame,,Sunset Healthcare,CF1012-1,CPAP Accessories,$1.02 ,,"In Stock - Network (Get it Saturday, Oct 3)",PK/1,,,https://imgcdn.mckesson.com/CumulusWeb/Images/Item_Detail/1207226_left.jpg,,https://mms.mckesson.com/product/1207226/Sunset-Healthcare-CF1012-1
1206816,CPAP Filter Spirit Medical Foam / Pollen Reusable 1 per Pack Black No Tab,,Spirit Medical,CF-1005964-1,CPAP Accessories,$0.33 ,,"In Stock - Network (Get it Saturday, Oct 3)",PK/1,,,https://imgcdn.mckesson.com/CumulusWeb/Images/Item_Detail/1206816_front.jpg,,https://mms.mckesson.com/product/1206816/Spirit-Medical-CF-1005964-1
1239231,CPAP Filter ResMed AirSense™11 Hypoallergenic Reusable 2 per Pack White,,Sunset Healthcare,CF2111HA-2,CPAP Accessories,$1.90 ,,"In Stock - Network (Get it Saturday, Oct 3)",PK/2,,,https://imgcdn.mckesson.com/CumulusWeb/Images/Item_Detail/1239231_left.jpg,,https://mms.mckesson.com/product/1239231/Sunset-Healthcare-CF2111HA-2
1095409,CPAP Filter Respironics® Standard Disposable 1 per Pack Blue / White With Frame,,AG Industries,AG1122517,CPAP Accessories,$1.12 ,,"In Stock - Network (Get it Saturday, Oct 3)",EA/1,,,https://imgcdn.mckesson.com/CumulusWeb/Images/Item_Detail/1095409_pkgfront.jpg,,https://mms.mckesson.com/product/1095409/AG-Industries-AG1122517
1230658,CPAP Filter IntelliPAP® Ultrafine Disposable 1 per Pack White No Tab,,Sunset Healthcare,CF5004-1,CPAP Accessories,$1.16 ,,"In Stock - Network (Get it Saturday, Oct 3)",PK/1,,,https://imgcdn.mckesson.com/CumulusWeb/Images/Item_Detail/1230658_left.jpg,,https://mms.mckesson.com/product/1230658/Sunset-Healthcare-CF5004-1
1103225,CPAP Filter RemStar Ultrafine Disposable 1 per Pack White Tab,,Sunset Healthcare,CF1006-1,CPAP Accessories,$0.48 ,,"In Stock - Network (Get it Saturday, Oct 3)",EA/1,,,https://imgcdn.mckesson.com/CumulusWeb/Images/Item_Detail/1103225.jpg,,https://mms.mckesson.com/product/1103225/Sunset-Healthcare-CF1006-1
1192906,CPAP Filter Ultrafine Disposable 1 per Pack White Tab,,Sunset Healthcare,CF1009-1,CPAP Accessories,$0.61 ,,"In Stock - Network (Get it Saturday, Oct 3)",EA/1,,,https://imgcdn.mckesson.com/CumulusWeb/Images/Item_Detail/1192906_pdet.jpg,,https://mms.mckesson.com/product/1192906/Sunset-Healthcare-CF1009-1
1055785,CPAP Filter Ultagen™ Standard Disposable 1 per Pack White No Tab,,AG Industries,AG36850,CPAP Accessories,$0.50 ,,"In Stock - Network (Get it Saturday, Oct 3)",PK/1,,,https://imgcdn.mckesson.com/CumulusWeb/Images/Item_Detail/1055785.jpg,,https://mms.mckesson.com/product/1055785/AG-Industries-AG36850
1143931,CPAP Sanitizing Unit Adapter SoClean®,,SoClean Inc,PNA1214-23,CPAP Accessories,$353.03 ,,"In Stock - Network (Get it Tuesday, Oct 6)",CS/128,,,https://imgcdn.mckesson.com/CumulusWeb/Images/Item_Detail/1143931_pkit.jpg,,https://mms.mckesson.com/product/1143931/SoClean-Inc-PNA1214-23
874604,Valved T Adapter,,Pulmodyne,313-2061,CPAP Accessories,$75.23 ,,"In Stock - Network (Get it Tuesday, Oct 6)",BX/30,,,https://imgcdn.mckesson.com/CumulusWeb/Images/Item_Detail/874604.jpg,,https://mms.mckesson.com/product/874604/Pulmodyne-313-2061
785591,CPAP Mask Component CPAP Headgear Zest™ Q,,Fisher & Paykel,400HC314,CPAP Accessories,$33.14 ,,"In Stock - Network (Get it Tuesday, Oct 6)",EA/1,,,https://imgcdn.mckesson.com/CumulusWeb/Images/Item_Detail/785591.jpg,,https://mms.mckesson.com/product/785591/Fisher-Paykel-400HC314
1228066,CPAP Mask Component Replacment Headgear Nasal Style Pediatric,,Sunset Healthcare,HG060L,CPAP Accessories,$17 ,,"In Stock - Network (Get it Tuesday, Oct 6)",EA/1,,,https://imgcdn.mckesson.com/CumulusWeb/Images/Item_Detail/1228066_right.jpg,,https://mms.mckesson.com/product/1228066/Sunset-Healthcare-HG060L
1202572,CPAP Mask Component CPAP Chin Strap Elite Series,,Spirit Medical,CS-RUBY-ADJ,CPAP Accessories,$16.32 ,,"In Stock - Network (Get it Tuesday, Oct 6)",EA/1,,,https://imgcdn.mckesson.com/CumulusWeb/Images/Item_Detail/1202572_right.jpg,,https://mms.mckesson.com/product/1202572/Spirit-Medical-CS-RUBY-ADJ
1083904,CPAP Tubing SlimLine System One Performance 6 Foot Length 15 mm ID,,Respironics,1074400,CPAP Accessories,$13.87 ,,"In Stock - Network (Get it Tuesday, Oct 6)",EA/1,,,https://imgcdn.mckesson.com/CumulusWeb/Images/Item_Detail/1083904_pdet.jpg,,https://mms.mckesson.com/product/1083904/Respironics-1074400
466196,Filter Cap,,Drive DeVilbiss Healthcare,5650D-612,CPAP Accessories,$12.43 ,,"In Stock - Network (Get it Tuesday, Oct 6)",PK/6,,,https://imgcdn.mckesson.com/CumulusWeb/Images/Item_Detail/DEVIBS_466196.jpg,,https://mms.mckesson.com/product/466196/Drive-DeVilbiss-Healthcare-5650D-612
953639,Compressor Nebulizer Filter SportNeb™ For 3050-2 SportNeb™ 2 Compressor Nebulizer,,Drive DeVilbiss Healthcare,3050-2-FILTER,CPAP Accessories,$12.88 ,,"In Stock - Network (Get it Tuesday, Oct 6)",PK/5,,,https://imgcdn.mckesson.com/CumulusWeb/Images/Item_Detail/953639_front.jpg,,https://mms.mckesson.com/product/953639/Drive-DeVilbiss-Healthcare-3050-2-FILTER
776524,CPAP Tubing 18 Inch Length 22 mm Cuffs,,Respironics,1008198,CPAP Accessories,$8.76 ,,"In Stock - Network (Get it Tuesday, Oct 6)",EA/1,,,https://imgcdn.mckesson.com/CumulusWeb/Images/Item_Detail/776524.jpg,,https://mms.mckesson.com/product/776524/Respironics-1008198
1200498,CPAP Mask Component CPAP Headgear Clip Amara™ View,,Respironics,1090698,CPAP Accessories,$9.71 ,,"In Stock - Network (Get it Tuesday, Oct 6)",PK/2,,,https://imgcdn.mckesson.com/CumulusWeb/Images/Item_Detail/1200498_group.jpg,,https://mms.mckesson.com/product/1200498/Respironics-1090698
1005385,CPAP Mask Replacement Parts CPAP Clips Wisp Nasal Style,,Respironics,1094083,CPAP Accessories,$9.71 ,,"In Stock - Network (Get it Tuesday, Oct 6)",PK/1,,,https://imgcdn.mckesson.com/CumulusWeb/Images/Item_Detail/1005385_group.jpg,,https://mms.mckesson.com/product/1005385/Respironics-1094083
1207489,CPAP Filter Luna Series Ultrafine Disposable 6 per Pack White No Tab,,Sunset Healthcare,CF8006-6,CPAP Accessories,$4.08 ,,"In Stock - Network (Get it Tuesday, Oct 6)",PK/1,,,https://imgcdn.mckesson.com/CumulusWeb/Images/Item_Detail/1207489_left.jpg,,https://mms.mckesson.com/product/1207489/Sunset-Healthcare-CF8006-6
853492,CPAP Filter M-Series Ultrafine Disposable 6 per Pack White Tab,,Sunset Healthcare,CF1007,CPAP Accessories,$1.35 ,,"In Stock - Network (Get it Tuesday, Oct 6)",PK/6,,,https://imgcdn.mckesson.com/CumulusWeb/Images/Item_Detail/853492_pkit.jpg,,https://mms.mckesson.com/product/853492/Sunset-Healthcare-CF1007
1202579,CPAP Filter Exceleron Medical Hypoallergenic / Ultrafine Disposable 2 per Pack White No Tab,,Spirit Medical,CF-39304-2,CPAP Accessories,$0.65 ,,"In Stock - Network (Get it Tuesday, Oct 6)",PK/2,,,https://imgcdn.mckesson.com/CumulusWeb/Images/Item_Detail/1202579_front.jpg,,https://mms.mckesson.com/product/1202579/Spirit-Medical-CF-39304-2
1202147,CPAP Filter Exceleron Medical Reusable 2 per Pack Black No Tab,,Spirit Medical,CF-L1020F-2,CPAP Accessories,$0.65 ,,"In Stock - Network (Get it Tuesday, Oct 6)",PK/2,,,https://imgcdn.mckesson.com/CumulusWeb/Images/Item_Detail/1202147_left.jpg,,https://mms.mckesson.com/product/1202147/Spirit-Medical-CF-L1020F-2
1043558,CPAP Tubing SleepWeaver® 18 Inch Length 15 mm ID 22 mm Cuffs,,Circadiance,100477,CPAP Accessories,$7.07 ,,"In Stock - Network (Get it Tuesday, Oct 6)",EA/1,,,https://imgcdn.mckesson.com/CumulusWeb/Images/Item_Detail/1043558.jpg,,https://mms.mckesson.com/product/1043558/Circadiance-100477
574204,Mask Swivel Adapter 360 Degree Swivel Mask,,Respironics,7041,CPAP Accessories,$2.71 ,,"In Stock - Network (Get it Tuesday, Oct 6)",EA/1,,,https://imgcdn.mckesson.com/CumulusWeb/Images/Item_Detail/574204_front.jpg,,https://mms.mckesson.com/product/574204/Respironics-7041
1143943,CPAP Sanitizing Unit Plug SoClean®,,SoClean Inc,PN1214,CPAP Accessories,$2.04 ,,"In Stock - Network (Get it Tuesday, Oct 6)",EA/1,,,https://imgcdn.mckesson.com/CumulusWeb/Images/Item_Detail/1143943_right.jpg,,https://mms.mckesson.com/product/1143943/SoClean-Inc-PN1214
729067,CPAP Filter M-Series Ultrafine Disposable 2 per Pack White Tab,,Drive DeVilbiss Healthcare,CPF-F30PK2,CPAP Accessories,$0.98 ,,"In Stock - Network (Get it Tuesday, Oct 6)",PK/2,,,https://imgcdn.mckesson.com/CumulusWeb/Images/Item_Detail/729067.jpg,,https://mms.mckesson.com/product/729067/Drive-DeVilbiss-Healthcare-CPF-F30PK2
1231832,CPAP Elbow 15 mm ID 22 mm Cuffs,,Sunset Healthcare,CAP1027,CPAP Accessories,$2.38 ,,"In Stock - Network (Get it Tuesday, Oct 6)",EA/1,,,https://imgcdn.mckesson.com/CumulusWeb/Images/Item_Detail/1231832_side.jpg,,https://mms.mckesson.com/product/1231832/Sunset-Healthcare-CAP1027
1119068,CPAP Filter PR System One REMStar Ultrafine Disposable 1 per Pack White No Tab,,Sunset Healthcare,CF1009NT-1,CPAP Accessories,$0.61 ,,"In Stock - Network (Get it Tuesday, Oct 6)",PK/1,,,https://imgcdn.mckesson.com/CumulusWeb/Images/Item_Detail/1119068.jpg,,https://mms.mckesson.com/product/1119068/Sunset-Healthcare-CF1009NT-1
1103227,CPAP Filter M-Series Ultrafine Disposable 1 per Pack White Tab,,Sunset Healthcare,CF1007-1,CPAP Accessories,$0.61 ,,"In Stock - Network (Get it Tuesday, Oct 6)",EA/1,,,https://imgcdn.mckesson.com/CumulusWeb/Images/Item_Detail/1103227_left.jpg,,https://mms.mckesson.com/product/1103227/Sunset-Healthcare-CF1007-1
984748,Humidification Chamber Fisher & Paykel 280 mL Unfilled Adult / Pediatric,,Fisher & Paykel,MR290VX,CPAP Accessories,$202.99 ,,"In Stock (Get it Saturday, Oct 3)",BX/10,,,https://imgcdn.mckesson.com/CumulusWeb/Images/Item_Detail/984748.jpg,,https://mms.mckesson.com/product/984748/Fisher-Paykel-MR290VX
1091620,CPAP Tubing 6 Foot Length 22 mm Cuffs,,Drive DeVilbiss Healthcare,CPAPTUB6-90,CPAP Accessories,$240.53 ,,"In Stock (Get it Tomorrow, Oct 1)",CS/90,,,https://imgcdn.mckesson.com/CumulusWeb/Images/Item_Detail/1091620_front.jpg,,https://mms.mckesson.com/product/1091620/Drive-DeVilbiss-Healthcare-CPAPTUB6-90
202938,Nebulizer Adapter Kit,,Medline,HUD1792,CPAP Accessories,$80.77 ,,"In Stock (Get it Tomorrow, Oct 1)",CS/50,,,https://imgcdn.mckesson.com/CumulusWeb/Images/Item_Detail/202938_front.jpg,,https://mms.mckesson.com/product/202938/Medline-HUD1792
1202165,CPAP Tubing 8 Foot Length 15 mm ID 22 mm Cuffs,,Spirit Medical,CTUB-080-01,CPAP Accessories,$271.99 ,,"In Stock (Get it Tomorrow, Oct 1)",CS/50,,,https://imgcdn.mckesson.com/CumulusWeb/Images/Item_Detail/1202165_pdet.jpg,,https://mms.mckesson.com/product/1202165/Spirit-Medical-CTUB-080-01
1202164,CPAP Tubing 6 Foot Length 15 mm ID 22 mm Cuffs,,Spirit Medical,CTUB-060-1,CPAP Accessories,$187 ,,"In Stock (Get it Tomorrow, Oct 1)",CS/50,,,https://imgcdn.mckesson.com/CumulusWeb/Images/Item_Detail/1202164_pdet.jpg,,https://mms.mckesson.com/product/1202164/Spirit-Medical-CTUB-060-1
176587,Nebulizer Adapter,,Medline,HUD03128,CPAP Accessories,$171.70 ,,"In Stock (Get it Tomorrow, Oct 1)",CS/50,,,https://imgcdn.mckesson.com/CumulusWeb/Images/Item_Detail/176587_front.jpg,,https://mms.mckesson.com/product/176587/Medline-HUD03128
825125,CPAP Mask Kit Mask with Headgear Amara™ Full Face Style Adult,,Respironics,1090200,CPAP Accessories,$133.17 ,,"In Stock (Get it Tomorrow, Oct 1)",EA/1,,,https://imgcdn.mckesson.com/CumulusWeb/Images/Item_Detail/825125.jpg,,https://mms.mckesson.com/product/825125/Respironics-1090200
516019,CPAP Mask Cleaner Citrus II 8 oz.,,Beaumont Products,635871165,CPAP Accessories,$94.98 ,,"In Stock (Get it Tomorrow, Oct 1)",CS/12,,,https://imgcdn.mckesson.com/CumulusWeb/Images/Item_Detail/516019_front.jpg,,https://mms.mckesson.com/product/516019/Beaumont-Products-635871165
1038441,CPAP Heated Tubing DreamStation 6 Foot Length 15 mm ID 22 mm Cuffs,,Respironics,HT15,CPAP Accessories,$54.40 ,,"In Stock (Get it Tomorrow, Oct 1)",EA/1,,,https://imgcdn.mckesson.com/CumulusWeb/Images/Item_Detail/1038441_front.jpg,,https://mms.mckesson.com/product/1038441/Respironics-HT15
1206252,CPAP Heated Tubing Kit Luna II G2 6 Foot Length 19 mm ID 22 mm Cuffs,,React Health,3BCL1000,CPAP Accessories,$45.97 ,,"In Stock (Get it Tomorrow, Oct 1)",EA/1,,,https://imgcdn.mckesson.com/CumulusWeb/Images/Item_Detail/1206252_ppkgleft.jpg,,https://mms.mckesson.com/product/1206252/React-Health-3BCL1000
1216875,CPAP Water Chamber CPAP Water Chambers and Humidifiers Resvent CPAP CPAP Water Chamber,,Advanced Medical Resources LLC,RHUM,CPAP Accessories,$869.02 ,,"In Stock (Get it Tomorrow, Oct 1)",CS/36,,,https://imgcdn.mckesson.com/CumulusWeb/Images/Item_Detail/1216875_side.jpg,,https://mms.mckesson.com/product/1216875/Advanced-Medical-Resources-LLC-RHUM
322893,Humidification Chamber Fisher & Paykel 280 mL Unfilled Adult / Pediatric,,Fisher & Paykel,MR290V,CPAP Accessories,$778.83 ,,"In Stock (Get it Tomorrow, Oct 1)",CS/40,,,https://imgcdn.mckesson.com/CumulusWeb/Images/Item_Detail/322893_pdet.jpg,,https://mms.mckesson.com/product/322893/Fisher-Paykel-MR290V
1087304,Sampling Line Kit For Respironics Sampling Line Kit,,EdanUSA & MDPro,3475-00,CPAP Accessories,$176.80 ,,"In Stock (Get it Tomorrow, Oct 1)",PK/10,,,https://imgcdn.mckesson.com/CumulusWeb/Images/Item_Detail/1087304_front.jpg,,https://mms.mckesson.com/product/1087304/EdanUSA-MDPro-3475-00
686905,"CPAP Wipes Citrus II 5 X 8 Inch, 7.5 oz",,Beaumont Products,635871639,CPAP Accessories,$115.24 ,,"In Stock (Get it Tomorrow, Oct 1)",CS/12,,,https://imgcdn.mckesson.com/CumulusWeb/Images/Item_Detail/686905_front.jpg,,https://mms.mckesson.com/product/686905/Beaumont-Products-635871639
741870,Nebulizer Cap Carefusion,,Sun Med,CC10,CPAP Accessories,$100.69 ,,"In Stock (Get it Tomorrow, Oct 1)",CS/24,,,https://imgcdn.mckesson.com/CumulusWeb/Images/Item_Detail/741870_ppkgleft.jpg,,https://mms.mckesson.com/product/741870/Sun-Med-CC10
907093,Humidifier Refillable Water Bag Myairvo™ For Myairvo™ PT100 UF Humidifier,,Fisher & Paykel,900PT401,CPAP Accessories,$85.55 ,,"In Stock (Get it Tomorrow, Oct 1)",PK/2,,,https://imgcdn.mckesson.com/CumulusWeb/Images/Item_Detail/907093.jpg,,https://mms.mckesson.com/product/907093/Fisher-Paykel-900PT401
573715,"CPAP Water Chamber Kit CPAP Water Chambers and Humidifiers Models HC100, HC150 and H150 Heated Humidifiers 15.2 Ounce Capacity",,Fisher & Paykel,HC300,CPAP Accessories,$62.14 ,,"In Stock (Get it Tomorrow, Oct 1)",EA/1,,,https://imgcdn.mckesson.com/CumulusWeb/Images/Item_Detail/FSHPAY_573715.jpg,,https://mms.mckesson.com/product/573715/Fisher-Paykel-HC300
572830,CPAP Mask Component CPAP Chin Strap Deluxe,,Respironics,302425,CPAP Accessories,$39.96 ,,"In Stock (Get it Tomorrow, Oct 1)",EA/1,,,https://imgcdn.mckesson.com/CumulusWeb/Images/Item_Detail/572830_side.jpg,,https://mms.mckesson.com/product/572830/Respironics-302425
1146571,CPAP Mask Component CPAP Headgear DreamWear Nasal Style / Nasal Pillow Style,,Respironics,1116751,CPAP Accessories,$40.23 ,,"In Stock (Get it Tomorrow, Oct 1)",EA/1,,,https://imgcdn.mckesson.com/CumulusWeb/Images/Item_Detail/1146571_pkgfront.jpg,,https://mms.mckesson.com/product/1146571/Respironics-1116751
1105724,CPAP Mask Component CPAP Headgear DreamWear Full Face Style Adult,,Respironics,1133450,CPAP Accessories,$40.23 ,,"In Stock (Get it Tomorrow, Oct 1)",EA/1,,,https://imgcdn.mckesson.com/CumulusWeb/Images/Item_Detail/1105724.jpg,,https://mms.mckesson.com/product/1105724/Respironics-1133450
1027063,CPAP Mask Component CPAP Headgear Amara™ View Full Face Style Adult,,Respironics,1090697,CPAP Accessories,$40.23 ,,"In Stock (Get it Tomorrow, Oct 1)",EA/1,,,https://imgcdn.mckesson.com/CumulusWeb/Images/Item_Detail/1027063_front.jpg,,https://mms.mckesson.com/product/1027063/Respironics-1090697
1018557,CPAP Mask Component CPAP Headgear Amara™ View Full Face Style Adult,,Respironics,1090696,CPAP Accessories,$40.23 ,,"In Stock (Get it Tomorrow, Oct 1)",EA/1,,,https://imgcdn.mckesson.com/CumulusWeb/Images/Item_Detail/1018557_front.jpg,,https://mms.mckesson.com/product/1018557/Respironics-1090696
1046229,CPAP Mask Component CPAP Headgear Eson™ 2 Nasal Style,,Fisher & Paykel,400ESN222,CPAP Accessories,$34.52 ,,"In Stock (Get it Tomorrow, Oct 1)",EA/1,,,https://imgcdn.mckesson.com/CumulusWeb/Images/Item_Detail/1046229_pdet.jpg,,https://mms.mckesson.com/product/1046229/Fisher-Paykel-400ESN222
785598,Humidification Chamber F&P ICON™ 420 mL Unfilled,,Fisher & Paykel,900ICON200,CPAP Accessories,$34.52 ,,"In Stock (Get it Tomorrow, Oct 1)",EA/1,,,https://imgcdn.mckesson.com/CumulusWeb/Images/Item_Detail/785598.jpg,,https://mms.mckesson.com/product/785598/Fisher-Paykel-900ICON200
1198625,Replacement Water Tank with Lid CPAP Water Chambers and Humidifiers DreamStation 2 DreamStation 2 CPAP 325 mL Capacity,,Respironics,1142832,CPAP Accessories,$34 ,,"In Stock (Get it Tomorrow, Oct 1)",EA/1,,,https://imgcdn.mckesson.com/CumulusWeb/Images/Item_Detail/1198625_right.jpg,,https://mms.mckesson.com/product/1198625/Respironics-1142832
865131,CPAP Mask Component CPAP Headgear Pilairo Q™,,Fisher & Paykel,400HC328,CPAP Accessories,$32.45 ,,"In Stock (Get it Tomorrow, Oct 1)",EA/1,,,https://imgcdn.mckesson.com/CumulusWeb/Images/Item_Detail/865131.jpg,,https://mms.mckesson.com/product/865131/Fisher-Paykel-400HC328
1155489,CPAP Mask Component CPAP Headgear Vitera™ Full Face Style Adult,,Fisher & Paykel,400VIT122,CPAP Accessories,$31.76 ,,"In Stock (Get it Tomorrow, Oct 1)",EA/1,,,https://imgcdn.mckesson.com/CumulusWeb/Images/Item_Detail/1155489_front.jpg,,https://mms.mckesson.com/product/1155489/Fisher-Paykel-400VIT122
1155488,CPAP Mask Component CPAP Headgear F&P Vitera™ Full Face Style Adult,,Fisher & Paykel,400VIT121,CPAP Accessories,$31.76 ,,"In Stock (Get it Tomorrow, Oct 1)",EA/1,,,https://imgcdn.mckesson.com/CumulusWeb/Images/Item_Detail/1155488_pkgfront.jpg,,https://mms.mckesson.com/product/1155488/Fisher-Paykel-400VIT121
940701,CPAP Mask Component CPAP Headgear Eson™,,Fisher & Paykel,400HC568,CPAP Accessories,$31.76 ,,"In Stock (Get it Tomorrow, Oct 1)",EA/1,,,https://imgcdn.mckesson.com/CumulusWeb/Images/Item_Detail/940701.jpg,,https://mms.mckesson.com/product/940701/Fisher-Paykel-400HC568
940704,CPAP Mask Component CPAP Headgear Eson™,,Fisher & Paykel,400HC567,CPAP Accessories,$31.76 ,,"In Stock (Get it Tomorrow, Oct 1)",EA/1,,,https://imgcdn.mckesson.com/CumulusWeb/Images/Item_Detail/940704.jpg,,https://mms.mckesson.com/product/940704/Fisher-Paykel-400HC567
1176329,CPAP Mask Component CPAP Nasal Seal Evora™ Nasal Style Adult,,Fisher & Paykel,400EVO116,CPAP Accessories,$29 ,,"In Stock (Get it Tomorrow, Oct 1)",EA/1,,,https://imgcdn.mckesson.com/CumulusWeb/Images/Item_Detail/1176329_front.jpg,,https://mms.mckesson.com/product/1176329/Fisher-Paykel-400EVO116
871059,CPAP Mask Kit CPAP Headgear Simplus™,,Fisher & Paykel,400HC582,CPAP Accessories,$27.62 ,,"In Stock (Get it Tomorrow, Oct 1)",EA/1,,,https://imgcdn.mckesson.com/CumulusWeb/Images/Item_Detail/871059_front.jpg,,https://mms.mckesson.com/product/871059/Fisher-Paykel-400HC582
625036,CPAP Mask Component CPAP Headgear FlexiFit™ 407,,Fisher & Paykel,400HC301,CPAP Accessories,$27.62 ,,"In Stock (Get it Tomorrow, Oct 1)",EA/1,,,https://imgcdn.mckesson.com/CumulusWeb/Images/Item_Detail/625036_PC.jpg,,https://mms.mckesson.com/product/625036/Fisher-Paykel-400HC301
939933,CPAP Mask Component CPAP Headgear Wisp™,,Respironics,1094082,CPAP Accessories,$27.74 ,,"In Stock (Get it Tomorrow, Oct 1)",EA/1,,,https://imgcdn.mckesson.com/CumulusWeb/Images/Item_Detail/939933_side.jpg,,https://mms.mckesson.com/product/939933/Respironics-1094082
939931,CPAP Mask Component CPAP Headgear Wisp™,,Respironics,1094078,CPAP Accessories,$27.74 ,,"In Stock (Get it Tomorrow, Oct 1)",EA/1,,,https://imgcdn.mckesson.com/CumulusWeb/Images/Item_Detail/939931.jpg,,https://mms.mckesson.com/product/939931/Respironics-1094078
652458,CPAP Mask Kit CPAP Headgear ComfortGel™ Blue Nasal Style,,Respironics,1033678,CPAP Accessories,$27.88 ,,"In Stock (Get it Tomorrow, Oct 1)",EA/1,,,https://imgcdn.mckesson.com/CumulusWeb/Images/Item_Detail/652458_back.jpg,,https://mms.mckesson.com/product/652458/Respironics-1033678
865129,CPAP Mask Component CPAP Nasal Pillow Seal Pilairo Q™ Nasal Pillow Style,,Fisher & Paykel,400HC125,CPAP Accessories,$24.86 ,,"In Stock (Get it Tomorrow, Oct 1)",EA/1,,,https://imgcdn.mckesson.com/CumulusWeb/Images/Item_Detail/865129.jpg,,https://mms.mckesson.com/product/865129/Fisher-Paykel-400HC125
1206187,CPAP Water Chamber CPAP Water Chambers and Humidifiers Luna II (G2) Luna II Auto CPAP Devices 360 mL Water Capacity,,React Health,LG24510,CPAP Accessories,$28.29 ,,"In Stock (Get it Tomorrow, Oct 1)",EA/1,,,https://imgcdn.mckesson.com/CumulusWeb/Images/Item_Detail/1206187_right.jpg,,https://mms.mckesson.com/product/1206187/React-Health-LG24510
627316,CPAP Mask Kit CPAP Chin Strap Respironics®,,Respironics,1012911,CPAP Accessories,$24.97 ,,"In Stock (Get it Tomorrow, Oct 1)",EA/1,,,https://imgcdn.mckesson.com/CumulusWeb/Images/Item_Detail/627316_left.jpg,,https://mms.mckesson.com/product/627316/Respironics-1012911
825136,CPAP Replacement Mask Parts CPAP Headgear Amara™,,Respironics,1090297,CPAP Accessories,$24.14 ,,"In Stock (Get it Tomorrow, Oct 1)",EA/1,,,https://imgcdn.mckesson.com/CumulusWeb/Images/Item_Detail/825136_back.jpg,,https://mms.mckesson.com/product/825136/Respironics-1090297
1255079,Tubing iNap For use wiht INAP 1 Sleep Therapy System,,Somnics Health Inc,23000-1,CPAP Accessories,$24.48 ,,"In Stock (Get it Tomorrow, Oct 1)",BX/1,,,https://imgcdn.mckesson.com/CumulusWeb/Images/Item_Detail/1255079_left.jpg,,https://mms.mckesson.com/product/1255079/Somnics-Health-Inc-23000-1
1195023,CPAP Heated Tubing 6 Foot Length 15 mm ID 22 mm Cuffs,,Sunset Healthcare,TUB06HPR,CPAP Accessories,$21.76 ,,"In Stock (Get it Tomorrow, Oct 1)",EA/1,,,https://imgcdn.mckesson.com/CumulusWeb/Images/Item_Detail/1195023_front.jpg,,https://mms.mckesson.com/product/1195023/Sunset-Healthcare-TUB06HPR
1038440,CPAP Tubing DreamStation 6 Foot Length 15 mm ID 22 mm Cuffs,,Respironics,PR15,CPAP Accessories,$20.40 ,,"In Stock (Get it Tomorrow, Oct 1)",EA/1,,,https://imgcdn.mckesson.com/CumulusWeb/Images/Item_Detail/1038440_front.jpg,,https://mms.mckesson.com/product/1038440/Respironics-PR15
1164055,CPAP Sanitizing Unit Hose Kit SoClean®,,SoClean Inc,PN1229,CPAP Accessories,$24.48 ,,"In Stock (Get it Tomorrow, Oct 1)",EA/1,,,https://imgcdn.mckesson.com/CumulusWeb/Images/Item_Detail/1164055_left.jpg,,https://mms.mckesson.com/product/1164055/SoClean-Inc-PN1229
1206233,CPAP Mask Component CPAP Headgear Rio II Nasal Style,,React Health,RII2001,CPAP Accessories,$21.22 ,,"In Stock (Get it Tomorrow, Oct 1)",EA/1,,,https://imgcdn.mckesson.com/CumulusWeb/Images/Item_Detail/1206233_right.jpg,,https://mms.mckesson.com/product/1206233/React-Health-RII2001
1206239,CPAP Mask Component CPAP Headgear Siesta,,React Health,SNM2001,CPAP Accessories,$21.22 ,,"In Stock (Get it Tomorrow, Oct 1)",EA/1,,,https://imgcdn.mckesson.com/CumulusWeb/Images/Item_Detail/1206239_right.jpg,,https://mms.mckesson.com/product/1206239/React-Health-SNM2001
1197385,"CPAP Water Chambers and Humidifiers For DreamStation 2 CPAP & BiPAP Machine Heated Humidifiers Without Lid, 325 mL to Maximum Fill Line",,Respironics,1146072,CPAP Accessories,$20.40 ,,"In Stock (Get it Tomorrow, Oct 1)",EA/1,,,https://imgcdn.mckesson.com/CumulusWeb/Images/Item_Detail/1197385_ppkgleft.jpg,,https://mms.mckesson.com/product/1197385/Respironics-1146072
1202162,CPAP Mask Component CPAP Chin Strap Exceleron Medical,,Spirit Medical,CS-1012911,CPAP Accessories,$16.32 ,,"In Stock (Get it Tomorrow, Oct 1)",EA/1,,,https://imgcdn.mckesson.com/CumulusWeb/Images/Item_Detail/1202162_pdet.jpg,,https://mms.mckesson.com/product/1202162/Spirit-Medical-CS-1012911
825326,CPAP Mask Component CPAP Chin Strap ResMed®,,AG Industries,SP-CHRES,CPAP Accessories,$14.37 ,,"In Stock (Get it Tomorrow, Oct 1)",EA/1,,,https://imgcdn.mckesson.com/CumulusWeb/Images/Item_Detail/825326.jpg,,https://mms.mckesson.com/product/825326/AG-Industries-SP-CHRES
1202142,CPAP Filter Exceleron Medical Disposable 2 per Pack White No Tab,L1020,Spirit Medical,CF-L1020-2,CPAP Accessories,$0.65 ,,"In Stock (Get it Tomorrow, Oct 1)",PK/2,,,https://imgcdn.mckesson.com/CumulusWeb/Images/Item_Detail/1202142_front.jpg,,https://mms.mckesson.com/product/1202142/Spirit-Medical-CF-L1020-2
1061805,CPAP Elbow DreamWear,,Respironics,1116748,CPAP Accessories,$17.90 ,,"In Stock (Get it Tomorrow, Oct 1)",EA/1,,,https://imgcdn.mckesson.com/CumulusWeb/Images/Item_Detail/1061805.jpg,,https://mms.mckesson.com/product/1061805/Respironics-1116748
718208,CPAP Tubing 6 Foot Length 19 mm ID 22 mm Cuffs,,Respironics,1032907,CPAP Accessories,$13.87 ,,"In Stock (Get it Tomorrow, Oct 1)",EA/1,,,https://imgcdn.mckesson.com/CumulusWeb/Images/Item_Detail/718208_right.jpg,,https://mms.mckesson.com/product/718208/Respironics-1032907
573699,CPAP Heated Tubing Fisher & Paykel 24 Inch Length 15 mm ID 22 mm Cuffs,,Fisher & Paykel,900HC008,CPAP Accessories,$11.05 ,,"In Stock (Get it Tomorrow, Oct 1)",EA/1,,,https://imgcdn.mckesson.com/CumulusWeb/Images/Item_Detail/FSHPAY_573699.jpg,,https://mms.mckesson.com/product/573699/Fisher-Paykel-900HC008
736241,CPAP Power Cord CPAP Power Solutions DeVilbiss IntelliPAP Series Devilbliss IntelliPAP®,,Drive DeVilbiss Healthcare,DV51D-606,CPAP Accessories,$13.50 ,,"In Stock (Get it Tomorrow, Oct 1)",EA/1,,,https://imgcdn.mckesson.com/CumulusWeb/Images/Item_Detail/736241_front.jpg,,https://mms.mckesson.com/product/736241/Drive-DeVilbiss-Healthcare-DV51D-606
880824,Nebulizer Replacement Filter For 18070 and 18080 Character Nebulizers,,Drive DeVilbiss Healthcare,18090F,CPAP Accessories,$12.70 ,,"In Stock (Get it Tomorrow, Oct 1)",BG/10,,,https://imgcdn.mckesson.com/CumulusWeb/Images/Item_Detail/880824_front.jpg,,https://mms.mckesson.com/product/880824/Drive-DeVilbiss-Healthcare-18090F
1099181,Nebulizer Filter McKesson Compressor Nebulizer System,,McKesson Brand,16-3655LTF,CPAP Accessories,$3.25 ,,"In Stock (Get it Tomorrow, Oct 1)",BG/5,,,https://imgcdn.mckesson.com/CumulusWeb/Images/Item_Detail/1099181_ppkgfront.jpg,,https://mms.mckesson.com/product/1099181/McKesson-Brand-16-3655LTF
1102148,Humidifier Replacement Water Chamber Series 50 and 60 For PR System One Humidifiers,,Respironics,1136502,CPAP Accessories,$15.23 ,,"In Stock (Get it Tomorrow, Oct 1)",EA/1,,,https://imgcdn.mckesson.com/CumulusWeb/Images/Item_Detail/1102148.jpg,,https://mms.mckesson.com/product/1102148/Respironics-1136502
1201803,CPAP and Ventilator Swivel Silencer CPAP Machine Parts Standard Ventilator Circuits and CPAP,,Sunset Healthcare,VEN002,CPAP Accessories,$13.94 ,,"In Stock (Get it Tomorrow, Oct 1)",EA/1,,,https://imgcdn.mckesson.com/CumulusWeb/Images/Item_Detail/1201803_front.jpg,,https://mms.mckesson.com/product/1201803/Sunset-Healthcare-VEN002
573721,"CPAP Water Chamber CPAP Water Chambers and Humidifiers SleepStyle 200 Models HC220 and HC230 Series 13.5 Ounce Capacity, Disposable",,Fisher & Paykel,HC385S,CPAP Accessories,$12.43 ,,"In Stock (Get it Tomorrow, Oct 1)",EA/1,,,https://imgcdn.mckesson.com/CumulusWeb/Images/Item_Detail/FSHPAY_573721.jpg,,https://mms.mckesson.com/product/573721/Fisher-Paykel-HC385S
1046230,CPAP Diffuser Eson™2,,Fisher & Paykel,400ESN261,CPAP Accessories,$12.43 ,,"In Stock (Get it Tomorrow, Oct 1)",EA/1,,,https://imgcdn.mckesson.com/CumulusWeb/Images/Item_Detail/1046230_left.jpg,,https://mms.mckesson.com/product/1046230/Fisher-Paykel-400ESN261
1206234,CPAP Mask Component CPAP Headgear Siesta,,React Health,SFF2001,CPAP Accessories,$12.73 ,,"In Stock (Get it Tomorrow, Oct 1)",EA/1,,,https://imgcdn.mckesson.com/CumulusWeb/Images/Item_Detail/1206234_front.jpg,,https://mms.mckesson.com/product/1206234/React-Health-SFF2001
533933,CPAP Tubing REMstar® / BiPAP® 6 Foot Length,,Respironics,622038,CPAP Accessories,$10.02 ,,"In Stock (Get it Tomorrow, Oct 1)",EA/1,,,https://imgcdn.mckesson.com/CumulusWeb/Images/Item_Detail/533933.jpg,,https://mms.mckesson.com/product/533933/Respironics-622038
1079142,CPAP Mask Component CPAP Chin Strap Sunset,,Sunset Healthcare,CS006,CPAP Accessories,$8.50 ,,"In Stock (Get it Tomorrow, Oct 1)",EA/1,,,https://imgcdn.mckesson.com/CumulusWeb/Images/Item_Detail/1079142_pdet.jpg,,https://mms.mckesson.com/product/1079142/Sunset-Healthcare-CS006
547937,Tubing Wing Tip® PARI Nebulizers,,Pari,4.40E+56,CPAP Accessories,$5.22 ,,"In Stock (Get it Tomorrow, Oct 1)",EA/1,,,https://imgcdn.mckesson.com/CumulusWeb/Images/Item_Detail/547937.jpg,,https://mms.mckesson.com/product/547937/Pari-044E0055
573717,"CPAP Water Chamber Kit CPAP Water Chambers and Humidifiers Model HC150 and HC100 CPAP Standard, 480 ml Capacity",,Fisher & Paykel,HC325S,CPAP Accessories,$14.09 ,,"In Stock (Get it Tomorrow, Oct 1)",EA/1,,,https://imgcdn.mckesson.com/CumulusWeb/Images/Item_Detail/573717_ppkgleft.jpg,,https://mms.mckesson.com/product/573717/Fisher-Paykel-HC325S
1212954,CPAP Tubing 2 Foot Length 15 mm ID 22 mm Cuffs,,Sunset Healthcare,TUB02,CPAP Accessories,$4.08 ,,"In Stock (Get it Tomorrow, Oct 1)",EA/1,,,https://imgcdn.mckesson.com/CumulusWeb/Images/Item_Detail/1212954_front.jpg,,https://mms.mckesson.com/product/1212954/Sunset-Healthcare-TUB02
1203235,CPAP Filter ResMed® Pollen Disposable 6 per Pack White No Tab,,Sunset Healthcare,CF2111-6,CPAP Accessories,$3.26 ,,"In Stock (Get it Tomorrow, Oct 1)",PK/6,,,https://imgcdn.mckesson.com/CumulusWeb/Images/Item_Detail/1203235_right.jpg,,https://mms.mckesson.com/product/1203235/Sunset-Healthcare-CF2111-6
1200432,CPAP Sanitizing Unit Valve SoClean® 2,,Sunset Healthcare,CAP1007S-KIT,CPAP Accessories,$13.60 ,,"In Stock (Get it Tomorrow, Oct 1)",EA/1,,,https://imgcdn.mckesson.com/CumulusWeb/Images/Item_Detail/1200432_right.jpg,,https://mms.mckesson.com/product/1200432/Sunset-Healthcare-CAP1007S-KIT
764388,CPAP Mask Component CPAP Chin Strap,,AG Industries,AG302000,CPAP Accessories,$11 ,,"In Stock (Get it Tomorrow, Oct 1)",EA/1,,,https://imgcdn.mckesson.com/CumulusWeb/Images/Item_Detail/764388.jpg,,https://mms.mckesson.com/product/764388/AG-Industries-AG302000
1079144,CPAP Mask Component CPAP Chin Strap Sunset,,Sunset Healthcare,CS025,CPAP Accessories,$7.48 ,,"In Stock (Get it Tomorrow, Oct 1)",EA/1,,,https://imgcdn.mckesson.com/CumulusWeb/Images/Item_Detail/1079144_pdet.jpg,,https://mms.mckesson.com/product/1079144/Sunset-Healthcare-CS025
1079141,CPAP Mask Component CPAP Chin Strap Sunset,,Sunset Healthcare,CS005,CPAP Accessories,$7.48 ,,"In Stock (Get it Tomorrow, Oct 1)",EA/1,,,https://imgcdn.mckesson.com/CumulusWeb/Images/Item_Detail/1079141_left.jpg,,https://mms.mckesson.com/product/1079141/Sunset-Healthcare-CS005
1126451,CPAP Replacement Mask Parts CPAP Chin Strap,,Sunset Healthcare,CS007-ADJXL,CPAP Accessories,$7.48 ,,"In Stock (Get it Tomorrow, Oct 1)",EA/1,,,https://imgcdn.mckesson.com/CumulusWeb/Images/Item_Detail/1126451_pdet.jpg,,https://mms.mckesson.com/product/1126451/Sunset-Healthcare-CS007-ADJXL
1079140,CPAP Mask Component CPAP Chin Strap Sunset,,Sunset Healthcare,CS004L,CPAP Accessories,$7.48 ,,"In Stock (Get it Tomorrow, Oct 1)",EA/1,,,https://imgcdn.mckesson.com/CumulusWeb/Images/Item_Detail/1079140_pdet.jpg,,https://mms.mckesson.com/product/1079140/Sunset-Healthcare-CS004L
1079139,CPAP Mask Component CPAP Chin Strap Sunset,,Sunset Healthcare,CS001,CPAP Accessories,$7.48 ,,"In Stock (Get it Tomorrow, Oct 1)",EA/1,,,https://imgcdn.mckesson.com/CumulusWeb/Images/Item_Detail/1079139_front.jpg,,https://mms.mckesson.com/product/1079139/Sunset-Healthcare-CS001
1079143,CPAP Mask Component CPAP Chin Strap Sunset,,Sunset Healthcare,CS007-ADJ,CPAP Accessories,$7.48 ,,"In Stock (Get it Tomorrow, Oct 1)",EA/1,,,https://imgcdn.mckesson.com/CumulusWeb/Images/Item_Detail/1079143.jpg,,https://mms.mckesson.com/product/1079143/Sunset-Healthcare-CS007-ADJ
1200706,CPAP Mask Component CPAP Chin Strap Sunset,,Sunset Healthcare,CS004S,CPAP Accessories,$7.48 ,,"In Stock (Get it Tomorrow, Oct 1)",EA/1,,,https://imgcdn.mckesson.com/CumulusWeb/Images/Item_Detail/1200706_pdet.jpg,,https://mms.mckesson.com/product/1200706/Sunset-Healthcare-CS004S
1177187,CPAP Tubing Wrap Blue 6 Foot Length,,Sunset Healthcare,CAP2002,CPAP Accessories,$6.80 ,,"In Stock (Get it Tomorrow, Oct 1)",EA/1,,,https://imgcdn.mckesson.com/CumulusWeb/Images/Item_Detail/1177187_pdet.jpg,,https://mms.mckesson.com/product/1177187/Sunset-Healthcare-CAP2002
1221921,CPAP Tubing 10 Foot Length 15 mm ID 22 mm Cuffs,,Sunset Healthcare,TUB10,CPAP Accessories,$6.07 ,,"In Stock (Get it Tomorrow, Oct 1)",EA/1,,,https://imgcdn.mckesson.com/CumulusWeb/Images/Item_Detail/1221921_front.jpg,,https://mms.mckesson.com/product/1221921/Sunset-Healthcare-TUB10
605113,Tubing Connector CPAP Systems Chamber,,Fisher & Paykel,900HC010,CPAP Accessories,$4.83 ,,"In Stock (Get it Tomorrow, Oct 1)",EA/1,,,https://imgcdn.mckesson.com/CumulusWeb/Images/Item_Detail/605113.jpg,,https://mms.mckesson.com/product/605113/Fisher-Paykel-900HC010
1124817,CPAP Tubing Easy-Flex 6 Foot Length,,Drive DeVilbiss Healthcare,EASY-FLEX6,CPAP Accessories,$2.11 ,,"In Stock (Get it Tomorrow, Oct 1)",EA/1,,,https://imgcdn.mckesson.com/CumulusWeb/Images/Item_Detail/1124817.jpg,,https://mms.mckesson.com/product/1124817/Drive-DeVilbiss-Healthcare-EASY-FLEX6
806385,CPAP Mask Component CPAP Nasal Pad Boomerang Medium / Large Cushions,,AG Industries,AGGELPAD-ML,CPAP Accessories,$7.13 ,,"In Stock (Get it Tomorrow, Oct 1)",EA/1,,,https://imgcdn.mckesson.com/CumulusWeb/Images/Item_Detail/806385_pkgfront.jpg,,https://mms.mckesson.com/product/806385/AG-Industries-AGGELPAD-ML
806360,CPAP Mask Component CPAP Nasal Pad Boomerang Petite / Small Cushions,,AG Industries,AGGELPAD-PS,CPAP Accessories,$7.13 ,,"In Stock (Get it Tomorrow, Oct 1)",EA/1,,,https://imgcdn.mckesson.com/CumulusWeb/Images/Item_Detail/806360.jpg,,https://mms.mckesson.com/product/806360/AG-Industries-AGGELPAD-PS
572817,CPAP Filter Pollen Reusable 1 per Pack Black No Tab,,Respironics,1035443,CPAP Accessories,$4.08 ,,"In Stock (Get it Tomorrow, Oct 1)",EA/1,,,https://imgcdn.mckesson.com/CumulusWeb/Images/Item_Detail/572817_group.jpg,,https://mms.mckesson.com/product/572817/Respironics-1035443
1192908,CPAP Filter Foam Reusable 2 per Pack Black No Tab,,Sunset Healthcare,CF1009F,CPAP Accessories,$4.08 ,,"In Stock (Get it Tomorrow, Oct 1)",PK/2,,,https://imgcdn.mckesson.com/CumulusWeb/Images/Item_Detail/1192908_pdet.jpg,,https://mms.mckesson.com/product/1192908/Sunset-Healthcare-CF1009F
1202131,CPAP Filter Exceleron Medical Hypoallergenic / Pollen Disposable 6 per Pack White No Tab,,Spirit Medical,CF-36855-6,CPAP Accessories,$1.96 ,,"In Stock (Get it Tomorrow, Oct 1)",PK/6,,,https://imgcdn.mckesson.com/CumulusWeb/Images/Item_Detail/1202131_right.jpg,,https://mms.mckesson.com/product/1202131/Spirit-Medical-CF-36855-6
1207488,CPAP Filter Luna Series Ultrafine Disposable 2 per Pack White No Tab,,Sunset Healthcare,CF8006-2,CPAP Accessories,$1.36 ,,"In Stock (Get it Tomorrow, Oct 1)",PK/1,,,https://imgcdn.mckesson.com/CumulusWeb/Images/Item_Detail/1207488_left.jpg,,https://mms.mckesson.com/product/1207488/Sunset-Healthcare-CF8006-2
1207482,CPAP Filter Luna Series Foam Disposable 2 per Pack White No Tab,,Sunset Healthcare,CF8005-2,CPAP Accessories,$1.36 ,,"In Stock (Get it Tomorrow, Oct 1)",PK/1,,,https://imgcdn.mckesson.com/CumulusWeb/Images/Item_Detail/1207482_left.jpg,,https://mms.mckesson.com/product/1207482/Sunset-Healthcare-CF8005-2
1202567,CPAP Filter Exceleron Medical Standard Disposable 2 per Pack White No Tab,,Spirit Medical,CF-36850-2,CPAP Accessories,$0.65 ,,"In Stock (Get it Tomorrow, Oct 1)",PK/2,,,https://imgcdn.mckesson.com/CumulusWeb/Images/Item_Detail/1202567_front.jpg,,https://mms.mckesson.com/product/1202567/Spirit-Medical-CF-36850-2
1202574,CPAP Filter Exceleron Medical Pollen Disposable 2 per Pack White No Tab,,Spirit Medical,CF-39300-2,CPAP Accessories,$0.65 ,,"In Stock (Get it Tomorrow, Oct 1)",PK/2,,,https://imgcdn.mckesson.com/CumulusWeb/Images/Item_Detail/1202574_front.jpg,,https://mms.mckesson.com/product/1202574/Spirit-Medical-CF-39300-2
1202568,CPAP Filter Exceleron Medical Hypoallergenic / Pollen Disposable 2 per Pack White No Tab,,Spirit Medical,CF-36855-2,CPAP Accessories,$0.65 ,,"In Stock (Get it Tomorrow, Oct 1)",PK/2,,,https://imgcdn.mckesson.com/CumulusWeb/Images/Item_Detail/1202568_front.jpg,,https://mms.mckesson.com/product/1202568/Spirit-Medical-CF-36855-2
1202111,CPAP Filter Exceleron Medical Foam / Pollen Reusable 2 per Pack Black No Tab,,Spirit Medical,CF-1029330-2,CPAP Accessories,$0.65 ,,"In Stock (Get it Tomorrow, Oct 1)",PK/2,,,https://imgcdn.mckesson.com/CumulusWeb/Images/Item_Detail/1202111_side.jpg,,https://mms.mckesson.com/product/1202111/Spirit-Medical-CF-1029330-2
1202562,CPAP Filter Exceleron Medical Ultrafine Disposable 2 per Pack White Tab,,Spirit Medical,CF-1029331-T-2,CPAP Accessories,$0.65 ,,"In Stock (Get it Tomorrow, Oct 1)",PK/2,,,https://imgcdn.mckesson.com/CumulusWeb/Images/Item_Detail/1202562_right.jpg,,https://mms.mckesson.com/product/1202562/Spirit-Medical-CF-1029331-T-2
1202570,CPAP Filter Exceleron Medical Ultrafine Disposable 2 per Pack No Tab,,EXCELERON MEDICA,CF-900ICON503-2,CPAP Accessories,$0.65 ,,"In Stock (Get it Tomorrow, Oct 1)",PK/2,,,https://imgcdn.mckesson.com/CumulusWeb/Images/Item_Detail/1202570_left.jpg,,https://mms.mckesson.com/product/1202570/EXCELERON-MEDICA-CF-900ICON503-2
1197051,CPAP Water Chambers and Humidifiers Dreamstation® 2 For Dreamstation® 2 Humidifier Water Tank,,Respironics,1146073,CPAP Accessories,$10.39 ,,"In Stock (Get it Tomorrow, Oct 1)",EA/1,,,https://imgcdn.mckesson.com/CumulusWeb/Images/Item_Detail/1197051_right.jpg,,https://mms.mckesson.com/product/1197051/Respironics-1146073
1100911,CPAP Wipes Sunset Healthcare,,Sunset Healthcare,CAP1003S,CPAP Accessories,$8.15 ,,"In Stock (Get it Tomorrow, Oct 1)",PK/64,,,https://imgcdn.mckesson.com/CumulusWeb/Images/Item_Detail/1100911_pdet.jpg,,https://mms.mckesson.com/product/1100911/Sunset-Healthcare-CAP1003S
1082794,HEPA Capsule For Invacare® Platinum™ 5 and 10 Filter,,Sunset Healthcare,BFH6S,CPAP Accessories,$8.16 ,,"In Stock (Get it Tomorrow, Oct 1)",EA/1,,,https://imgcdn.mckesson.com/CumulusWeb/Images/Item_Detail/1082794_side.jpg,,https://mms.mckesson.com/product/1082794/Sunset-Healthcare-BFH6S
1197055,CPAP Filter DreamStation Ultrafine Disposable 6 per Pack Blue / White With Frame,,Respironics,1142831,CPAP Accessories,$8.16 ,,"In Stock (Get it Tomorrow, Oct 1)",EA/1,,,https://imgcdn.mckesson.com/CumulusWeb/Images/Item_Detail/1197055_group.jpg,,https://mms.mckesson.com/product/1197055/Respironics-1142831
1111890,CPAP Filter Dreamstation® Ultrafine Disposable 6 per Pack White With Frame,,Respironics,1122519,CPAP Accessories,$8.16 ,,"In Stock (Get it Tomorrow, Oct 1)",PK/6,,,https://imgcdn.mckesson.com/CumulusWeb/Images/Item_Detail/1111890_front.jpg,,https://mms.mckesson.com/product/1111890/Respironics-1122519
853491,CPAP Mask Component CPAP Chin Strap Sunset,,Sunset Healthcare,CS002,CPAP Accessories,$7.71 ,,"In Stock (Get it Tomorrow, Oct 1)",EA/1,,,https://imgcdn.mckesson.com/CumulusWeb/Images/Item_Detail/853491_pdet.jpg,,https://mms.mckesson.com/product/853491/Sunset-Healthcare-CS002
1221920,CPAP Tubing 8 Foot Length 19 mm ID 22 mm Cuffs,,Sunset Healthcare,TUB08,CPAP Accessories,$5.64 ,,"In Stock (Get it Tomorrow, Oct 1)",EA/1,,,https://imgcdn.mckesson.com/CumulusWeb/Images/Item_Detail/1221920_front.jpg,,https://mms.mckesson.com/product/1221920/Sunset-Healthcare-TUB08
1200430,CPAP Filter Dreamstation® 2 Ultrafine Disposable 2 per Pack White With Frame,,Respironics,1142829,CPAP Accessories,$4.76 ,,"In Stock (Get it Tomorrow, Oct 1)",PK/2,,,https://imgcdn.mckesson.com/CumulusWeb/Images/Item_Detail/1200430_group.jpg,,https://mms.mckesson.com/product/1200430/Respironics-1142829
1076047,CPAP Filter Dreamstation® Ultrafine Disposable 2 per Pack White With Frame,,Respironics,1122518,CPAP Accessories,$4.76 ,,"In Stock (Get it Tomorrow, Oct 1)",PK/1,,,https://imgcdn.mckesson.com/CumulusWeb/Images/Item_Detail/1076047.jpg,,https://mms.mckesson.com/product/1076047/Respironics-1122518
985153,CPAP Tubing 4 Foot Length 15 mm ID 22 mm Cuffs,,Sunset Healthcare,TUB004,CPAP Accessories,$4.96 ,,"In Stock (Get it Tomorrow, Oct 1)",EA/1,,,https://imgcdn.mckesson.com/CumulusWeb/Images/Item_Detail/985153_side.jpg,,https://mms.mckesson.com/product/985153/Sunset-Healthcare-TUB004
1203232,CPAP Filter ResMed® Pollen Disposable 1 per Pack White No Tab,,Sunset Healthcare,CF2111-1,CPAP Accessories,$0.68 ,,"In Stock (Get it Tomorrow, Oct 1)",PK/1,,,https://imgcdn.mckesson.com/CumulusWeb/Images/Item_Detail/1203232_right.jpg,,https://mms.mckesson.com/product/1203232/Sunset-Healthcare-CF2111-1
1103240,CPAP Filter S9 Series Standard Disposable 1 per Pack White No Tab,,Sunset Healthcare,CF2107-1,CPAP Accessories,$0.68 ,,"In Stock (Get it Tomorrow, Oct 1)",EA/1,,,https://imgcdn.mckesson.com/CumulusWeb/Images/Item_Detail/1103240_left.jpg,,https://mms.mckesson.com/product/1103240/Sunset-Healthcare-CF2107-1
1207484,CPAP Filter Luna Series Foam Reusable 1 per Pack Black No Tab,,Sunset Healthcare,CF8005F-1,CPAP Accessories,$0.68 ,,"In Stock (Get it Tomorrow, Oct 1)",PK/1,,,https://imgcdn.mckesson.com/CumulusWeb/Images/Item_Detail/1207484_left.jpg,,https://mms.mckesson.com/product/1207484/Sunset-Healthcare-CF8005F-1
1202577,CPAP Filter Exceleron Medical Ultrafine Reusable 1 per Pack White With Frame,,Spirit Medical,CF-1142687-1,CPAP Accessories,$0.68 ,,"In Stock (Get it Tomorrow, Oct 1)",EA/1,,,https://imgcdn.mckesson.com/CumulusWeb/Images/Item_Detail/1202577_side.jpg,,https://mms.mckesson.com/product/1202577/Spirit-Medical-CF-1142687-1
1206762,CPAP Filter Spirit Medical Disposable 1 per Pack White No Tab,,Spirit Medical,CF-IBREEZE-1,CPAP Accessories,$0.68 ,,"In Stock (Get it Tomorrow, Oct 1)",PK/1,,,https://imgcdn.mckesson.com/CumulusWeb/Images/Item_Detail/1206762_left.jpg,,https://mms.mckesson.com/product/1206762/Spirit-Medical-CF-IBREEZE-1
1207490,CPAP Filter Luna Series Foam Reusable 1 per Pack Black No Tab,,Sunset Healthcare,CF8006F-1,CPAP Accessories,$0.80 ,,"In Stock (Get it Tomorrow, Oct 1)",PK/1,,,https://imgcdn.mckesson.com/CumulusWeb/Images/Item_Detail/1207490_left.jpg,,https://mms.mckesson.com/product/1207490/Sunset-Healthcare-CF8006F-1
1207044,CPAP Filter Respironics® Ultrafine Reusable 1 per Pack Blue / White With Frame,,Sunset Healthcare,CF1012F-1,CPAP Accessories,$0.82 ,,"In Stock (Get it Tomorrow, Oct 1)",PK/1,,,https://imgcdn.mckesson.com/CumulusWeb/Images/Item_Detail/1207044_left.jpg,,https://mms.mckesson.com/product/1207044/Sunset-Healthcare-CF1012F-1
1206765,CPAP Filter Spirit Medical Disposable 1 per Pack White No Tab,,Spirit Medical,CF-AIRM-1,CPAP Accessories,$0.82 ,,"In Stock (Get it Tomorrow, Oct 1)",PK/1,,,https://imgcdn.mckesson.com/CumulusWeb/Images/Item_Detail/1206765_front.jpg,,https://mms.mckesson.com/product/1206765/Spirit-Medical-CF-AIRM-1
998069,CPAP Mask Component CPAP Headgear Sunset Clearsight Nasal Style,,Sunset Healthcare,HG003,CPAP Accessories,$7.14 ,,"In Stock (Get it Tomorrow, Oct 1)",EA/1,,,https://imgcdn.mckesson.com/CumulusWeb/Images/Item_Detail/998069_front.jpg,,https://mms.mckesson.com/product/998069/Sunset-Healthcare-HG003
1206763,CPAP Filter Spirit Medical Disposable 2 per Pack White No Tab,,Spirit Medical,CF-IBREEZE-2,CPAP Accessories,$2.04 ,,"In Stock (Get it Tomorrow, Oct 1)",PK/2,,,https://imgcdn.mckesson.com/CumulusWeb/Images/Item_Detail/1206763_left.jpg,,https://mms.mckesson.com/product/1206763/Spirit-Medical-CF-IBREEZE-2
1205402,CPAP Filter Resvent iBreeze Foam Disposable 6 per Pack White No Tab,,Sunset Healthcare,CF9901-6,CPAP Accessories,$5.71 ,,"In Stock (Get it Tomorrow, Oct 1)",PK/6,,,https://imgcdn.mckesson.com/CumulusWeb/Images/Item_Detail/1205402_left.jpg,,https://mms.mckesson.com/product/1205402/Sunset-Healthcare-CF9901-6
1046454,CPAP Filter Ultrafine Disposable 1 per Pack Blue / White With Frame,,Respironics,1122447,CPAP Accessories,$2.72 ,,"In Stock (Get it Tomorrow, Oct 1)",PK/1,,,https://imgcdn.mckesson.com/CumulusWeb/Images/Item_Detail/1046454.jpg,,https://mms.mckesson.com/product/1046454/Respironics-1122447
1197054,CPAP Filter DreamStation Ultrafine Disposable 1 per Pack Blue / White,,Respironics,1142828,CPAP Accessories,$2.72 ,,"In Stock (Get it Tomorrow, Oct 1)",EA/1,,,https://imgcdn.mckesson.com/CumulusWeb/Images/Item_Detail/1197054_front.jpg,,https://mms.mckesson.com/product/1197054/Respironics-1142828
795358,CPAP Filter Foam Reusable 1 per Pack Black No Tab,,AG Industries,MAG1063091,CPAP Accessories,$0.86 ,,"In Stock (Get it Tomorrow, Oct 1)",EA/1,,,,,https://mms.mckesson.com/product/795358/AG-Industries-MAG1063091
795330,"CPAP Final Bacterial Filter Respironics® BiPAP® Vision™, Trilogy100, PLV® Continuum™ IB & II, Achieva™ Portable, Ventilator",,AG Industries,MAG7178,CPAP Accessories,$2.14 ,,"In Stock (Get it Tomorrow, Oct 1)",EA/1,,,https://imgcdn.mckesson.com/CumulusWeb/Images/Item_Detail/795330.jpg,,https://mms.mckesson.com/product/795330/AG-Industries-MAG7178
771291,Tubing Adapter,,AG Industries,AG2000799,CPAP Accessories,$1.57 ,,"In Stock (Get it Tomorrow, Oct 1)",EA/1,,,https://imgcdn.mckesson.com/CumulusWeb/Images/Item_Detail/771291_right.jpg,,https://mms.mckesson.com/product/771291/AG-Industries-AG2000799
1103229,CPAP Filter Dreamstation® Ultrafine Disposable 6 per Pack Blue / White With Frame,,Sunset Healthcare,CF1010,CPAP Accessories,$3.84 ,,"In Stock (Get it Tomorrow, Oct 1)",PK/6,,,https://imgcdn.mckesson.com/CumulusWeb/Images/Item_Detail/1103229_left.jpg,,https://mms.mckesson.com/product/1103229/Sunset-Healthcare-CF1010
853872,CPAP Tubing 6 Foot Length 15 mm ID 22 mm Cuffs,,Sunset Healthcare,TUB06,CPAP Accessories,$2.28 ,,"In Stock (Get it Tomorrow, Oct 1)",EA/1,,,https://imgcdn.mckesson.com/CumulusWeb/Images/Item_Detail/853872_front.jpg,,https://mms.mckesson.com/product/853872/Sunset-Healthcare-TUB06
1168563,CPAP Tubing 6 Foot Length 15 mm ID 22 mm Cuffs,,Sunset Healthcare,TUB006SS,CPAP Accessories,$2.39 ,,"In Stock (Get it Tomorrow, Oct 1)",EA/1,,,https://imgcdn.mckesson.com/CumulusWeb/Images/Item_Detail/1168563_front.jpg,,https://mms.mckesson.com/product/1168563/Sunset-Healthcare-TUB006SS
1119239,CPAP Filter Dreamstation® Foam / Pollen Reusable 1 per Pack Blue / White With Frame,,Sunset Healthcare,CF1010F-1,CPAP Accessories,$0.95 ,,"In Stock (Get it Tomorrow, Oct 1)",PK/1,,,https://imgcdn.mckesson.com/CumulusWeb/Images/Item_Detail/1119239.jpg,,https://mms.mckesson.com/product/1119239/Sunset-Healthcare-CF1010F-1
1239230,CPAP Filter ResMed AirSense™11 Hypoallergenic Reusable 1 per Pack White,,Sunset Healthcare,CF2111HA-1,CPAP Accessories,$0.95 ,,"In Stock (Get it Tomorrow, Oct 1)",EA/1,,,https://imgcdn.mckesson.com/CumulusWeb/Images/Item_Detail/1239230_left.jpg,,https://mms.mckesson.com/product/1239230/Sunset-Healthcare-CF2111HA-1
1214740,CPAP Filter IntelliPAP® Ultrafine Disposable 2 per Pack White No Tab,,Sunset Healthcare,CF5004-2,CPAP Accessories,$2.31 ,,"In Stock (Get it Tomorrow, Oct 1)",PK/2,,,https://imgcdn.mckesson.com/CumulusWeb/Images/Item_Detail/1214740_left.jpg,,https://mms.mckesson.com/product/1214740/Sunset-Healthcare-CF5004-2
1095181,CPAP Filter Dreamstation® Pollen Reusable 1 per Pack Black,,AG Industries,AG1122446,CPAP Accessories,$1.65 ,,"In Stock (Get it Tomorrow, Oct 1)",EA/1,,,https://imgcdn.mckesson.com/CumulusWeb/Images/Item_Detail/1095181_left.jpg,,https://mms.mckesson.com/product/1095181/AG-Industries-AG1122446
404210,"Air Inlet Filter Pulmo-Aide® For Devilbiss 3650, 4650, and 5650 Nebulizer Compressor",,Drive DeVilbiss Healthcare,5650D-602,CPAP Accessories,$3.24 ,,"In Stock (Get it Tomorrow, Oct 1)",PK/5,,,https://imgcdn.mckesson.com/CumulusWeb/Images/Item_Detail/404210_ppkgleft.jpg,,https://mms.mckesson.com/product/404210/Drive-DeVilbiss-Healthcare-5650D-602
1202871,CPAP Filter Dreamstation® 2 Foam / Pollen Disposable 2 per Pack Blue / White With Frame,,Sunset Healthcare,CF1012-2,CPAP Accessories,$2.39 ,,"In Stock (Get it Tomorrow, Oct 1)",PK/2,,,https://imgcdn.mckesson.com/CumulusWeb/Images/Item_Detail/1202871_left.jpg,,https://mms.mckesson.com/product/1202871/Sunset-Healthcare-CF1012-2
1202132,CPAP Filter Exceleron Medical Pollen Disposable 1 per Pack White No Tab,,Spirit Medical,CF-39300-1,CPAP Accessories,$0.33 ,,"In Stock (Get it Tomorrow, Oct 1)",EA/1,,,https://imgcdn.mckesson.com/CumulusWeb/Images/Item_Detail/1202132_front.jpg,,https://mms.mckesson.com/product/1202132/Spirit-Medical-CF-39300-1
1202576,CPAP Filter Exceleron Medical Foam Reusable 2 per Pack Black No Tab,,Spirit Medical,CF-LG31020-1,CPAP Accessories,$0.33 ,,"In Stock (Get it Tomorrow, Oct 1)",EA/1,,,https://imgcdn.mckesson.com/CumulusWeb/Images/Item_Detail/1202576_left.jpg,,https://mms.mckesson.com/product/1202576/Spirit-Medical-CF-LG31020-1
1202130,CPAP Filter Exceleron Medical Hypoallergenic / Pollen Disposable 1 per Pack White No Tab,,Spirit Medical,CF-36855-1,CPAP Accessories,$0.33 ,,"In Stock (Get it Tomorrow, Oct 1)",EA/1,,,https://imgcdn.mckesson.com/CumulusWeb/Images/Item_Detail/1202130_right.jpg,,https://mms.mckesson.com/product/1202130/Spirit-Medical-CF-36855-1
1202128,CPAP Filter Exceleron Medical Standard Disposable 1 per Pack White No Tab,,Spirit Medical,CF-36850-1,CPAP Accessories,$0.33 ,,"In Stock (Get it Tomorrow, Oct 1)",EA/1,,,https://imgcdn.mckesson.com/CumulusWeb/Images/Item_Detail/1202128_front.jpg,,https://mms.mckesson.com/product/1202128/Spirit-Medical-CF-36850-1
1202560,CPAP Filter Exceleron Medical Foam / Pollen Reusable 1 per Pack Black No Tab,,Spirit Medical,CF-1029330-1,CPAP Accessories,$0.33 ,,"In Stock (Get it Tomorrow, Oct 1)",EA/1,,,https://imgcdn.mckesson.com/CumulusWeb/Images/Item_Detail/1202560_side.jpg,,https://mms.mckesson.com/product/1202560/Spirit-Medical-CF-1029330-1
1202157,CPAP Filter Exceleron Medical Hypoallergenic / Ultrafine Disposable 1 per Pack White No Tab,,Spirit Medical,CF-39304-1,CPAP Accessories,$0.33 ,,"In Stock (Get it Tomorrow, Oct 1)",EA/1,,,https://imgcdn.mckesson.com/CumulusWeb/Images/Item_Detail/1202157_front.jpg,,https://mms.mckesson.com/product/1202157/Spirit-Medical-CF-39304-1
1228221,CPAP Filter Exceleron Medical Ultrafine Disposable 1 per Pack White No Tab,,Spirit Medical,CF-LG31020-UF-1,CPAP Accessories,$0.33 ,,"In Stock (Get it Tomorrow, Oct 1)",EA/1,,,https://imgcdn.mckesson.com/CumulusWeb/Images/Item_Detail/1228221_left.jpg,,https://mms.mckesson.com/product/1228221/Spirit-Medical-CF-LG31020-UF-1
1213888,CPAP Filter Spirit Medical Foam / Pollen Reusable 1 per Pack Black No Tab,,Spirit Medical,CF-BYONDF-1,CPAP Accessories,$0.33 ,,"In Stock (Get it Tomorrow, Oct 1)",EA/1,,,https://imgcdn.mckesson.com/CumulusWeb/Images/Item_Detail/1213888_right.jpg,,https://mms.mckesson.com/product/1213888/Spirit-Medical-CF-BYONDF-1
1202113,CPAP Filter Exceleron Medical Ultrafine Disposable 1 per Pack White No Tab,,Spirit Medical,CF-1029331-1,CPAP Accessories,$0.33 ,,"In Stock (Get it Tomorrow, Oct 1)",EA/1,,,https://imgcdn.mckesson.com/CumulusWeb/Images/Item_Detail/1202113_left.jpg,,https://mms.mckesson.com/product/1202113/Spirit-Medical-CF-1029331-1
1202571,CPAP Filter Exceleron Medical Reusable 1 per Pack Black No Tab,,Spirit Medical,CF-L1020F-1,CPAP Accessories,$0.33 ,,"In Stock (Get it Tomorrow, Oct 1)",EA/1,,,https://imgcdn.mckesson.com/CumulusWeb/Images/Item_Detail/1202571_left.jpg,,https://mms.mckesson.com/product/1202571/Spirit-Medical-CF-L1020F-1
1202149,CPAP Filter Exceleron Medical Ultrafine Disposable 1 per Pack White No Tab,,Spirit Medical,CF-L1020UF-1,CPAP Accessories,$0.33 ,,"In Stock (Get it Tomorrow, Oct 1)",EA/1,,,https://imgcdn.mckesson.com/CumulusWeb/Images/Item_Detail/1202149_front.jpg,,https://mms.mckesson.com/product/1202149/Spirit-Medical-CF-L1020UF-1
795359,CPAP Filter Ultrafine Disposable 2 per Pack White No Tab,,AG Industries,MAG1063096MED,CPAP Accessories,$1.81 ,,"In Stock (Get it Tomorrow, Oct 1)",PK/2,,,https://imgcdn.mckesson.com/CumulusWeb/Images/Item_Detail/795359.jpg,,https://mms.mckesson.com/product/795359/AG-Industries-MAG1063096MED
1203233,CPAP Filter ResMed® Pollen Disposable 2 per Pack White No Tab,,Sunset Healthcare,CF2111-2,CPAP Accessories,$1.09 ,,"In Stock (Get it Tomorrow, Oct 1)",PK/2,,,https://imgcdn.mckesson.com/CumulusWeb/Images/Item_Detail/1203233_right.jpg,,https://mms.mckesson.com/product/1203233/Sunset-Healthcare-CF2111-2
1193003,CPAP Filter AirSense™ Standard Disposable 2 per Pack White No Tab,,Sunset Healthcare,CF2107-2,CPAP Accessories,$1.09 ,,"In Stock (Get it Tomorrow, Oct 1)",PK/2,,,https://imgcdn.mckesson.com/CumulusWeb/Images/Item_Detail/1193003_pdet.jpg,,https://mms.mckesson.com/product/1193003/Sunset-Healthcare-CF2107-2
1205400,CPAP Filter Resvent iBreeze Foam Disposable 2 per Pack White No Tab,,Sunset Healthcare,CF9901-2,CPAP Accessories,$1.09 ,,"In Stock (Get it Tomorrow, Oct 1)",PK/2,,,https://imgcdn.mckesson.com/CumulusWeb/Images/Item_Detail/1205400_left.jpg,,https://mms.mckesson.com/product/1205400/Sunset-Healthcare-CF9901-2
1202564,CPAP Filter Exceleron Medical Ultrafine Disposable 2 per Pack White With Frame,,Spirit Medical,CF-1122447-2,CPAP Accessories,$1.09 ,,"In Stock (Get it Tomorrow, Oct 1)",PK/2,,,https://imgcdn.mckesson.com/CumulusWeb/Images/Item_Detail/1202564_front.jpg,,https://mms.mckesson.com/product/1202564/Spirit-Medical-CF-1122447-2
1196593,CPAP Filter ResMed® Hypoallergenic Disposable 1 per Pack White No Tab,,Sunset Healthcare,CF2107HA-1,CPAP Accessories,$1.16 ,,"In Stock (Get it Tomorrow, Oct 1)",PK/1,,,https://imgcdn.mckesson.com/CumulusWeb/Images/Item_Detail/1196593_pdet.jpg,,https://mms.mckesson.com/product/1196593/Sunset-Healthcare-CF2107HA-1
1202578,CPAP Filter Exceleron Medical Disposable 2 per Pack With Frame,,Spirit Medical,CF-1142828-2,CPAP Accessories,$1.22 ,,"In Stock (Get it Tomorrow, Oct 1)",PK/2,,,https://imgcdn.mckesson.com/CumulusWeb/Images/Item_Detail/1202578_front.jpg,,https://mms.mckesson.com/product/1202578/Spirit-Medical-CF-1142828-2
572809,CPAP Filter RemStar Ultrafine Disposable 6 per Pack White Tab,,Respironics,1029331,CPAP Accessories,$1.22 ,,"In Stock (Get it Tomorrow, Oct 1)",PK/6,,,https://imgcdn.mckesson.com/CumulusWeb/Images/Item_Detail/572809.jpg,,https://mms.mckesson.com/product/572809/Respironics-1029331
1201190,CPAP Filter RemStar Ultrafine Disposable 2 per Pack White No Tab,,Sunset Healthcare,CF1009NT-2,CPAP Accessories,$1.22 ,,"In Stock (Get it Tomorrow, Oct 1)",PK/2,,,https://imgcdn.mckesson.com/CumulusWeb/Images/Item_Detail/1201190_pdet.jpg,,https://mms.mckesson.com/product/1201190/Sunset-Healthcare-CF1009NT-2
1209819,CPAP Filter Dreamstation® Ultrafine Disposable 2 per Pack Blue / White With Frame,,Sunset Healthcare,CF1010-2,CPAP Accessories,$1.28 ,,"In Stock (Get it Tomorrow, Oct 1)",PK/2,,,https://imgcdn.mckesson.com/CumulusWeb/Images/Item_Detail/1209819_right.jpg,,https://mms.mckesson.com/product/1209819/Sunset-Healthcare-CF1010-2
1207487,CPAP Filter Luna Series Ultrafine Disposable 1 per Pack White No Tab,,Sunset Healthcare,CF8006-1,CPAP Accessories,$0.48 ,,"In Stock (Get it Tomorrow, Oct 1)",PK/1,,,https://imgcdn.mckesson.com/CumulusWeb/Images/Item_Detail/1207487_left.jpg,,https://mms.mckesson.com/product/1207487/Sunset-Healthcare-CF8006-1
1207481,CPAP Filter Luna Series Foam Disposable 1 per Pack White No Tab,,Sunset Healthcare,CF8005-1,CPAP Accessories,$0.48 ,,"In Stock (Get it Tomorrow, Oct 1)",PK/1,,,https://imgcdn.mckesson.com/CumulusWeb/Images/Item_Detail/1207481_left.jpg,,https://mms.mckesson.com/product/1207481/Sunset-Healthcare-CF8005-1
1103230,CPAP Filter DreamStation Series Ultrafine Disposable 1 per Pack White With Frame,,Sunset Healthcare,CF1010-1,CPAP Accessories,$0.64 ,,"In Stock (Get it Tomorrow, Oct 1)",EA/1,,,https://imgcdn.mckesson.com/CumulusWeb/Images/Item_Detail/1103230_left.jpg,,https://mms.mckesson.com/product/1103230/Sunset-Healthcare-CF1010-1
734545,CPAP Filter Ultagen™ Standard Disposable 2 per Pack White No Tab,,AG Industries,AG36851,CPAP Accessories,$0.51 ,,"In Stock (Get it Tomorrow, Oct 1)",PK/2,,,https://imgcdn.mckesson.com/CumulusWeb/Images/Item_Detail/734545.jpg,,https://mms.mckesson.com/product/734545/AG-Industries-AG36851
1205401,CPAP Filter Resvent iBreeze Foam Disposable 1 per Pack White No Tab,,Sunset Healthcare,CF9901-1,CPAP Accessories,$0.54 ,,"In Stock (Get it Tomorrow, Oct 1)",PK/1,,,https://imgcdn.mckesson.com/CumulusWeb/Images/Item_Detail/1205401_left.jpg,,https://mms.mckesson.com/product/1205401/Sunset-Healthcare-CF9901-1
1202563,CPAP Filter Exceleron Medical Foam / Pollen Reusable 1 per Pack With Frame,,Spirit Medical,CF-1122446-1,CPAP Accessories,$0.61 ,,"In Stock (Get it Tomorrow, Oct 1)",EA/1,,,https://imgcdn.mckesson.com/CumulusWeb/Images/Item_Detail/1202563_right.jpg,,https://mms.mckesson.com/product/1202563/Spirit-Medical-CF-1122446-1
1202122,CPAP Filter Exceleron Medical Ultrafine Disposable 1 per Pack White With Frame,,Spirit Medical,CF-1122447-1,CPAP Accessories,$0.54 ,,"In Stock (Get it Tomorrow, Oct 1)",EA/1,,,https://imgcdn.mckesson.com/CumulusWeb/Images/Item_Detail/1202122_front.jpg,,https://mms.mckesson.com/product/1202122/Spirit-Medical-CF-1122447-1
1202155,CPAP Filter Exceleron Medical Disposable 1 per Pack With Frame,,Spirit Medical,CF-1142828-1,CPAP Accessories,$0.61 ,,"In Stock (Get it Tomorrow, Oct 1)",EA/1,,,https://imgcdn.mckesson.com/CumulusWeb/Images/Item_Detail/1202155_front.jpg,,https://mms.mckesson.com/product/1202155/Spirit-Medical-CF-1142828-1
1282104,"CPAP Mask Wipe SoClean Unscented Cotton, 1 X 7 Inch",,SoClean Inc,PN1132,CPAP Accessories,$146.88 ,,Limited quantities available,EA/1,,,https://imgcdn.mckesson.com/CumulusWeb/Images/Item_Detail/1282104_front.jpg,,https://mms.mckesson.com/product/1282104/SoClean-Inc-PN1132
1143929,CPAP Sanitizing Unit Adapter SoClean®,,SoClean Inc,PNA1410UNI,CPAP Accessories,$731.12 ,,Limited quantities available,CS/128,,,https://imgcdn.mckesson.com/CumulusWeb/Images/Item_Detail/1143929_pdet.jpg,,https://mms.mckesson.com/product/1143929/SoClean-Inc-PNA1410UNI
1143930,CPAP Sanitizing Unit Adapter SoClean® Fisher & Paykel ICON™ CPAP Machines,,SoClean Inc,PNA1100I,CPAP Accessories,$548.34 ,,Limited quantities available,CS/128,,,https://imgcdn.mckesson.com/CumulusWeb/Images/Item_Detail/1143930_front.jpg,,https://mms.mckesson.com/product/1143930/SoClean-Inc-PNA1100I
1143937,CPAP Sanitizing Unit Adapter SoClean® ResMed S9 CPAP Machines,,SoClean Inc,PNA1109UNI,CPAP Accessories,$548.34 ,,Limited quantities available,CS/90,,,https://imgcdn.mckesson.com/CumulusWeb/Images/Item_Detail/1143937_ppkgleft.jpg,,https://mms.mckesson.com/product/1143937/SoClean-Inc-PNA1109UNI
1143938,CPAP Sanitizing Unit Adapter SoClean® Fisher & Paykel SleepStyle CPAP Machines,,SoClean Inc,PNA1411-23,CPAP Accessories,$548.34 ,,Limited quantities available,CS/128,,,https://imgcdn.mckesson.com/CumulusWeb/Images/Item_Detail/1143938_left.jpg,,https://mms.mckesson.com/product/1143938/SoClean-Inc-PNA1411-23
574209,CPAP Tubing 10 Foot Length 15 mm ID 22 mm Cuffs,,Respironics,7212,CPAP Accessories,$40.23 ,,Limited quantities available,EA/1,,,https://imgcdn.mckesson.com/CumulusWeb/Images/Item_Detail/574209.jpg,,https://mms.mckesson.com/product/574209/Respironics-7212
1195515,CPAP Mask Liner RemZzzs Medium,,Sunset Healthcare,CAP3001M,CPAP Accessories,$28.49 ,,Limited quantities available,CS/30,,,https://imgcdn.mckesson.com/CumulusWeb/Images/Item_Detail/1195515_pdet.jpg,,https://mms.mckesson.com/product/1195515/Sunset-Healthcare-CAP3001M
1171703,CPAP Disinfector Organizer SoClean®,,SoClean Inc,PN1530,CPAP Accessories,$15.29 ,,Limited quantities available,EA/1,,,https://imgcdn.mckesson.com/CumulusWeb/Images/Item_Detail/1171703_right.jpg,,https://mms.mckesson.com/product/1171703/SoClean-Inc-PN1530
1103237,CPAP Tubing 2 Foot Length 15 mm ID 22 mm Cuffs,,Sunset Healthcare,TUB002,CPAP Accessories,$4.60 ,,Limited quantities available,EA/1,,,https://imgcdn.mckesson.com/CumulusWeb/Images/Item_Detail/1103237_front.jpg,,https://mms.mckesson.com/product/1103237/Sunset-Healthcare-TUB002
1201303,CPAP Sanitizing Unit Filter SoClean®,,SoClean Inc,PN1407,CPAP Accessories,$9.18 ,,Limited quantities available,EA/1,,,https://imgcdn.mckesson.com/CumulusWeb/Images/Item_Detail/1201303_left.jpg,,https://mms.mckesson.com/product/1201303/SoClean-Inc-PN1407
824984,Handheld Nebulizer Kit Boussignac® Small Volume Medication Cup Adult / Pediatric Mouthpiece Delivery,,Advanced Medical Systems,8911,CPAP Accessories,$3.06 ,,Limited quantities available,EA/1,,,https://imgcdn.mckesson.com/CumulusWeb/Images/Item_Detail/824984.jpg,,https://mms.mckesson.com/product/824984/Advanced-Medical-Systems-8911
1119553,CPAP Mask Component CPAP Mask AirFit® F30 Full Face Style Small Cushion Adult,,ResMed Corp,64155,CPAP Masks,$173.44 ,,In Stock,EA/1,,,https://imgcdn.mckesson.com/CumulusWeb/Images/Item_Detail/1119553.jpg,,https://mms.mckesson.com/product/1119553/ResMed-Corp-64155
849348,CPAP Mask Component CPAP Cushion Quattro™ Air Full Face Style Medium Cushion,,ResMed Corp,62738,CPAP Masks,$57.36 ,,In Stock,EA/1,,,https://imgcdn.mckesson.com/CumulusWeb/Images/Item_Detail/849348.jpg,,https://mms.mckesson.com/product/849348/ResMed-Corp-62738
849349,CPAP Mask Component CPAP Cushion Quattro™ Air Full Face Style Large Cushion,,ResMed Corp,62739,CPAP Masks,$57.36 ,,In Stock,EA/1,,,https://imgcdn.mckesson.com/CumulusWeb/Images/Item_Detail/849349.jpg,,https://mms.mckesson.com/product/849349/ResMed-Corp-62739
849347,CPAP Mask Component CPAP Cushion Quattro™ Air,,ResMed Corp,62737,CPAP Masks,$57.36 ,,In Stock,EA/1,,,https://imgcdn.mckesson.com/CumulusWeb/Images/Item_Detail/849347.jpg,,https://mms.mckesson.com/product/849347/ResMed-Corp-62737
849346,CPAP Mask Component CPAP Cushion Quattro™ Air Full Face Style X-Small Cushion,,ResMed Corp,62736,CPAP Masks,$57.36 ,,In Stock,EA/1,,,https://imgcdn.mckesson.com/CumulusWeb/Images/Item_Detail/849346_right.jpg,,https://mms.mckesson.com/product/849346/ResMed-Corp-62736
687830,CPAP Mask Component Mirage Activa™ LT,,ResMed Corp,60179,CPAP Masks,$40.97 ,,In Stock,EA/1,,,https://imgcdn.mckesson.com/CumulusWeb/Images/Item_Detail/687830_pdet.jpg,,https://mms.mckesson.com/product/687830/ResMed-Corp-60179
625680,CPAP Mask Component CPAP Cushion FlexiFit™ 405 Nasal Style Small Cushion,,Fisher & Paykel,900HC427,CPAP Masks,$26.24 ,,In Stock - Network,EA/1,,,https://imgcdn.mckesson.com/CumulusWeb/Images/Item_Detail/FSHPAY_625680.jpg,,https://mms.mckesson.com/product/625680/Fisher-Paykel-900HC427
1201068,CPAP Mask Component CPAP Cushion Nonny™ Nasal Style X-Small Cushion Pediatric,,AG Industries,AG-PEDKIT-CXS,CPAP Masks,$18.98 ,,In Stock - Network,EA/1,,,https://imgcdn.mckesson.com/CumulusWeb/Images/Item_Detail/1201068_left.jpg,,https://mms.mckesson.com/product/1201068/AG-Industries-AG-PEDKIT-CXS
1128455,CPAP Mask Kit CPAP Starter Kit Ascend™ Full Face Style Small / Medium / Large Cushions Adult,,Drive DeVilbiss Healthcare,50825,CPAP Masks,$77.49 ,,"In Stock - Network (Get it Saturday, Oct 3)",EA/1,,,https://imgcdn.mckesson.com/CumulusWeb/Images/Item_Detail/1128455.jpg,,https://mms.mckesson.com/product/1128455/Drive-DeVilbiss-Healthcare-50825
1087520,CPAP Mask Component CPAP Mask Kit Zzz-Mask Full Face Style Large Cushion Adult,,Drive DeVilbiss Healthcare,PB7800L,CPAP Masks,$45.27 ,,"In Stock - Network (Get it Saturday, Oct 3)",EA/1,,,https://imgcdn.mckesson.com/CumulusWeb/Images/Item_Detail/1087520.jpg,,https://mms.mckesson.com/product/1087520/Drive-DeVilbiss-Healthcare-PB7800L
1190180,CPAP Mask Kit CPAP Mask Kit Nonny™ Full Face Style Small Cushion Pediatric,,AG Industries,AG-PEDFF-S,CPAP Masks,$152.24 ,,"In Stock - Network (Get it Saturday, Oct 3)",EA/1,,,https://imgcdn.mckesson.com/CumulusWeb/Images/Item_Detail/1190180_left.jpg,,https://mms.mckesson.com/product/1190180/AG-Industries-AG-PEDFF-S
1184542,CPAP Mask Component CPAP Mask FitLife Full Face Style Large Cushion Adult,,Respironics,1072531,CPAP Masks,$149.81 ,,"In Stock - Network (Get it Saturday, Oct 3)",EA/1,,,https://imgcdn.mckesson.com/CumulusWeb/Images/Item_Detail/1184542_right.jpg,,https://mms.mckesson.com/product/1184542/Respironics-1072531
1176321,CPAP Mask Kit CPAP Mask Kit Evora™ Nasal Style Medium Cushion Adult,,Fisher & Paykel,EVO1MA,CPAP Masks,$122.90 ,,"In Stock - Network (Get it Saturday, Oct 3)",EA/1,,,https://imgcdn.mckesson.com/CumulusWeb/Images/Item_Detail/1176321_ppkgleft.jpg,,https://mms.mckesson.com/product/1176321/Fisher-Paykel-EVO1MA
1056852,CPAP Mask Kit CPAP Starter Kit Brevida™ Nasal Pillow Style X-Small-Small / Medium-Large Cushions Adult,,Fisher & Paykel,BRE1SMA,CPAP Masks,$122.90 ,,"In Stock - Network (Get it Saturday, Oct 3)",EA/1,,,https://imgcdn.mckesson.com/CumulusWeb/Images/Item_Detail/1056852.jpg,,https://mms.mckesson.com/product/1056852/Fisher-Paykel-BRE1SMA
806242,CPAP Mask Kit CPAP Mask Kit Zest™ Q Nasal Style Standard Cushion,,Fisher & Paykel,400445A,CPAP Masks,$120.14 ,,"In Stock - Network (Get it Saturday, Oct 3)",EA/1,,,https://imgcdn.mckesson.com/CumulusWeb/Images/Item_Detail/806242.jpg,,https://mms.mckesson.com/product/806242/Fisher-Paykel-400445A
690420,CPAP Mask Kit CPAP Mask Kit Zest™ Nasal Style One Size Fits Most Cushion,,Fisher & Paykel,400440A,CPAP Masks,$113.23 ,,"In Stock - Network (Get it Saturday, Oct 3)",EA/1,,,https://imgcdn.mckesson.com/CumulusWeb/Images/Item_Detail/690420.jpg,,https://mms.mckesson.com/product/690420/Fisher-Paykel-400440A
719837,CPAP Mask Kit CPAP Mask Kit Zest™ Plus Nasal Style Plus Cushion,,Fisher & Paykel,400441A,CPAP Masks,$113.23 ,,"In Stock - Network (Get it Saturday, Oct 3)",EA/1,,,https://imgcdn.mckesson.com/CumulusWeb/Images/Item_Detail/719837.jpg,,https://mms.mckesson.com/product/719837/Fisher-Paykel-400441A
719836,CPAP Mask Kit CPAP Mask Kit Zest™ Plus Nasal Style Petite Cushion,,Fisher & Paykel,400439A,CPAP Masks,$113.23 ,,"In Stock - Network (Get it Saturday, Oct 3)",EA/1,,,https://imgcdn.mckesson.com/CumulusWeb/Images/Item_Detail/719836.jpg,,https://mms.mckesson.com/product/719836/Fisher-Paykel-400439A
1135960,CPAP Mask Component CPAP Mask DreamWear Full Face Style Large Cushion Adult,,Respironics,1133417,CPAP Masks,$113.75 ,,"In Stock - Network (Get it Saturday, Oct 3)",EA/1,,,https://imgcdn.mckesson.com/CumulusWeb/Images/Item_Detail/1135960_right.jpg,,https://mms.mckesson.com/product/1135960/Respironics-1133417
1135961,CPAP Mask Component CPAP Mask DreamWear Full Face Style Medium-Wide Cushion Adult,,Respironics,1133418,CPAP Masks,$113.75 ,,"In Stock - Network (Get it Saturday, Oct 3)",EA/1,,,https://imgcdn.mckesson.com/CumulusWeb/Images/Item_Detail/1135961_right.jpg,,https://mms.mckesson.com/product/1135961/Respironics-1133418
1215972,CPAP Mask Kit CPAP Starter Kit Ray Pediatric Nasal Style Large / X-Large Cushions Pediatric,,Sunset Healthcare,CM060-KITL,CPAP Masks,$104.72 ,,"In Stock - Network (Get it Saturday, Oct 3)",EA/1,,,https://imgcdn.mckesson.com/CumulusWeb/Images/Item_Detail/1215972_right.jpg,,https://mms.mckesson.com/product/1215972/Sunset-Healthcare-CM060-KITL
582443,CPAP Mask Kit CPAP Starter Kit Opus™ 360 Nasal Pillow Style Small / Medium / Large Cushions,,Fisher & Paykel,HC482A,CPAP Masks,$103.57 ,,"In Stock - Network (Get it Saturday, Oct 3)",EA/1,,,https://imgcdn.mckesson.com/CumulusWeb/Images/Item_Detail/582443.jpg,,https://mms.mckesson.com/product/582443/Fisher-Paykel-HC482A
573728,CPAP Mask Kit CPAP Mask Kit FlexiFit™ 407 Nasal Style Standard Cushion,,Fisher & Paykel,HC407A,CPAP Masks,$99.43 ,,"In Stock - Network (Get it Saturday, Oct 3)",EA/1,,,https://imgcdn.mckesson.com/CumulusWeb/Images/Item_Detail/FSHPAY_573728.jpg,,https://mms.mckesson.com/product/573728/Fisher-Paykel-HC407A
1202909,CPAP Mask Kit CPAP Mask Kit Wisp™ Nasal Style Petite Cushion,,Respironics,1118064,CPAP Masks,$88.44 ,,"In Stock - Network (Get it Saturday, Oct 3)",EA/1,,,https://imgcdn.mckesson.com/CumulusWeb/Images/Item_Detail/1202909_left.jpg,,https://mms.mckesson.com/product/1202909/Respironics-1118064
1206224,CPAP Mask Kit CPAP Mask Kit Numa Full Face Style Medium Cushion,,React Health,NU1002,CPAP Masks,$88.34 ,,"In Stock - Network (Get it Saturday, Oct 3)",EA/1,,,https://imgcdn.mckesson.com/CumulusWeb/Images/Item_Detail/1206224_front.jpg,,https://mms.mckesson.com/product/1206224/React-Health-NU1002
833847,CPAP Mask Kit CPAP Mask Eson™ Nasal Style Small Cushion,,Fisher & Paykel,400HC571,CPAP Masks,$88.38 ,,"In Stock - Network (Get it Saturday, Oct 3)",EA/1,,,https://imgcdn.mckesson.com/CumulusWeb/Images/Item_Detail/833847.jpg,,https://mms.mckesson.com/product/833847/Fisher-Paykel-400HC571
742931,CPAP Mask Component CPAP Mask ComfortGel™ Blue Nasal Style Small Cushion Adult,,Respironics,1070043,CPAP Masks,$79.07 ,,"In Stock - Network (Get it Saturday, Oct 3)",EA/1,,,https://imgcdn.mckesson.com/CumulusWeb/Images/Item_Detail/742931.jpg,,https://mms.mckesson.com/product/742931/Respironics-1070043
742932,CPAP Mask Component CPAP Mask ComfortGel™ Blue Nasal Style Petite Cushion Adult,,Respironics,1070044,CPAP Masks,$79.07 ,,"In Stock - Network (Get it Saturday, Oct 3)",EA/1,,,https://imgcdn.mckesson.com/CumulusWeb/Images/Item_Detail/742932.jpg,,https://mms.mckesson.com/product/742932/Respironics-1070044
1017174,CPAP Mask Component CPAP Mask Pico Nasal Style Small-Medium Cushion Adult,,Respironics,1104918,CPAP Masks,$67.63 ,,"In Stock - Network (Get it Saturday, Oct 3)",EA/1,,,https://imgcdn.mckesson.com/CumulusWeb/Images/Item_Detail/1017174.jpg,,https://mms.mckesson.com/product/1017174/Respironics-1104918
1117396,CPAP Mask Component CPAP Mask DreamWear Nasal Style Medium Cushion Adult,,Respironics,1116711,CPAP Masks,$58.26 ,,"In Stock - Network (Get it Saturday, Oct 3)",EA/1,,,https://imgcdn.mckesson.com/CumulusWeb/Images/Item_Detail/1117396_right.jpg,,https://mms.mckesson.com/product/1117396/Respironics-1116711
1180830,CPAP Mask Component CPAP Mask DreamWear Nasal Pillow Style Large Cushion Adult,,Respironics,1146459,CPAP Masks,$58.26 ,,"In Stock - Network (Get it Saturday, Oct 3)",EA/1,,,https://imgcdn.mckesson.com/CumulusWeb/Images/Item_Detail/1180830_left.jpg,,https://mms.mckesson.com/product/1180830/Respironics-1146459
1180831,CPAP Mask Component CPAP Mask DreamWear Nasal Pillow Style Large Cushion Adult,,Respironics,1146463,CPAP Masks,$58.26 ,,"In Stock - Network (Get it Saturday, Oct 3)",EA/1,,,https://imgcdn.mckesson.com/CumulusWeb/Images/Item_Detail/1180831_left.jpg,,https://mms.mckesson.com/product/1180831/Respironics-1146463
1131863,CPAP Mask Component CPAP Mask DreamWear Nasal Style Medium-Wide Cushion Adult,,Respironics,1116718,CPAP Masks,$58.26 ,,"In Stock - Network (Get it Saturday, Oct 3)",EA/1,,,https://imgcdn.mckesson.com/CumulusWeb/Images/Item_Detail/1131863_right.jpg,,https://mms.mckesson.com/product/1131863/Respironics-1116718
1180825,CPAP Mask Component CPAP Mask DreamWear Nasal Pillow Style Small Cushion Adult,,Respironics,1146461,CPAP Masks,$58.26 ,,"In Stock - Network (Get it Saturday, Oct 3)",EA/1,,,https://imgcdn.mckesson.com/CumulusWeb/Images/Item_Detail/1180825_left.jpg,,https://mms.mckesson.com/product/1180825/Respironics-1146461
785590,CPAP Mask Component CPAP Cushion Forma™ Full Face Style X-Large Cushion,,Fisher & Paykel,400HC124,CPAP Masks,$51.78 ,,"In Stock - Network (Get it Saturday, Oct 3)",EA/1,,,https://imgcdn.mckesson.com/CumulusWeb/Images/Item_Detail/785590.jpg,,https://mms.mckesson.com/product/785590/Fisher-Paykel-400HC124
625677,CPAP Mask Component CPAP Cushion FlexiFit™ 432 Full Face Style Large Cushion,,Fisher & Paykel,400HC115,CPAP Masks,$51.78 ,,"In Stock - Network (Get it Saturday, Oct 3)",EA/1,,,https://imgcdn.mckesson.com/CumulusWeb/Images/Item_Detail/FSHPAY_625677.jpg,,https://mms.mckesson.com/product/625677/Fisher-Paykel-400HC115
1264116,CPAP Mask Component F&P Nova Micro™ Nasal Pillow Style Adult,,Fisher & Paykel,400NVP132,CPAP Masks,$94.25 ,,"In Stock - Network (Get it Saturday, Oct 3)",EA/1,,,https://imgcdn.mckesson.com/CumulusWeb/Images/Item_Detail/1264116_right.jpg,,https://mms.mckesson.com/product/1264116/Fisher-Paykel-400NVP132
1264114,CPAP Mask Component F&P Nova Micro™ Nasal Pillow Style Adult,,Fisher & Paykel,400NVP133,CPAP Masks,$94.25 ,,"In Stock - Network (Get it Saturday, Oct 3)",EA/1,,,https://imgcdn.mckesson.com/CumulusWeb/Images/Item_Detail/1264114_right.jpg,,https://mms.mckesson.com/product/1264114/Fisher-Paykel-400NVP133
582441,CPAP Mask Component CPAP Mask Opus™ 360 Nasal Pillow Style,,Fisher & Paykel,400HC526,CPAP Masks,$71.12 ,,"In Stock - Network (Get it Saturday, Oct 3)",EA/1,,,https://imgcdn.mckesson.com/CumulusWeb/Images/Item_Detail/FSHPAY_582441.jpg,,https://mms.mckesson.com/product/582441/Fisher-Paykel-400HC526
1132446,CPAP Mask Component CPAP Cushion DreamWisp Nasal Style Petite Cushion,,Respironics,1137956,CPAP Masks,$34.68 ,,"In Stock - Network (Get it Saturday, Oct 3)",EA/1,,,https://imgcdn.mckesson.com/CumulusWeb/Images/Item_Detail/1132446.jpg,,https://mms.mckesson.com/product/1132446/Respironics-1137956
785594,CPAP Mask Component CPAP Cushion Zest™ Nasal Style Plus Cushion,,Fisher & Paykel,400HC558,CPAP Masks,$30.38 ,,"In Stock - Network (Get it Saturday, Oct 3)",EA/1,,,https://imgcdn.mckesson.com/CumulusWeb/Images/Item_Detail/785594.jpg,,https://mms.mckesson.com/product/785594/Fisher-Paykel-400HC558
785593,CPAP Mask Component CPAP Cushion Zest™ Nasal Style Petite Cushion,,Fisher & Paykel,400HC557,CPAP Masks,$30.38 ,,"In Stock - Network (Get it Saturday, Oct 3)",EA/1,,,https://imgcdn.mckesson.com/CumulusWeb/Images/Item_Detail/785593.jpg,,https://mms.mckesson.com/product/785593/Fisher-Paykel-400HC557
1046224,CPAP Mask Component CPAP Cushion Eson™ 2 Nasal Style Medium Cushion,,Fisher & Paykel,400ESN215,CPAP Masks,$29 ,,"In Stock - Network (Get it Saturday, Oct 3)",EA/1,,,https://imgcdn.mckesson.com/CumulusWeb/Images/Item_Detail/1046224.jpg,,https://mms.mckesson.com/product/1046224/Fisher-Paykel-400ESN215
1264113,Spare Cushion CPAP Machine Parts F&P Nova Micro™ For use with CPAP Machine Small Pillow Cushion Replacment,,Fisher & Paykel,400NVP114,CPAP Masks,$26.10 ,,"In Stock - Network (Get it Saturday, Oct 3)",EA/1,,,https://imgcdn.mckesson.com/CumulusWeb/Images/Item_Detail/1264113_right.jpg,,https://mms.mckesson.com/product/1264113/Fisher-Paykel-400NVP114
1264119,Spare Cushion CPAP Machine Parts F&P Nova Micro™ For use with CPAP Machine Large Pillow Cushion Replacment,,Fisher & Paykel,400NVP116,CPAP Masks,$26.10 ,,"In Stock - Network (Get it Saturday, Oct 3)",EA/1,,,https://imgcdn.mckesson.com/CumulusWeb/Images/Item_Detail/1264119_right.jpg,,https://mms.mckesson.com/product/1264119/Fisher-Paykel-400NVP116
625678,CPAP Mask Component CPAP Cushion FlexiFit™ 407 Nasal Style,,Fisher & Paykel,400HC501,CPAP Masks,$26.24 ,,"In Stock - Network (Get it Saturday, Oct 3)",EA/1,,,https://imgcdn.mckesson.com/CumulusWeb/Images/Item_Detail/FSHPAY_625678.jpg,,https://mms.mckesson.com/product/625678/Fisher-Paykel-400HC501
1100978,CPAP Mask Component CPAP Cushion Sunset Deluxe Nasal Style Large Cushion,,Sunset Healthcare,CUCM006L,CPAP Masks,$18.36 ,,"In Stock - Network (Get it Saturday, Oct 3)",EA/1,,,https://imgcdn.mckesson.com/CumulusWeb/Images/Item_Detail/1100978.jpg,,https://mms.mckesson.com/product/1100978/Sunset-Healthcare-CUCM006L
1206214,CPAP Mask Component CPAP Cushion Viva Nasal Style Large Cushion,,React Health,VI3003,CPAP Masks,$14.85 ,,"In Stock - Network (Get it Saturday, Oct 3)",EA/1,,,https://imgcdn.mckesson.com/CumulusWeb/Images/Item_Detail/1206214_front.jpg,,https://mms.mckesson.com/product/1206214/React-Health-VI3003
862645,CPAP Mask Component CPAP Nasal Pillows Nasal-Aire® II Nasal Pillow Style Medium Cushion,,Sun Med,MD03,CPAP Masks,$13.26 ,,"In Stock - Network (Get it Saturday, Oct 3)",EA/1,,,https://imgcdn.mckesson.com/CumulusWeb/Images/Item_Detail/862645.jpg,,https://mms.mckesson.com/product/862645/Sun-Med-MD03
573735,CPAP Mask Kit CPAP Mask Kit FlexiFit™ 432 Full Face Style Small Cushion,,Fisher & Paykel,HC432AS,CPAP Masks,$179.52 ,,"In Stock - Network (Get it Tuesday, Oct 6)",EA/1,,,https://imgcdn.mckesson.com/CumulusWeb/Images/Item_Detail/FSHPAY_573735.jpg,,https://mms.mckesson.com/product/573735/Fisher-Paykel-HC432AS
652010,CPAP Mask Component CPAP Mask FlexiFit™ 432 Full Face Style Large Cushion,,Fisher & Paykel,400HC522,CPAP Masks,$158.80 ,,"In Stock - Network (Get it Tuesday, Oct 6)",EA/1,,,https://imgcdn.mckesson.com/CumulusWeb/Images/Item_Detail/FSHPAY_652010.jpg,,https://mms.mckesson.com/product/652010/Fisher-Paykel-400HC522
766113,CPAP Mask Kit CPAP Mask Forma™ Full Face Style Large Cushion,,Fisher & Paykel,400HC554,CPAP Masks,$158.80 ,,"In Stock - Network (Get it Tuesday, Oct 6)",EA/1,,,https://imgcdn.mckesson.com/CumulusWeb/Images/Item_Detail/766113.jpg,,https://mms.mckesson.com/product/766113/Fisher-Paykel-400HC554
1120097,CPAP Mask Component CPAP Mask DreamWear Full Face Style Medium Cushion Adult,,Respironics,1133411,CPAP Masks,$113.75 ,,"In Stock - Network (Get it Tuesday, Oct 6)",EA/1,,,https://imgcdn.mckesson.com/CumulusWeb/Images/Item_Detail/1120097_right.jpg,,https://mms.mckesson.com/product/1120097/Respironics-1133411
842275,CPAP Mask Component CPAP Mask Amara™ Silicone Full Face Style Large Cushion Adult,,Respironics,1090216,CPAP Masks,$111.53 ,,"In Stock - Network (Get it Tuesday, Oct 6)",EA/1,,,https://imgcdn.mckesson.com/CumulusWeb/Images/Item_Detail/842275.jpg,,https://mms.mckesson.com/product/842275/Respironics-1090216
1221904,CPAP Mask Kit CPAP Mask Kit Ray Pediatric Full Face Style X-Large Cushion Pediatric,,Sunset Healthcare,CM061XL,CPAP Masks,$107.44 ,,"In Stock - Network (Get it Tuesday, Oct 6)",EA/1,,,https://imgcdn.mckesson.com/CumulusWeb/Images/Item_Detail/1221904_right.jpg,,https://mms.mckesson.com/product/1221904/Sunset-Healthcare-CM061XL
1221903,CPAP Mask Kit CPAP Mask Kit Ray Pediatric Full Face Style Medium Cushion Pediatric,,Sunset Healthcare,CM061M,CPAP Masks,$107.44 ,,"In Stock - Network (Get it Tuesday, Oct 6)",EA/1,,,https://imgcdn.mckesson.com/CumulusWeb/Images/Item_Detail/1221903_right.jpg,,https://mms.mckesson.com/product/1221903/Sunset-Healthcare-CM061M
1215973,CPAP Mask Kit CPAP Starter Kit Ray Pediatric Nasal Style Small / Medium Cushions Pediatric,,Sunset Healthcare,CM060-KITS,CPAP Masks,$104.72 ,,"In Stock - Network (Get it Tuesday, Oct 6)",EA/1,,,https://imgcdn.mckesson.com/CumulusWeb/Images/Item_Detail/1215973_right.jpg,,https://mms.mckesson.com/product/1215973/Sunset-Healthcare-CM060-KITS
807659,CPAP Mask Kit CPAP Mask Zest™ Q Nasal Style Standard Cushion,,Fisher & Paykel,400HC577,CPAP Masks,$100.81 ,,"In Stock - Network (Get it Tuesday, Oct 6)",EA/1,,,https://imgcdn.mckesson.com/CumulusWeb/Images/Item_Detail/807659.jpg,,https://mms.mckesson.com/product/807659/Fisher-Paykel-400HC577
573723,CPAP Starter Kit CPAP Starter Kit FlexiFit™ 405 Nasal Style Small / Large Cushions,,Fisher & Paykel,HC405A,CPAP Masks,$85.62 ,,"In Stock - Network (Get it Tuesday, Oct 6)",EA/1,,,https://imgcdn.mckesson.com/CumulusWeb/Images/Item_Detail/FSHPAY_573723.jpg,,https://mms.mckesson.com/product/573723/Fisher-Paykel-HC405A
1117392,CPAP Mask Kit CPAP Mask Kit DreamWear Nasal Style Large Cushion Adult,,Respironics,1116687,CPAP Masks,$79.07 ,,"In Stock - Network (Get it Tuesday, Oct 6)",EA/1,,,https://imgcdn.mckesson.com/CumulusWeb/Images/Item_Detail/1117392.jpg,,https://mms.mckesson.com/product/1117392/Respironics-1116687
742930,CPAP Mask Component CPAP Mask ComfortGel™ Blue Nasal Style Medium Cushion Adult,,Respironics,1070042,CPAP Masks,$79.07 ,,"In Stock - Network (Get it Tuesday, Oct 6)",EA/1,,,https://imgcdn.mckesson.com/CumulusWeb/Images/Item_Detail/742930.jpg,,https://mms.mckesson.com/product/742930/Respironics-1070042
1139789,CPAP Mask Kit CPAP Mask Kit DreamWear Nasal Style Medium-Wide Cushion Adult,,Respironics,1116688,CPAP Masks,$79.07 ,,"In Stock - Network (Get it Tuesday, Oct 6)",EA/1,,,https://imgcdn.mckesson.com/CumulusWeb/Images/Item_Detail/1139789.jpg,,https://mms.mckesson.com/product/1139789/Respironics-1116688
853968,CPAP Mask Component CPAP Cushion Amara™ Gel Full Face Style Petite Cushion,,Respironics,1090490,CPAP Masks,$53.27 ,,"In Stock - Network (Get it Tuesday, Oct 6)",EA/1,,,https://imgcdn.mckesson.com/CumulusWeb/Images/Item_Detail/853968_front.jpg,,https://mms.mckesson.com/product/853968/Respironics-1090490
570522,CPAP Mask Kit CPAP Mask Kit FreeMotion™ Full Face Style / Vented Medium Cushion,,Fisher & Paykel,RT040M,CPAP Masks,$44.34 ,,"In Stock - Network (Get it Tuesday, Oct 6)",EA/1,,,https://imgcdn.mckesson.com/CumulusWeb/Images/Item_Detail/570522.JPG,,https://mms.mckesson.com/product/570522/Fisher-Paykel-RT040M
570523,CPAP Mask Kit CPAP Mask Kit FreeMotion™ Full Face Style / Vented Small Cushion,,Fisher & Paykel,RT040S,CPAP Masks,$44.34 ,,"In Stock - Network (Get it Tuesday, Oct 6)",EA/1,,,https://imgcdn.mckesson.com/CumulusWeb/Images/Item_Detail/570523.jpg,,https://mms.mckesson.com/product/570523/Fisher-Paykel-RT040S
916043,CPAP Unit Flow-Safe II EZ®,,Mercury Medical,1057319,CPAP Masks,$469.88 ,,"In Stock - Network (Get it Tuesday, Oct 6)",BX/5,,,https://imgcdn.mckesson.com/CumulusWeb/Images/Item_Detail/916043_right.jpg,,https://mms.mckesson.com/product/916043/Mercury-Medical-1057319
1201754,CPAP Mask Kit Deluxe Adult,,Mercury Medical,1057113,CPAP Masks,$227.19 ,,"In Stock - Network (Get it Tuesday, Oct 6)",BX/5,,,https://imgcdn.mckesson.com/CumulusWeb/Images/Item_Detail/1201754_left.jpg,,https://mms.mckesson.com/product/1201754/Mercury-Medical-1057113
652013,CPAP Mask Component CPAP Mask FlexiFit™ 431 Full Face Style,,Fisher & Paykel,400HC503,CPAP Masks,$158.80 ,,"In Stock - Network (Get it Tuesday, Oct 6)",EA/1,,,https://imgcdn.mckesson.com/CumulusWeb/Images/Item_Detail/FSHPAY_652013.jpg,,https://mms.mckesson.com/product/652013/Fisher-Paykel-400HC503
842274,CPAP Mask Kit CPAP Mask Amara™ Silicone,,Respironics,1090215,CPAP Masks,$111.53 ,,"In Stock - Network (Get it Tuesday, Oct 6)",EA/1,,,https://imgcdn.mckesson.com/CumulusWeb/Images/Item_Detail/842274.jpg,,https://mms.mckesson.com/product/842274/Respironics-1090215
1245897,CPAP Mask Kit Small Pediatric,,Sunset Healthcare,CM061S,CPAP Masks,$107.44 ,,"In Stock - Network (Get it Tuesday, Oct 6)",EA/1,,,https://imgcdn.mckesson.com/CumulusWeb/Images/Item_Detail/1245897_right.jpg,,https://mms.mckesson.com/product/1245897/Sunset-Healthcare-CM061S
625681,CPAP Mask Component CPAP Cushion FlexiFit™ 405 Nasal Style Large Cushion,,Fisher & Paykel,900HC428,CPAP Masks,$26.24 ,,"In Stock - Network (Get it Tuesday, Oct 6)",EA/1,,,https://imgcdn.mckesson.com/CumulusWeb/Images/Item_Detail/FSHPAY_625681.jpg,,https://mms.mckesson.com/product/625681/Fisher-Paykel-900HC428
1133914,CPAP Replacement Mask Parts ComfortFit,,Drive DeVilbiss Healthcare,B10345-001,CPAP Masks,$25.21 ,,"In Stock - Network (Get it Tuesday, Oct 6)",EA/1,,,https://imgcdn.mckesson.com/CumulusWeb/Images/Item_Detail/1133914_left.jpg,,https://mms.mckesson.com/product/1133914/Drive-DeVilbiss-Healthcare-B10345-001
1221908,Non-Invasive Ventilation Mask Vented,,Sunset Healthcare,CUCM060XL,CPAP Masks,$27.20 ,,"In Stock - Network (Get it Tuesday, Oct 6)",EA/1,,,https://imgcdn.mckesson.com/CumulusWeb/Images/Item_Detail/1221908_right.jpg,,https://mms.mckesson.com/product/1221908/Sunset-Healthcare-CUCM060XL
1221906,CPAP Mask Replacement Parts Vented Nasal Style Medium Pediatric,,Sunset Healthcare,CUCM060M,CPAP Masks,$27.20 ,,"In Stock - Network (Get it Tuesday, Oct 6)",EA/1,,,https://imgcdn.mckesson.com/CumulusWeb/Images/Item_Detail/1221906_right.jpg,,https://mms.mckesson.com/product/1221906/Sunset-Healthcare-CUCM060M
1221905,Non-Invasive Ventilation Mask Vented Large,,Sunset Healthcare,CUCM060L,CPAP Masks,$27.20 ,,"In Stock - Network (Get it Tuesday, Oct 6)",EA/1,,,https://imgcdn.mckesson.com/CumulusWeb/Images/Item_Detail/1221905_right.jpg,,https://mms.mckesson.com/product/1221905/Sunset-Healthcare-CUCM060L
862644,CPAP Mask Component CPAP Nasal Pillows Nasal-Aire® II Nasal Pillow Style Medium Cushion,,Sun Med,MP04,CPAP Masks,$21.38 ,,"In Stock - Network (Get it Tuesday, Oct 6)",EA/1,,,https://imgcdn.mckesson.com/CumulusWeb/Images/Item_Detail/862644_front.jpg,,https://mms.mckesson.com/product/862644/Sun-Med-MP04
973996,CPAP Mask Kit CPAP Mask Kit ComfortFit Deluxe Full Face Style Large Cushion,,Drive DeVilbiss Healthcare,100FDL,CPAP Masks,$75.53 ,,"In Stock (Get it Tomorrow, Oct 1)",EA/1,,,https://imgcdn.mckesson.com/CumulusWeb/Images/Item_Detail/973996_left.jpg,,https://mms.mckesson.com/product/973996/Drive-DeVilbiss-Healthcare-100FDL
863297,CPAP Mask Kit CPAP Mask Kit ComfortFit Deluxe Full Face Style Medium Cushion,,Drive DeVilbiss Healthcare,100FDM,CPAP Masks,$75.53 ,,"In Stock (Get it Tomorrow, Oct 1)",EA/1,,,https://imgcdn.mckesson.com/CumulusWeb/Images/Item_Detail/863297_left.jpg,,https://mms.mckesson.com/product/863297/Drive-DeVilbiss-Healthcare-100FDM
1029610,CPAP Mask Kit CPAP Mask Kit NasalFit Deluxe EZ Nasal Style Medium Cushion Adult,,Drive DeVilbiss Healthcare,100NDEM,CPAP Masks,$49.28 ,,"In Stock (Get it Tomorrow, Oct 1)",EA/1,,,https://imgcdn.mckesson.com/CumulusWeb/Images/Item_Detail/1029610_pdet.jpg,,https://mms.mckesson.com/product/1029610/Drive-DeVilbiss-Healthcare-100NDEM
897288,CPAP Mask Kit CPAP Mask Kit FreeMotion™ Full Face Style / Non-Vented Medium Cushion,,Fisher & Paykel,RT041M,CPAP Masks,$490.22 ,,"In Stock (Get it Tomorrow, Oct 1)",CS/10,,,https://imgcdn.mckesson.com/CumulusWeb/Images/Item_Detail/897288.jpg,,https://mms.mckesson.com/product/897288/Fisher-Paykel-RT041M
1043664,CPAP Mask Systems BPAP Mask Kit FreeMotion™ Full Face Style Large Cushion,,Fisher & Paykel,RT041L,CPAP Masks,$490.22 ,,"In Stock (Get it Tomorrow, Oct 1)",CS/10,,,https://imgcdn.mckesson.com/CumulusWeb/Images/Item_Detail/1043664.jpg,,https://mms.mckesson.com/product/1043664/Fisher-Paykel-RT041L
1043663,CPAP Mask Kit BPAP Mask Kit FreeMotion™ Full Face Style Small Cushion,,Fisher & Paykel,RT041S,CPAP Masks,$490.22 ,,"In Stock (Get it Tomorrow, Oct 1)",CS/10,,,https://imgcdn.mckesson.com/CumulusWeb/Images/Item_Detail/1043663.jpg,,https://mms.mckesson.com/product/1043663/Fisher-Paykel-RT041S
573729,CPAP Mask Kit CPAP Starter Kit FlexiFit™ 431 Full Face Style Small / Medium / Large Cushions,,Fisher & Paykel,HC431A,CPAP Masks,$179.52 ,,"In Stock (Get it Tomorrow, Oct 1)",EA/1,,,https://imgcdn.mckesson.com/CumulusWeb/Images/Item_Detail/573729_ppkgleft.jpg,,https://mms.mckesson.com/product/573729/Fisher-Paykel-HC431A
652012,CPAP Mask Kit CPAP Mask Kit FlexiFit™ 432 Full Face Style X-Large Cushion,,Fisher & Paykel,HC432AXL,CPAP Masks,$179.52 ,,"In Stock (Get it Tomorrow, Oct 1)",EA/1,,,https://imgcdn.mckesson.com/CumulusWeb/Images/Item_Detail/652012_ppkgleft.jpg,,https://mms.mckesson.com/product/652012/Fisher-Paykel-HC432AXL
573733,CPAP Mask Kit CPAP Mask Kit FlexiFit™ 432 Full Face Style Large Cushion,,Fisher & Paykel,HC432AL,CPAP Masks,$179.52 ,,"In Stock (Get it Tomorrow, Oct 1)",EA/1,,,https://imgcdn.mckesson.com/CumulusWeb/Images/Item_Detail/FSHPAY_573733.jpg,,https://mms.mckesson.com/product/573733/Fisher-Paykel-HC432AL
701674,CPAP Mask Component CPAP Mask Kit Forma™ Full Face Style Medium-Large Cushion,,Fisher & Paykel,400471A,CPAP Masks,$179.52 ,,"In Stock (Get it Tomorrow, Oct 1)",EA/1,,,https://imgcdn.mckesson.com/CumulusWeb/Images/Item_Detail/701674.jpg,,https://mms.mckesson.com/product/701674/Fisher-Paykel-400471A
573734,CPAP Mask Kit CPAP Mask Kit FlexiFit™ 432 Full Face Style Medium Cushion,,Fisher & Paykel,HC432AM,CPAP Masks,$179.52 ,,"In Stock (Get it Tomorrow, Oct 1)",EA/1,,,https://imgcdn.mckesson.com/CumulusWeb/Images/Item_Detail/FSHPAY_573734.jpg,,https://mms.mckesson.com/product/573734/Fisher-Paykel-HC432AM
1118425,CPAP Mask Kit CPAP Starter Kit Wisp™ Pediatric Nasal Style Small / Medium / Large Cushions Pediatric,,Respironics,1104953,CPAP Masks,$174.78 ,,"In Stock (Get it Tomorrow, Oct 1)",EA/1,,,https://imgcdn.mckesson.com/CumulusWeb/Images/Item_Detail/1118425_front2.jpg,,https://mms.mckesson.com/product/1118425/Respironics-1104953
1159846,CPAP Starter Kit CPAP Starter Kit Vitera Full Face Style Small / Medium / Large Cushions Adult,,Fisher & Paykel,VIT1SMLA,CPAP Masks,$168.47 ,,"In Stock (Get it Tomorrow, Oct 1)",EA/1,,,https://imgcdn.mckesson.com/CumulusWeb/Images/Item_Detail/1159846_front.jpg,,https://mms.mckesson.com/product/1159846/Fisher-Paykel-VIT1SMLA
1115800,CPAP Mask Kit CPAP Starter Kit DreamWear Full Face Style Small / Medium / Large Cushions Adult,,Respironics,1133400,CPAP Masks,$166.46 ,,"In Stock (Get it Tomorrow, Oct 1)",EA/1,,,https://imgcdn.mckesson.com/CumulusWeb/Images/Item_Detail/1115800_front.jpg,,https://mms.mckesson.com/product/1115800/Respironics-1133400
785679,CPAP Mask Kit CPAP Mask Kit FitLife Full Face Style Large Cushion Adult,,Respironics,1060802,CPAP Masks,$166.46 ,,"In Stock (Get it Tomorrow, Oct 1)",EA/1,,,https://imgcdn.mckesson.com/CumulusWeb/Images/Item_Detail/785679.jpg,,https://mms.mckesson.com/product/785679/Respironics-1060802
785678,CPAP Mask Kit CPAP Mask Kit FitLife Full Face Style Small Cushion Adult,,Respironics,1060801,CPAP Masks,$166.46 ,,"In Stock (Get it Tomorrow, Oct 1)",EA/1,,,https://imgcdn.mckesson.com/CumulusWeb/Images/Item_Detail/785678.jpg,,https://mms.mckesson.com/product/785678/Respironics-1060801
1088627,CPAP Mask Kit CPAP Starter Kit Amara™ View Full Face Style Small / Medium / Large Cushions Adult,,Respironics,1090670,CPAP Masks,$166.46 ,,"In Stock (Get it Tomorrow, Oct 1)",EA/1,,,https://imgcdn.mckesson.com/CumulusWeb/Images/Item_Detail/1088627_pkit.jpg,,https://mms.mckesson.com/product/1088627/Respironics-1090670
1157800,CPAP Starter Kit CPAP Starter Kit Simplus™ Full Face Style Small / Medium / Large Cushions Adult,,Fisher & Paykel,400483FITPACK,CPAP Masks,$157.42 ,,"In Stock (Get it Tomorrow, Oct 1)",EA/1,,,https://imgcdn.mckesson.com/CumulusWeb/Images/Item_Detail/1157800_left.jpg,,https://mms.mckesson.com/product/1157800/Fisher-Paykel-400483FITPACK
1190183,CPAP Mask Component CPAP Mask Kit Nonny™ Full Face Style X-Large Cushion Pediatric,,AG Industries,AG-PEDFF-XL,CPAP Masks,$152.24 ,,"In Stock (Get it Tomorrow, Oct 1)",EA/1,,,https://imgcdn.mckesson.com/CumulusWeb/Images/Item_Detail/1190183_left.jpg,,https://mms.mckesson.com/product/1190183/AG-Industries-AG-PEDFF-XL
1190182,CPAP Mask Kit CPAP Mask Kit Nonny™ Full Face Style Large Cushion Pediatric,,AG Industries,AG-PEDFF-L,CPAP Masks,$152.24 ,,"In Stock (Get it Tomorrow, Oct 1)",EA/1,,,https://imgcdn.mckesson.com/CumulusWeb/Images/Item_Detail/1190182_left.jpg,,https://mms.mckesson.com/product/1190182/AG-Industries-AG-PEDFF-L
1200499,CPAP Mask Kit CPAP Mask Kit Amara™ Gel Full Face Style Large Cushion Adult,,Respironics,1106621,CPAP Masks,$144.27 ,,"In Stock (Get it Tomorrow, Oct 1)",EA/1,,,https://imgcdn.mckesson.com/CumulusWeb/Images/Item_Detail/1200499_left.jpg,,https://mms.mckesson.com/product/1200499/Respironics-1106621
1155481,CPAP Mask Kit CPAP Mask Kit Vitera Full Face Style Medium Cushion Adult,,Fisher & Paykel,VIT1MA,CPAP Masks,$143.61 ,,"In Stock (Get it Tomorrow, Oct 1)",EA/1,,,https://imgcdn.mckesson.com/CumulusWeb/Images/Item_Detail/1155481_front.jpg,,https://mms.mckesson.com/product/1155481/Fisher-Paykel-VIT1MA
1155482,CPAP Mask Kit CPAP Mask Kit Vitera Full Face Style Large Cushion Adult,,Fisher & Paykel,VIT1LA,CPAP Masks,$143.61 ,,"In Stock (Get it Tomorrow, Oct 1)",EA/1,,,https://imgcdn.mckesson.com/CumulusWeb/Images/Item_Detail/1155482_front.jpg,,https://mms.mckesson.com/product/1155482/Fisher-Paykel-VIT1LA
1155480,CPAP Mask Kit CPAP Mask Kit Vitera Full Face Style Small Cushion Adult,,Fisher & Paykel,VIT1SA,CPAP Masks,$143.61 ,,"In Stock (Get it Tomorrow, Oct 1)",EA/1,,,https://imgcdn.mckesson.com/CumulusWeb/Images/Item_Detail/1155480_front.jpg,,https://mms.mckesson.com/product/1155480/Fisher-Paykel-VIT1SA
1184551,CPAP Mask Kit CPAP Starter Kit Eson™ 2 Nasal Style Small / Medium / Large Cushions Adult,,Fisher & Paykel,ESN2SML,CPAP Masks,$140.85 ,,"In Stock (Get it Tomorrow, Oct 1)",EA/1,,,https://imgcdn.mckesson.com/CumulusWeb/Images/Item_Detail/1184551_ppkgleft.jpg,,https://mms.mckesson.com/product/1184551/Fisher-Paykel-ESN2SML
1105722,CPAP Mask Kit CPAP Starter Kit DreamWear Full Face Style Medium Cushion Adult,,Respironics,1133376,CPAP Masks,$138.72 ,,"In Stock (Get it Tomorrow, Oct 1)",EA/1,,,https://imgcdn.mckesson.com/CumulusWeb/Images/Item_Detail/1105722.jpg,,https://mms.mckesson.com/product/1105722/Respironics-1133376
1105718,CPAP Mask Kit CPAP Starter Kit DreamWear Full Face Style Small Cushion Adult,,Respironics,1133375,CPAP Masks,$138.72 ,,"In Stock (Get it Tomorrow, Oct 1)",EA/1,,,https://imgcdn.mckesson.com/CumulusWeb/Images/Item_Detail/1105718.jpg,,https://mms.mckesson.com/product/1105718/Respironics-1133375
1105719,CPAP Mask Kit CPAP Starter Kit DreamWear Full Face Style Large Cushion Adult,,Respironics,1133377,CPAP Masks,$138.72 ,,"In Stock (Get it Tomorrow, Oct 1)",EA/1,,,https://imgcdn.mckesson.com/CumulusWeb/Images/Item_Detail/1105719.jpg,,https://mms.mckesson.com/product/1105719/Respironics-1133377
1105720,CPAP Mask Kit CPAP Starter Kit DreamWear Full Face Style Large Cushion Adult,,Respironics,1133378,CPAP Masks,$138.72 ,,"In Stock (Get it Tomorrow, Oct 1)",EA/1,,,https://imgcdn.mckesson.com/CumulusWeb/Images/Item_Detail/1105720.jpg,,https://mms.mckesson.com/product/1105720/Respironics-1133378
871050,CPAP Mask Kit CPAP Mask Kit Simplus™ Full Face Style Medium Cushion,,Fisher & Paykel,400476,CPAP Masks,$136.71 ,,"In Stock (Get it Tomorrow, Oct 1)",EA/1,,,https://imgcdn.mckesson.com/CumulusWeb/Images/Item_Detail/871050_front.jpg,,https://mms.mckesson.com/product/871050/Fisher-Paykel-400476
871051,CPAP Mask Kit CPAP Mask Kit Simplus™ Full Face Style Large Cushion,,Fisher & Paykel,400477,CPAP Masks,$136.71 ,,"In Stock (Get it Tomorrow, Oct 1)",EA/1,,,https://imgcdn.mckesson.com/CumulusWeb/Images/Item_Detail/871051_front.jpg,,https://mms.mckesson.com/product/871051/Fisher-Paykel-400477
871049,CPAP Mask Kit CPAP Mask Kit Simplus™ Full Face Style Small Cushion,,Fisher & Paykel,400475,CPAP Masks,$136.71 ,,"In Stock (Get it Tomorrow, Oct 1)",EA/1,,,https://imgcdn.mckesson.com/CumulusWeb/Images/Item_Detail/871049.jpg,,https://mms.mckesson.com/product/871049/Fisher-Paykel-400475
988546,CPAP Mask Kit CPAP Mask Kit Amara™ View Full Face Style Medium Cushion Adult,,Respironics,1090623,CPAP Masks,$133.17 ,,"In Stock (Get it Tomorrow, Oct 1)",EA/1,,,https://imgcdn.mckesson.com/CumulusWeb/Images/Item_Detail/988546_front.jpg,,https://mms.mckesson.com/product/988546/Respironics-1090623
988550,CPAP Mask Kit CPAP Mask Kit Amara™ View Full Face Style Large Cushion Adult,,Respironics,1090624,CPAP Masks,$133.17 ,,"In Stock (Get it Tomorrow, Oct 1)",EA/1,,,https://imgcdn.mckesson.com/CumulusWeb/Images/Item_Detail/988550_front.jpg,,https://mms.mckesson.com/product/988550/Respironics-1090624
1018562,CPAP Mask Kit CPAP Mask Kit Amara™ View Full Face Style Small Cushion Adult,,Respironics,1090622,CPAP Masks,$133.17 ,,"In Stock (Get it Tomorrow, Oct 1)",EA/1,,,https://imgcdn.mckesson.com/CumulusWeb/Images/Item_Detail/1018562_left.jpg,,https://mms.mckesson.com/product/1018562/Respironics-1090622
1106337,CPAP Mask Kit CPAP Mask Kit DreamWear Full Face Style Medium Cushion Adult,,Respironics,1133381,CPAP Masks,$133.17 ,,"In Stock (Get it Tomorrow, Oct 1)",EA/1,,,https://imgcdn.mckesson.com/CumulusWeb/Images/Item_Detail/1106337.jpg,,https://mms.mckesson.com/product/1106337/Respironics-1133381
1115795,CPAP Mask Kit CPAP Mask Kit DreamWear Full Face Style Small Cushion Adult,,Respironics,1133385,CPAP Masks,$133.17 ,,"In Stock (Get it Tomorrow, Oct 1)",EA/1,,,https://imgcdn.mckesson.com/CumulusWeb/Images/Item_Detail/1115795.jpg,,https://mms.mckesson.com/product/1115795/Respironics-1133385
1115799,CPAP Mask Kit CPAP Mask Kit DreamWear Full Face Style Large Cushion Adult,,Respironics,1133392,CPAP Masks,$133.17 ,,"In Stock (Get it Tomorrow, Oct 1)",EA/1,,,https://imgcdn.mckesson.com/CumulusWeb/Images/Item_Detail/1115799.jpg,,https://mms.mckesson.com/product/1115799/Respironics-1133392
1115793,CPAP Mask Kit CPAP Mask Kit DreamWear Full Face Style Large Cushion Adult,,Respironics,1133382,CPAP Masks,$133.17 ,,"In Stock (Get it Tomorrow, Oct 1)",EA/1,,,https://imgcdn.mckesson.com/CumulusWeb/Images/Item_Detail/1115793.jpg,,https://mms.mckesson.com/product/1115793/Respironics-1133382
1115792,CPAP Mask Kit CPAP Mask Kit DreamWear Full Face Style Small Cushion Adult,,Respironics,1133380,CPAP Masks,$133.17 ,,"In Stock (Get it Tomorrow, Oct 1)",EA/1,,,https://imgcdn.mckesson.com/CumulusWeb/Images/Item_Detail/1115792.jpg,,https://mms.mckesson.com/product/1115792/Respironics-1133380
1115794,CPAP Mask Kit CPAP Mask Kit DreamWear Full Face Style Medium-Wide Cushion Adult,,Respironics,1133383,CPAP Masks,$133.17 ,,"In Stock (Get it Tomorrow, Oct 1)",EA/1,,,https://imgcdn.mckesson.com/CumulusWeb/Images/Item_Detail/1115794_left.jpg,,https://mms.mckesson.com/product/1115794/Respironics-1133383
1115796,CPAP Mask Kit CPAP Mask Kit DreamWear Full Face Style Medium Cushion Adult,,Respironics,1133386,CPAP Masks,$133.17 ,,"In Stock (Get it Tomorrow, Oct 1)",EA/1,,,https://imgcdn.mckesson.com/CumulusWeb/Images/Item_Detail/1115796.jpg,,https://mms.mckesson.com/product/1115796/Respironics-1133386
842273,CPAP Mask Kit CPAP Mask Kit Amara™ Silicone Full Face Style Large Cushion Adult,,Respironics,1090227,CPAP Masks,$133.17 ,,"In Stock (Get it Tomorrow, Oct 1)",EA/1,,,https://imgcdn.mckesson.com/CumulusWeb/Images/Item_Detail/842273.jpg,,https://mms.mckesson.com/product/842273/Respironics-1090227
1115798,CPAP Mask Kit CPAP Mask Kit DreamWear Full Face Style Medium Cushion Adult,,Respironics,1133391,CPAP Masks,$133.17 ,,"In Stock (Get it Tomorrow, Oct 1)",EA/1,,,https://imgcdn.mckesson.com/CumulusWeb/Images/Item_Detail/1115798.jpg,,https://mms.mckesson.com/product/1115798/Respironics-1133391
825126,CPAP Mask Component CPAP Mask Kit Amara™ Silicone Full Face Style Small Cushion Adult,,Respironics,1090201,CPAP Masks,$133.17 ,,"In Stock (Get it Tomorrow, Oct 1)",EA/1,,,https://imgcdn.mckesson.com/CumulusWeb/Images/Item_Detail/825126.jpg,,https://mms.mckesson.com/product/825126/Respironics-1090201
853937,CPAP Mask Kit CPAP Mask Kit Amara™ Gel Full Face Style Small Cushion Adult,,Respironics,1090401,CPAP Masks,$133.17 ,,"In Stock (Get it Tomorrow, Oct 1)",EA/1,,,https://imgcdn.mckesson.com/CumulusWeb/Images/Item_Detail/853937.jpg,,https://mms.mckesson.com/product/853937/Respironics-1090401
1144398,CPAP Mask Component CPAP Mask Kit DreamWear Full Face Style Medium-Wide Cushion Adult,,Respironics,1133393,CPAP Masks,$133.17 ,,"In Stock (Get it Tomorrow, Oct 1)",EA/1,,,https://imgcdn.mckesson.com/CumulusWeb/Images/Item_Detail/1144398_front.jpg,,https://mms.mckesson.com/product/1144398/Respironics-1133393
1155484,CPAP Mask Kit CPAP Mask Vitera Full Face Style Medium Cushion Adult,,Fisher & Paykel,400VIT132,CPAP Masks,$129.81 ,,"In Stock (Get it Tomorrow, Oct 1)",EA/1,,,https://imgcdn.mckesson.com/CumulusWeb/Images/Item_Detail/1155484_front.jpg,,https://mms.mckesson.com/product/1155484/Fisher-Paykel-400VIT132
1155483,CPAP Mask Kit CPAP Mask Vitera Full Face Style Small Cushion Adult,,Fisher & Paykel,400VIT131,CPAP Masks,$129.81 ,,"In Stock (Get it Tomorrow, Oct 1)",EA/1,,,https://imgcdn.mckesson.com/CumulusWeb/Images/Item_Detail/1155483_pkgfront.jpg,,https://mms.mckesson.com/product/1155483/Fisher-Paykel-400VIT131
1046214,CPAP Mask Kit CPAP Mask Kit Eson™ 2 Nasal Style Medium Cushion Adult,,Fisher & Paykel,ESN2MA,CPAP Masks,$122.90 ,,"In Stock (Get it Tomorrow, Oct 1)",EA/1,,,https://imgcdn.mckesson.com/CumulusWeb/Images/Item_Detail/1046214.jpg,,https://mms.mckesson.com/product/1046214/Fisher-Paykel-ESN2MA
1046215,CPAP Mask Kit CPAP Mask Kit Eson™ 2 Nasal Style Large Cushion,,Fisher & Paykel,ESN2LA,CPAP Masks,$122.90 ,,"In Stock (Get it Tomorrow, Oct 1)",EA/1,,,https://imgcdn.mckesson.com/CumulusWeb/Images/Item_Detail/1046215.jpg,,https://mms.mckesson.com/product/1046215/Fisher-Paykel-ESN2LA
1046213,CPAP Mask Kit CPAP Mask Kit Eson™ 2 Nasal Style Small Cushion,,Fisher & Paykel,ESN2SA,CPAP Masks,$122.90 ,,"In Stock (Get it Tomorrow, Oct 1)",EA/1,,,https://imgcdn.mckesson.com/CumulusWeb/Images/Item_Detail/1046213.jpg,,https://mms.mckesson.com/product/1046213/Fisher-Paykel-ESN2SA
871054,CPAP Mask Kit CPAP Mask Simplus™ Full Face Style Medium Cushion,,Fisher & Paykel,400HC585,CPAP Masks,$122.90 ,,"In Stock (Get it Tomorrow, Oct 1)",EA/1,,,https://imgcdn.mckesson.com/CumulusWeb/Images/Item_Detail/871054.jpg,,https://mms.mckesson.com/product/871054/Fisher-Paykel-400HC585
871055,CPAP Mask Kit CPAP Mask Simplus™ Full Face Style Large Cushion,,Fisher & Paykel,400HC586,CPAP Masks,$122.90 ,,"In Stock (Get it Tomorrow, Oct 1)",EA/1,,,https://imgcdn.mckesson.com/CumulusWeb/Images/Item_Detail/871055.jpg,,https://mms.mckesson.com/product/871055/Fisher-Paykel-400HC586
1176320,CPAP Mask Kit CPAP Mask Kit Evora™ Nasal Style Small Cushion Adult,,Fisher & Paykel,EVO1SA,CPAP Masks,$122.90 ,,"In Stock (Get it Tomorrow, Oct 1)",EA/1,,,https://imgcdn.mckesson.com/CumulusWeb/Images/Item_Detail/1176320_ppkgleft.jpg,,https://mms.mckesson.com/product/1176320/Fisher-Paykel-EVO1SA
871053,CPAP Mask Kit CPAP Mask Simplus™ Full Face Style Small Cushion,,Fisher & Paykel,400HC584,CPAP Masks,$122.90 ,,"In Stock (Get it Tomorrow, Oct 1)",EA/1,,,https://imgcdn.mckesson.com/CumulusWeb/Images/Item_Detail/871053.jpg,,https://mms.mckesson.com/product/871053/Fisher-Paykel-400HC584
1176322,CPAP Mask Kit CPAP Mask Kit Evora™ Nasal Style Large Cushion Adult,,Fisher & Paykel,EVO1LA,CPAP Masks,$122.90 ,,"In Stock (Get it Tomorrow, Oct 1)",EA/1,,,https://imgcdn.mckesson.com/CumulusWeb/Images/Item_Detail/1176322_ppkgleft.jpg,,https://mms.mckesson.com/product/1176322/Fisher-Paykel-EVO1LA
1115081,CPAP Mask Component CPAP Mask DreamWear Full Face Style Medium Cushion Adult,,Respironics,1133406,CPAP Masks,$113.75 ,,"In Stock (Get it Tomorrow, Oct 1)",EA/1,,,https://imgcdn.mckesson.com/CumulusWeb/Images/Item_Detail/1115081.jpg,,https://mms.mckesson.com/product/1115081/Respironics-1133406
1115086,CPAP Mask Component DreamWear Large Cushion Adult,,Respironics,1133407,CPAP Masks,$113.75 ,,"In Stock (Get it Tomorrow, Oct 1)",EA/1,,,https://imgcdn.mckesson.com/CumulusWeb/Images/Item_Detail/1115086.jpg,,https://mms.mckesson.com/product/1115086/Respironics-1133407
1120602,CPAP Mask Component CPAP Mask DreamWear Full Face Style Small Cushion Adult,,Respironics,1133410,CPAP Masks,$113.75 ,,"In Stock (Get it Tomorrow, Oct 1)",EA/1,,,https://imgcdn.mckesson.com/CumulusWeb/Images/Item_Detail/1120602.jpg,,https://mms.mckesson.com/product/1120602/Respironics-1133410
1115053,CPAP Mask Component DreamWear Full Face Style Small Cushion Adult,,Respironics,1133405,CPAP Masks,$113.75 ,,"In Stock (Get it Tomorrow, Oct 1)",EA/1,,,https://imgcdn.mckesson.com/CumulusWeb/Images/Item_Detail/1115053.jpg,,https://mms.mckesson.com/product/1115053/Respironics-1133405
1115082,CPAP Mask Kit DreamWear™ Nasal Style Medium Cushion Adult,,Respironics,1133408,CPAP Masks,$113.75 ,,"In Stock (Get it Tomorrow, Oct 1)",EA/1,,,https://imgcdn.mckesson.com/CumulusWeb/Images/Item_Detail/1115082_right.jpg,,https://mms.mckesson.com/product/1115082/Respironics-1133408
1018560,CPAP Mask Component CPAP Mask Amara™ View Full Face Style Medium Cushion Adult,,Respironics,1090633,CPAP Masks,$111.53 ,,"In Stock (Get it Tomorrow, Oct 1)",EA/1,,,https://imgcdn.mckesson.com/CumulusWeb/Images/Item_Detail/1018560.jpg,,https://mms.mckesson.com/product/1018560/Respironics-1090633
1018559,CPAP Mask Component CPAP Mask Amara™ View Full Face Style Small Cushion Adult,,Respironics,1090632,CPAP Masks,$111.53 ,,"In Stock (Get it Tomorrow, Oct 1)",EA/1,,,https://imgcdn.mckesson.com/CumulusWeb/Images/Item_Detail/1018559.jpg,,https://mms.mckesson.com/product/1018559/Respironics-1090632
1018561,CPAP Mask Component CPAP Mask Amara™ View Full Face Style Large Cushion Adult,,Respironics,1090634,CPAP Masks,$111.53 ,,"In Stock (Get it Tomorrow, Oct 1)",EA/1,,,https://imgcdn.mckesson.com/CumulusWeb/Images/Item_Detail/1018561.jpg,,https://mms.mckesson.com/product/1018561/Respironics-1090634
853952,CPAP Mask Component CPAP Mask Amara™ Gel Full Face Style Medium Cushion Adult,,Respironics,1090415,CPAP Masks,$111.53 ,,"In Stock (Get it Tomorrow, Oct 1)",EA/1,,,https://imgcdn.mckesson.com/CumulusWeb/Images/Item_Detail/853952.jpg,,https://mms.mckesson.com/product/853952/Respironics-1090415
1056851,CPAP Mask Kit CPAP Mask Kit Brevida™ Nasal Pillow Style Medium-Large Cushion Adult,,Fisher & Paykel,BRE1MA,CPAP Masks,$110.47 ,,"In Stock (Get it Tomorrow, Oct 1)",EA/1,,,https://imgcdn.mckesson.com/CumulusWeb/Images/Item_Detail/1056851.jpg,,https://mms.mckesson.com/product/1056851/Fisher-Paykel-BRE1MA
1056850,CPAP Mask Kit CPAP Mask Kit Brevida™ Nasal Pillow Style X-Small-Small Cushion Adult,,Fisher & Paykel,BRE1SA,CPAP Masks,$110.47 ,,"In Stock (Get it Tomorrow, Oct 1)",EA/1,,,https://imgcdn.mckesson.com/CumulusWeb/Images/Item_Detail/1056850.jpg,,https://mms.mckesson.com/product/1056850/Fisher-Paykel-BRE1SA
833842,CPAP Mask Kit CPAP Mask Kit Eson™ Nasal Style Medium Cushion,,Fisher & Paykel,400450,CPAP Masks,$109.09 ,,"In Stock (Get it Tomorrow, Oct 1)",EA/1,,,https://imgcdn.mckesson.com/CumulusWeb/Images/Item_Detail/833842.jpg,,https://mms.mckesson.com/product/833842/Fisher-Paykel-400450
833843,CPAP Mask Kit CPAP Mask Kit Eson™ Nasal Style Large Cushion,,Fisher & Paykel,400451,CPAP Masks,$109.09 ,,"In Stock (Get it Tomorrow, Oct 1)",EA/1,,,https://imgcdn.mckesson.com/CumulusWeb/Images/Item_Detail/833843.jpg,,https://mms.mckesson.com/product/833843/Fisher-Paykel-400451
833839,CPAP Mask Kit CPAP Mask Kit Eson™ Nasal Style Small Cushion,,Fisher & Paykel,400449,CPAP Masks,$109.09 ,,"In Stock (Get it Tomorrow, Oct 1)",EA/1,,,https://imgcdn.mckesson.com/CumulusWeb/Images/Item_Detail/833839.jpg,,https://mms.mckesson.com/product/833839/Fisher-Paykel-400449
1206242,CPAP Mask Kit CPAP Starter Kit Siesta Full Face Style Small / Medium / Large Cushions,,React Health,SFF1000,CPAP Masks,$102.05 ,,"In Stock (Get it Tomorrow, Oct 1)",EA/1,,,https://imgcdn.mckesson.com/CumulusWeb/Images/Item_Detail/1206242_left.jpg,,https://mms.mckesson.com/product/1206242/React-Health-SFF1000
1046218,CPAP Mask Component CPAP Mask Eson™ 2 Nasal Style Medium Cushion,,Fisher & Paykel,400ESN232,CPAP Masks,$96.66 ,,"In Stock (Get it Tomorrow, Oct 1)",EA/1,,,https://imgcdn.mckesson.com/CumulusWeb/Images/Item_Detail/1046218.jpg,,https://mms.mckesson.com/product/1046218/Fisher-Paykel-400ESN232
1046219,CPAP Mask Kit CPAP Mask Eson™ 2 Nasal Style Large Cushion,,Fisher & Paykel,400ESN233,CPAP Masks,$96.66 ,,"In Stock (Get it Tomorrow, Oct 1)",EA/1,,,https://imgcdn.mckesson.com/CumulusWeb/Images/Item_Detail/1046219.jpg,,https://mms.mckesson.com/product/1046219/Fisher-Paykel-400ESN233
1176325,CPAP Mask Component CPAP Cushion Evora™ Nasal Style Medium Cushion Adult,,Fisher & Paykel,400EVO132,CPAP Masks,$96.66 ,,"In Stock (Get it Tomorrow, Oct 1)",EA/1,,,https://imgcdn.mckesson.com/CumulusWeb/Images/Item_Detail/1176325_front.jpg,,https://mms.mckesson.com/product/1176325/Fisher-Paykel-400EVO132
1046217,CPAP Mask Kit CPAP Mask Eson™ 2 Nasal Style Small Cushion,,Fisher & Paykel,400ESN231,CPAP Masks,$96.66 ,,"In Stock (Get it Tomorrow, Oct 1)",EA/1,,,https://imgcdn.mckesson.com/CumulusWeb/Images/Item_Detail/1046217.jpg,,https://mms.mckesson.com/product/1046217/Fisher-Paykel-400ESN231
1018396,CPAP Mask Kit CPAP Starter Kit DreamWear Nasal Style Small / Medium / Large Cushions Adult,,Respironics,1116700,CPAP Masks,$93.63 ,,"In Stock (Get it Tomorrow, Oct 1)",EA/1,,,https://imgcdn.mckesson.com/CumulusWeb/Images/Item_Detail/1018396_pdet.jpg,,https://mms.mckesson.com/product/1018396/Respironics-1116700
862214,CPAP Mask Kit CPAP Mask Kit Nuance Pro Nasal Style Universal Cushion,,Respironics,1105167,CPAP Masks,$93.63 ,,"In Stock (Get it Tomorrow, Oct 1)",EA/1,,,https://imgcdn.mckesson.com/CumulusWeb/Images/Item_Detail/862214.jpg,,https://mms.mckesson.com/product/862214/Respironics-1105167
834320,CPAP Mask Kit CPAP Starter Kit Wisp™ Nasal Style Small-Medium / Large / X-Large Cushions,,Respironics,1094050,CPAP Masks,$93.63 ,,"In Stock (Get it Tomorrow, Oct 1)",EA/1,,,https://imgcdn.mckesson.com/CumulusWeb/Images/Item_Detail/834320.jpg,,https://mms.mckesson.com/product/834320/Respironics-1094050
742934,CPAP Mask Kit CPAP Mask Kit ComfortGel™ Blue Nasal Style Medium Cushion Adult,,Respironics,1070038,CPAP Masks,$93.63 ,,"In Stock (Get it Tomorrow, Oct 1)",EA/1,,,https://imgcdn.mckesson.com/CumulusWeb/Images/Item_Detail/742934_right.jpg,,https://mms.mckesson.com/product/742934/Respironics-1070038
1065787,CPAP Mask Kit CPAP Starter Kit Wisp™ Nasal Style Small / Medium / Large Cushions Youth,,Respironics,1109298,CPAP Masks,$93.63 ,,"In Stock (Get it Tomorrow, Oct 1)",EA/1,,,https://imgcdn.mckesson.com/CumulusWeb/Images/Item_Detail/1065787_left.jpg,,https://mms.mckesson.com/product/1065787/Respironics-1109298
1180808,CPAP Mask Component CPAP Starter Kit DreamWear Nasal Pillow Style Small / Medium / Large Cushions Adult,,Respironics,1146468,CPAP Masks,$93.63 ,,"In Stock (Get it Tomorrow, Oct 1)",EA/1,,,https://imgcdn.mckesson.com/CumulusWeb/Images/Item_Detail/1180808_ppkgleft.jpg,,https://mms.mckesson.com/product/1180808/Respironics-1146468
742935,CPAP Mask Kit CPAP Mask Kit ComfortGel™ Blue Nasal Style Small Cushion Adult,,Respironics,1070039,CPAP Masks,$93.63 ,,"In Stock (Get it Tomorrow, Oct 1)",EA/1,,,https://imgcdn.mckesson.com/CumulusWeb/Images/Item_Detail/742935.jpg,,https://mms.mckesson.com/product/742935/Respironics-1070039
742933,CPAP Mask Kit CPAP Mask Kit ComfortGel™ Blue Nasal Style Large Cushion Adult,,Respironics,1070037,CPAP Masks,$93.63 ,,"In Stock (Get it Tomorrow, Oct 1)",EA/1,,,https://imgcdn.mckesson.com/CumulusWeb/Images/Item_Detail/742933_right.jpg,,https://mms.mckesson.com/product/742933/Respironics-1070037
1013862,CPAP Mask Kit CPAP Starter Kit Pico Nasal Style Small-Medium / Large / X-Large Cushions Adult,,Respironics,1104940,CPAP Masks,$93.63 ,,"In Stock (Get it Tomorrow, Oct 1)",EA/1,,,https://imgcdn.mckesson.com/CumulusWeb/Images/Item_Detail/1013862.jpg,,https://mms.mckesson.com/product/1013862/Respironics-1104940
1146572,CPAP Mask Kit DreamWear Nasal Style Small and Medium Cushions Adult,,Respironics,1142376,CPAP Masks,$93.63 ,,"In Stock (Get it Tomorrow, Oct 1)",EA/1,,,https://imgcdn.mckesson.com/CumulusWeb/Images/Item_Detail/1146572.jpg,,https://mms.mckesson.com/product/1146572/Respironics-1142376
742936,CPAP Mask Kit CPAP Mask Kit ComfortGel™ Blue Nasal Style Petite Cushion Adult,,Respironics,1070040,CPAP Masks,$93.63 ,,"In Stock (Get it Tomorrow, Oct 1)",EA/1,,,https://imgcdn.mckesson.com/CumulusWeb/Images/Item_Detail/742936.jpg,,https://mms.mckesson.com/product/742936/Respironics-1070040
1180809,CPAP Mask Component CPAP Starter Kit DreamWear Nasal Pillow Style Small / Medium Cushions Adult,,Respironics,1146470,CPAP Masks,$93.63 ,,"In Stock (Get it Tomorrow, Oct 1)",EA/1,,,https://imgcdn.mckesson.com/CumulusWeb/Images/Item_Detail/1180809_right.jpg,,https://mms.mckesson.com/product/1180809/Respironics-1146470
865130,CPAP Mask Kit CPAP Mask Pilairo Q™ Nasal Pillow Style Standard Cushion,,Fisher & Paykel,400HC565,CPAP Masks,$93.90 ,,"In Stock (Get it Tomorrow, Oct 1)",EA/1,,,https://imgcdn.mckesson.com/CumulusWeb/Images/Item_Detail/865130.jpg,,https://mms.mckesson.com/product/865130/Fisher-Paykel-400HC565
1056853,CPAP Mask Kit CPAP Mask Brevida™ Nasal Pillow Style Small Cushion,,Fisher & Paykel,400BRE131,CPAP Masks,$89.76 ,,"In Stock (Get it Tomorrow, Oct 1)",EA/1,,,https://imgcdn.mckesson.com/CumulusWeb/Images/Item_Detail/1056853.jpg,,https://mms.mckesson.com/product/1056853/Fisher-Paykel-400BRE131
1056854,CPAP Mask Component CPAP Cushion Brevida™ Nasal Pillow Style Medium-Large Cushion,,Fisher & Paykel,400BRE132,CPAP Masks,$89.76 ,,"In Stock (Get it Tomorrow, Oct 1)",EA/1,,,https://imgcdn.mckesson.com/CumulusWeb/Images/Item_Detail/1056854.jpg,,https://mms.mckesson.com/product/1056854/Fisher-Paykel-400BRE132
1132454,CPAP Mask Kit CPAP Mask Kit DreamWisp Nasal Style Small Cushion Adult,,Respironics,1137933,CPAP Masks,$88.44 ,,"In Stock (Get it Tomorrow, Oct 1)",EA/1,,,https://imgcdn.mckesson.com/CumulusWeb/Images/Item_Detail/1132454.jpg,,https://mms.mckesson.com/product/1132454/Respironics-1137933
1182827,CPAP Mask Kit CPAP Mask Kit Wisp™ Nasal Style Small-Medium Cushion Adult,,Respironics,1118065,CPAP Masks,$88.44 ,,"In Stock (Get it Tomorrow, Oct 1)",EA/1,,,https://imgcdn.mckesson.com/CumulusWeb/Images/Item_Detail/1182827_pdet.jpg,,https://mms.mckesson.com/product/1182827/Respironics-1118065
1182826,CPAP Mask Kit CPAP Mask Wisp™ Nasal Style Large Cushion Adult,,Respironics,1118066,CPAP Masks,$88.44 ,,"In Stock (Get it Tomorrow, Oct 1)",EA/1,,,https://imgcdn.mckesson.com/CumulusWeb/Images/Item_Detail/1182826_left.jpg,,https://mms.mckesson.com/product/1182826/Respironics-1118066
1182847,CPAP Mask Kit CPAP Mask Kit Wisp™ Nasal Style Large Cushion Adult,,Respironics,1118067,CPAP Masks,$88.44 ,,"In Stock (Get it Tomorrow, Oct 1)",EA/1,,,https://imgcdn.mckesson.com/CumulusWeb/Images/Item_Detail/1182847_pdet.jpg,,https://mms.mckesson.com/product/1182847/Respironics-1118067
1206201,CPAP Mask Kit CPAP Mask Kit Siesta Full Face Style Large Cushion,,React Health,SFF1003,CPAP Masks,$88.34 ,,"In Stock (Get it Tomorrow, Oct 1)",EA/1,,,https://imgcdn.mckesson.com/CumulusWeb/Images/Item_Detail/1206201_left.jpg,,https://mms.mckesson.com/product/1206201/React-Health-SFF1003
1206231,CPAP Mask Kit CPAP Mask Kit Siesta Full Face Style Medium Cushion,,React Health,SFF1002,CPAP Masks,$88.34 ,,"In Stock (Get it Tomorrow, Oct 1)",EA/1,,,https://imgcdn.mckesson.com/CumulusWeb/Images/Item_Detail/1206231_left.jpg,,https://mms.mckesson.com/product/1206231/React-Health-SFF1002
1206200,CPAP Mask Kit CPAP Mask Kit Siesta Full Face Style Small Cushion,,React Health,SFF1001,CPAP Masks,$88.34 ,,"In Stock (Get it Tomorrow, Oct 1)",EA/1,,,https://imgcdn.mckesson.com/CumulusWeb/Images/Item_Detail/1206200_left.jpg,,https://mms.mckesson.com/product/1206200/React-Health-SFF1001
833846,CPAP Mask Kit CPAP Mask Eson™ Nasal Style Medium Cushion,,Fisher & Paykel,400HC572,CPAP Masks,$88.38 ,,"In Stock (Get it Tomorrow, Oct 1)",EA/1,,,https://imgcdn.mckesson.com/CumulusWeb/Images/Item_Detail/833846.jpg,,https://mms.mckesson.com/product/833846/Fisher-Paykel-400HC572
833844,CPAP Mask Kit CPAP Mask Eson™ Nasal Style Large Cushion,,Fisher & Paykel,400HC573,CPAP Masks,$88.38 ,,"In Stock (Get it Tomorrow, Oct 1)",EA/1,,,https://imgcdn.mckesson.com/CumulusWeb/Images/Item_Detail/833844.jpg,,https://mms.mckesson.com/product/833844/Fisher-Paykel-400HC573
1206247,CPAP Starter Kit CPAP Starter Kit Siesta Nasal Style Small / Medium / Large Cushions,,React Health,SNM1000,CPAP Masks,$80.73 ,,"In Stock (Get it Tomorrow, Oct 1)",EA/1,,,https://imgcdn.mckesson.com/CumulusWeb/Images/Item_Detail/1206247_left.jpg,,https://mms.mckesson.com/product/1206247/React-Health-SNM1000
1017186,CPAP Mask Kit CPAP Mask Kit Pico Nasal Style Small Cushion Adult,,Respironics,1104915,CPAP Masks,$78.04 ,,"In Stock (Get it Tomorrow, Oct 1)",EA/1,,,https://imgcdn.mckesson.com/CumulusWeb/Images/Item_Detail/1017186.jpg,,https://mms.mckesson.com/product/1017186/Respironics-1104915
1013861,CPAP Mask Kit CPAP Mask Kit Pico Nasal Style Large Cushion Adult,,Respironics,1104916,CPAP Masks,$78.04 ,,"In Stock (Get it Tomorrow, Oct 1)",EA/1,,,https://imgcdn.mckesson.com/CumulusWeb/Images/Item_Detail/1013861.jpg,,https://mms.mckesson.com/product/1013861/Respironics-1104916
1017187,CPAP Mask Kit CPAP Mask Kit Pico Nasal Style X-Large Cushion Adult,,Respironics,1104917,CPAP Masks,$78.04 ,,"In Stock (Get it Tomorrow, Oct 1)",EA/1,,,https://imgcdn.mckesson.com/CumulusWeb/Images/Item_Detail/1017187.jpg,,https://mms.mckesson.com/product/1017187/Respironics-1104917
1062692,CPAP Mask Kit CPAP Mask Kit DreamWear Nasal Style Medium Cushion Adult,,Respironics,1116681,CPAP Masks,$79.07 ,,"In Stock (Get it Tomorrow, Oct 1)",EA/1,,,https://imgcdn.mckesson.com/CumulusWeb/Images/Item_Detail/1062692.jpg,,https://mms.mckesson.com/product/1062692/Respironics-1116681
1077769,CPAP Mask Kit CPAP Mask Kit DreamWear Nasal Style Small Cushion Adult,,Respironics,1116685,CPAP Masks,$79.07 ,,"In Stock (Get it Tomorrow, Oct 1)",EA/1,,,https://imgcdn.mckesson.com/CumulusWeb/Images/Item_Detail/1077769.jpg,,https://mms.mckesson.com/product/1077769/Respironics-1116685
1062691,CPAP Mask Kit CPAP Mask Kit DreamWear Nasal Style Small Cushion Adult,,Respironics,1116680,CPAP Masks,$79.07 ,,"In Stock (Get it Tomorrow, Oct 1)",EA/1,,,https://imgcdn.mckesson.com/CumulusWeb/Images/Item_Detail/1062691.jpg,,https://mms.mckesson.com/product/1062691/Respironics-1116680
1180815,CPAP Mask Kit CPAP Mask Kit DreamWear Nasal Pillow Style Medium Cushion Adult,,Respironics,1146415,CPAP Masks,$79.07 ,,"In Stock (Get it Tomorrow, Oct 1)",EA/1,,,https://imgcdn.mckesson.com/CumulusWeb/Images/Item_Detail/1180815_ppkgleft.jpg,,https://mms.mckesson.com/product/1180815/Respironics-1146415
1180812,CPAP Mask Kit CPAP Mask Kit DreamWear Nasal Pillow Style Small Cushion Adult,,Respironics,1146414,CPAP Masks,$79.07 ,,"In Stock (Get it Tomorrow, Oct 1)",EA/1,,,https://imgcdn.mckesson.com/CumulusWeb/Images/Item_Detail/1180812_ppkgleft.jpg,,https://mms.mckesson.com/product/1180812/Respironics-1146414
1062693,CPAP Mask Kit CPAP Mask Kit DreamWear Nasal Style Large Cushion Adult,,Respironics,1116682,CPAP Masks,$79.07 ,,"In Stock (Get it Tomorrow, Oct 1)",EA/1,,,https://imgcdn.mckesson.com/CumulusWeb/Images/Item_Detail/1062693.jpg,,https://mms.mckesson.com/product/1062693/Respironics-1116682
1062694,CPAP Mask Kit CPAP Mask Kit DreamWear Nasal Style Medium-Wide Cushion Adult,,Respironics,1116683,CPAP Masks,$79.07 ,,"In Stock (Get it Tomorrow, Oct 1)",EA/1,,,https://imgcdn.mckesson.com/CumulusWeb/Images/Item_Detail/1062694.jpg,,https://mms.mckesson.com/product/1062694/Respironics-1116683
1102421,CPAP Mask Kit CPAP Mask Kit DreamWear Nasal Style Medium Cushion Adult,,Respironics,1116686,CPAP Masks,$79.07 ,,"In Stock (Get it Tomorrow, Oct 1)",EA/1,,,https://imgcdn.mckesson.com/CumulusWeb/Images/Item_Detail/1102421.jpg,,https://mms.mckesson.com/product/1102421/Respironics-1116686
1180811,CPAP Mask Kit CPAP Mask Kit DreamWear Nasal Pillow Style Small Cushion,,Respironics,1146410,CPAP Masks,$79.07 ,,"In Stock (Get it Tomorrow, Oct 1)",EA/1,,,https://imgcdn.mckesson.com/CumulusWeb/Images/Item_Detail/1180811_front.jpg,,https://mms.mckesson.com/product/1180811/Respironics-1146410
1115790,CPAP Mask Kit CPAP Mask Kit DreamWear Nasal Style Medium Cushion Adult,,Respironics,1116691,CPAP Masks,$79.07 ,,"In Stock (Get it Tomorrow, Oct 1)",EA/1,,,https://imgcdn.mckesson.com/CumulusWeb/Images/Item_Detail/1115790.jpg,,https://mms.mckesson.com/product/1115790/Respironics-1116691
1099634,CPAP Mask Kit CPAP Mask Kit DreamWear Nasal Style Large Cushion Adult,,Respironics,1116692,CPAP Masks,$79.07 ,,"In Stock (Get it Tomorrow, Oct 1)",EA/1,,,https://imgcdn.mckesson.com/CumulusWeb/Images/Item_Detail/1099634.jpg,,https://mms.mckesson.com/product/1099634/Respironics-1116692
1180818,CPAP Mask Kit CPAP Mask Kit DreamWear Nasal Pillow Style Large Cushion Adult,,Respironics,1146416,CPAP Masks,$79.07 ,,"In Stock (Get it Tomorrow, Oct 1)",EA/1,,,https://imgcdn.mckesson.com/CumulusWeb/Images/Item_Detail/1180818_ppkgleft.jpg,,https://mms.mckesson.com/product/1180818/Respironics-1146416
1117345,CPAP Mask Kit CPAP Mask Kit DreamWear Nasal Style Medium-Wide Cushion Adult,,Respironics,1116693,CPAP Masks,$79.07 ,,"In Stock (Get it Tomorrow, Oct 1)",EA/1,,,https://imgcdn.mckesson.com/CumulusWeb/Images/Item_Detail/1117345.jpg,,https://mms.mckesson.com/product/1117345/Respironics-1116693
1180813,CPAP Mask Kit CPAP Mask Kit DreamWear Nasal Pillow Style Small Cushion Adult,,Respironics,1146448,CPAP Masks,$79.07 ,,"In Stock (Get it Tomorrow, Oct 1)",EA/1,,,https://imgcdn.mckesson.com/CumulusWeb/Images/Item_Detail/1180813_left.jpg,,https://mms.mckesson.com/product/1180813/Respironics-1146448
1180821,CPAP Mask Kit CPAP Mask Kit DreamWear Nasal Pillow Style Medium-Wide Cushion Adult,,Respironics,1146417,CPAP Masks,$79.07 ,,"In Stock (Get it Tomorrow, Oct 1)",EA/1,,,https://imgcdn.mckesson.com/CumulusWeb/Images/Item_Detail/1180821_left.jpg,,https://mms.mckesson.com/product/1180821/Respironics-1146417
1180819,CPAP Mask Kit CPAP Mask Kit DreamWear Nasal Pillow Style Large Cushion Adult,,Respironics,1146450,CPAP Masks,$79.07 ,,"In Stock (Get it Tomorrow, Oct 1)",EA/1,,,https://imgcdn.mckesson.com/CumulusWeb/Images/Item_Detail/1180819_side.jpg,,https://mms.mckesson.com/product/1180819/Respironics-1146450
1180816,CPAP Mask Kit CPAP Mask Kit DreamWear Nasal Pillow Style Medium Cushion Adult,,Respironics,1146449,CPAP Masks,$79.07 ,,"In Stock (Get it Tomorrow, Oct 1)",EA/1,,,https://imgcdn.mckesson.com/CumulusWeb/Images/Item_Detail/1180816_left.jpg,,https://mms.mckesson.com/product/1180816/Respironics-1146449
1139790,CPAP Mask Kit CPAP Mask Kit DreamWear Nasal Style Small Cushion Adult,,Respironics,1116690,CPAP Masks,$79.07 ,,"In Stock (Get it Tomorrow, Oct 1)",EA/1,,,https://imgcdn.mckesson.com/CumulusWeb/Images/Item_Detail/1139790.jpg,,https://mms.mckesson.com/product/1139790/Respironics-1116690
1180814,CPAP Mask Kit CPAP Mask Kit DreamWear Nasal Pillow Style Medium Cushion Adult,,Respironics,1146411,CPAP Masks,$79.07 ,,"In Stock (Get it Tomorrow, Oct 1)",EA/1,,,https://imgcdn.mckesson.com/CumulusWeb/Images/Item_Detail/1180814_left.jpg,,https://mms.mckesson.com/product/1180814/Respironics-1146411
1180817,CPAP Mask Kit CPAP Mask Kit DreamWear Nasal Pillow Style Large Cushion,,Respironics,1146412,CPAP Masks,$79.07 ,,"In Stock (Get it Tomorrow, Oct 1)",EA/1,,,https://imgcdn.mckesson.com/CumulusWeb/Images/Item_Detail/1180817_left.jpg,,https://mms.mckesson.com/product/1180817/Respironics-1146412
833835,CPAP Mask Kit CPAP Starter Kit Wisp™ Nasal Style Small-Medium / Large / X-Large Cushions,,Respironics,1094056,CPAP Masks,$72.83 ,,"In Stock (Get it Tomorrow, Oct 1)",EA/1,,,https://imgcdn.mckesson.com/CumulusWeb/Images/Item_Detail/833835.jpg,,https://mms.mckesson.com/product/833835/Respironics-1094056
862213,CPAP Mask Component CPAP Mask Nuance Pro Nasal Style Small / Medium / Large Cushions,,Respironics,1106195,CPAP Masks,$72.83 ,,"In Stock (Get it Tomorrow, Oct 1)",EA/1,,,https://imgcdn.mckesson.com/CumulusWeb/Images/Item_Detail/862213.jpg,,https://mms.mckesson.com/product/862213/Respironics-1106195
833833,CPAP Mask Kit CPAP Starter Kit Wisp™ Nasal Style Small-Medium / Large / X-Large Cushions,,Respironics,1094055,CPAP Masks,$72.83 ,,"In Stock (Get it Tomorrow, Oct 1)",EA/1,,,https://imgcdn.mckesson.com/CumulusWeb/Images/Item_Detail/833833.jpg,,https://mms.mckesson.com/product/833833/Respironics-1094055
1206236,CPAP Mask Kit CPAP Mask Kit Siesta Nasal Style Medium Cushion,,React Health,SNM1002,CPAP Masks,$70.07 ,,"In Stock (Get it Tomorrow, Oct 1)",EA/1,,,https://imgcdn.mckesson.com/CumulusWeb/Images/Item_Detail/1206236_left.jpg,,https://mms.mckesson.com/product/1206236/React-Health-SNM1002
1206206,CPAP Mask Kit CPAP Mask Kit Siesta Nasal Style Large Cushion,,React Health,SNM1003,CPAP Masks,$70.07 ,,"In Stock (Get it Tomorrow, Oct 1)",EA/1,,,https://imgcdn.mckesson.com/CumulusWeb/Images/Item_Detail/1206206_right.jpg,,https://mms.mckesson.com/product/1206206/React-Health-SNM1003
1206205,CPAP Mask Kit CPAP Mask Kit Siesta Nasal Style Small Cushion,,React Health,SNM1001,CPAP Masks,$70.07 ,,"In Stock (Get it Tomorrow, Oct 1)",EA/1,,,https://imgcdn.mckesson.com/CumulusWeb/Images/Item_Detail/1206205_right.jpg,,https://mms.mckesson.com/product/1206205/React-Health-SNM1001
1221470,CPAP Mask Component CPAP Mask Wisp™ Nasal Style Small-Medium Cushion Adult,,Respironics,1101554,CPAP Masks,$62.42 ,,"In Stock (Get it Tomorrow, Oct 1)",EA/1,,,https://imgcdn.mckesson.com/CumulusWeb/Images/Item_Detail/1221470_left.jpg,,https://mms.mckesson.com/product/1221470/Respironics-1101554
1132444,CPAP Mask Component CPAP Mask DreamWisp Nasal Style Large Cushion Adult,,Respironics,1137925,CPAP Masks,$62.42 ,,"In Stock (Get it Tomorrow, Oct 1)",EA/1,,,https://imgcdn.mckesson.com/CumulusWeb/Images/Item_Detail/1132444.jpg,,https://mms.mckesson.com/product/1132444/Respironics-1137925
1168549,CPAP Mask Component CPAP Mask Wisp™ Nasal Style Large Cushion Adult,,Respironics,1101555,CPAP Masks,$62.42 ,,"In Stock (Get it Tomorrow, Oct 1)",EA/1,,,https://imgcdn.mckesson.com/CumulusWeb/Images/Item_Detail/1168549_right.jpg,,https://mms.mckesson.com/product/1168549/Respironics-1101555
1187755,CPAP Mask Component CPAP Mask Wisp™ Nasal Style X-Large Cushion Adult,,Respironics,1113958,CPAP Masks,$62.42 ,,"In Stock (Get it Tomorrow, Oct 1)",EA/1,,,https://imgcdn.mckesson.com/CumulusWeb/Images/Item_Detail/1187755_right.jpg,,https://mms.mckesson.com/product/1187755/Respironics-1113958
1018553,CPAP Mask Component CPAP Mask DreamWear Nasal Style Medium Cushion Adult,,Respironics,1116706,CPAP Masks,$58.26 ,,"In Stock (Get it Tomorrow, Oct 1)",EA/1,,,https://imgcdn.mckesson.com/CumulusWeb/Images/Item_Detail/1018553.jpg,,https://mms.mckesson.com/product/1018553/Respironics-1116706
1081692,CPAP Mask Component CPAP Mask DreamWear Nasal Style Small Cushion Adult,,Respironics,1116710,CPAP Masks,$58.26 ,,"In Stock (Get it Tomorrow, Oct 1)",EA/1,,,https://imgcdn.mckesson.com/CumulusWeb/Images/Item_Detail/1081692.jpg,,https://mms.mckesson.com/product/1081692/Respironics-1116710
1180827,CPAP Mask Component CPAP Mask DreamWear Nasal Pillow Style Medium Cushion Adult,,Respironics,1146458,CPAP Masks,$58.26 ,,"In Stock (Get it Tomorrow, Oct 1)",EA/1,,,https://imgcdn.mckesson.com/CumulusWeb/Images/Item_Detail/1180827_left.jpg,,https://mms.mckesson.com/product/1180827/Respironics-1146458
1180824,CPAP Mask Component CPAP Mask DreamWear Nasal Pillow Style Small Cushion Adult,,Respironics,1146457,CPAP Masks,$58.26 ,,"In Stock (Get it Tomorrow, Oct 1)",EA/1,,,https://imgcdn.mckesson.com/CumulusWeb/Images/Item_Detail/1180824_left.jpg,,https://mms.mckesson.com/product/1180824/Respironics-1146457
1180823,CPAP Mask Component CPAP Mask DreamWear Nasal Pillow Style Small Cushion,,Respironics,1146453,CPAP Masks,$58.26 ,,"In Stock (Get it Tomorrow, Oct 1)",EA/1,,,https://imgcdn.mckesson.com/CumulusWeb/Images/Item_Detail/1180823_left.jpg,,https://mms.mckesson.com/product/1180823/Respironics-1146453
1135449,CPAP Mask Component CPAP Mask DreamWear Nasal Style Large Cushion Adult,,Respironics,1116717,CPAP Masks,$58.26 ,,"In Stock (Get it Tomorrow, Oct 1)",EA/1,,,https://imgcdn.mckesson.com/CumulusWeb/Images/Item_Detail/1135449_right.jpg,,https://mms.mckesson.com/product/1135449/Respironics-1116717
1149814,CPAP Mask Component CPAP Mask DreamWear Nasal Style Medium Cushion Adult,,Respironics,1116716,CPAP Masks,$58.26 ,,"In Stock (Get it Tomorrow, Oct 1)",EA/1,,,https://imgcdn.mckesson.com/CumulusWeb/Images/Item_Detail/1149814_right.jpg,,https://mms.mckesson.com/product/1149814/Respironics-1116716
1180833,CPAP Mask Component CPAP Mask DreamWear Nasal Pillow Style Medium-Wide Cushion Adult,,Respironics,1146460,CPAP Masks,$58.26 ,,"In Stock (Get it Tomorrow, Oct 1)",EA/1,,,https://imgcdn.mckesson.com/CumulusWeb/Images/Item_Detail/1180833_left.jpg,,https://mms.mckesson.com/product/1180833/Respironics-1146460
1018549,CPAP Mask Component CPAP Cushion Amara™ View Full Face Style Medium Cushion Adult,,Respironics,1090693,CPAP Masks,$56.87 ,,"In Stock (Get it Tomorrow, Oct 1)",EA/1,,,https://imgcdn.mckesson.com/CumulusWeb/Images/Item_Detail/1018549_front.jpg,,https://mms.mckesson.com/product/1018549/Respironics-1090693
1018550,CPAP Mask Component CPAP Cushion Amara™ View Full Face Style Small Cushion Adult,,Respironics,1090692,CPAP Masks,$56.87 ,,"In Stock (Get it Tomorrow, Oct 1)",EA/1,,,https://imgcdn.mckesson.com/CumulusWeb/Images/Item_Detail/1018550_front.jpg,,https://mms.mckesson.com/product/1018550/Respironics-1090692
1018556,CPAP Mask Component CPAP Cushion Amara™ View Full Face Style Large Cushion Adult,,Respironics,1090694,CPAP Masks,$56.87 ,,"In Stock (Get it Tomorrow, Oct 1)",EA/1,,,https://imgcdn.mckesson.com/CumulusWeb/Images/Item_Detail/1018556_front.jpg,,https://mms.mckesson.com/product/1018556/Respironics-1090694
1105721,CPAP Mask Component CPAP Cushion DreamWear Full Face Style Medium Cushion,,Respironics,1133431,CPAP Masks,$55.49 ,,"In Stock (Get it Tomorrow, Oct 1)",EA/1,,,https://imgcdn.mckesson.com/CumulusWeb/Images/Item_Detail/1105721.jpg,,https://mms.mckesson.com/product/1105721/Respironics-1133431
1105716,CPAP Mask Component CPAP Cushion DreamWear Full Face Style Small Cushion,,Respironics,1133430,CPAP Masks,$55.49 ,,"In Stock (Get it Tomorrow, Oct 1)",EA/1,,,https://imgcdn.mckesson.com/CumulusWeb/Images/Item_Detail/1105716.jpg,,https://mms.mckesson.com/product/1105716/Respironics-1133430
1105717,CPAP Mask Component CPAP Cushion DreamWear Full Face Style Large Cushion,,Respironics,1133432,CPAP Masks,$55.49 ,,"In Stock (Get it Tomorrow, Oct 1)",EA/1,,,https://imgcdn.mckesson.com/CumulusWeb/Images/Item_Detail/1105717.jpg,,https://mms.mckesson.com/product/1105717/Respironics-1133432
1105723,CPAP Mask Component CPAP Cushion DreamWear Full Face Style Medium-Wide Cushion,,Respironics,1133433,CPAP Masks,$55.49 ,,"In Stock (Get it Tomorrow, Oct 1)",EA/1,,,https://imgcdn.mckesson.com/CumulusWeb/Images/Item_Detail/1105723_right.jpg,,https://mms.mckesson.com/product/1105723/Respironics-1133433
825134,CPAP Mask Component CPAP Cushion Amara™ Silicone Full Face Style Large Cushion Adult,,Respironics,1090294,CPAP Masks,$53.27 ,,"In Stock (Get it Tomorrow, Oct 1)",EA/1,,,https://imgcdn.mckesson.com/CumulusWeb/Images/Item_Detail/825134.jpg,,https://mms.mckesson.com/product/825134/Respironics-1090294
825132,CPAP Mask Component CPAP Cushion Amara™ Silicone Full Face Style Small Cushion Adult,,Respironics,1090292,CPAP Masks,$53.27 ,,"In Stock (Get it Tomorrow, Oct 1)",EA/1,,,https://imgcdn.mckesson.com/CumulusWeb/Images/Item_Detail/825132.jpg,,https://mms.mckesson.com/product/825132/Respironics-1090292
785589,CPAP Mask Component CPAP Cushion Forma™ Full Face Style Large Cushion,,Fisher & Paykel,400HC123,CPAP Masks,$51.78 ,,"In Stock (Get it Tomorrow, Oct 1)",EA/1,,,https://imgcdn.mckesson.com/CumulusWeb/Images/Item_Detail/785589.jpg,,https://mms.mckesson.com/product/785589/Fisher-Paykel-400HC123
573685,CPAP Mask Component CPAP Cushion FlexiFit™ 431 Full Face Style Medium Cushion,,Fisher & Paykel,400HC104,CPAP Masks,$48.33 ,,"In Stock (Get it Tomorrow, Oct 1)",EA/1,,,https://imgcdn.mckesson.com/CumulusWeb/Images/Item_Detail/573685_PC.JPG,,https://mms.mckesson.com/product/573685/Fisher-Paykel-400HC104
573684,CPAP Mask Component CPAP Cushion FlexiFit™ 431 Full Face Style Large Cushion,,Fisher & Paykel,400HC103,CPAP Masks,$48.33 ,,"In Stock (Get it Tomorrow, Oct 1)",EA/1,,,https://imgcdn.mckesson.com/CumulusWeb/Images/Item_Detail/573684_PC.jpg,,https://mms.mckesson.com/product/573684/Fisher-Paykel-400HC103
573691,CPAP Mask Component CPAP Cushion FlexiFit™ 431 Full Face Style Small Cushion,,Fisher & Paykel,400HC112,CPAP Masks,$48.33 ,,"In Stock (Get it Tomorrow, Oct 1)",EA/1,,,https://imgcdn.mckesson.com/CumulusWeb/Images/Item_Detail/573691_PC.JPG,,https://mms.mckesson.com/product/573691/Fisher-Paykel-400HC112
998068,CPAP Mask Kit CPAP Mask Kit Sunset Deluxe Full Face Style Medium Cushion,,Sunset Healthcare,CM005M,CPAP Masks,$47.60 ,,"In Stock (Get it Tomorrow, Oct 1)",EA/1,,,https://imgcdn.mckesson.com/CumulusWeb/Images/Item_Detail/998068.jpg,,https://mms.mckesson.com/product/998068/Sunset-Healthcare-CM005M
1100969,CPAP Mask Kit CPAP Mask Kit Sunset Deluxe Full Face Style Small Cushion Adult,,Sunset Healthcare,CM005S,CPAP Masks,$47.60 ,,"In Stock (Get it Tomorrow, Oct 1)",EA/1,,,https://imgcdn.mckesson.com/CumulusWeb/Images/Item_Detail/1100969.jpg,,https://mms.mckesson.com/product/1100969/Sunset-Healthcare-CM005S
570521,CPAP Mask Kit CPAP Mask Kit FreeMotion™ Full Face Style / Vented Large Cushion,,Fisher & Paykel,RT040L,CPAP Masks,$44.34 ,,"In Stock (Get it Tomorrow, Oct 1)",EA/1,,,https://imgcdn.mckesson.com/CumulusWeb/Images/Item_Detail/570521.JPG,,https://mms.mckesson.com/product/570521/Fisher-Paykel-RT040L
733767,CPAP Mask Kit BiTrac ED™,,Pulmodyne,313-7030,CPAP Masks,$322.35 ,,"In Stock (Get it Tomorrow, Oct 1)",BX/10,,,https://imgcdn.mckesson.com/CumulusWeb/Images/Item_Detail/PULMDY_733767.jpg,,https://mms.mckesson.com/product/733767/Pulmodyne-313-7030
723925,Full Face Mask Forma™,,Fisher & Paykel,400473A,CPAP Masks,$179.52 ,,"In Stock (Get it Tomorrow, Oct 1)",EA/1,,,https://imgcdn.mckesson.com/CumulusWeb/Images/Item_Detail/FSHPAY_723925.jpg,,https://mms.mckesson.com/product/723925/Fisher-Paykel-400473A
917183,CPAP Mask Kit Full Face Style,,Respironics,1089991,CPAP Masks,$166.46 ,,"In Stock (Get it Tomorrow, Oct 1)",EA/1,,,https://imgcdn.mckesson.com/CumulusWeb/Images/Item_Detail/917183.jpg,,https://mms.mckesson.com/product/917183/Respironics-1089991
842272,CPAP Mask Component Reduced Size Frame CPAP Mask Amara™ Silicone Full Face Style,,Respironics,1090226,CPAP Masks,$133.17 ,,"In Stock (Get it Tomorrow, Oct 1)",EA/1,,,https://imgcdn.mckesson.com/CumulusWeb/Images/Item_Detail/842272.jpg,,https://mms.mckesson.com/product/842272/Respironics-1090226
1264108,CPAP Mask Component F&P Nova Micro™ Nasal Pillow Style Adult,,Fisher & Paykel,NVP1MA,CPAP Masks,$116 ,,"In Stock (Get it Tomorrow, Oct 1)",EA/1,,,https://imgcdn.mckesson.com/CumulusWeb/Images/Item_Detail/1264108_front.jpg,,https://mms.mckesson.com/product/1264108/Fisher-Paykel-NVP1MA
1264132,CPAP Mask Component F&P Nova Micro™ Nasal Pillow Style Adult,,Fisher & Paykel,NVP1SA,CPAP Masks,$116 ,,"In Stock (Get it Tomorrow, Oct 1)",EA/1,,,https://imgcdn.mckesson.com/CumulusWeb/Images/Item_Detail/1264132_front.jpg,,https://mms.mckesson.com/product/1264132/Fisher-Paykel-NVP1SA
1264117,CPAP Mask Component F&P Nova Micro™ Nasal Pillow Style Adult,,Fisher & Paykel,NVP1LA,CPAP Masks,$116 ,,"In Stock (Get it Tomorrow, Oct 1)",EA/1,,,https://imgcdn.mckesson.com/CumulusWeb/Images/Item_Detail/1264117_front.jpg,,https://mms.mckesson.com/product/1264117/Fisher-Paykel-NVP1LA
865132,CPAP Mask Kit Pilairo Q™,,Fisher & Paykel,400421,CPAP Masks,$110.47 ,,"In Stock (Get it Tomorrow, Oct 1)",EA/1,,,https://imgcdn.mckesson.com/CumulusWeb/Images/Item_Detail/865132.jpg,,https://mms.mckesson.com/product/865132/Fisher-Paykel-400421
1264111,CPAP Mask Component F&P Nova Micro™ Nasal Pillow Style Adult,,Fisher & Paykel,400NVP131,CPAP Masks,$94.25 ,,"In Stock (Get it Tomorrow, Oct 1)",EA/1,,,https://imgcdn.mckesson.com/CumulusWeb/Images/Item_Detail/1264111_right.jpg,,https://mms.mckesson.com/product/1264111/Fisher-Paykel-400NVP131
833832,CPAP Mask Kit CPAP Starter Kit Wisp™ Nasal Style Small / Medium / Large / X-Large,,Respironics,1094051,CPAP Masks,$93.63 ,,"In Stock (Get it Tomorrow, Oct 1)",EA/1,,,https://imgcdn.mckesson.com/CumulusWeb/Images/Item_Detail/833832_pdet.jpg,,https://mms.mckesson.com/product/833832/Respironics-1094051
1206197,CPAP Mask Component 3B Medical,,React Health,RII1000,CPAP Masks,$76.16 ,,"In Stock (Get it Tomorrow, Oct 1)",EA/1,,,https://imgcdn.mckesson.com/CumulusWeb/Images/Item_Detail/1206197_right.jpg,,https://mms.mckesson.com/product/1206197/React-Health-RII1000
1018552,CPAP Mask Component DreamWear,,Respironics,1116705,CPAP Masks,$58.26 ,,"In Stock (Get it Tomorrow, Oct 1)",EA/1,,,https://imgcdn.mckesson.com/CumulusWeb/Images/Item_Detail/1018552.jpg,,https://mms.mckesson.com/product/1018552/Respironics-1116705
1018551,CPAP Mask Component DreamWear,,Respironics,1116707,CPAP Masks,$58.26 ,,"In Stock (Get it Tomorrow, Oct 1)",EA/1,,,https://imgcdn.mckesson.com/CumulusWeb/Images/Item_Detail/1018551.jpg,,https://mms.mckesson.com/product/1018551/Respironics-1116707
1018555,CPAP Mask Component DreamWear,,Respironics,1116708,CPAP Masks,$58.26 ,,"In Stock (Get it Tomorrow, Oct 1)",EA/1,,,https://imgcdn.mckesson.com/CumulusWeb/Images/Item_Detail/1018555_right.jpg,,https://mms.mckesson.com/product/1018555/Respironics-1116708
1155486,CPAP Mask Replacement Parts CPAP Mask Seal Vitera™ Adult,,Fisher & Paykel,400VIT115,CPAP Masks,$53.86 ,,"In Stock (Get it Tomorrow, Oct 1)",EA/1,,,https://imgcdn.mckesson.com/CumulusWeb/Images/Item_Detail/1155486_front.jpg,,https://mms.mckesson.com/product/1155486/Fisher-Paykel-400VIT115
1155487,CPAP Mask Replacement Parts CPAP Mask Seal Vitera™ Adult,,Fisher & Paykel,400VIT116,CPAP Masks,$53.86 ,,"In Stock (Get it Tomorrow, Oct 1)",EA/1,,,https://imgcdn.mckesson.com/CumulusWeb/Images/Item_Detail/1155487_front.jpg,,https://mms.mckesson.com/product/1155487/Fisher-Paykel-400VIT116
1155485,CPAP Mask Component CPAP Mask Seal Vitera™ Adult,,Fisher & Paykel,400VIT114,CPAP Masks,$53.86 ,,"In Stock (Get it Tomorrow, Oct 1)",EA/1,,,https://imgcdn.mckesson.com/CumulusWeb/Images/Item_Detail/1155485_front.jpg,,https://mms.mckesson.com/product/1155485/Fisher-Paykel-400VIT114
825133,CPAP Mask Component Amara,,Respironics,1090293,CPAP Masks,$53.27 ,,"In Stock (Get it Tomorrow, Oct 1)",EA/1,,,https://imgcdn.mckesson.com/CumulusWeb/Images/Item_Detail/825133.jpg,,https://mms.mckesson.com/product/825133/Respironics-1090293
1117222,CPAP Mask Component CPAP Cushion Wisp™ Pediatric Nasal Style Medium Cushion Pediatric,,Respironics,1104970,CPAP Masks,$41.62 ,,"In Stock (Get it Tomorrow, Oct 1)",EA/1,,,https://imgcdn.mckesson.com/CumulusWeb/Images/Item_Detail/1117222.jpg,,https://mms.mckesson.com/product/1117222/Respironics-1104970
871057,CPAP Mask Component CPAP Cushion Simplus™ Full Face Style Medium Cushion,,Fisher & Paykel,400HC580,CPAP Masks,$42.81 ,,"In Stock (Get it Tomorrow, Oct 1)",EA/1,,,https://imgcdn.mckesson.com/CumulusWeb/Images/Item_Detail/871057.jpg,,https://mms.mckesson.com/product/871057/Fisher-Paykel-400HC580
871058,CPAP Mask Component CPAP Cushion Simplus™ Full Face Style Large Cushion,,Fisher & Paykel,400HC581,CPAP Masks,$42.81 ,,"In Stock (Get it Tomorrow, Oct 1)",EA/1,,,https://imgcdn.mckesson.com/CumulusWeb/Images/Item_Detail/871058.jpg,,https://mms.mckesson.com/product/871058/Fisher-Paykel-400HC581
871056,CPAP Mask Component CPAP Cushion Simplus™ Full Face Style Small Cushion,,Fisher & Paykel,400HC579,CPAP Masks,$42.81 ,,"In Stock (Get it Tomorrow, Oct 1)",EA/1,,,https://imgcdn.mckesson.com/CumulusWeb/Images/Item_Detail/871056.jpg,,https://mms.mckesson.com/product/871056/Fisher-Paykel-400HC579
1264115,Assenbly Spare Frame BPAP Machine Parts F&P Nova Micro™ For use with CPAP Mask,,Fisher & Paykel,400NVP141,CPAP Masks,$40.27 ,,"In Stock (Get it Tomorrow, Oct 1)",EA/1,,,https://imgcdn.mckesson.com/CumulusWeb/Images/Item_Detail/1264115_right.jpg,,https://mms.mckesson.com/product/1264115/Fisher-Paykel-400NVP141
1132448,CPAP Mask Component CPAP Cushion DreamWisp Nasal Style Medium Cushion,,Respironics,1137958,CPAP Masks,$34.68 ,,"In Stock (Get it Tomorrow, Oct 1)",EA/1,,,https://imgcdn.mckesson.com/CumulusWeb/Images/Item_Detail/1132448.jpg,,https://mms.mckesson.com/product/1132448/Respironics-1137958
1132449,CPAP Mask Component CPAP Cushion DreamWisp Nasal Style Large Cushion,,Respironics,1137959,CPAP Masks,$34.68 ,,"In Stock (Get it Tomorrow, Oct 1)",EA/1,,,https://imgcdn.mckesson.com/CumulusWeb/Images/Item_Detail/1132449.jpg,,https://mms.mckesson.com/product/1132449/Respironics-1137959
1132447,CPAP Mask Component CPAP Cushion DreamWisp Nasal Style Small Cushion,,Respironics,1137957,CPAP Masks,$34.68 ,,"In Stock (Get it Tomorrow, Oct 1)",EA/1,,,https://imgcdn.mckesson.com/CumulusWeb/Images/Item_Detail/1132447.jpg,,https://mms.mckesson.com/product/1132447/Respironics-1137957
1017181,CPAP Mask Component CPAP Cushion Pico Nasal Style Small-Medium Cushion Adult,,Respironics,1104936,CPAP Masks,$34.68 ,,"In Stock (Get it Tomorrow, Oct 1)",EA/1,,,https://imgcdn.mckesson.com/CumulusWeb/Images/Item_Detail/1017181.jpg,,https://mms.mckesson.com/product/1017181/Respironics-1104936
1017182,CPAP Mask Component CPAP Cushion Pico Nasal Style Large Cushion Adult,,Respironics,1104937,CPAP Masks,$34.68 ,,"In Stock (Get it Tomorrow, Oct 1)",EA/1,,,https://imgcdn.mckesson.com/CumulusWeb/Images/Item_Detail/1017182.jpg,,https://mms.mckesson.com/product/1017182/Respironics-1104937
1017184,CPAP Mask Component CPAP Cushion Pico Nasal Style X-Large Cushion Adult,,Respironics,1104938,CPAP Masks,$34.68 ,,"In Stock (Get it Tomorrow, Oct 1)",EA/1,,,https://imgcdn.mckesson.com/CumulusWeb/Images/Item_Detail/1017184.jpg,,https://mms.mckesson.com/product/1017184/Respironics-1104938
1134522,CPAP Mask Component CPAP Cushion DreamWisp Nasal Style X-Large Cushion,,Respironics,1137960,CPAP Masks,$34.68 ,,"In Stock (Get it Tomorrow, Oct 1)",EA/1,,,https://imgcdn.mckesson.com/CumulusWeb/Images/Item_Detail/1134522.jpg,,https://mms.mckesson.com/product/1134522/Respironics-1137960
771321,CPAP Mask Component CPAP Cushion ComfortGel™ Blue Nasal Style Medium Cushion,,Respironics,1070106,CPAP Masks,$33.29 ,,"In Stock (Get it Tomorrow, Oct 1)",EA/1,,,https://imgcdn.mckesson.com/CumulusWeb/Images/Item_Detail/771321_front.jpg,,https://mms.mckesson.com/product/771321/Respironics-1070106
771319,CPAP Mask Component CPAP Cushion ComfortGel™ Blue Nasal Style Small Cushion,,Respironics,1070107,CPAP Masks,$33.29 ,,"In Stock (Get it Tomorrow, Oct 1)",EA/1,,,https://imgcdn.mckesson.com/CumulusWeb/Images/Item_Detail/771319_front.jpg,,https://mms.mckesson.com/product/771319/Respironics-1070107
771320,CPAP Mask Component CPAP Cushion ComfortGel™ Blue Nasal Style Large Cushion,,Respironics,1070105,CPAP Masks,$33.29 ,,"In Stock (Get it Tomorrow, Oct 1)",EA/1,,,https://imgcdn.mckesson.com/CumulusWeb/Images/Item_Detail/771320_front.jpg,,https://mms.mckesson.com/product/771320/Respironics-1070105
771318,CPAP Mask Component CPAP Cushion ComfortGel™ Blue Nasal Style Petite Cushion,,Respironics,1070108,CPAP Masks,$33.29 ,,"In Stock (Get it Tomorrow, Oct 1)",EA/1,,,https://imgcdn.mckesson.com/CumulusWeb/Images/Item_Detail/771318_front.jpg,,https://mms.mckesson.com/product/771318/Respironics-1070108
1109823,CPAP Mask Component Frame Wisp Nasal Style Adult,,Respironics,1094081,CPAP Masks,$34.68 ,,"In Stock (Get it Tomorrow, Oct 1)",EA/1,,,https://imgcdn.mckesson.com/CumulusWeb/Images/Item_Detail/1109823_right.jpg,,https://mms.mckesson.com/product/1109823/Respironics-1094081
833837,CPAP Mask Component CPAP Cushion Wisp™ Nasal Style Medium Cushion,,Respironics,1094087,CPAP Masks,$31.21 ,,"In Stock (Get it Tomorrow, Oct 1)",EA/1,,,https://imgcdn.mckesson.com/CumulusWeb/Images/Item_Detail/833837_left.jpg,,https://mms.mckesson.com/product/833837/Respironics-1094087
833838,CPAP Mask Component CPAP Cushion Wisp™ Nasal Style Large Cushion,,Respironics,1094088,CPAP Masks,$31.21 ,,"In Stock (Get it Tomorrow, Oct 1)",EA/1,,,https://imgcdn.mckesson.com/CumulusWeb/Images/Item_Detail/833838.jpg,,https://mms.mckesson.com/product/833838/Respironics-1094088
871071,CPAP Mask Component CPAP Cushion Wisp™ Nasal Style X-Large Cushion,,Respironics,1112031,CPAP Masks,$31.21 ,,"In Stock (Get it Tomorrow, Oct 1)",EA/1,,,https://imgcdn.mckesson.com/CumulusWeb/Images/Item_Detail/871071.jpg,,https://mms.mckesson.com/product/871071/Respironics-1112031
833836,CPAP Mask Component CPAP Cushion Wisp™ Nasal Style Petite Cushion,,Respironics,1094086,CPAP Masks,$31.21 ,,"In Stock (Get it Tomorrow, Oct 1)",EA/1,,,https://imgcdn.mckesson.com/CumulusWeb/Images/Item_Detail/833836_side.jpg,,https://mms.mckesson.com/product/833836/Respironics-1094086
1206203,CPAP Mask Component CPAP Cushion Siesta Full Face Style Medium Cushion,,React Health,SFF3002,CPAP Masks,$29.70 ,,"In Stock (Get it Tomorrow, Oct 1)",EA/1,,,https://imgcdn.mckesson.com/CumulusWeb/Images/Item_Detail/1206203_right.jpg,,https://mms.mckesson.com/product/1206203/React-Health-SFF3002
1206235,CPAP Mask Component CPAP Cushion Siesta Full Face Style Large Cushion,,React Health,SFF3003,CPAP Masks,$29.70 ,,"In Stock (Get it Tomorrow, Oct 1)",EA/1,,,https://imgcdn.mckesson.com/CumulusWeb/Images/Item_Detail/1206235_right.jpg,,https://mms.mckesson.com/product/1206235/React-Health-SFF3003
1206238,CPAP Mask Component CPAP Cushion Siesta Full Face Style Small Cushion,,React Health,SFF3001,CPAP Masks,$29.70 ,,"In Stock (Get it Tomorrow, Oct 1)",EA/1,,,https://imgcdn.mckesson.com/CumulusWeb/Images/Item_Detail/1206238_right.jpg,,https://mms.mckesson.com/product/1206238/React-Health-SFF3001
1046225,CPAP Mask Component CPAP Cushion Eson™ 2 Nasal Style Large Cushion,,Fisher & Paykel,400ESN216,CPAP Masks,$29 ,,"In Stock (Get it Tomorrow, Oct 1)",EA/1,,,https://imgcdn.mckesson.com/CumulusWeb/Images/Item_Detail/1046225.jpg,,https://mms.mckesson.com/product/1046225/Fisher-Paykel-400ESN216
1046223,CPAP Mask Component CPAP Cushion Eson™ 2 Nasal Style Small Cushion,,Fisher & Paykel,400ESN214,CPAP Masks,$29 ,,"In Stock (Get it Tomorrow, Oct 1)",EA/1,,,https://imgcdn.mckesson.com/CumulusWeb/Images/Item_Detail/1046223.jpg,,https://mms.mckesson.com/product/1046223/Fisher-Paykel-400ESN214
862206,CPAP Mask Component CPAP Cushion Nuance / Nuance Pro Nasal Style Medium Cushion,,Respironics,1105174,CPAP Masks,$27.74 ,,"In Stock (Get it Tomorrow, Oct 1)",EA/1,,,https://imgcdn.mckesson.com/CumulusWeb/Images/Item_Detail/862206_front.jpg,,https://mms.mckesson.com/product/862206/Respironics-1105174
871072,CPAP Mask Component CPAP Cushion Nuance / Nuance Pro Nasal Style Small Cushion,,Respironics,1105173,CPAP Masks,$27.74 ,,"In Stock (Get it Tomorrow, Oct 1)",EA/1,,,https://imgcdn.mckesson.com/CumulusWeb/Images/Item_Detail/871072_front.jpg,,https://mms.mckesson.com/product/871072/Respironics-1105173
862208,CPAP Mask Component CPAP Cushion Nuance / Nuance Pro Nasal Style Large Cushion,,Respironics,1105175,CPAP Masks,$27.74 ,,"In Stock (Get it Tomorrow, Oct 1)",EA/1,,,https://imgcdn.mckesson.com/CumulusWeb/Images/Item_Detail/862208_front.jpg,,https://mms.mckesson.com/product/862208/Respironics-1105175
833851,CPAP Mask Component CPAP Cushion Eson™ Nasal Style Medium Cushion,,Fisher & Paykel,400HC127,CPAP Masks,$26.24 ,,"In Stock (Get it Tomorrow, Oct 1)",EA/1,,,https://imgcdn.mckesson.com/CumulusWeb/Images/Item_Detail/833851.jpg,,https://mms.mckesson.com/product/833851/Fisher-Paykel-400HC127
833848,CPAP Mask Component CPAP Cushion Eson™ Nasal Style Large Cushion,,Fisher & Paykel,400HC128,CPAP Masks,$26.24 ,,"In Stock (Get it Tomorrow, Oct 1)",EA/1,,,https://imgcdn.mckesson.com/CumulusWeb/Images/Item_Detail/833848.jpg,,https://mms.mckesson.com/product/833848/Fisher-Paykel-400HC128
833852,CPAP Mask Component CPAP Cushion Eson™ Nasal Style Small Cushion,,Fisher & Paykel,400HC126,CPAP Masks,$26.24 ,,"In Stock (Get it Tomorrow, Oct 1)",EA/1,,,https://imgcdn.mckesson.com/CumulusWeb/Images/Item_Detail/833852.jpg,,https://mms.mckesson.com/product/833852/Fisher-Paykel-400HC126
1018391,CPAP Mask Component CPAP Cushion DreamWear Nasal Style Small Cushion Adult,,Respironics,1116740,CPAP Masks,$26.36 ,,"In Stock (Get it Tomorrow, Oct 1)",EA/1,,,https://imgcdn.mckesson.com/CumulusWeb/Images/Item_Detail/1018391_front.jpg,,https://mms.mckesson.com/product/1018391/Respironics-1116740
1018394,CPAP Mask Component CPAP Cushion DreamWear Nasal Style Medium Cushion Adult,,Respironics,1116741,CPAP Masks,$26.36 ,,"In Stock (Get it Tomorrow, Oct 1)",EA/1,,,https://imgcdn.mckesson.com/CumulusWeb/Images/Item_Detail/1018394_front.jpg,,https://mms.mckesson.com/product/1018394/Respironics-1116741
1180835,CPAP Mask Component CPAP Nasal Pillows DreamWear Nasal Pillow Style Small Cushion,,Respironics,1146472,CPAP Masks,$26.36 ,,"In Stock (Get it Tomorrow, Oct 1)",EA/1,,,https://imgcdn.mckesson.com/CumulusWeb/Images/Item_Detail/1180835_front.jpg,,https://mms.mckesson.com/product/1180835/Respironics-1146472
1180836,CPAP Mask Component CPAP Nasal Pillows DreamWear Nasal Pillow Style Medium Cushion,,Respironics,1146473,CPAP Masks,$26.36 ,,"In Stock (Get it Tomorrow, Oct 1)",EA/1,,,https://imgcdn.mckesson.com/CumulusWeb/Images/Item_Detail/1180836_front.jpg,,https://mms.mckesson.com/product/1180836/Respironics-1146473
1018395,CPAP Mask Component CPAP Cushion DreamWear Nasal Style Large Cushion Adult,,Respironics,1116742,CPAP Masks,$26.36 ,,"In Stock (Get it Tomorrow, Oct 1)",EA/1,,,https://imgcdn.mckesson.com/CumulusWeb/Images/Item_Detail/1018395_right.jpg,,https://mms.mckesson.com/product/1018395/Respironics-1116742
1018548,CPAP Mask Component CPAP Cushion DreamWear Nasal Style Medium-Wide Cushion Adult,,Respironics,1116743,CPAP Masks,$26.36 ,,"In Stock (Get it Tomorrow, Oct 1)",EA/1,,,https://imgcdn.mckesson.com/CumulusWeb/Images/Item_Detail/1018548_right.jpg,,https://mms.mckesson.com/product/1018548/Respironics-1116743
1180837,CPAP Mask Component CPAP Nasal Pillows DreamWear Nasal Pillow Style Large Cushion,,Respironics,1146474,CPAP Masks,$26.36 ,,"In Stock (Get it Tomorrow, Oct 1)",EA/1,,,https://imgcdn.mckesson.com/CumulusWeb/Images/Item_Detail/1180837_right.jpg,,https://mms.mckesson.com/product/1180837/Respironics-1146474
1180838,CPAP Mask Component CPAP Nasal Pillows DreamWear Nasal Pillow Style Medium-Wide Cushion,,Respironics,1146475,CPAP Masks,$26.36 ,,"In Stock (Get it Tomorrow, Oct 1)",EA/1,,,https://imgcdn.mckesson.com/CumulusWeb/Images/Item_Detail/1180838_right.jpg,,https://mms.mckesson.com/product/1180838/Respironics-1146475
1206208,CPAP Mask Component CPAP Cushion Siesta Nasal Style Medium Cushion,,React Health,SNM3002,CPAP Masks,$24.75 ,,"In Stock (Get it Tomorrow, Oct 1)",EA/1,,,https://imgcdn.mckesson.com/CumulusWeb/Images/Item_Detail/1206208_right.jpg,,https://mms.mckesson.com/product/1206208/React-Health-SNM3002
1206240,CPAP Mask Component CPAP Cushion Siesta Nasal Style Large Cushion,,React Health,SNM3003,CPAP Masks,$24.75 ,,"In Stock (Get it Tomorrow, Oct 1)",EA/1,,,https://imgcdn.mckesson.com/CumulusWeb/Images/Item_Detail/1206240_right.jpg,,https://mms.mckesson.com/product/1206240/React-Health-SNM3003
1206243,CPAP Mask Component CPAP Cushion Siesta Nasal Style Small Cushion,,React Health,SNM3001,CPAP Masks,$24.75 ,,"In Stock (Get it Tomorrow, Oct 1)",EA/1,,,https://imgcdn.mckesson.com/CumulusWeb/Images/Item_Detail/1206243_right.jpg,,https://mms.mckesson.com/product/1206243/React-Health-SNM3001
1264118,CPAP Headgear Wrap F&P Nova Micro™ One Size Fits Most,,Fisher & Paykel,400NVP122,CPAP Masks,$27.55 ,,"In Stock (Get it Tomorrow, Oct 1)",EA/1,,,https://imgcdn.mckesson.com/CumulusWeb/Images/Item_Detail/1264118_right.jpg,,https://mms.mckesson.com/product/1264118/Fisher-Paykel-400NVP122
1264110,CPAP Bed Pillow F&P Nova Micro™ Medium,,Fisher & Paykel,400NVP115,CPAP Masks,$26.10 ,,"In Stock (Get it Tomorrow, Oct 1)",EA/1,,,https://imgcdn.mckesson.com/CumulusWeb/Images/Item_Detail/1264110_right.jpg,,https://mms.mckesson.com/product/1264110/Fisher-Paykel-400NVP115
1056855,CPAP Mask Component CPAP Nasal Pillows Brevida™ Nasal Pillow Style Medium-Large Cushion,,Fisher & Paykel,400BRE114,CPAP Masks,$24.86 ,,"In Stock (Get it Tomorrow, Oct 1)",EA/1,,,https://imgcdn.mckesson.com/CumulusWeb/Images/Item_Detail/1056855.jpg,,https://mms.mckesson.com/product/1056855/Fisher-Paykel-400BRE114
1056856,CPAP Mask Component CPAP Nasal Pillows Brevida™ Nasal Pillow Style X-Small-Small Cushion,,Fisher & Paykel,400BRE113,CPAP Masks,$24.86 ,,"In Stock (Get it Tomorrow, Oct 1)",EA/1,,,https://imgcdn.mckesson.com/CumulusWeb/Images/Item_Detail/1056856.jpg,,https://mms.mckesson.com/product/1056856/Fisher-Paykel-400BRE113
582393,CPAP Mask Component CPAP Nasal Pillows Opus™ 360 Nasal Pillow Style Large Cushion,,Fisher & Paykel,400HC118,CPAP Masks,$24.17 ,,"In Stock (Get it Tomorrow, Oct 1)",EA/1,,,https://imgcdn.mckesson.com/CumulusWeb/Images/Item_Detail/FSHPAY_582393.jpg,,https://mms.mckesson.com/product/582393/Fisher-Paykel-400HC118
582379,CPAP Mask Component CPAP Nasal Pillows Opus™ 360 Nasal Pillow Style Medium Cushion,,Fisher & Paykel,400HC117,CPAP Masks,$24.17 ,,"In Stock (Get it Tomorrow, Oct 1)",EA/1,,,https://imgcdn.mckesson.com/CumulusWeb/Images/Item_Detail/FSHPAY_582379.jpg,,https://mms.mckesson.com/product/582379/Fisher-Paykel-400HC117
1099635,CPAP Mask Component CPAP Frame DreamWear Full Face Style / Nasal Style / Nasal Pillow Style Adult,,Respironics,1116745,CPAP Masks,$27.74 ,,"In Stock (Get it Tomorrow, Oct 1)",EA/1,,,https://imgcdn.mckesson.com/CumulusWeb/Images/Item_Detail/1099635.jpg,,https://mms.mckesson.com/product/1099635/Respironics-1116745
1111502,CPAP Mask Component CPAP Frame DreamWear Full Face Style / Nasal Style / Nasal Pillow Style Adult,,Respironics,1116747,CPAP Masks,$27.74 ,,"In Stock (Get it Tomorrow, Oct 1)",EA/1,,,https://imgcdn.mckesson.com/CumulusWeb/Images/Item_Detail/1111502_right.jpg,,https://mms.mckesson.com/product/1111502/Respironics-1116747
1109822,CPAP Mask Component CPAP Frame DreamWear Full Face Style / Nasal Style / Nasal Pillow Style Adult,,Respironics,1116746,CPAP Masks,$27.74 ,,"In Stock (Get it Tomorrow, Oct 1)",EA/1,,,https://imgcdn.mckesson.com/CumulusWeb/Images/Item_Detail/1109822_right.jpg,,https://mms.mckesson.com/product/1109822/Respironics-1116746
1027652,CPAP Water Chamber CPAP Water Chambers and Humidifiers DreamStation,,Respironics,1122520,CPAP Masks,$20.40 ,,"In Stock (Get it Tomorrow, Oct 1)",EA/1,,,https://imgcdn.mckesson.com/CumulusWeb/Images/Item_Detail/1027652.jpg,,https://mms.mckesson.com/product/1027652/Respironics-1122520
1206230,CPAP Mask Component CPAP Cushion Rio II Nasal Style Medium Cushion,,React Health,RII3002,CPAP Masks,$18.66 ,,"In Stock (Get it Tomorrow, Oct 1)",EA/1,,,https://imgcdn.mckesson.com/CumulusWeb/Images/Item_Detail/1206230_right.jpg,,https://mms.mckesson.com/product/1206230/React-Health-RII3002
1206198,CPAP Mask Component CPAP Cushion Rio II Nasal Style Small Cushion,,React Health,RII3001,CPAP Masks,$18.66 ,,"In Stock (Get it Tomorrow, Oct 1)",EA/1,,,https://imgcdn.mckesson.com/CumulusWeb/Images/Item_Detail/1206198_right.jpg,,https://mms.mckesson.com/product/1206198/React-Health-RII3001
1206199,CPAP Mask Component CPAP Cushion Rio II Nasal Style Large Cushion,,React Health,RII3003,CPAP Masks,$18.66 ,,"In Stock (Get it Tomorrow, Oct 1)",EA/1,,,https://imgcdn.mckesson.com/CumulusWeb/Images/Item_Detail/1206199_right.jpg,,https://mms.mckesson.com/product/1206199/React-Health-RII3003
1159839,CPAP Headgear Wrap DreamWear,,Respironics,1116754,CPAP Masks,$12.48 ,,"In Stock (Get it Tomorrow, Oct 1)",EA/1,,,https://imgcdn.mckesson.com/CumulusWeb/Images/Item_Detail/1159839_pdet.jpg,,https://mms.mckesson.com/product/1159839/Respironics-1116754
884499,CPAP Filter S9 Series Ultrafine Disposable 2 per Pack White No Tab,,Drive DeVilbiss Healthcare,CPF-S9PK2,CPAP Masks,$0.68 ,,"In Stock (Get it Tomorrow, Oct 1)",PK/2,,,https://imgcdn.mckesson.com/CumulusWeb/Images/Item_Detail/884499.jpg,,https://mms.mckesson.com/product/884499/Drive-DeVilbiss-Healthcare-CPF-S9PK2
1026309,CPAP Filter Respironics® Foam / Pollen Reusable 1 per Pack Blue / White With Frame,,Respironics,1122446,CPAP Masks,$5.44 ,,"In Stock (Get it Tomorrow, Oct 1)",EA/1,,,https://imgcdn.mckesson.com/CumulusWeb/Images/Item_Detail/1026309_right.jpg,,https://mms.mckesson.com/product/1026309/Respironics-1122446
929834,CPAP Filter S9 and AirSense 10 Hypoallergenic Disposable 3 per Pack White No Tab,,Sunset Healthcare,CF2107HA,CPAP Masks,$2.65 ,,"In Stock (Get it Tomorrow, Oct 1)",PK/3,,,https://imgcdn.mckesson.com/CumulusWeb/Images/Item_Detail/929834.jpg,,https://mms.mckesson.com/product/929834/Sunset-Healthcare-CF2107HA
724282,"Reusable Filter For Respironics® with PR System One, RemStar Plus C-Flex, RemStar Auto A-Flex, BiPap Pro Bi-Flex, BiPap Auto Bi-Flex, RemStar Pro C-Flex, BiPap Pro Bi-Flex, SleepEasy with C-Flex and SleepEasy Machines",,Drive DeVilbiss Healthcare,CPF-F31PK1,CPAP Masks,$0.96 ,,"In Stock (Get it Tomorrow, Oct 1)",EA/1,,,https://imgcdn.mckesson.com/CumulusWeb/Images/Item_Detail/724282.jpg,,https://mms.mckesson.com/product/724282/Drive-DeVilbiss-Healthcare-CPF-F31PK1
853938,CPAP Mask Kit CPAP Mask Kit Amara™ Gel Full Face Style Medium Cushion Adult,,Respironics,1090405,CPAP Masks,$133.17 ,,Limited quantities available,EA/1,,,https://imgcdn.mckesson.com/CumulusWeb/Images/Item_Detail/853938_left.jpg,,https://mms.mckesson.com/product/853938/Respironics-1090405
1286341,CPAP Mask Mask Kit Fisher & Paykel Nova™ Nasal Style Large Size Adult,,Fisher & Paykel,NVN1LA,CPAP Masks,$90.78 ,,Limited quantities available,EA/1,,,https://imgcdn.mckesson.com/CumulusWeb/Images/Item_Detail/1286341_front.jpg,,https://mms.mckesson.com/product/1286341/Fisher-Paykel-NVN1LA
1062698,CPAP Mask Kit CPAP Starter Kit DreamWear Nasal Pillow Style Small / Medium / Large Cushions,,Respironics,1124984,CPAP Masks,$34.42 ,,Limited quantities available,EA/1,,,https://imgcdn.mckesson.com/CumulusWeb/Images/Item_Detail/1062698.jpg,,https://mms.mckesson.com/product/1062698/Respironics-1124984
862643,CPAP Mask Component CPAP Nasal Pillows Nasal-Aire® II Nasal Pillow Style Large Cushion,,Sun Med,LG05,CPAP Masks,$21.38 ,,Limited quantities available,EA/1,,,https://imgcdn.mckesson.com/CumulusWeb/Images/Item_Detail/862643_front.jpg,,https://mms.mckesson.com/product/862643/Sun-Med-LG05
1006273,CPAP Mask Replacement Parts CPAP Mask Filter with Cover,,Fisher & Paykel,400HC229,CPAP Masks,$4.59 ,,Limited quantities available,EA/1,,,https://imgcdn.mckesson.com/CumulusWeb/Images/Item_Detail/1006273.jpg,,https://mms.mckesson.com/product/1006273/Fisher-Paykel-400HC229
1053229,CPAP Mask Kit Pulmodyne® GO-PAP™ Full Face Style Adult,,Pulmodyne,313-4602,CPAP/BiPAP Equipment,$718.36 ,,"In Stock - Network (Get it Tuesday, Oct 6)",CS/10,,,https://imgcdn.mckesson.com/CumulusWeb/Images/Item_Detail/1053229.jpg,,https://mms.mckesson.com/product/1053229/Pulmodyne-313-4602
1201602,BPAP Unit Luna G3 Bi-Level 25A With Heated Humidifier,,React Health,LG3700,CPAP/BiPAP Equipment,"$1,059.01 ",,"In Stock (Get it Tomorrow, Oct 1)",EA/1,,,https://imgcdn.mckesson.com/CumulusWeb/Images/Item_Detail/1201602_front.jpg,,https://mms.mckesson.com/product/1201602/React-Health-LG3700
1159349,Heat and Moisture Exchanger Pepper Medical 10 mg H₂O/L @ VT 500 mL 1.48 cm H₂O @ 30 LPM Straight,,Pepper Medical,HME-712,Heat/Moisture Exchange,$48.51 ,,"In Stock - Network (Get it Saturday, Oct 3)",BX/25,,,https://imgcdn.mckesson.com/CumulusWeb/Images/Item_Detail/1159349_front.jpg,,https://mms.mckesson.com/product/1159349/Pepper-Medical-HME-712
834976,CPAP Filter ICON Plus Ultrafine Disposable 1 per Pack No Tab,,Fisher & Paykel,900ICON503,Heat/Moisture Exchange,$1.38 ,,"In Stock (Get it Tomorrow, Oct 1)",EA/1,,,https://imgcdn.mckesson.com/CumulusWeb/Images/Item_Detail/834976.jpg,,https://mms.mckesson.com/product/834976/Fisher-Paykel-900ICON503
728496,Sleep Study System ARES™ Battery Operated Without Display,,Watermark Medical,WMDK-001,Home Sleep Tests,$631.03 ,,"In Stock (Get it Tomorrow, Oct 1)",BX/10,,,https://imgcdn.mckesson.com/CumulusWeb/Images/Item_Detail/728496_right.jpg,,https://mms.mckesson.com/product/728496/Watermark-Medical-WMDK-001
1193907,Sleep Studiy Monitor ARES™ 620 Battery Operarated Digital Display,,Watermark Medical,W03621,Home Sleep Tests,$595.33 ,,"In Stock (Get it Tomorrow, Oct 1)",BX/10,,,https://imgcdn.mckesson.com/CumulusWeb/Images/Item_Detail/1193907_pkit2.jpg,,https://mms.mckesson.com/product/1193907/Watermark-Medical-W03621
1167871,Bacterial / Viral Filter 8.8 cm H₂O @ 30 LPM,,Sunset Healthcare,BF2200,Humidification Accessories,$9.79 ,,"In Stock - Network (Get it Saturday, Oct 3)",PK/5,,,https://imgcdn.mckesson.com/CumulusWeb/Images/Item_Detail/1167871_left.jpg,,https://mms.mckesson.com/product/1167871/Sunset-Healthcare-BF2200
725871,CPAP Filter Foam Reusable 1 per Pack Black No Tab,,Respironics,1063091,Humidification Accessories,$2.04 ,,"In Stock - Network (Get it Saturday, Oct 3)",EA/1,,,https://imgcdn.mckesson.com/CumulusWeb/Images/Item_Detail/725871.jpg,,https://mms.mckesson.com/product/725871/Respironics-1063091
1202870,CPAP Filter Dreamstation® Foam / Pollen Disposable 6 per Pack Blue / White With Frame,,Sunset Healthcare,CF1012,Humidification Accessories,$5.44 ,,"In Stock - Network (Get it Tuesday, Oct 6)",PK/6,,,https://imgcdn.mckesson.com/CumulusWeb/Images/Item_Detail/1202870_left.jpg,,https://mms.mckesson.com/product/1202870/Sunset-Healthcare-CF1012
1209809,CPAP Inline Bacterial Filter,,Sunset Healthcare,BF2200-1,Humidification Accessories,$1.36 ,,"In Stock (Get it Tomorrow, Oct 1)",EA/1,,,https://imgcdn.mckesson.com/CumulusWeb/Images/Item_Detail/1209809_front_.jpg,,https://mms.mckesson.com/product/1209809/Sunset-Healthcare-BF2200-1
561425,CPAP Tubing 6 Foot Length 15 mm ID 22 mm Cuffs,,Respironics,532316,Oxygen Connecting Tubing,$8.57 ,,"In Stock - Network (Get it Friday, Oct 2)",EA/1,,,https://imgcdn.mckesson.com/CumulusWeb/Images/Item_Detail/RESPIR_561425.jpg,,https://mms.mckesson.com/product/561425/Respironics-532316
1223772,CPAP Power Supply CPAP Power Solutions Philips Respironics DreamStation 2,,Respironics,1144267,Respiratory Accessories,$81.60 ,,"In Stock - Network (Get it Tuesday, Oct 6)",EA/1,,,https://imgcdn.mckesson.com/CumulusWeb/Images/Item_Detail/1223772_front.jpg,,https://mms.mckesson.com/product/1223772/Respironics-1144267
479200,Cannula Securement Tender Grips® For CPAP Equipment,,Sun Med,1008-0-25,Respiratory Accessories,$95.27 ,,"In Stock (Get it Tomorrow, Oct 1)",CS/25,,,https://imgcdn.mckesson.com/CumulusWeb/Images/Item_Detail/479200_pdet.jpg,,https://mms.mckesson.com/product/479200/Sun-Med-1008-0-25
1206189,CPAP Sanitizing Unit Lumin™ UV Technology,,React Health,LM3000,Respiratory Accessories,$203.32 ,,"In Stock (Get it Tomorrow, Oct 1)",EA/1,,,https://imgcdn.mckesson.com/CumulusWeb/Images/Item_Detail/1206189_left.jpg,,https://mms.mckesson.com/product/1206189/React-Health-LM3000
444420,"Swivel Exhalation Valve Whisper Swivel II Contour, Gold Seal, and Prolife Lite Masks",,Respironics,332113,Ventilator Accessories,$30.75 ,,"In Stock (Get it Tomorrow, Oct 1)",EA/1,,,https://imgcdn.mckesson.com/CumulusWeb/Images/Item_Detail/444420_right.jpg,,https://mms.mckesson.com/product/444420/Respironics-332113
,,,,,,,,,,,,,,
,,,,,,,,,,,,,,
,,,,,,,,,,,,,,
,,,,,,,,,,,,,,
,,,,,,,,,,,,,,
,,,,,,,,,,,,,,
,,,,,,,,,,,,,,
,,,,,,,,,,,,,,
,,,,,,,,,,,,,,
,,,,,,,,,,,,,,
,,,,,,,,,,,,,,
,,,,,,,,,,,,,,
,,,,,,,,,,,,,,
,,,,,,,,,,,,,,
,,,,,,,,,,,,,,
,,,,,,,,,,,,,,
,,,,,,,,,,,,,,
,,,,,,,,,,,,,,
,,,,,,,,,,,,,,
,,,,,,,,,,,,,,
,,,,,,,,,,,,,,
,,,,,,,,,,,,,,
,,,,,,,,,,,,,,
,,,,,,,,,,,,,,
,,,,,,,,,,,,,,
,,,,,,,,,,,,,,
,,,,,,,,,,,,,,
,,,,,,,,,,,,,,
,,,,,,,,,,,,,,
,,,,,,,,,,,,,,
,,,,,,,,,,,,,,
,,,,,,,,,,,,,,
,,,,,,,,,,,,,,
,,,,,,,,,,,,,,
,,,,,,,,,,,,,,
,,,,,,,,,,,,,,
,,,,,,,,,,,,,,
,,,,,,,,,,,,,,
,,,,,,,,,,,,,,
,,,,,,,,,,,,,,
,,,,,,,,,,,,,,
,,,,,,,,,,,,,,
,,,,,,,,,,,,,,
,,,,,,,,,,,,,,
,,,,,,,,,,,,,,
,,,,,,,,,,,,,,
,,,,,,,,,,,,,,
,,,,,,,,,,,,,,
,,,,,,,,,,,,,,
,,,,,,,,,,,,,,
,,,,,,,,,,,,,,
,,,,,,,,,,,,,,
,,,,,,,,,,,,,,
,,,,,,,,,,,,,,
,,,,,,,,,,,,,,
,,,,,,,,,,,,,,
,,,,,,,,,,,,,,
,,,,,,,,,,,,,,
,,,,,,,,,,,,,,
,,,,,,,,,,,,,,
,,,,,,,,,,,,,,
,,,,,,,,,,,,,,
,,,,,,,,,,,,,,
,,,,,,,,,,,,,,
,,,,,,,,,,,,,,
,,,,,,,,,,,,,,
,,,,,,,,,,,,,,
,,,,,,,,,,,,,,
,,,,,,,,,,,,,,
,,,,,,,,,,,,,,
,,,,,,,,,,,,,,
,,,,,,,,,,,,,,
,,,,,,,,,,,,,,
,,,,,,,,,,,,,,
,,,,,,,,,,,,,,
,,,,,,,,,,,,,,
,,,,,,,,,,,,,,
,,,,,,,,,,,,,,
,,,,,,,,,,,,,,
,,,,,,,,,,,,,,
,,,,,,,,,,,,,,
,,,,,,,,,,,,,,
,,,,,,,,,,,,,,
,,,,,,,,,,,,,,
,,,,,,,,,,,,,,
,,,,,,,,,,,,,,
,,,,,,,,,,,,,,
,,,,,,,,,,,,,,
,,,,,,,,,,,,,,
,,,,,,,,,,,,,,
,,,,,,,,,,,,,,
,,,,,,,,,,,,,,
,,,,,,,,,,,,,,
,,,,,,,,,,,,,,
,,,,,,,,,,,,,,
,,,,,,,,,,,,,,
,,,,,,,,,,,,,,
,,,,,,,,,,,,,,
,,,,,,,,,,,,,,
,,,,,,,,,,,,,,
,,,,,,,,,,,,,,
,,,,,,,,,,,,,,
,,,,,,,,,,,,,,
,,,,,,,,,,,,,,
,,,,,,,,,,,,,,
,,,,,,,,,,,,,,
,,,,,,,,,,,,,,
,,,,,,,,,,,,,,
,,,,,,,,,,,,,,
,,,,,,,,,,,,,,
,,,,,,,,,,,,,,
,,,,,,,,,,,,,,
,,,,,,,,,,,,,,
,,,,,,,,,,,,,,
,,,,,,,,,,,,,,
,,,,,,,,,,,,,,
,,,,,,,,,,,,,,
,,,,,,,,,,,,,,
,,,,,,,,,,,,,,
,,,,,,,,,,,,,,
,,,,,,,,,,,,,,
,,,,,,,,,,,,,,
,,,,,,,,,,,,,,
,,,,,,,,,,,,,,
,,,,,,,,,,,,,,
,,,,,,,,,,,,,,
,,,,,,,,,,,,,,
,,,,,,,,,,,,,,
,,,,,,,,,,,,,,
,,,,,,,,,,,,,,
,,,,,,,,,,,,,,
,,,,,,,,,,,,,,
,,,,,,,,,,,,,,
,,,,,,,,,,,,,,
,,,,,,,,,,,,,,
,,,,,,,,,,,,,,
,,,,,,,,,,,,,,
,,,,,,,,,,,,,,
,,,,,,,,,,,,,,
,,,,,,,,,,,,,,
,,,,,,,,,,,,,,
,,,,,,,,,,,,,,
,,,,,,,,,,,,,,
,,,,,,,,,,,,,,
,,,,,,,,,,,,,,
,,,,,,,,,,,,,,
,,,,,,,,,,,,,,
,,,,,,,,,,,,,,
,,,,,,,,,,,,,,
,,,,,,,,,,,,,,
,,,,,,,,,,,,,,
,,,,,,,,,,,,,,
,,,,,,,,,,,,,,
,,,,,,,,,,,,,,
,,,,,,,,,,,,,,
,,,,,,,,,,,,,,
,,,,,,,,,,,,,,
,,,,,,,,,,,,,,
,,,,,,,,,,,,,,
,,,,,,,,,,,,,,
,,,,,,,,,,,,,,
,,,,,,,,,,,,,,
,,,,,,,,,,,,,,
,,,,,,,,,,,,,,
,,,,,,,,,,,,,,
,,,,,,,,,,,,,,
,,,,,,,,,,,,,,
,,,,,,,,,,,,,,
,,,,,,,,,,,,,,
,,,,,,,,,,,,,,
,,,,,,,,,,,,,,
,,,,,,,,,,,,,,
,,,,,,,,,,,,,,
,,,,,,,,,,,,,,
,,,,,,,,,,,,,,
,,,,,,,,,,,,,,
,,,,,,,,,,,,,,
,,,,,,,,,,,,,,
,,,,,,,,,,,,,,
,,,,,,,,,,,,,,
,,,,,,,,,,,,,,
,,,,,,,,,,,,,,
,,,,,,,,,,,,,,
,,,,,,,,,,,,,,
,,,,,,,,,,,,,,
,,,,,,,,,,,,,,
,,,,,,,,,,,,,,
,,,,,,,,,,,,,,
,,,,,,,,,,,,,,
,,,,,,,,,,,,,,
,,,,,,,,,,,,,,
,,,,,,,,,,,,,,
,,,,,,,,,,,,,,
,,,,,,,,,,,,,,
,,,,,,,,,,,,,,
,,,,,,,,,,,,,,
,,,,,,,,,,,,,,
,,,,,,,,,,,,,,
,,,,,,,,,,,,,,
,,,,,,,,,,,,,,
,,,,,,,,,,,,,,
,,,,,,,,,,,,,,
,,,,,,,,,,,,,,
,,,,,,,,,,,,,,
,,,,,,,,,,,,,,
,,,,,,,,,,,,,,
,,,,,,,,,,,,,,
,,,,,,,,,,,,,,
,,,,,,,,,,,,,,
,,,,,,,,,,,,,,
,,,,,,,,,,,,,,
,,,,,,,,,,,,,,
,,,,,,,,,,,,,,
,,,,,,,,,,,,,,
,,,,,,,,,,,,,,
,,,,,,,,,,,,,,
,,,,,,,,,,,,,,
,,,,,,,,,,,,,,
,,,,,,,,,,,,,,
,,,,,,,,,,,,,,
,,,,,,,,,,,,,,
,,,,,,,,,,,,,,
,,,,,,,,,,,,,,
,,,,,,,,,,,,,,
,,,,,,,,,,,,,,
,,,,,,,,,,,,,,
,,,,,,,,,,,,,,
,,,,,,,,,,,,,,
,,,,,,,,,,,,,,
,,,,,,,,,,,,,,
,,,,,,,,,,,,,,
,,,,,,,,,,,,,,
,,,,,,,,,,,,,,
,,,,,,,,,,,,,,
,,,,,,,,,,,,,,
,,,,,,,,,,,,,,
,,,,,,,,,,,,,,
,,,,,,,,,,,,,,
,,,,,,,,,,,,,,
,,,,,,,,,,,,,,
,,,,,,,,,,,,,,
,,,,,,,,,,,,,,
,,,,,,,,,,,,,,
,,,,,,,,,,,,,,
,,,,,,,,,,,,,,
,,,,,,,,,,,,,,
,,,,,,,,,,,,,,
,,,,,,,,,,,,,,
,,,,,,,,,,,,,,
,,,,,,,,,,,,,,
,,,,,,,,,,,,,,
,,,,,,,,,,,,,,
,,,,,,,,,,,,,,
,,,,,,,,,,,,,,
,,,,,,,,,,,,,,
,,,,,,,,,,,,,,
,,,,,,,,,,,,,,
,,,,,,,,,,,,,,
,,,,,,,,,,,,,,
,,,,,,,,,,,,,,
,,,,,,,,,,,,,,
,,,,,,,,,,,,,,
,,,,,,,,,,,,,,
,,,,,,,,,,,,,,
,,,,,,,,,,,,,,
,,,,,,,,,,,,,,
,,,,,,,,,,,,,,
,,,,,,,,,,,,,,
,,,,,,,,,,,,,,
,,,,,,,,,,,,,,
,,,,,,,,,,,,,,
,,,,,,,,,,,,,,
,,,,,,,,,,,,,,
,,,,,,,,,,,,,,
,,,,,,,,,,,,,,
,,,,,,,,,,,,,,
,,,,,,,,,,,,,,
,,,,,,,,,,,,,,
,,,,,,,,,,,,,,
,,,,,,,,,,,,,,
,,,,,,,,,,,,,,
,,,,,,,,,,,,,,
,,,,,,,,,,,,,,
,,,,,,,,,,,,,,
,,,,,,,,,,,,,,
,,,,,,,,,,,,,,
,,,,,,,,,,,,,,
,,,,,,,,,,,,,,
,,,,,,,,,,,,,,
,,,,,,,,,,,,,,
,,,,,,,,,,,,,,
,,,,,,,,,,,,,,
,,,,,,,,,,,,,,
,,,,,,,,,,,,,,
,,,,,,,,,,,,,,
,,,,,,,,,,,,,,
,,,,,,,,,,,,,,
,,,,,,,,,,,,,,
,,,,,,,,,,,,,,
,,,,,,,,,,,,,,
,,,,,,,,,,,,,,
,,,,,,,,,,,,,,
,,,,,,,,,,,,,,
,,,,,,,,,,,,,,
,,,,,,,,,,,,,,
,,,,,,,,,,,,,,
,,,,,,,,,,,,,,
,,,,,,,,,,,,,,
,,,,,,,,,,,,,,
,,,,,,,,,,,,,,
,,,,,,,,,,,,,,
,,,,,,,,,,,,,,
,,,,,,,,,,,,,,
,,,,,,,,,,,,,,
,,,,,,,,,,,,,,
,,,,,,,,,,,,,,
,,,,,,,,,,,,,,
,,,,,,,,,,,,,,
,,,,,,,,,,,,,,
,,,,,,,,,,,,,,
,,,,,,,,,,,,,,
,,,,,,,,,,,,,,
,,,,,,,,,,,,,,
,,,,,,,,,,,,,,
,,,,,,,,,,,,,,
,,,,,,,,,,,,,,
,,,,,,,,,,,,,,
,,,,,,,,,,,,,,
,,,,,,,,,,,,,,
,,,,,,,,,,,,,,
,,,,,,,,,,,,,,
,,,,,,,,,,,,,,
,,,,,,,,,,,,,,
,,,,,,,,,,,,,,
,,,,,,,,,,,,,,
,,,,,,,,,,,,,,
,,,,,,,,,,,,,,
,,,,,,,,,,,,,,
,,,,,,,,,,,,,,
,,,,,,,,,,,,,,
,,,,,,,,,,,,,,
,,,,,,,,,,,,,,
,,,,,,,,,,,,,,
,,,,,,,,,,,,,,
,,,,,,,,,,,,,,
,,,,,,,,,,,,,,
,,,,,,,,,,,,,,
,,,,,,,,,,,,,,
,,,,,,,,,,,,,,
,,,,,,,,,,,,,,
,,,,,,,,,,,,,,
,,,,,,,,,,,,,,
,,,,,,,,,,,,,,
,,,,,,,,,,,,,,
,,,,,,,,,,,,,,
,,,,,,,,,,,,,,
,,,,,,,,,,,,,,
,,,,,,,,,,,,,,
,,,,,,,,,,,,,,
,,,,,,,,,,,,,,
,,,,,,,,,,,,,,
,,,,,,,,,,,,,,
,,,,,,,,,,,,,,
,,,,,,,,,,,,,,
,,,,,,,,,,,,,,
,,,,,,,,,,,,,,
,,,,,,,,,,,,,,
,,,,,,,,,,,,,,
,,,,,,,,,,,,,,
,,,,,,,,,,,,,,
,,,,,,,,,,,,,,
,,,,,,,,,,,,,,
,,,,,,,,,,,,,,
,,,,,,,,,,,,,,
,,,,,,,,,,,,,,
,,,,,,,,,,,,,,
,,,,,,,,,,,,,,
,,,,,,,,,,,,,,
,,,,,,,,,,,,,,
,,,,,,,,,,,,,,
,,,,,,,,,,,,,,
,,,,,,,,,,,,,,
,,,,,,,,,,,,,,
,,,,,,,,,,,,,,
,,,,,,,,,,,,,,
,,,,,,,,,,,,,,
,,,,,,,,,,,,,,
,,,,,,,,,,,,,,
,,,,,,,,,,,,,,
,,,,,,,,,,,,,,
,,,,,,,,,,,,,,
,,,,,,,,,,,,,,
,,,,,,,,,,,,,,
,,,,,,,,,,,,,,
,,,,,,,,,,,,,,
,,,,,,,,,,,,,,
,,,,,,,,,,,,,,
,,,,,,,,,,,,,,
,,,,,,,,,,,,,,
,,,,,,,,,,,,,,
,,,,,,,,,,,,,,
,,,,,,,,,,,,,,
,,,,,,,,,,,,,,
,,,,,,,,,,,,,,
,,,,,,,,,,,,,,
,,,,,,,,,,,,,,
,,,,,,,,,,,,,,
,,,,,,,,,,,,,,
,,,,,,,,,,,,,,
,,,,,,,,,,,,,,
,,,,,,,,,,,,,,
,,,,,,,,,,,,,,
,,,,,,,,,,,,,,
,,,,,,,,,,,,,,
,,,,,,,,,,,,,,
,,,,,,,,,,,,,,
,,,,,,,,,,,,,,
,,,,,,,,,,,,,,
,,,,,,,,,,,,,,
,,,,,,,,,,,,,,
,,,,,,,,,,,,,,
,,,,,,,,,,,,,,
,,,,,,,,,,,,,,
,,,,,,,,,,,,,,
,,,,,,,,,,,,,,
,,,,,,,,,,,,,,
,,,,,,,,,,,,,,
,,,,,,,,,,,,,,
,,,,,,,,,,,,,,
,,,,,,,,,,,,,,
,,,,,,,,,,,,,,
,,,,,,,,,,,,,,
,,,,,,,,,,,,,,
,,,,,,,,,,,,,,
,,,,,,,,,,,,,,
,,,,,,,,,,,,,,
,,,,,,,,,,,,,,
,,,,,,,,,,,,,,
,,,,,,,,,,,,,,
,,,,,,,,,,,,,,
,,,,,,,,,,,,,,
,,,,,,,,,,,,,,
,,,,,,,,,,,,,,
,,,,,,,,,,,,,,
,,,,,,,,,,,,,,
,,,,,,,,,,,,,,
,,,,,,,,,,,,,,
,,,,,,,,,,,,,,
,,,,,,,,,,,,,,
,,,,,,,,,,,,,,
,,,,,,,,,,,,,,
,,,,,,,,,,,,,,
,,,,,,,,,,,,,,
,,,,,,,,,,,,,,
,,,,,,,,,,,,,,
,,,,,,,,,,,,,,
,,,,,,,,,,,,,,
,,,,,,,,,,,,,,
,,,,,,,,,,,,,,
,,,,,,,,,,,,,,
,,,,,,,,,,,,,,
,,,,,,,,,,,,,,
,,,,,,,,,,,,,,
,,,,,,,,,,,,,,
,,,,,,,,,,,,,,
,,,,,,,,,,,,,,
,,,,,,,,,,,,,,
,,,,,,,,,,,,,,
,,,,,,,,,,,,,,
,,,,,,,,,,,,,,
,,,,,,,,,,,,,,
,,,,,,,,,,,,,,
,,,,,,,,,,,,,,
,,,,,,,,,,,,,,
,,,,,,,,,,,,,,
,,,,,,,,,,,,,,
,,,,,,,,,,,,,,
,,,,,,,,,,,,,,
,,,,,,,,,,,,,,
,,,,,,,,,,,,,,
,,,,,,,,,,,,,,
,,,,,,,,,,,,,,
,,,,,,,,,,,,,,
,,,,,,,,,,,,,,
,,,,,,,,,,,,,,
,,,,,,,,,,,,,,
,,,,,,,,,,,,,,
,,,,,,,,,,,,,,
,,,,,,,,,,,,,,
,,,,,,,,,,,,,,
,,,,,,,,,,,,,,
,,,,,,,,,,,,,,
,,,,,,,,,,,,,,
,,,,,,,,,,,,,,
,,,,,,,,,,,,,,
,,,,,,,,,,,,,,
,,,,,,,,,,,,,,
,,,,,,,,,,,,,,
,,,,,,,,,,,,,,
,,,,,,,,,,,,,,
,,,,,,,,,,,,,,
,,,,,,,,,,,,,,
,,,,,,,,,,,,,,
,,,,,,,,,,,,,,
,,,,,,,,,,,,,,
,,,,,,,,,,,,,,
,,,,,,,,,,,,,,
,,,,,,,,,,,,,,
,,,,,,,,,,,,,,
,,,,,,,,,,,,,,
,,,,,,,,,,,,,,
,,,,,,,,,,,,,,
,,,,,,,,,,,,,,
,,,,,,,,,,,,,,
,,,,,,,,,,,,,,
,,,,,,,,,,,,,,
,,,,,,,,,,,,,,
,,,,,,,,,,,,,,
,,,,,,,,,,,,,,
,,,,,,,,,,,,,,
,,,,,,,,,,,,,,
,,,,,,,,,,,,,,
,,,,,,,,,,,,,,
,,,,,,,,,,,,,,
,,,,,,,,,,,,,,
,,,,,,,,,,,,,,
,,,,,,,,,,,,,,
,,,,,,,,,,,,,,
,,,,,,,,,,,,,,
,,,,,,,,,,,,,,
,,,,,,,,,,,,,,
,,,,,,,,,,,,,,
,,,,,,,,,,,,,,
,,,,,,,,,,,,,,
,,,,,,,,,,,,,,
,,,,,,,,,,,,,,
,,,,,,,,,,,,,,
,,,,,,,,,,,,,,
,,,,,,,,,,,,,,
,,,,,,,,,,,,,,
,,,,,,,,,,,,,,
,,,,,,,,,,,,,,
,,,,,,,,,,,,,,
,,,,,,,,,,,,,,
,,,,,,,,,,,,,,
,,,,,,,,,,,,,,
,,,,,,,,,,,,,,
,,,,,,,,,,,,,,
,,,,,,,,,,,,,,
,,,,,,,,,,,,,,
,,,,,,,,,,,,,,
,,,,,,,,,,,,,,
,,,,,,,,,,,,,,
,,,,,,,,,,,,,,
,,,,,,,,,,,,,,
,,,,,,,,,,,,,,
,,,,,,,,,,,,,,
,,,,,,,,,,,,,,
,,,,,,,,,,,,,,
,,,,,,,,,,,,,,
,,,,,,,,,,,,,,
,,,,,,,,,,,,,,
,,,,,,,,,,,,,,
,,,,,,,,,,,,,,
,,,,,,,,,,,,,,
,,,,,,,,,,,,,,
,,,,,,,,,,,,,,
,,,,,,,,,,,,,,
,,,,,,,,,,,,,,
,,,,,,,,,,,,,,
,,,,,,,,,,,,,,
,,,,,,,,,,,,,,
,,,,,,,,,,,,,,
,,,,,,,,,,,,,,
,,,,,,,,,,,,,,
,,,,,,,,,,,,,,
,,,,,,,,,,,,,,
,,,,,,,,,,,,,,
,,,,,,,,,,,,,,
,,,,,,,,,,,,,,
,,,,,,,,,,,,,,
,,,,,,,,,,,,,,
,,,,,,,,,,,,,,
,,,,,,,,,,,,,,
,,,,,,,,,,,,,,
,,,,,,,,,,,,,,
,,,,,,,,,,,,,,
,,,,,,,,,,,,,,
,,,,,,,,,,,,,,
,,,,,,,,,,,,,,
,,,,,,,,,,,,,,
,,,,,,,,,,,,,,
,,,,,,,,,,,,,,
,,,,,,,,,,,,,,
,,,,,,,,,,,,,,
,,,,,,,,,,,,,,
,,,,,,,,,,,,,,
,,,,,,,,,,,,,,
,,,,,,,,,,,,,,
,,,,,,,,,,,,,,
,,,,,,,,,,,,,,
,,,,,,,,,,,,,,
,,,,,,,,,,,,,,
,,,,,,,,,,,,,,
,,,,,,,,,,,,,,
,,,,,,,,,,,,,,
,,,,,,,,,,,,,,
,,,,,,,,,,,,,,
,,,,,,,,,,,,,,
,,,,,,,,,,,,,,
,,,,,,,,,,,,,,
,,,,,,,,,,,,,,
,,,,,,,,,,,,,,
,,,,,,,,,,,,,,
,,,,,,,,,,,,,,
,,,,,,,,,,,,,,
,,,,,,,,,,,,,,
,,,,,,,,,,,,,,
,,,,,,,,,,,,,,
,,,,,,,,,,,,,,
,,,,,,,,,,,,,,
,,,,,,,,,,,,,,
,,,,,,,,,,,,,,
,,,,,,,,,,,,,,
,,,,,,,,,,,,,,
,,,,,,,,,,,,,,
,,,,,,,,,,,,,,
,,,,,,,,,,,,,,
,,,,,,,,,,,,,,
,,,,,,,,,,,,,,
,,,,,,,,,,,,,,
,,,,,,,,,,,,,,
,,,,,,,,,,,,,,
,,,,,,,,,,,,,,
,,,,,,,,,,,,,,
,,,,,,,,,,,,,,
,,,,,,,,,,,,,,
,,,,,,,,,,,,,,
,,,,,,,,,,,,,,
,,,,,,,,,,,,,,
,,,,,,,,,,,,,,
,,,,,,,,,,,,,,
,,,,,,,,,,,,,,
,,,,,,,,,,,,,,
,,,,,,,,,,,,,,
,,,,,,,,,,,,,,
,,,,,,,,,,,,,,
,,,,,,,,,,,,,,
,,,,,,,,,,,,,,
,,,,,,,,,,,,,,
,,,,,,,,,,,,,,
,,,,,,,,,,,,,,
,,,,,,,,,,,,,,
,,,,,,,,,,,,,,
,,,,,,,,,,,,,,
,,,,,,,,,,,,,,
,,,,,,,,,,,,,,
,,,,,,,,,,,,,,
