SKU,Product Name,HCPCS Code,Manufacturer,MFR Part Number,Category,Dealer Price,Retail Price,Stock Status,UOM,Description,Features,Image URL,Manuals,Product URL
165216,Incontinence Liner Wings™ 7 X 17 Inch Moderate Absorbency Polymer Core One Size Fits Most,,Cardinal,635A,"Pads, Incontinence",$48.44 ,,In Stock,CS/8,,,https://imgcdn.mckesson.com/CumulusWeb/Images/Item_Detail/165216_ppkgleft.jpg,,https://mms.mckesson.com/product/165216/Cardinal-635A
580352,Incontinence Brief TENA® Ultra Adult Large Unisex Disposable Heavy Absorbency,,Essity HMS North America Inc,67351,Disposable Incontinence Briefs,$63.85 ,,In Stock,CS/6,,,https://imgcdn.mckesson.com/CumulusWeb/Images/Item_Detail/580352_ppkgfront.jpg,,https://mms.mckesson.com/product/580352/Essity-HMS-North-America-Inc-67351
321487,Incontinence Brief TENA ProSkin™ Ultra Adult Large Unisex Disposable Heavy Absorbency,,Essity HMS North America Inc,67300,Disposable Incontinence Briefs,$37.59 ,,In Stock,CS/2,,,https://imgcdn.mckesson.com/CumulusWeb/Images/Item_Detail/321487_pkgfront.jpg,,https://mms.mckesson.com/product/321487/Essity-HMS-North-America-Inc-67300
860104,Absorbent Underwear MoliCare® Premium Mobile 6D Pull On with Tear Away Seams Adult X-Large Unisex Disposable Moderate Absorbency,,Hartmann,915834,"Underwear, Disposable Incontinence Brief",$19.90 ,,In Stock,BG/14,,,https://imgcdn.mckesson.com/CumulusWeb/Images/Item_Detail/860104_ppkgfront.jpg,,https://mms.mckesson.com/product/860104/Hartmann-915834
1128076,Absorbent Underwear Attends® Premier Pull On with Tear Away Seams Adult Medium Unisex Disposable Heavy Absorbency,,Attends Healthcare Products,ALI-UW20,"Underwear, Disposable Incontinence Brief",$18.71 ,,In Stock,BG/18,,,https://imgcdn.mckesson.com/CumulusWeb/Images/Item_Detail/1128076_ppkgleft.jpg,,https://mms.mckesson.com/product/1128076/Attends-Healthcare-Products-ALI-UW20
628594,Incontinence Brief TENA ProSkin™ Super Adult X-Large Unisex Disposable Heavy Absorbency,,Essity HMS North America Inc,68011,Disposable Incontinence Briefs,$18.81 ,,In Stock,BG/15,,,https://imgcdn.mckesson.com/CumulusWeb/Images/Item_Detail/628594_pkgfront.jpg,,https://mms.mckesson.com/product/628594/Essity-HMS-North-America-Inc-68011
628610,Incontinence Brief TENA ProSkin™ Ultra Adult X-Large Unisex Disposable Heavy Absorbency,,Essity HMS North America Inc,68010,Disposable Incontinence Briefs,$11.24 ,,In Stock,BG/15,,,https://imgcdn.mckesson.com/CumulusWeb/Images/Item_Detail/628610_pkgfront.jpg,,https://mms.mckesson.com/product/628610/Essity-HMS-North-America-Inc-68010
683242,Incontinence Brief TENA® Small Brief Adult Small Unisex Disposable Moderate Absorbency,,Essity HMS North America Inc,66100,Disposable Incontinence Briefs,$6.16 ,,In Stock,PK/12,,,https://imgcdn.mckesson.com/CumulusWeb/Images/Item_Detail/683242_ppkgfront.jpg,,https://mms.mckesson.com/product/683242/Essity-HMS-North-America-Inc-66100
1234966,Absorbent Underwear FitRight® Bariatric Pull On with Tear Away Seams Adult 2X-Large Unisex Disposable Heavy Absorbency,,Medline,FIT700A,"Underwear, Disposable Incontinence Brief",$32.45 ,,In Stock - Network,BG/20,,,https://imgcdn.mckesson.com/CumulusWeb/Images/Item_Detail/1234966_pkgfront.jpg,,https://mms.mckesson.com/product/1234966/Medline-FIT700A
1266486,Incontinence Brief Rely® Adult Large Unisex Disposable Heavy Absorbency,,,,"Adlt Diapers/Briefs Disposable, Adlt Dia",$29.59 ,,In Stock - Network,CS/80,,,https://imgcdn.mckesson.com/CumulusWeb/Images/Item_Detail/1266486_pkgfront.jpg,,https://mms.mckesson.com/product/1266486/First-Quality-Products-LLC-RLYASB1201
738763,Absorbent Underwear TENA® Women™ Super Plus Pull On with Tear Away Seams Adult Large Female Disposable Heavy Absorbency,,Essity HMS North America Inc,54286,"Underwear, Disposable Incontinence Brief",$17.66 ,,In Stock - Network,BG/16,,,https://imgcdn.mckesson.com/CumulusWeb/Images/Item_Detail/738763_ppkgfront.jpg,,https://mms.mckesson.com/product/738763/Essity-HMS-North-America-Inc-54286
1163846,Incontinence Brief Seni® Super Adult Medium Unisex Disposable Heavy Absorbency,,TZMO USA Inc,S-ME25-BS1,Disposable Incontinence Briefs,$16.36 ,,In Stock - Network,PK/25,,,https://imgcdn.mckesson.com/CumulusWeb/Images/Item_Detail/1163846_pkgfront_.jpg,,https://mms.mckesson.com/product/1163846/TZMO-USA-Inc-S-ME25-BS1
1163864,Incontinence Brief Seni® Classic Plus Adult Large Unisex Disposable Moderate Absorbency,,TZMO USA Inc,S-LA25-BC2,Disposable Incontinence Briefs,$15.05 ,,In Stock - Network,PK/25,,,https://imgcdn.mckesson.com/CumulusWeb/Images/Item_Detail/1163864_pkgfront_.jpg,,https://mms.mckesson.com/product/1163864/TZMO-USA-Inc-S-LA25-BC2
1163868,Incontinence Brief Seni® Classic Plus Adult X-Large Unisex Disposable Moderate Absorbency,,TZMO USA Inc,S-XL25-BC2,Disposable Incontinence Briefs,$16.05 ,,In Stock - Network,PK/25,,,https://imgcdn.mckesson.com/CumulusWeb/Images/Item_Detail/1163868_pkgfront_.jpg,,https://mms.mckesson.com/product/1163868/TZMO-USA-Inc-S-XL25-BC2
1271896,Absorbent Underwear TENA ProSkin™ Plus Pull On with Tear Away Seams Adult 3X-Large Unisex Disposable Moderate Absorbency,,Essity HMS North America Inc,72509,"Underwear, Disposable Incontinence Brief",$14.88 ,,In Stock - Network,BG/10,,,https://imgcdn.mckesson.com/CumulusWeb/Images/Item_Detail/1271896_left.jpg,,https://mms.mckesson.com/product/1271896/Essity-HMS-North-America-Inc-72509
1163848,Absorbent Underwear Seni® Active Super Pull On with Tear Away Seams Adult Large Unisex Disposable Moderate Absorbency,,TZMO USA Inc,S-LA18-AS1,"Underwear, Disposable Incontinence Brief",$13.33 ,,In Stock - Network,PK/18,,,https://imgcdn.mckesson.com/CumulusWeb/Images/Item_Detail/1163848_pkgfront_.jpg,,https://mms.mckesson.com/product/1163848/TZMO-USA-Inc-S-LA18-AS1
1176299,Incontinence Brief Wings™ Quilted Plus with BreatheEasy™ Technology Adult Large Unisex Disposable Heavy Absorbency,,Cardinal,66134,Disposable Incontinence Briefs,$10.23 ,,In Stock - Network,BG/18,,,https://imgcdn.mckesson.com/CumulusWeb/Images/Item_Detail/1176299_ppkgleft.jpg,,https://mms.mckesson.com/product/1176299/Cardinal-66134
814881,Absorbent Underwear Sure Care™ Extra Pull On with Tear Away Seams Adult Large Unisex Disposable Moderate Absorbency,,Cardinal,1845R,"Underwear, Disposable Incontinence Brief",$10.28 ,,In Stock - Network,BG/25,,,https://imgcdn.mckesson.com/CumulusWeb/Images/Item_Detail/814881_ppkgleft.jpg,,https://mms.mckesson.com/product/814881/Cardinal-1845R
1163833,Incontinence Brief Seni® Super Adult X-Small Unisex Disposable Heavy Absorbency,,TZMO USA Inc,S-XS25-BS1,Disposable Incontinence Briefs,$12.27 ,,In Stock - Network,PK/25,,,https://imgcdn.mckesson.com/CumulusWeb/Images/Item_Detail/1163833_pkgfront_.jpg,,https://mms.mckesson.com/product/1163833/TZMO-USA-Inc-S-XS25-BS1
1266484,Incontinence Brief Rely® Adult Medium Unisex Disposable Heavy Absorbency,,,,"Adlt Diapers/Briefs Disposable, Adlt Dia",$5.55 ,,In Stock - Network,PK/20,,,https://imgcdn.mckesson.com/CumulusWeb/Images/Item_Detail/1266484_pkgfront.jpg,,https://mms.mckesson.com/product/1266484/First-Quality-Products-LLC-RLYASB1101
1176298,Incontinence Brief Wings™ Quilted Plus with BreatheEasy™ Technology Adult Medium Unisex Disposable Heavy Absorbency,,Cardinal,66133,Disposable Incontinence Briefs,$5.12 ,,In Stock - Network,BG/12,,,https://imgcdn.mckesson.com/CumulusWeb/Images/Item_Detail/1176298_pkgleft.jpg,,https://mms.mckesson.com/product/1176298/Cardinal-66133
1245724,Incontinence Brief TENA Dry Comfort™ Adult Medium Unisex Disposable Moderate Absorbency,,Essity HMS North America Inc,67420,Disposable Incontinence Briefs,$6.47 ,,In Stock - Network,PK/20,,,https://imgcdn.mckesson.com/CumulusWeb/Images/Item_Detail/1245724_pkgfront.jpg,,https://mms.mckesson.com/product/1245724/Essity-HMS-North-America-Inc-67420
564947,Absorbent Underwear FitRight® Classic Pull On with Tear Away Seams Small Unisex Disposable Moderate Absorbency,,Medline,MSC23000,"Underwear, Disposable Incontinence Brief",$70.64 ,,"In Stock - Network (Get it Friday, Oct 2)",CS/4,,,https://imgcdn.mckesson.com/CumulusWeb/Images/Item_Detail/564947_pkgfront.jpg,,https://mms.mckesson.com/product/564947/Medline-MSC23000
1184218,Absorbent Underwear Depend® Fresh Protection™ Waistband Style Adult 2X-Large Female Disposable Heavy Absorbency,,Kimberly Clark,53306,"Underwear, Disposable Incontinence Brief",$26.46 ,,"In Stock - Network (Get it Friday, Oct 2)",PK/22,,,https://imgcdn.mckesson.com/CumulusWeb/Images/Item_Detail/1184218_pkgfront.jpg,,https://mms.mckesson.com/product/1184218/Kimberly-Clark-53306
1266923,Incontinence Brief Wings™ Ultra Adult Size 3 Unisex Disposable Heavy Absorbency,,Cardinal,77093,Disposable Incontinence Briefs,$9.79 ,,"In Stock - Network (Get it Friday, Oct 2)",BG/15,,,https://imgcdn.mckesson.com/CumulusWeb/Images/Item_Detail/1266923_pkgleft.jpg,,https://mms.mckesson.com/product/1266923/Cardinal-77093
997960,Incontinence Brief Wings™ Basic Adult Medium Unisex Disposable Moderate Absorbency,,Cardinal,55033,Disposable Incontinence Briefs,$3.28 ,,"In Stock - Network (Get it Friday, Oct 2)",BG/10,,,https://imgcdn.mckesson.com/CumulusWeb/Images/Item_Detail/997960_ppkgright.jpg,,https://mms.mckesson.com/product/997960/Cardinal-55033
1266922,Incontinence Brief Wings™ Ultra Size 2 Unisex Disposable Heavy Absorbency,,Cardinal,77064,Disposable Incontinence Briefs,$8.52 ,,"In Stock - Network (Get it Friday, Oct 2)",BG/15,,,https://imgcdn.mckesson.com/CumulusWeb/Images/Item_Detail/1266922_pkgleft.jpg,,https://mms.mckesson.com/product/1266922/Cardinal-77064
874618,Incontinence Brief Wings™ Plus Adult Large Unisex Disposable Heavy Absorbency,,Cardinal,60034,Disposable Incontinence Briefs,$8.28 ,,"In Stock - Network (Get it Friday, Oct 2)",BG/18,,,https://imgcdn.mckesson.com/CumulusWeb/Images/Item_Detail/874618_ppkgleft.jpg,,https://mms.mckesson.com/product/874618/Cardinal-60034
1266921,Incontinence Brief Wings™ Ultra Adult Size 1 Unisex Disposable Heavy Absorbency,,Cardinal,77063,Disposable Incontinence Briefs,$6.84 ,,"In Stock - Network (Get it Friday, Oct 2)",BG/15,,,https://imgcdn.mckesson.com/CumulusWeb/Images/Item_Detail/1266921_pkgleft.jpg,,https://mms.mckesson.com/product/1266921/Cardinal-77063
997962,Incontinence Brief Wings™ Basic Adult Large Unisex Disposable Moderate Absorbency,,Cardinal,55034,Disposable Incontinence Briefs,$6.13 ,,"In Stock - Network (Get it Friday, Oct 2)",BG/18,,,https://imgcdn.mckesson.com/CumulusWeb/Images/Item_Detail/997962_ppkgleft.jpg,,https://mms.mckesson.com/product/997962/Cardinal-55034
997963,Incontinence Brief Wings™ Basic Adult X-Large Unisex Disposable Moderate Absorbency,,Cardinal,55035,Disposable Incontinence Briefs,$6.13 ,,"In Stock - Network (Get it Friday, Oct 2)",BG/15,,,https://imgcdn.mckesson.com/CumulusWeb/Images/Item_Detail/997963_ppkgright.jpg,,https://mms.mckesson.com/product/997963/Cardinal-55035
780086,Incontinence Brief Wings™ Extra Quilted Adult X-Large Unisex Disposable Moderate Absorbency,,Cardinal,65035R,Disposable Incontinence Briefs,$4.43 ,,"In Stock - Network (Get it Friday, Oct 2)",BG/10,,,https://imgcdn.mckesson.com/CumulusWeb/Images/Item_Detail/780086_left.jpg,,https://mms.mckesson.com/product/780086/Cardinal-65035R
775027,Suction Tube Handle Rigid Type Open Tip Frazier Style Non-Vented 8 Fr. NonSterile,,BR Surgical,BR46-29508,Suction Catheters,$51.67 ,,"In Stock - Network (Get it Saturday, Oct 3)",EA/1,,,https://imgcdn.mckesson.com/CumulusWeb/Images/Item_Detail/775027.jpg,,https://mms.mckesson.com/product/775027/BR-Surgical-BR46-29508
1246972,Absorbent Underwear FitRight® Bariatric Pull On with Tear Away Seams Adult 3X-Large Unisex Disposable Heavy Absorbency,,Medline,FIT800,"Underwear, Protective, Incontinence",$43.78 ,,"In Stock - Network (Get it Saturday, Oct 3)",BG/20,,,https://imgcdn.mckesson.com/CumulusWeb/Images/Item_Detail/1246972_pkgfront.jpg,,https://mms.mckesson.com/product/1246972/Medline-FIT800
444299,Hip Protection Brief Hipsters® Standard Brief X-Large Beige Unisex,,Tidi Products,6016XL,Falls Management Pressure Relief,$45.87 ,,"In Stock - Network (Get it Saturday, Oct 3)",EA/1,,,https://imgcdn.mckesson.com/CumulusWeb/Images/Item_Detail/444299_ls.jpg,,https://mms.mckesson.com/product/444299/Tidi-Products-6016XL
1210601,Incontinence Brief FitRight® Bariatric Adult 3X-Large Unisex Disposable Heavy Absorbency,,Medline,MTB084,Disposable Incontinence Briefs,$35.36 ,,"In Stock - Network (Get it Saturday, Oct 3)",BG/12,,,https://imgcdn.mckesson.com/CumulusWeb/Images/Item_Detail/1210601_pkgleft.jpg,,https://mms.mckesson.com/product/1210601/Medline-MTB084
444298,Hip Protection Brief Hipsters® Standard Brief Small Beige Unisex,,Tidi Products,6016S,Falls Management Pressure Relief,$40.63 ,,"In Stock - Network (Get it Saturday, Oct 3)",EA/1,,,https://imgcdn.mckesson.com/CumulusWeb/Images/Item_Detail/444298_ls.jpg,,https://mms.mckesson.com/product/444298/Tidi-Products-6016S
1246192,Incontinence Brief Abena Slip Flexi Fit Adult Medium / Large Unisex Disposable Heavy Absorbency,,Abena North America,1000021166,Disposable Incontinence Briefs,$35.44 ,,"In Stock - Network (Get it Saturday, Oct 3)",PK/21,,,https://imgcdn.mckesson.com/CumulusWeb/Images/Item_Detail/1246192_ppkgleft.jpg,,https://mms.mckesson.com/product/1246192/Abena-North-America-1000021166
1174292,Incontinence Brief MoliCare® Premium Elastic 8D Adult Large Unisex Disposable Heavy Absorbency,,Hartmann,165473,Disposable Incontinence Briefs,$31.73 ,,"In Stock - Network (Get it Saturday, Oct 3)",BG/24,,,https://imgcdn.mckesson.com/CumulusWeb/Images/Item_Detail/1174292_ppkgfront.jpg,,https://mms.mckesson.com/product/1174292/Hartmann-165473
1218202,Incontinence Brief Abena® Slip Premium M3 Adult Medium Unisex Disposable Heavy Absorbency,,Abena North America,1000021286,Disposable Incontinence Briefs,$28.80 ,,"In Stock - Network (Get it Saturday, Oct 3)",PK/23,,,https://imgcdn.mckesson.com/CumulusWeb/Images/Item_Detail/1218202_ppkgleft.jpg,,https://mms.mckesson.com/product/1218202/Abena-North-America-1000021286
1195442,Incontinence Brief MoliCare® Premium Elastic 8D Adult Small Unisex Disposable Heavy Absorbency,,Hartmann,165471,Disposable Incontinence Briefs,$26.23 ,,"In Stock - Network (Get it Saturday, Oct 3)",BG/26,,,https://imgcdn.mckesson.com/CumulusWeb/Images/Item_Detail/1195442_ppkgfront.jpg,,https://mms.mckesson.com/product/1195442/Hartmann-165471
1218207,Incontinence Brief Abena® Slip Premium L3 Adult Large Unisex Disposable Heavy Absorbency,,Abena North America,1000021291,Disposable Incontinence Briefs,$28.23 ,,"In Stock - Network (Get it Saturday, Oct 3)",PK/20,,,https://imgcdn.mckesson.com/CumulusWeb/Images/Item_Detail/1218207_ppkgleft.jpg,,https://mms.mckesson.com/product/1218207/Abena-North-America-1000021291
1153086,Incontinence Brief MoliCare® Premium Elastic 10D Adult Medium Unisex Disposable Heavy Absorbency,,Hartmann,165672,Disposable Incontinence Briefs,$23.51 ,,"In Stock - Network (Get it Saturday, Oct 3)",PK/14,,,https://imgcdn.mckesson.com/CumulusWeb/Images/Item_Detail/1153086_ppkgfront.jpg,,https://mms.mckesson.com/product/1153086/Hartmann-165672
1174289,Incontinence Brief MoliCare® Premium Elastic 6D Adult X-Large Unisex Disposable Moderate Absorbency,,Hartmann,165274,Disposable Incontinence Briefs,$23.56 ,,"In Stock - Network (Get it Saturday, Oct 3)",BG/14,,,https://imgcdn.mckesson.com/CumulusWeb/Images/Item_Detail/1174289_ppkgfront.jpg,,https://mms.mckesson.com/product/1174289/Hartmann-165274
947454,Eye Speculum Barraquer,,BR Surgical,FG42-10202,Ear Specula,$28.81 ,,"In Stock - Network (Get it Saturday, Oct 3)",EA/1,,,https://imgcdn.mckesson.com/CumulusWeb/Images/Item_Detail/947454_side.jpg,,https://mms.mckesson.com/product/947454/BR-Surgical-FG42-10202
1277389,Absorbent Underwear MoliCare® premium Mobile 6D Pull On with Tear Away Seams Adult Large Unisex Disposable Moderate Absorbency,,Hartmann,166015,"Underwear, Disposable Incontinence Brief",$16.45 ,,"In Stock - Network (Get it Saturday, Oct 3)",BG/14,,,https://imgcdn.mckesson.com/CumulusWeb/Images/Item_Detail/1277389_ppkgleft.jpg,,https://mms.mckesson.com/product/1277389/Hartmann-166015
761661,Absorbent Underwear Attends® Pull On with Tear Away Seams Adult X-Large Unisex Disposable Heavy Absorbency,,Attends Healthcare Products,AP0740100,"Underwear, Disposable Incontinence Brief",$22.05 ,,"In Stock - Network (Get it Saturday, Oct 3)",PK/25,,,https://imgcdn.mckesson.com/CumulusWeb/Images/Item_Detail/761661_right.jpg,,https://mms.mckesson.com/product/761661/Attends-Healthcare-Products-AP0740100
1163865,Incontinence Brief Seni® Super Adult X-Large Unisex Disposable Heavy Absorbency,,TZMO USA Inc,S-XL25-BS1,Disposable Incontinence Briefs,$20.44 ,,"In Stock - Network (Get it Saturday, Oct 3)",PK/25,,,https://imgcdn.mckesson.com/CumulusWeb/Images/Item_Detail/1163865_pkgfront_.jpg,,https://mms.mckesson.com/product/1163865/TZMO-USA-Inc-S-XL25-BS1
879855,Absorbent Underwear HealthDri™ Pull On Adult Large Male Reusable Moderate Absorbency,,Salk Inc,BM00L,Reusable Incontinence Briefs,$18.40 ,,"In Stock - Network (Get it Saturday, Oct 3)",EA/1,,,https://imgcdn.mckesson.com/CumulusWeb/Images/Item_Detail/879855_left.jpg,,https://mms.mckesson.com/product/879855/Salk-Inc-BM00L
1218234,Absorbent Underwear Abena® Premium Pants L2 Pull On with Tear Away Seams Adult Large Unisex Disposable Heavy Absorbency,,Abena North America,1000021326,"Underwear, Disposable Incontinence Brief",$18.49 ,,"In Stock - Network (Get it Saturday, Oct 3)",PK/15,,,https://imgcdn.mckesson.com/CumulusWeb/Images/Item_Detail/1218234_ppkgleft.jpg,,https://mms.mckesson.com/product/1218234/Abena-North-America-1000021326
829960,Absorbent Underwear Sure Care™ Plus Pull On with Tear Away Seams Adult X-Large Unisex Disposable Heavy Absorbency,,Cardinal,1625R,"Underwear, Disposable Incontinence Brief",$13.85 ,,"In Stock - Network (Get it Saturday, Oct 3)",BG/25,,,https://imgcdn.mckesson.com/CumulusWeb/Images/Item_Detail/829960_ppkgleft.jpg,,https://mms.mckesson.com/product/829960/Cardinal-1625R
814886,Absorbent Underwear Sure Care™ Extra Pull On with Tear Away Seams Adult X-Large Unisex Disposable Moderate Absorbency,,Cardinal,1850R,"Underwear, Disposable Incontinence Brief",$13.22 ,,"In Stock - Network (Get it Saturday, Oct 3)",BG/25,,,https://imgcdn.mckesson.com/CumulusWeb/Images/Item_Detail/814886_ppkgleft.jpg,,https://mms.mckesson.com/product/814886/Cardinal-1850R
1218227,Absorbent Underwear Abena® Premium Pants S2 Pull On with Tear Away Seams Adult Small Unisex Disposable Heavy Absorbency,,Abena North America,1000021319,"Underwear, Disposable Incontinence Brief",$18 ,,"In Stock - Network (Get it Saturday, Oct 3)",PK/16,,,https://imgcdn.mckesson.com/CumulusWeb/Images/Item_Detail/1218227_ppkgleft.jpg,,https://mms.mckesson.com/product/1218227/Abena-North-America-1000021319
1218236,Absorbent Underwear Abena® Premium Pants XL1 Pull On with Tear Away Seams Adult X-Large Unisex Disposable Heavy Absorbency,,Abena North America,1000021328,"Underwear, Disposable Incontinence Brief",$17.25 ,,"In Stock - Network (Get it Saturday, Oct 3)",PK/16,,,https://imgcdn.mckesson.com/CumulusWeb/Images/Item_Detail/1218236_ppkgleft.jpg,,https://mms.mckesson.com/product/1218236/Abena-North-America-1000021328
1247854,Incontinence Brief Attends® Care Advanced Adult X-Large Unisex Disposable Heavy Absorbency,,Attends Healthcare Products,DDP40100,Disposable Incontinence Briefs,$16.04 ,,"In Stock - Network (Get it Saturday, Oct 3)",BG/25,,,https://imgcdn.mckesson.com/CumulusWeb/Images/Item_Detail/1247854_ppkgleft.jpg,,https://mms.mckesson.com/product/1247854/Attends-Healthcare-Products-DDP40100
884707,Incontinence Brief Tranquility® Essential Adult Large Unisex Disposable Moderate Absorbency,,Principle Business Enterprises,2966-100,Disposable Incontinence Briefs,$14.46 ,,"In Stock - Network (Get it Saturday, Oct 3)",BG/25,,,https://imgcdn.mckesson.com/CumulusWeb/Images/Item_Detail/884707_pkgright.jpg,,https://mms.mckesson.com/product/884707/Principle-Business-Enterprises-2966-100
1247853,Incontinence Brief Attends® Care Advanced Adult Large Unisex Disposable Heavy Absorbency,,Attends Healthcare Products,DDP30100,Disposable Incontinence Briefs,$13.67 ,,"In Stock - Network (Get it Saturday, Oct 3)",BG/25,,,https://imgcdn.mckesson.com/CumulusWeb/Images/Item_Detail/1247853_ppkgleft.jpg,,https://mms.mckesson.com/product/1247853/Attends-Healthcare-Products-DDP30100
814879,Absorbent Underwear Sure Care™ Extra Pull On with Tear Away Seams Adult Small / Medium Unisex Disposable Moderate Absorbency,,Cardinal,1840R,"Underwear, Disposable Incontinence Brief",$9.25 ,,"In Stock - Network (Get it Saturday, Oct 3)",BG/25,,,https://imgcdn.mckesson.com/CumulusWeb/Images/Item_Detail/814879_ppkgleft.jpg,,https://mms.mckesson.com/product/814879/Cardinal-1840R
1163856,Incontinence Brief Seni® Classic Plus Adult Regular Unisex Disposable Moderate Absorbency,,TZMO USA Inc,S-RE25-BC2,Disposable Incontinence Briefs,$13.54 ,,"In Stock - Network (Get it Saturday, Oct 3)",PK/25,,,https://imgcdn.mckesson.com/CumulusWeb/Images/Item_Detail/1163856_pkgfront_.jpg,,https://mms.mckesson.com/product/1163856/TZMO-USA-Inc-S-RE25-BC2
826345,Absorbent Underwear Light & Dry™ Pull On Adult Small Male Reusable Light Absorbency,,Salk Inc,67800SM,Reusable Incontinence Briefs,$11.99 ,,"In Stock - Network (Get it Saturday, Oct 3)",EA/1,,,https://imgcdn.mckesson.com/CumulusWeb/Images/Item_Detail/826345_left.jpg,,https://mms.mckesson.com/product/826345/Salk-Inc-67800SM
1163843,Absorbent Underwear Seni® Active Classic Plus Pull On with Tear Away Seams Adult Medium Unisex Disposable Moderate Absorbency,,TZMO USA Inc,S-ME20-AC2,"Underwear, Disposable Incontinence Brief",$11.37 ,,"In Stock - Network (Get it Saturday, Oct 3)",PK/20,,,https://imgcdn.mckesson.com/CumulusWeb/Images/Item_Detail/1163843_pkgfront_.jpg,,https://mms.mckesson.com/product/1163843/TZMO-USA-Inc-S-ME20-AC2
1163827,Incontinence Brief Seni® Super Plus Adult Small Unisex Disposable Heavy Absorbency,,TZMO USA Inc,S-SM12-BP1,Disposable Incontinence Briefs,$8.52 ,,"In Stock - Network (Get it Saturday, Oct 3)",PK/12,,,https://imgcdn.mckesson.com/CumulusWeb/Images/Item_Detail/1163827_pkgfront.jpg,,https://mms.mckesson.com/product/1163827/TZMO-USA-Inc-S-SM12-BP1
1176297,Incontinence Brief Wings™ Quilted Plus with BreatheEasy™ Technology Adult Small Unisex Disposable Heavy Absorbency,,Cardinal,66132,Disposable Incontinence Briefs,$4.84 ,,"In Stock - Network (Get it Saturday, Oct 3)",BG/12,,,https://imgcdn.mckesson.com/CumulusWeb/Images/Item_Detail/1176297_ppkgleft.jpg,,https://mms.mckesson.com/product/1176297/Cardinal-66132
1163849,Absorbent Underwear Seni® Active Super Pull On with Tear Away Seams Adult Medium Unisex Disposable Moderate Absorbency,,TZMO USA Inc,S-ME20-AS1,"Underwear, Disposable Incontinence Brief",$12.94 ,,"In Stock - Network (Get it Saturday, Oct 3)",PK/20,,,https://imgcdn.mckesson.com/CumulusWeb/Images/Item_Detail/1163849_pkgfront_.jpg,,https://mms.mckesson.com/product/1163849/TZMO-USA-Inc-S-ME20-AS1
1163845,Absorbent Underwear Seni® Active Super Pull On with Tear Away Seams Adult X-Large Unisex Disposable Moderate Absorbency,,TZMO USA Inc,S-XL14-AS1,"Underwear, Disposable Incontinence Brief",$12.17 ,,"In Stock - Network (Get it Saturday, Oct 3)",PK/14,,,https://imgcdn.mckesson.com/CumulusWeb/Images/Item_Detail/1163845_pkgfront_.jpg,,https://mms.mckesson.com/product/1163845/TZMO-USA-Inc-S-XL14-AS1
1257966,Incontinence Brief Wings™ Plus Adult Size 2 / Large Unisex Disposable Heavy Absorbency,,Cardinal,66064,Disposable Incontinence Briefs,$6.21 ,,"In Stock - Network (Get it Saturday, Oct 3)",BG/15,,,https://imgcdn.mckesson.com/CumulusWeb/Images/Item_Detail/1257966_pkgleft.jpg,,https://mms.mckesson.com/product/1257966/Cardinal-66064
1163820,Absorbent Underwear Seni® Active Super Plus Pull On with Tear Away Seams Adult X-Large Unisex Disposable Heavy Absorbency,,TZMO USA Inc,S-XL07-AP1,"Underwear, Disposable Incontinence Brief",$6.88 ,,"In Stock - Network (Get it Saturday, Oct 3)",PK/7,,,https://imgcdn.mckesson.com/CumulusWeb/Images/Item_Detail/1163820_pkgfront.jpg,,https://mms.mckesson.com/product/1163820/TZMO-USA-Inc-S-XL07-AP1
1271873,Absorbent Underwear TENA Dry Comfort™ Pull On with Tear Away Seams Adult Small Unisex Disposable Moderate Absorbency,,Essity HMS North America Inc,72451,"Underwear, Disposable Incontinence Brief",$6.20 ,,"In Stock - Network (Get it Saturday, Oct 3)",BG/15,,,https://imgcdn.mckesson.com/CumulusWeb/Images/Item_Detail/1271873_right.jpg,,https://mms.mckesson.com/product/1271873/Essity-HMS-North-America-Inc-72451
1221428,Incontinence Brief FitRight® Ultra Adult X-Large Unisex Disposable Heavy Absorbency,,Medline,FITULTRAXLG,Disposable Incontinence Briefs,$70.43 ,,"In Stock - Network (Get it Tuesday, Oct 6)",CS/80,,,https://imgcdn.mckesson.com/CumulusWeb/Images/Item_Detail/1221428_pkgfront.jpg,,https://mms.mckesson.com/product/1221428/Medline-FITULTRAXLG
734305,Suction Tube Handle Rigid Type Open Tip Frazier Style Non-Vented 3 Fr. NonSterile,,BR Surgical,BR46-29903,Suction Devices: Surgical Instruments,$50.51 ,,"In Stock - Network (Get it Tuesday, Oct 6)",EA/1,,,https://imgcdn.mckesson.com/CumulusWeb/Images/Item_Detail/734305.jpg,,https://mms.mckesson.com/product/734305/BR-Surgical-BR46-29903
734306,Suction Tube Handle Rigid Type Open Tip Frazier Style Non-Vented 5 Fr. NonSterile,,BR Surgical,BR46-29905,Suction Devices: Surgical Instruments,$50.51 ,,"In Stock - Network (Get it Tuesday, Oct 6)",EA/1,,,https://imgcdn.mckesson.com/CumulusWeb/Images/Item_Detail/734306.jpg,,https://mms.mckesson.com/product/734306/BR-Surgical-BR46-29905
1174288,Incontinence Brief MoliCare® Premium Elastic 6D Adult Large Unisex Disposable Moderate Absorbency,,Hartmann,165273,Disposable Incontinence Briefs,$33.66 ,,"In Stock - Network (Get it Tuesday, Oct 6)",BG/30,,,https://imgcdn.mckesson.com/CumulusWeb/Images/Item_Detail/1174288_ppkgfront.jpg,,https://mms.mckesson.com/product/1174288/Hartmann-165273
1153088,Incontinence Brief MoliCare® Premium Elastic 10D Adult X-Large Unisex Disposable Heavy Absorbency,,Hartmann,165674,Disposable Incontinence Briefs,$28.66 ,,"In Stock - Network (Get it Tuesday, Oct 6)",PK/14,,,https://imgcdn.mckesson.com/CumulusWeb/Images/Item_Detail/1153088_ppkgfront.jpg,,https://mms.mckesson.com/product/1153088/Hartmann-165674
1218209,Incontinence Brief Abena® Slip Premium XL2 Adult X-Large Unisex Disposable Heavy Absorbency,,Abena North America,1000021293,Disposable Incontinence Briefs,$30.06 ,,"In Stock - Network (Get it Tuesday, Oct 6)",PK/21,,,https://imgcdn.mckesson.com/CumulusWeb/Images/Item_Detail/1218209_ppkgleft.jpg,,https://mms.mckesson.com/product/1218209/Abena-North-America-1000021293
879857,Absorbent Underwear HealthDri™ Pull On Adult Small Male Reusable Heavy Absorbency,,Salk Inc,BH00S,Reusable Incontinence Briefs,$20.83 ,,"In Stock - Network (Get it Tuesday, Oct 6)",EA/1,,,https://imgcdn.mckesson.com/CumulusWeb/Images/Item_Detail/879857_left.jpg,,https://mms.mckesson.com/product/879857/Salk-Inc-BH00S
1218230,Absorbent Underwear Abena® Premium Pants M2 Pull On with Tear Away Seams Adult Medium Unisex Disposable Heavy Absorbency,,Abena North America,1000021323,"Underwear, Disposable Incontinence Brief",$17.60 ,,"In Stock - Network (Get it Tuesday, Oct 6)",PK/15,,,https://imgcdn.mckesson.com/CumulusWeb/Images/Item_Detail/1218230_ppkgleft.jpg,,https://mms.mckesson.com/product/1218230/Abena-North-America-1000021323
1163830,Incontinence Brief Seni® Super Plus Adult X-Large Unisex Disposable Heavy Absorbency,,TZMO USA Inc,S-XL08-BP1,Disposable Incontinence Briefs,$8.52 ,,"In Stock - Network (Get it Tuesday, Oct 6)",PK/8,,,https://imgcdn.mckesson.com/CumulusWeb/Images/Item_Detail/1163830_pkgfront.jpg,,https://mms.mckesson.com/product/1163830/TZMO-USA-Inc-S-XL08-BP1
1283881,Incontinence Brief Seni® Classic Adult Large Unisex Disposable Moderate Absorbency,,TZMO USA Inc,S-LA25-BC1,Disposable Incontinence Briefs,$12.94 ,,"In Stock - Network (Get it Tuesday, Oct 6)",PK/25,,,https://imgcdn.mckesson.com/CumulusWeb/Images/Item_Detail/1283881_right.jpg,,https://mms.mckesson.com/product/1283881/TZMO-USA-Inc-S-LA25-BC1
1163817,Absorbent Underwear Seni® Active Super Plus Pull On with Tear Away Seams Adult Large Unisex Disposable Heavy Absorbency,,TZMO USA Inc,S-LA08-AP1,"Underwear, Disposable Incontinence Brief",$7.08 ,,"In Stock - Network (Get it Tuesday, Oct 6)",PK/8,,,https://imgcdn.mckesson.com/CumulusWeb/Images/Item_Detail/1163817_pkgfront.jpg,,https://mms.mckesson.com/product/1163817/TZMO-USA-Inc-S-LA08-AP1
1293372,Absorbent Underwear MoliCare® premium Mobile Pull On with Tear Away Seams Adult Small Unisex Disposable Moderate Absorbency,,Hartmann,166013,"Underwear, Disposable Incontinence Brief",$13.52 ,,"In Stock (Get it Saturday, Oct 3)",BG/14,,,https://imgcdn.mckesson.com/CumulusWeb/Images/Item_Detail/1293372_ppkgright.jpg,,https://mms.mckesson.com/product/1293372/Hartmann-166013
1163818,Absorbent Underwear Seni® Active Super Plus Pull On with Tear Away Seams Adult Medium Unisex Disposable Heavy Absorbency,,TZMO USA Inc,S-ME09-AP1,"Underwear, Disposable Incontinence Brief",$6.88 ,,"In Stock (Get it Saturday, Oct 3)",PK/9,,,https://imgcdn.mckesson.com/CumulusWeb/Images/Item_Detail/1163818_pkgfront.jpg,,https://mms.mckesson.com/product/1163818/TZMO-USA-Inc-S-ME09-AP1
1005776,Incontinence Brief FitRight® Bariatric Adult 4X-Large Unisex Disposable Heavy Absorbency,,Medline,BARIBRIEF,Disposable Incontinence Briefs,$147.28 ,,"In Stock (Get it Tomorrow, Oct 1)",CS/32,,,https://imgcdn.mckesson.com/CumulusWeb/Images/Item_Detail/1005776_pkgright.jpg,,https://mms.mckesson.com/product/1005776/Medline-BARIBRIEF
662535,Incontinence Brief Wings™ Overnight Quilted Adult Medium Unisex Disposable Heavy Absorbency,,Cardinal,67033,Disposable Incontinence Briefs,$59.91 ,,"In Stock (Get it Tomorrow, Oct 1)",CS/8,,,https://imgcdn.mckesson.com/CumulusWeb/Images/Item_Detail/662535_ppkgleft.jpg,,https://mms.mckesson.com/product/662535/Cardinal-67033
864860,Incontinence Brief Wings™ Overnight Quilted Adult Large Unisex Disposable Heavy Absorbency,,Cardinal,67034,Disposable Incontinence Briefs,$57.27 ,,"In Stock (Get it Tomorrow, Oct 1)",CS/4,,,https://imgcdn.mckesson.com/CumulusWeb/Images/Item_Detail/864860_ppkgleft.jpg,,https://mms.mckesson.com/product/864860/Cardinal-67034
864861,Incontinence Brief Wings™ Overnight Quilted Adult X-Large Unisex Disposable Heavy Absorbency,,Cardinal,67035,Disposable Incontinence Briefs,$57.27 ,,"In Stock (Get it Tomorrow, Oct 1)",CS/4,,,https://imgcdn.mckesson.com/CumulusWeb/Images/Item_Detail/864861_ppkgleft.jpg,,https://mms.mckesson.com/product/864861/Cardinal-67035
721887,Incontinence Brief Wings™ Super Adult 3X-Large Unisex Disposable Heavy Absorbency,,Cardinal,67095,Disposable Incontinence Briefs,$53.75 ,,"In Stock (Get it Tomorrow, Oct 1)",CS/4,,,https://imgcdn.mckesson.com/CumulusWeb/Images/Item_Detail/721887_pkgright.jpg,,https://mms.mckesson.com/product/721887/Cardinal-67095
1194077,Incontinence Brief Prevail® Bariatric Adult Bariatric Size C Unisex Disposable Heavy Absorbency,,First Quality Products LLC,PV-110,Disposable Incontinence Briefs,$79 ,,"In Stock (Get it Tomorrow, Oct 1)",CS/4,,,https://imgcdn.mckesson.com/CumulusWeb/Images/Item_Detail/1194077_pkgfront.jpg,,https://mms.mckesson.com/product/1194077/First-Quality-Products-LLC-PV-110
670605,Incontinence Brief TENA ProSkin Stretch™ Super Adult Large / X-Large Unisex Disposable Heavy Absorbency,,Essity HMS North America Inc,67903,Disposable Incontinence Briefs,$62.48 ,,"In Stock (Get it Tomorrow, Oct 1)",CS/2,,,https://imgcdn.mckesson.com/CumulusWeb/Images/Item_Detail/670605_pkgfront.jpg,,https://mms.mckesson.com/product/670605/Essity-HMS-North-America-Inc-67903
694181,Incontinence Brief TENA® Ultra Adult Medium Unisex Disposable Heavy Absorbency,,Essity HMS North America Inc,67252,Disposable Incontinence Briefs,$63.59 ,,"In Stock (Get it Tomorrow, Oct 1)",CS/8,,,https://imgcdn.mckesson.com/CumulusWeb/Images/Item_Detail/694181_pkgfront.jpg,,https://mms.mckesson.com/product/694181/Essity-HMS-North-America-Inc-67252
238454,Incontinence Brief Tranquility® Slimline® Adult Medium Unisex Disposable Heavy Absorbency,,Principle Business Enterprises,2122,Disposable Incontinence Briefs,$57.21 ,,"In Stock (Get it Tomorrow, Oct 1)",CS/8,,,https://imgcdn.mckesson.com/CumulusWeb/Images/Item_Detail/238454_pkgright2.jpg,,https://mms.mckesson.com/product/238454/Principle-Business-Enterprises-2122
670604,Incontinence Brief TENA ProSkin Stretch™ Super Adult Medium Unisex Disposable Heavy Absorbency,,Essity HMS North America Inc,67902,Disposable Incontinence Briefs,$53.96 ,,"In Stock (Get it Tomorrow, Oct 1)",CS/2,,,https://imgcdn.mckesson.com/CumulusWeb/Images/Item_Detail/670604_pkgfront.jpg,,https://mms.mckesson.com/product/670604/Essity-HMS-North-America-Inc-67902
522094,Absorbent Underwear Attends® Pull On with Tear Away Seams Adult Large Unisex Disposable Heavy Absorbency,,Attends Healthcare Products,AP0730,"Underwear, Disposable Incontinence Brief",$49.40 ,,"In Stock (Get it Tomorrow, Oct 1)",CS/4,,,https://imgcdn.mckesson.com/CumulusWeb/Images/Item_Detail/522094_ppkgleft.jpg,,https://mms.mckesson.com/product/522094/Attends-Healthcare-Products-AP0730
522093,Absorbent Underwear Attends® Pull On with Tear Away Seams Adult Medium Unisex Disposable Heavy Absorbency,,Attends Healthcare Products,AP0720,"Underwear, Disposable Incontinence Brief",$49.40 ,,"In Stock (Get it Tomorrow, Oct 1)",CS/4,,,https://imgcdn.mckesson.com/CumulusWeb/Images/Item_Detail/522093_ppkgleft_.jpg,,https://mms.mckesson.com/product/522093/Attends-Healthcare-Products-AP0720
522095,Absorbent Underwear Attends® Pull On with Tear Away Seams Adult X-Large Unisex Disposable Heavy Absorbency,,Attends Healthcare Products,AP0740,"Underwear, Disposable Incontinence Brief",$49.40 ,,"In Stock (Get it Tomorrow, Oct 1)",CS/4,,,https://imgcdn.mckesson.com/CumulusWeb/Images/Item_Detail/522095_ppkleft.jpg,,https://mms.mckesson.com/product/522095/Attends-Healthcare-Products-AP0740
724912,Incontinence Brief McKesson Ultra Bariatric Brief Adult 3X-Large Unisex Disposable Heavy Absorbency,,McKesson Brand,BRBAR,Disposable Incontinence Briefs,$43.50 ,,"In Stock (Get it Tomorrow, Oct 1)",CS/4,,,https://imgcdn.mckesson.com/CumulusWeb/Images/Item_Detail/724912.jpg,,https://mms.mckesson.com/product/724912/McKesson-Brand-BRBAR
444296,Hip Protection Brief Hipsters® Standard Large Beige Unisex,,Tidi Products,6016L,Falls Management Pressure Relief,$45.87 ,,"In Stock (Get it Tomorrow, Oct 1)",EA/1,,,https://imgcdn.mckesson.com/CumulusWeb/Images/Item_Detail/444296_left.jpg,,https://mms.mckesson.com/product/444296/Tidi-Products-6016L
653192,Incontinence Brief Wings™ Super Quilted Adult 2X-Large Unisex Disposable Heavy Absorbency,,Cardinal,67093,Disposable Incontinence Briefs,$38.85 ,,"In Stock (Get it Tomorrow, Oct 1)",CS/4,,,https://imgcdn.mckesson.com/CumulusWeb/Images/Item_Detail/653192_pkgright.jpg,,https://mms.mckesson.com/product/653192/Cardinal-67093
721375,Absorbent Underwear Prevail® Daily Underwear Maximum Pull On with Tear Away Seams Adult X-Large Unisex Disposable Heavy Absorbency,,First Quality Products LLC,PVS-514,"Underwear, Disposable Incontinence Brief",$39.96 ,,"In Stock (Get it Tomorrow, Oct 1)",CS/4,,,https://imgcdn.mckesson.com/CumulusWeb/Images/Item_Detail/721375_pkgfront_.jpg,,https://mms.mckesson.com/product/721375/First-Quality-Products-LLC-PVS-514
742323,Incontinence Brief McKesson Ultra Brief Adult 2X-Large Unisex Disposable Heavy Absorbency,,McKesson Brand,BRULXXL,Disposable Incontinence Briefs,$33.96 ,,"In Stock (Get it Tomorrow, Oct 1)",CS/4,,,https://imgcdn.mckesson.com/CumulusWeb/Images/Item_Detail/742323.jpg,,https://mms.mckesson.com/product/742323/McKesson-Brand-BRULXXL
444297,Hip Protection Brief Hipsters® Standard Brief Medium Beige Unisex,,Tidi Products,6016M,Falls Management Pressure Relief,$40.63 ,,"In Stock (Get it Tomorrow, Oct 1)",EA/1,,,https://imgcdn.mckesson.com/CumulusWeb/Images/Item_Detail/444297_left.jpg,,https://mms.mckesson.com/product/444297/Tidi-Products-6016M
682565,Incontinence Brief Prevail® Breezers® Adult X-Large Unisex Disposable Heavy Absorbency,,,,Disposable Incontinence Briefs,$38.74 ,,"In Stock (Get it Tomorrow, Oct 1)",CS/4,,,https://imgcdn.mckesson.com/CumulusWeb/Images/Item_Detail/682565_pkgfront.jpg,,https://mms.mckesson.com/product/682565/First-Quality-Products-LLC-PVB-0141
677288,Incontinence Brief Prevail® Daily Adult Small Unisex Disposable Heavy Absorbency,,First Quality Products LLC,PV-011,Disposable Incontinence Briefs,$35.35 ,,"In Stock (Get it Tomorrow, Oct 1)",CS/6,,,https://imgcdn.mckesson.com/CumulusWeb/Images/Item_Detail/677288_pkgfront_.jpg,,https://mms.mckesson.com/product/677288/First-Quality-Products-LLC-PV-011
835157,Incontinence Brief FitRight™ Plus Adult 2X-Large Unisex Disposable Moderate Absorbency,,Medline,FITPLUSXXL,Disposable Incontinence Briefs,$31.33 ,,"In Stock (Get it Tomorrow, Oct 1)",BG/20,,,https://imgcdn.mckesson.com/CumulusWeb/Images/Item_Detail/835157_pkgright.jpg,,https://mms.mckesson.com/product/835157/Medline-FITPLUSXXL
864858,Incontinence Brief Wings™ Plus Quilted Adult Large Unisex Disposable Heavy Absorbency,,Cardinal,66034,Disposable Incontinence Briefs,$31.35 ,,"In Stock (Get it Tomorrow, Oct 1)",CS/4,,,https://imgcdn.mckesson.com/CumulusWeb/Images/Item_Detail/864858_ppkgleft.jpg,,https://mms.mckesson.com/product/864858/Cardinal-66034
630819,Incontinence Brief Wings™ Plus Quilted Adult Medium Unisex Disposable Heavy Absorbency,,Cardinal,66033,Disposable Incontinence Briefs,$32.42 ,,"In Stock (Get it Tomorrow, Oct 1)",CS/8,,,https://imgcdn.mckesson.com/CumulusWeb/Images/Item_Detail/630819_pkgfront.jpg,,https://mms.mckesson.com/product/630819/Cardinal-66033
724917,Absorbent Underwear McKesson Ultra Underwear Pull On with Tear Away Seams Adult Large Unisex Disposable Heavy Absorbency,,McKesson Brand,UWBLG,"Underwear, Disposable Incontinence Brief",$31.13 ,,"In Stock (Get it Tomorrow, Oct 1)",CS/4,,,https://imgcdn.mckesson.com/CumulusWeb/Images/Item_Detail/724917_1.jpg,,https://mms.mckesson.com/product/724917/McKesson-Brand-UWBLG
724916,Absorbent Underwear McKesson Ultra Underwear Pull On with Tear Away Seams Adult Medium Unisex Disposable Heavy Absorbency,,McKesson Brand,UWBMD,"Underwear, Disposable Incontinence Brief",$31.13 ,,"In Stock (Get it Tomorrow, Oct 1)",CS/4,,,https://imgcdn.mckesson.com/CumulusWeb/Images/Item_Detail/724916.jpg,,https://mms.mckesson.com/product/724916/McKesson-Brand-UWBMD
724918,Absorbent Underwear McKesson Ultra Underwear Pull On with Tear Away Seams Adult X-Large Unisex Disposable Heavy Absorbency,,McKesson Brand,UWBXL,"Underwear, Disposable Incontinence Brief",$31.13 ,,"In Stock (Get it Tomorrow, Oct 1)",CS/4,,,https://imgcdn.mckesson.com/CumulusWeb/Images/Item_Detail/724918.jpg,,https://mms.mckesson.com/product/724918/McKesson-Brand-UWBXL
724919,Absorbent Underwear McKesson Ultra Underwear Pull On with Tear Away Seams Adult 2X-Large Unisex Disposable Heavy Absorbency,,McKesson Brand,UWBXXL,"Underwear, Disposable Incontinence Brief",$31.13 ,,"In Stock (Get it Tomorrow, Oct 1)",CS/4,,,https://imgcdn.mckesson.com/CumulusWeb/Images/Item_Detail/724919.jpg,,https://mms.mckesson.com/product/724919/McKesson-Brand-UWBXXL
1246196,Incontinence Brief Abena Slip Flexi Fit Adult Large / X-Large Unisex Disposable Heavy Absorbency,,Abena North America,1000021167,Disposable Incontinence Briefs,$31.49 ,,"In Stock (Get it Tomorrow, Oct 1)",PK/18,,,https://imgcdn.mckesson.com/CumulusWeb/Images/Item_Detail/1246196_ppkgleft.jpg,,https://mms.mckesson.com/product/1246196/Abena-North-America-1000021167
855376,Hip Protection Brief with Pads GeriHip® Brief Large White,,Prevent Products,30-300,Cushions & Positioners,$30.88 ,,"In Stock (Get it Tomorrow, Oct 1)",EA/1,,,https://imgcdn.mckesson.com/CumulusWeb/Images/Item_Detail/855376.jpg,,https://mms.mckesson.com/product/855376/Prevent-Products-30-300
1174291,Incontinence Brief MoliCare® Premium Elastic 8D Adult Medium Unisex Disposable Heavy Absorbency,,Hartmann,165472,Disposable Incontinence Briefs,$29.22 ,,"In Stock (Get it Tomorrow, Oct 1)",BG/26,,,https://imgcdn.mckesson.com/CumulusWeb/Images/Item_Detail/1174291_ppkgfront.jpg,,https://mms.mckesson.com/product/1174291/Hartmann-165472
1174287,Incontinence Brief MoliCare® Premium Elastic 6D Adult Medium Unisex Disposable Moderate Absorbency,,Hartmann,165272,Disposable Incontinence Briefs,$28.40 ,,"In Stock (Get it Tomorrow, Oct 1)",BG/30,,,https://imgcdn.mckesson.com/CumulusWeb/Images/Item_Detail/1174287_ppkgfront.jpg,,https://mms.mckesson.com/product/1174287/Hartmann-165272
1174286,Incontinence Brief MoliCare® Premium Elastic 6D Adult Small Unisex Disposable Moderate Absorbency,,Hartmann,165271,Disposable Incontinence Briefs,$26.78 ,,"In Stock (Get it Tomorrow, Oct 1)",BG/30,,,https://imgcdn.mckesson.com/CumulusWeb/Images/Item_Detail/1174286_ppkgfront.jpg,,https://mms.mckesson.com/product/1174286/Hartmann-165271
794218,Incontinence Brief TENA ProSkin Stretch™ Ultra Adult 2X-Large Unisex Disposable Heavy Absorbency,,Essity HMS North America Inc,61390,Disposable Incontinence Briefs,$30.22 ,,"In Stock (Get it Tomorrow, Oct 1)",BG/32,,,https://imgcdn.mckesson.com/CumulusWeb/Images/Item_Detail/794218_pkgfront.jpg,,https://mms.mckesson.com/product/794218/Essity-HMS-North-America-Inc-61390
1218203,Incontinence Brief Abena® Slip Premium M4 Adult Medium Unisex Disposable Heavy Absorbency,,Abena North America,1000021287,Disposable Incontinence Briefs,$30.41 ,,"In Stock (Get it Tomorrow, Oct 1)",PK/21,,,https://imgcdn.mckesson.com/CumulusWeb/Images/Item_Detail/1218203_ppkgleft.jpg,,https://mms.mckesson.com/product/1218203/Abena-North-America-1000021287
1218208,Incontinence Brief Abena® Slip Premium L4 Adult Large Unisex Disposable Heavy Absorbency,,Abena North America,1000021292,Disposable Incontinence Briefs,$29.49 ,,"In Stock (Get it Tomorrow, Oct 1)",PK/18,,,https://imgcdn.mckesson.com/CumulusWeb/Images/Item_Detail/1218208_ppkgleft.jpg,,https://mms.mckesson.com/product/1218208/Abena-North-America-1000021292
1153087,Incontinence Brief MoliCare® Premium Elastic 10D Adult Large Unisex Disposable Heavy Absorbency,,Hartmann,165673,Disposable Incontinence Briefs,$25.73 ,,"In Stock (Get it Tomorrow, Oct 1)",PK/14,,,https://imgcdn.mckesson.com/CumulusWeb/Images/Item_Detail/1153087_ppkgfront.jpg,,https://mms.mckesson.com/product/1153087/Hartmann-165673
1218197,Incontinence Brief Abena® Slip Premium S2 Adult Small Unisex Disposable Heavy Absorbency,,Abena North America,1000021281,Disposable Incontinence Briefs,$27.37 ,,"In Stock (Get it Tomorrow, Oct 1)",PK/28,,,https://imgcdn.mckesson.com/CumulusWeb/Images/Item_Detail/1218197_ppkgleft.jpg,,https://mms.mckesson.com/product/1218197/Abena-North-America-1000021281
1160331,Absorbent Underwear Depend® Silhouette® Waistband Style Adult Medium Female Disposable Heavy Absorbency,,Kimberly Clark,51450,"Underwear, Disposable Incontinence Brief",$26.85 ,,"In Stock (Get it Tomorrow, Oct 1)",PK/22,,,https://imgcdn.mckesson.com/CumulusWeb/Images/Item_Detail/1160331_pkgfront_.jpg,,https://mms.mckesson.com/product/1160331/Kimberly-Clark-51450
1218198,Incontinence Brief Abena® Slip Premium S4 Adult Small Unisex Disposable Heavy Absorbency,,Abena North America,1000021282,Disposable Incontinence Briefs,$27.06 ,,"In Stock (Get it Tomorrow, Oct 1)",PK/25,,,https://imgcdn.mckesson.com/CumulusWeb/Images/Item_Detail/1218198_ppkgleft.jpg,,https://mms.mckesson.com/product/1218198/Abena-North-America-1000021282
1132145,Absorbent Underwear Depend® Real Fit® Waistband Style Adult Large / X-Large Male Disposable Heavy Absorbency,,Kimberly Clark,50979,"Underwear, Disposable Incontinence Brief",$26.07 ,,"In Stock (Get it Tomorrow, Oct 1)",PK/20,,,https://imgcdn.mckesson.com/CumulusWeb/Images/Item_Detail/1132145_pkgfront_.jpg,,https://mms.mckesson.com/product/1132145/Kimberly-Clark-50979
1132144,Absorbent Underwear Depend® Real Fit® Waistband Style Adult Small / Medium Male Disposable Heavy Absorbency,,Kimberly Clark,50976,"Underwear, Disposable Incontinence Brief",$26.07 ,,"In Stock (Get it Tomorrow, Oct 1)",PK/22,,,https://imgcdn.mckesson.com/CumulusWeb/Images/Item_Detail/1132144_pkgfront_.jpg,,https://mms.mckesson.com/product/1132144/Kimberly-Clark-50976
1205940,Absorbent Underwear Depend® Silhouette® Waistband Style Adult X-Large Female Disposable Heavy Absorbency,,Kimberly Clark,54219,"Underwear, Disposable Incontinence Brief",$26.07 ,,"In Stock (Get it Tomorrow, Oct 1)",PK/18,,,https://imgcdn.mckesson.com/CumulusWeb/Images/Item_Detail/1205940_pkgfront_.jpg,,https://mms.mckesson.com/product/1205940/Kimberly-Clark-54219
1205939,Absorbent Underwear Depend® Silhouette® Waistband Style Adult Large Female Disposable Heavy Absorbency,,Kimberly Clark,54226,"Underwear, Disposable Incontinence Brief",$26.07 ,,"In Stock (Get it Tomorrow, Oct 1)",PK/20,,,https://imgcdn.mckesson.com/CumulusWeb/Images/Item_Detail/1205939_pkgfront_.jpg,,https://mms.mckesson.com/product/1205939/Kimberly-Clark-54226
1191493,Absorbent Underwear Depend® Silhouette® Waistband Style Adult Small Female Disposable Heavy Absorbency,,Kimberly Clark,51449,"Underwear, Disposable Incontinence Brief",$26.07 ,,"In Stock (Get it Tomorrow, Oct 1)",PK/26,,,https://imgcdn.mckesson.com/CumulusWeb/Images/Item_Detail/1191493_pkgfront_.jpg,,https://mms.mckesson.com/product/1191493/Kimberly-Clark-51449
959407,Incontinence Brief TENA® Stretch™ Plus Adult 2X-Large Unisex Disposable Moderate Absorbency,,Essity HMS North America Inc,61090,Disposable Incontinence Briefs,$25.38 ,,"In Stock (Get it Tomorrow, Oct 1)",PK/32,,,https://imgcdn.mckesson.com/CumulusWeb/Images/Item_Detail/959407_ppkgfront.jpg,,https://mms.mckesson.com/product/959407/Essity-HMS-North-America-Inc-61090
1188021,Absorbent Underwear Depend® Fresh Protection™ Waistband Style Adult Large Male Disposable Heavy Absorbency,,Kimberly Clark,53745,"Underwear, Disposable Incontinence Brief",$27.25 ,,"In Stock (Get it Tomorrow, Oct 1)",PK/28,,,https://imgcdn.mckesson.com/CumulusWeb/Images/Item_Detail/1188021_pkgfront.jpg,,https://mms.mckesson.com/product/1188021/Kimberly-Clark-53745
1184203,Absorbent Underwear Depend® Fresh Protection™ Waistband Style Adult Medium Female Disposable Heavy Absorbency,,Kimberly Clark,53742,"Underwear, Disposable Incontinence Brief",$27.25 ,,"In Stock (Get it Tomorrow, Oct 1)",PK/30,,,https://imgcdn.mckesson.com/CumulusWeb/Images/Item_Detail/1184203_pkgfront_.jpg,,https://mms.mckesson.com/product/1184203/Kimberly-Clark-53742
1189141,Absorbent Underwear Depend® Fresh Protection™ Waistband Style Adult X-Large Male Disposable Heavy Absorbency,,Kimberly Clark,53746,"Underwear, Disposable Incontinence Brief",$27.25 ,,"In Stock (Get it Tomorrow, Oct 1)",PK/26,,,https://imgcdn.mckesson.com/CumulusWeb/Images/Item_Detail/1189141_pkgfront.jpg,,https://mms.mckesson.com/product/1189141/Kimberly-Clark-53746
1184202,Absorbent Underwear Depend® Fresh Protection™ Waistband Style Adult Small / Medium Male Disposable Heavy Absorbency,,Kimberly Clark,53748,"Underwear, Disposable Incontinence Brief",$26.46 ,,"In Stock (Get it Tomorrow, Oct 1)",PK/32,,,https://imgcdn.mckesson.com/CumulusWeb/Images/Item_Detail/1184202_pkgfront.jpg,,https://mms.mckesson.com/product/1184202/Kimberly-Clark-53748
1184201,Absorbent Underwear Depend® Fresh Protection™ Waistband Style Adult Large Female Disposable Heavy Absorbency,,Kimberly Clark,53743,"Underwear, Disposable Incontinence Brief",$26.46 ,,"In Stock (Get it Tomorrow, Oct 1)",PK/28,,,https://imgcdn.mckesson.com/CumulusWeb/Images/Item_Detail/1184201_pkgfront.jpg,,https://mms.mckesson.com/product/1184201/Kimberly-Clark-53743
1184204,Absorbent Underwear Depend® Fresh Protection™ Waistband Style Adult Small Female Disposable Heavy Absorbency,,Kimberly Clark,53741,"Underwear, Disposable Incontinence Brief",$26.46 ,,"In Stock (Get it Tomorrow, Oct 1)",PK/32,,,https://imgcdn.mckesson.com/CumulusWeb/Images/Item_Detail/1184204_pkgfront.jpg,,https://mms.mckesson.com/product/1184204/Kimberly-Clark-53741
1287200,Incontinence Brief TENA® ProSkin™ Super Adult X-Large Unisex Disposable Heavy Absorbency,,Essity HMS North America Inc,67570,Disposable Incontinence Briefs,$25.08 ,,"In Stock (Get it Tomorrow, Oct 1)",BG/20,,,https://imgcdn.mckesson.com/CumulusWeb/Images/Item_Detail/1287200_front.jpg,,https://mms.mckesson.com/product/1287200/Essity-HMS-North-America-Inc-67570
871836,Incontinence Brief TENA ProSkin Stretch™ Ultra Adult Large / X-Large Unisex Disposable Heavy Absorbency,,Essity HMS North America Inc,67803,Disposable Incontinence Briefs,$24.26 ,,"In Stock (Get it Tomorrow, Oct 1)",PK/36,,,https://imgcdn.mckesson.com/CumulusWeb/Images/Item_Detail/871836_pkgfront.jpg,,https://mms.mckesson.com/product/871836/Essity-HMS-North-America-Inc-67803
1198444,Incontinence Brief TENA Complete + Care Ultra™ Adult 2X-Large Unisex Disposable Moderate Absorbency,,Essity HMS North America Inc,61092,Disposable Incontinence Briefs,$24.66 ,,"In Stock (Get it Tomorrow, Oct 1)",PK/32,,,https://imgcdn.mckesson.com/CumulusWeb/Images/Item_Detail/1198444_ppkgfront.jpg,,https://mms.mckesson.com/product/1198444/Essity-HMS-North-America-Inc-61092
1163871,Incontinence Brief Seni® Super Plus Adult Large Unisex Disposable Heavy Absorbency,,TZMO USA Inc,S-LA25-BP1,Disposable Incontinence Briefs,$22.99 ,,"In Stock (Get it Tomorrow, Oct 1)",PK/25,,,https://imgcdn.mckesson.com/CumulusWeb/Images/Item_Detail/1163871_pkgfront.jpg,,https://mms.mckesson.com/product/1163871/TZMO-USA-Inc-S-LA25-BP1
1078992,Incontinence Brief Attends® Overnight Adult X-Large Unisex Disposable Heavy Absorbency,,Attends Healthcare Products,DDEW40,Disposable Incontinence Briefs,$23 ,,"In Stock (Get it Tomorrow, Oct 1)",BG/14,,,https://imgcdn.mckesson.com/CumulusWeb/Images/Item_Detail/1078992_ppkgleft_.jpg,,https://mms.mckesson.com/product/1078992/Attends-Healthcare-Products-DDEW40
938010,Incontinence Brief Abri-Form™ Comfort M4 Adult Medium Unisex Disposable Heavy Absorbency,,Abena North America,4163,Disposable Incontinence Briefs,$21.51 ,,"In Stock (Get it Tomorrow, Oct 1)",BG/14,,,https://imgcdn.mckesson.com/CumulusWeb/Images/Item_Detail/938010_pkgright.jpg,,https://mms.mckesson.com/product/938010/Abena-North-America-4163
835156,Incontinence Brief FitRight™ Plus Adult X-Large Unisex Disposable Moderate Absorbency,,Medline,FITPLUSXLG,Disposable Incontinence Briefs,$16.95 ,,"In Stock (Get it Tomorrow, Oct 1)",BG/20,,,https://imgcdn.mckesson.com/CumulusWeb/Images/Item_Detail/835156_pkgright.jpg,,https://mms.mckesson.com/product/835156/Medline-FITPLUSXLG
1163873,Incontinence Brief Seni® Super Plus Adult X-Large Unisex Disposable Heavy Absorbency,,TZMO USA Inc,S-XL25-BP1,Disposable Incontinence Briefs,$24.01 ,,"In Stock (Get it Tomorrow, Oct 1)",PK/25,,,https://imgcdn.mckesson.com/CumulusWeb/Images/Item_Detail/1163873_pkgfront.jpg,,https://mms.mckesson.com/product/1163873/TZMO-USA-Inc-S-XL25-BP1
1218238,Absorbent Underwear Abena® Premium Pants XL3 Pull On with Tear Away Seams Adult X-Large Unisex Disposable Heavy Absorbency,,Abena North America,1000021330,"Underwear, Disposable Incontinence Brief",$21.58 ,,"In Stock (Get it Tomorrow, Oct 1)",PK/16,,,https://imgcdn.mckesson.com/CumulusWeb/Images/Item_Detail/1218238_ppkgleft.jpg,,https://mms.mckesson.com/product/1218238/Abena-North-America-1000021330
955308,Incontinence Brief Attends® Bariatric Adult 4X-Large Unisex Disposable Heavy Absorbency,,Attends Healthcare Products,DD60,Disposable Incontinence Briefs,$21.61 ,,"In Stock (Get it Tomorrow, Oct 1)",BG/8,,,https://imgcdn.mckesson.com/CumulusWeb/Images/Item_Detail/955308_ppkgleft_.jpg,,https://mms.mckesson.com/product/955308/Attends-Healthcare-Products-DD60
938011,Incontinence Brief Abri-Form™ Comfort L4 Adult Large Unisex Disposable Heavy Absorbency,,Abena North America,4168,Disposable Incontinence Briefs,$21.67 ,,"In Stock (Get it Tomorrow, Oct 1)",BG/12,,,https://imgcdn.mckesson.com/CumulusWeb/Images/Item_Detail/938011_pkgright.jpg,,https://mms.mckesson.com/product/938011/Abena-North-America-4168
1078991,Incontinence Brief Attends® Overnight Adult Large Unisex Disposable Heavy Absorbency,,Attends Healthcare Products,DDEW30,Disposable Incontinence Briefs,$21.79 ,,"In Stock (Get it Tomorrow, Oct 1)",BG/14,,,https://imgcdn.mckesson.com/CumulusWeb/Images/Item_Detail/1078991_ppkgleft_.jpg,,https://mms.mckesson.com/product/1078991/Attends-Healthcare-Products-DDEW30
1078990,Incontinence Brief Attends® Overnight Adult Medium Unisex Disposable Heavy Absorbency,,Attends Healthcare Products,DDEW20,Disposable Incontinence Briefs,$21.79 ,,"In Stock (Get it Tomorrow, Oct 1)",BG/18,,,https://imgcdn.mckesson.com/CumulusWeb/Images/Item_Detail/1078990_ppkgleft_.jpg,,https://mms.mckesson.com/product/1078990/Attends-Healthcare-Products-DDEW20
1287197,Incontinence Brief TENA® ProSkin™ Super Adult Large Unisex Disposable Heavy Absorbency,,Essity HMS North America Inc,67560,Disposable Incontinence Briefs,$20.95 ,,"In Stock (Get it Tomorrow, Oct 1)",BG/20,,,https://imgcdn.mckesson.com/CumulusWeb/Images/Item_Detail/1287197_front.jpg,,https://mms.mckesson.com/product/1287197/Essity-HMS-North-America-Inc-67560
1163866,Incontinence Brief Seni® Super Plus Adult Regular Unisex Disposable Heavy Absorbency,,TZMO USA Inc,S-RE25-BP1,Disposable Incontinence Briefs,$20.95 ,,"In Stock (Get it Tomorrow, Oct 1)",PK/25,,,https://imgcdn.mckesson.com/CumulusWeb/Images/Item_Detail/1163866_pkgfront.jpg,,https://mms.mckesson.com/product/1163866/TZMO-USA-Inc-S-RE25-BP1
1260916,Absorbent Underwear Nexwear Pull On Adult X-Large Male Disposable Moderate Absorbency,,Valrico LLC,205,"Underwear, Disposable Incontinence Brief",$21.07 ,,"In Stock (Get it Tomorrow, Oct 1)",PK/15,,,https://imgcdn.mckesson.com/CumulusWeb/Images/Item_Detail/1260916_front.jpg,,https://mms.mckesson.com/product/1260916/Valrico-LLC-205
1218237,Absorbent Underwear Abena® Premium Pants XL2 Pull On with Tear Away Seams Adult X-Large Unisex Disposable Heavy Absorbency,,Abena North America,1000021329,"Underwear, Disposable Incontinence Brief",$20.34 ,,"In Stock (Get it Tomorrow, Oct 1)",PK/16,,,https://imgcdn.mckesson.com/CumulusWeb/Images/Item_Detail/1218237_ppkgleft.jpg,,https://mms.mckesson.com/product/1218237/Abena-North-America-1000021329
1260915,Absorbent Underwear Nexwear Pull On Adult Large Male Disposable Moderate Absorbency,,Valrico LLC,197,"Underwear, Disposable Incontinence Brief",$20.52 ,,"In Stock (Get it Tomorrow, Oct 1)",PK/15,,,https://imgcdn.mckesson.com/CumulusWeb/Images/Item_Detail/1260915_front.jpg,,https://mms.mckesson.com/product/1260915/Valrico-LLC-197
1260918,Absorbent Underwear Nexwear Pull On Adult Large Female Disposable Moderate Absorbency,,Valrico LLC,199,"Underwear, Disposable Incontinence Brief",$20.52 ,,"In Stock (Get it Tomorrow, Oct 1)",PK/15,,,https://imgcdn.mckesson.com/CumulusWeb/Images/Item_Detail/1260918_ppkgleft.jpg,,https://mms.mckesson.com/product/1260918/Valrico-LLC-199
709216,Incontinence Brief TENA ProSkin Stretch™ Ultra Adult Medium Unisex Disposable Heavy Absorbency,,Essity HMS North America Inc,67802,Disposable Incontinence Briefs,$20.62 ,,"In Stock (Get it Tomorrow, Oct 1)",BG/36,,,https://imgcdn.mckesson.com/CumulusWeb/Images/Item_Detail/709216_pkgfront.jpg,,https://mms.mckesson.com/product/709216/Essity-HMS-North-America-Inc-67802
1184056,Absorbent Underwear Attends® Bariatric Pull On with Tear Away Seams Adult 3X-Large Unisex Disposable Heavy Absorbency,,Attends Healthcare Products,AU60,"Underwear, Disposable Incontinence Brief",$19.68 ,,"In Stock (Get it Tomorrow, Oct 1)",PK/10,,,https://imgcdn.mckesson.com/CumulusWeb/Images/Item_Detail/1184056_ppkgleft.jpg,,https://mms.mckesson.com/product/1184056/Attends-Healthcare-Products-AU60
1260964,Absorbent Underwear Nexwear Pull On Adult Small / Medium Male Disposable Moderate Absorbency,,Valrico LLC,195,"Underwear, Disposable Incontinence Brief",$19.80 ,,"In Stock (Get it Tomorrow, Oct 1)",PK/15,,,https://imgcdn.mckesson.com/CumulusWeb/Images/Item_Detail/1260964_front.jpg,,https://mms.mckesson.com/product/1260964/Valrico-LLC-195
1218210,Incontinence Brief Abena® Slip Premium XL4 Adult X-Large Unisex Disposable Heavy Absorbency,,Abena North America,1000021294,Disposable Incontinence Briefs,$19.88 ,,"In Stock (Get it Tomorrow, Oct 1)",PK/12,,,https://imgcdn.mckesson.com/CumulusWeb/Images/Item_Detail/1218210_ppkgleft.jpg,,https://mms.mckesson.com/product/1218210/Abena-North-America-1000021294
1224720,Absorbent Underwear Depend® Night Defense® Waistband Style Adult X-Large Female Disposable Heavy Absorbency,,Kimberly Clark,55154,"Underwear, Disposable Incontinence Brief",$19.02 ,,"In Stock (Get it Tomorrow, Oct 1)",PK/12,,,https://imgcdn.mckesson.com/CumulusWeb/Images/Item_Detail/1224720_pkgleft.jpg,,https://mms.mckesson.com/product/1224720/Kimberly-Clark-55154
1224722,Absorbent Underwear Depend® Night Defense® Pull On with Tear Away Seams Adult Large Male Disposable Heavy Absorbency,,Kimberly Clark,55157,"Underwear, Disposable Incontinence Brief",$19.02 ,,"In Stock (Get it Tomorrow, Oct 1)",PK/14,,,https://imgcdn.mckesson.com/CumulusWeb/Images/Item_Detail/1224722_pkgfront.jpg,,https://mms.mckesson.com/product/1224722/Kimberly-Clark-55157
1224723,Absorbent Underwear Depend® Night Defense® Pull On with Tear Away Seams Adult X-Large Male Disposable Heavy Absorbency,,Kimberly Clark,55158,"Underwear, Disposable Incontinence Brief",$19.02 ,,"In Stock (Get it Tomorrow, Oct 1)",PK/12,,,https://imgcdn.mckesson.com/CumulusWeb/Images/Item_Detail/1224723_pkgfront_.jpg,,https://mms.mckesson.com/product/1224723/Kimberly-Clark-55158
1163804,Absorbent Underwear Depend® Night Defense® Waistband Style Adult Small Female Disposable Heavy Absorbency,,Kimberly Clark,51701,"Underwear, Disposable Incontinence Brief",$19.02 ,,"In Stock (Get it Tomorrow, Oct 1)",PK/16,,,https://imgcdn.mckesson.com/CumulusWeb/Images/Item_Detail/1163804_pkgleft.jpg,,https://mms.mckesson.com/product/1163804/Kimberly-Clark-51701
1254292,Incontinence Brief Attends® Overnight Bariatric Adult 5X-Large Unisex Disposable Heavy Absorbency,,Attends Healthcare Products,DD70,Disposable Incontinence Briefs,$17.56 ,,"In Stock (Get it Tomorrow, Oct 1)",BG/8,,,https://imgcdn.mckesson.com/CumulusWeb/Images/Item_Detail/1254292_pkgfront.jpg,,https://mms.mckesson.com/product/1254292/Attends-Healthcare-Products-DD70
973140,Incontinence Brief McKesson Ultra Plus Stretch Brief Adult 2X-Large / 3X-Large Unisex Disposable Heavy Absorbency,,McKesson Brand,BRSTRBAR,Disposable Incontinence Briefs,$16.57 ,,"In Stock (Get it Tomorrow, Oct 1)",BG/20,,,https://imgcdn.mckesson.com/CumulusWeb/Images/Item_Detail/973140_.jpg,,https://mms.mckesson.com/product/973140/McKesson-Brand-BRSTRBAR
919703,Absorbent Underwear FitRight® Extra Pull On with Tear Away Seams Adult Large Unisex Disposable Moderate Absorbency,,Medline,MSC13505A,"Underwear, Disposable Incontinence Brief",$13.65 ,,"In Stock (Get it Tomorrow, Oct 1)",BG/20,,,https://imgcdn.mckesson.com/CumulusWeb/Images/Item_Detail/919703_pkgleft.jpg,,https://mms.mckesson.com/product/919703/Medline-MSC13505A
1163863,Incontinence Brief Seni® Super Plus Adult Medium Unisex Disposable Heavy Absorbency,,TZMO USA Inc,S-ME25-BP1,Disposable Incontinence Briefs,$19.93 ,,"In Stock (Get it Tomorrow, Oct 1)",PK/25,,,https://imgcdn.mckesson.com/CumulusWeb/Images/Item_Detail/1163863_pkgfront.jpg,,https://mms.mckesson.com/product/1163863/TZMO-USA-Inc-S-ME25-BP1
1218235,Absorbent Underwear Abena® Premium Pants L3 Pull On with Tear Away Seams Adult Large Unisex Disposable Heavy Absorbency,,Abena North America,1000021327,"Underwear, Disposable Incontinence Brief",$19.97 ,,"In Stock (Get it Tomorrow, Oct 1)",PK/15,,,https://imgcdn.mckesson.com/CumulusWeb/Images/Item_Detail/1218235_ppkgleft.jpg,,https://mms.mckesson.com/product/1218235/Abena-North-America-1000021327
1131159,Absorbent Underwear TENA ProSkin™ Plus Pull On with Tear Away Seams Adult 2X-Large Unisex Disposable Moderate Absorbency,,Essity HMS North America Inc,72508,"Underwear, Disposable Incontinence Brief",$19.27 ,,"In Stock (Get it Tomorrow, Oct 1)",BG/12,,,https://imgcdn.mckesson.com/CumulusWeb/Images/Item_Detail/1131159_ppkgfront.jpg,,https://mms.mckesson.com/product/1131159/Essity-HMS-North-America-Inc-72508
1163805,Absorbent Underwear Depend® Night Defense® Waistband Style Adult Large Female Disposable Heavy Absorbency,,Kimberly Clark,51702,"Underwear, Disposable Incontinence Brief",$18.47 ,,"In Stock (Get it Tomorrow, Oct 1)",PK/14,,,https://imgcdn.mckesson.com/CumulusWeb/Images/Item_Detail/1163805_pkgleft.jpg,,https://mms.mckesson.com/product/1163805/Kimberly-Clark-51702
1163806,Absorbent Underwear Depend® Night Defense® Waistband Style Adult Medium Female Disposable Heavy Absorbency,,Kimberly Clark,51703,"Underwear, Disposable Incontinence Brief",$18.47 ,,"In Stock (Get it Tomorrow, Oct 1)",PK/15,,,https://imgcdn.mckesson.com/CumulusWeb/Images/Item_Detail/1163806_pkgleft.jpg,,https://mms.mckesson.com/product/1163806/Kimberly-Clark-51703
1090312,Absorbent Underwear Depend® Fresh Protection™ Waistband Style Adult Large Male Disposable Heavy Absorbency,,Kimberly Clark,47926,"Underwear, Disposable Incontinence Brief",$18.59 ,,"In Stock (Get it Tomorrow, Oct 1)",PK/17,,,https://imgcdn.mckesson.com/CumulusWeb/Images/Item_Detail/1090312_pkgfront.jpg,,https://mms.mckesson.com/product/1090312/Kimberly-Clark-47926
1090308,Absorbent Underwear Depend® Fresh Protection™ Waistband Style Adult Large Female Disposable Heavy Absorbency,,Kimberly Clark,48124,"Underwear, Disposable Incontinence Brief",$18.59 ,,"In Stock (Get it Tomorrow, Oct 1)",PK/17,,,https://imgcdn.mckesson.com/CumulusWeb/Images/Item_Detail/1090308_pkgfront.jpg,,https://mms.mckesson.com/product/1090308/Kimberly-Clark-48124
1090313,Absorbent Underwear Depend® Fresh Protection™ Waistband Style Adult X-Large Male Disposable Heavy Absorbency,,Kimberly Clark,47930,"Underwear, Disposable Incontinence Brief",$18.59 ,,"In Stock (Get it Tomorrow, Oct 1)",PK/15,,,https://imgcdn.mckesson.com/CumulusWeb/Images/Item_Detail/1090313_pkgfront.jpg,,https://mms.mckesson.com/product/1090313/Kimberly-Clark-47930
1090310,Absorbent Underwear Depend® Fresh Protection™ Waistband Style Adult X-Large Female Disposable Heavy Absorbency,,Kimberly Clark,43586,"Underwear, Disposable Incontinence Brief",$18.59 ,,"In Stock (Get it Tomorrow, Oct 1)",PK/15,,,https://imgcdn.mckesson.com/CumulusWeb/Images/Item_Detail/1090310_pkgfront.jpg,,https://mms.mckesson.com/product/1090310/Kimberly-Clark-43586
1090305,Absorbent Underwear Depend® Fresh Protection™ Waistband Style Adult Medium Female Disposable Heavy Absorbency,,Kimberly Clark,47932,"Underwear, Disposable Incontinence Brief",$18.59 ,,"In Stock (Get it Tomorrow, Oct 1)",PK/18,,,https://imgcdn.mckesson.com/CumulusWeb/Images/Item_Detail/1090305_pkgfront.jpg,,https://mms.mckesson.com/product/1090305/Kimberly-Clark-47932
1090304,Absorbent Underwear Depend® Fresh Protection™ Waistband Style Adult Small Female Disposable Heavy Absorbency,,Kimberly Clark,47915,"Underwear, Disposable Incontinence Brief",$18.59 ,,"In Stock (Get it Tomorrow, Oct 1)",PK/19,,,https://imgcdn.mckesson.com/CumulusWeb/Images/Item_Detail/1090304_pkgfront.jpg,,https://mms.mckesson.com/product/1090304/Kimberly-Clark-47915
984194,Absorbent Underwear Depend® Fresh Protection™ Waistband Style Adult Small / Medium Male Disposable Heavy Absorbency,,Kimberly Clark,43616,"Underwear, Disposable Incontinence Brief",$18.59 ,,"In Stock (Get it Tomorrow, Oct 1)",PK/19,,,https://imgcdn.mckesson.com/CumulusWeb/Images/Item_Detail/984194_pkgfront.jpg,,https://mms.mckesson.com/product/984194/Kimberly-Clark-43616
738749,Absorbent Underwear TENA® MEN™ Maximum Plus Pull On with Tear Away Seams Adult Small / Medium Male Disposable Heavy Absorbency,,Essity HMS North America Inc,81780,"Underwear, Disposable Incontinence Brief",$17.66 ,,"In Stock (Get it Tomorrow, Oct 1)",BG/16,,,https://imgcdn.mckesson.com/CumulusWeb/Images/Item_Detail/738749_pkgfront.jpg,,https://mms.mckesson.com/product/738749/Essity-HMS-North-America-Inc-81780
738751,Absorbent Underwear TENA® MEN™ Maximum Plus Pull On with Tear Away Seams Adult Large / X-Large Male Disposable Heavy Absorbency,,Essity HMS North America Inc,81920,"Underwear, Disposable Incontinence Brief",$17.66 ,,"In Stock (Get it Tomorrow, Oct 1)",BG/14,,,https://imgcdn.mckesson.com/CumulusWeb/Images/Item_Detail/738751_pkgfront.jpg,,https://mms.mckesson.com/product/738751/Essity-HMS-North-America-Inc-81920
738745,Absorbent Underwear TENA® Women™ Super Plus Pull On with Tear Away Seams Adult X-Large Female Disposable Heavy Absorbency,,Essity HMS North America Inc,54287,"Underwear, Disposable Incontinence Brief",$17.66 ,,"In Stock (Get it Tomorrow, Oct 1)",BG/14,,,https://imgcdn.mckesson.com/CumulusWeb/Images/Item_Detail/738745_ppkgfront.jpg,,https://mms.mckesson.com/product/738745/Essity-HMS-North-America-Inc-54287
1115186,Absorbent Underwear TENA® Women™ Super Plus Pull On with Tear Away Seams Adult Small / Medium Female Disposable Heavy Absorbency,,Essity HMS North America Inc,54285,"Underwear, Disposable Incontinence Brief",$17.66 ,,"In Stock (Get it Tomorrow, Oct 1)",BG/18,,,https://imgcdn.mckesson.com/CumulusWeb/Images/Item_Detail/1115186_ppkgfront.jpg,,https://mms.mckesson.com/product/1115186/Essity-HMS-North-America-Inc-54285
959411,Incontinence Brief TENA® ProSkin™ Plus Adult X-Small Unisex Disposable Moderate Absorbency,,Essity HMS North America Inc,61199,Disposable Incontinence Briefs,$17.80 ,,"In Stock (Get it Tomorrow, Oct 1)",PK/30,,,https://imgcdn.mckesson.com/CumulusWeb/Images/Item_Detail/959411_ppkgfront.jpg,,https://mms.mckesson.com/product/959411/Essity-HMS-North-America-Inc-61199
1246162,Absorbent Underwear Depend® Silhouette® Waistband Style Adult Medium Female Disposable Heavy Absorbency,,Kimberly Clark,55418,"Underwear, Disposable Incontinence Brief",$17.80 ,,"In Stock (Get it Tomorrow, Oct 1)",PK/14,,,https://imgcdn.mckesson.com/CumulusWeb/Images/Item_Detail/1246162_pkgfront.jpg,,https://mms.mckesson.com/product/1246162/Kimberly-Clark-55418
1246165,Absorbent Underwear Depend® Real Fit® Waistband Style Adult Small / Medium Male Disposable Heavy Absorbency,,Kimberly Clark,55426,"Underwear, Disposable Incontinence Brief",$17.80 ,,"In Stock (Get it Tomorrow, Oct 1)",PK/14,,,https://imgcdn.mckesson.com/CumulusWeb/Images/Item_Detail/1246165_pkgfront.jpg,,https://mms.mckesson.com/product/1246165/Kimberly-Clark-55426
1246161,Absorbent Underwear Depend® Silhouette® Waistband Style Adult Small Female Disposable Heavy Absorbency,,Kimberly Clark,55412,"Underwear, Disposable Incontinence Brief",$17.80 ,,"In Stock (Get it Tomorrow, Oct 1)",PK/16,,,https://imgcdn.mckesson.com/CumulusWeb/Images/Item_Detail/1246161_pkgfront.jpg,,https://mms.mckesson.com/product/1246161/Kimberly-Clark-55412
1246164,Absorbent Underwear Depend® Silhouette® Waistband Style Adult X-Large Female Disposable Heavy Absorbency,,Kimberly Clark,55425,"Underwear, Disposable Incontinence Brief",$17.80 ,,"In Stock (Get it Tomorrow, Oct 1)",PK/10,,,https://imgcdn.mckesson.com/CumulusWeb/Images/Item_Detail/1246164_pkgfront.jpg,,https://mms.mckesson.com/product/1246164/Kimberly-Clark-55425
1117751,Absorbent Underwear TENA® ProSkin™ Extra Pull On with Tear Away Seams Adult 2X-Large Unisex Disposable Moderate Absorbency,,Essity HMS North America Inc,72518,"Underwear, Disposable Incontinence Brief",$17.85 ,,"In Stock (Get it Tomorrow, Oct 1)",BG/12,,,https://imgcdn.mckesson.com/CumulusWeb/Images/Item_Detail/1117751_pkgfront.jpg,,https://mms.mckesson.com/product/1117751/Essity-HMS-North-America-Inc-72518
835153,Incontinence Brief FitRight™ Plus Adult Medium Unisex Disposable Moderate Absorbency,,Medline,FITPLUSMD,Disposable Incontinence Briefs,$11.77 ,,"In Stock (Get it Tomorrow, Oct 1)",BG/20,,,https://imgcdn.mckesson.com/CumulusWeb/Images/Item_Detail/835153_pkgright.jpg,,https://mms.mckesson.com/product/835153/Medline-FITPLUSMD
1123837,Absorbent Underwear McKesson Ultimate Underwear Pull On with Tear Away Seams Adult X-Large Unisex Disposable Heavy Absorbency,,McKesson Brand,UW33853,"Underwear, Disposable Incontinence Brief",$11.80 ,,"In Stock (Get it Tomorrow, Oct 1)",BG/14,,,https://imgcdn.mckesson.com/CumulusWeb/Images/Item_Detail/1123837_.jpg,,https://mms.mckesson.com/product/1123837/McKesson-Brand-UW33853
1163862,Incontinence Brief Seni® Super Adult Large Unisex Disposable Heavy Absorbency,,TZMO USA Inc,S-LA25-BS1,Disposable Incontinence Briefs,$19.42 ,,"In Stock (Get it Tomorrow, Oct 1)",PK/25,,,https://imgcdn.mckesson.com/CumulusWeb/Images/Item_Detail/1163862_pkgfront_.jpg,,https://mms.mckesson.com/product/1163862/TZMO-USA-Inc-S-LA25-BS1
812269,Incontinence Brief Depend® Protection With Tabs Adult Large Unisex Disposable Heavy Absorbency,,Kimberly Clark,35458,Disposable Incontinence Briefs,$18.64 ,,"In Stock (Get it Tomorrow, Oct 1)",PK/16,,,https://imgcdn.mckesson.com/CumulusWeb/Images/Item_Detail/812269_pkgfront.jpg,,https://mms.mckesson.com/product/812269/Kimberly-Clark-35458
812268,Incontinence Brief Depend® Adult Small / Medium Unisex Disposable Heavy Absorbency,,Kimberly Clark,35456,Disposable Incontinence Briefs,$18.64 ,,"In Stock (Get it Tomorrow, Oct 1)",PK/20,,,https://imgcdn.mckesson.com/CumulusWeb/Images/Item_Detail/812268_pkgfront.jpg,,https://mms.mckesson.com/product/812268/Kimberly-Clark-35456
1218231,Absorbent Underwear Abena® Premium Pants M3 Pull On with Tear Away Seams Adult Medium Unisex Disposable Heavy Absorbency,,Abena North America,1000021324,"Underwear, Disposable Incontinence Brief",$18.64 ,,"In Stock (Get it Tomorrow, Oct 1)",PK/15,,,https://imgcdn.mckesson.com/CumulusWeb/Images/Item_Detail/1218231_ppkgleft.jpg,,https://mms.mckesson.com/product/1218231/Abena-North-America-1000021324
1252478,Absorbent Underwear Tranquility® Premium OverNight™ Pull On with Tear Away Seams Adult 3X-Large Unisex Disposable Heavy Absorbency,,Principle Business Enterprises,2119,Disposable Incontinence Briefs,$18.77 ,,"In Stock (Get it Tomorrow, Oct 1)",BG/10,,,https://imgcdn.mckesson.com/CumulusWeb/Images/Item_Detail/1252478_pkgright.jpg,,https://mms.mckesson.com/product/1252478/Principle-Business-Enterprises-2119
1053409,Absorbent Underwear TENA ProSkin Overnight™ Super Pull On with Tear Away Seams Adult Large Unisex Disposable Heavy Absorbency,,Essity HMS North America Inc,72325,"Underwear, Disposable Incontinence Brief",$17.91 ,,"In Stock (Get it Tomorrow, Oct 1)",BG/14,,,https://imgcdn.mckesson.com/CumulusWeb/Images/Item_Detail/1053409_ppkgfront.jpg,,https://mms.mckesson.com/product/1053409/Essity-HMS-North-America-Inc-72325
1053410,Absorbent Underwear TENA ProSkin Overnight™ Super Pull On with Tear Away Seams Adult X-Large Unisex Disposable Heavy Absorbency,,Essity HMS North America Inc,72427,"Underwear, Disposable Incontinence Brief",$18.04 ,,"In Stock (Get it Tomorrow, Oct 1)",BG/12,,,https://imgcdn.mckesson.com/CumulusWeb/Images/Item_Detail/1053410_ppkgfront_.jpg,,https://mms.mckesson.com/product/1053410/Essity-HMS-North-America-Inc-72427
761660,Absorbent Underwear Attends® Pull On with Tear Away Seams Adult Large Unisex Disposable Heavy Absorbency,,Attends Healthcare Products,AP0730100,"Underwear, Disposable Incontinence Brief",$17.15 ,,"In Stock (Get it Tomorrow, Oct 1)",PK/25,,,https://imgcdn.mckesson.com/CumulusWeb/Images/Item_Detail/761660_right.jpg,,https://mms.mckesson.com/product/761660/Attends-Healthcare-Products-AP0730100
763435,Incontinence Brief Tranquility® AIR-Plus™ Bariatric Adult 4 to 5X-Large Unisex Disposable Heavy Absorbency,,Principle Business Enterprises,2195,Disposable Incontinence Briefs,$17.16 ,,"In Stock (Get it Tomorrow, Oct 1)",BG/8,,,https://imgcdn.mckesson.com/CumulusWeb/Images/Item_Detail/763435_ppkgright.jpg,,https://mms.mckesson.com/product/763435/Principle-Business-Enterprises-2195
1246166,Absorbent Underwear Depend® Real Fit® Waistband Style Adult Large / X-Large Male Disposable Heavy Absorbency,,Kimberly Clark,55427,"Underwear, Disposable Incontinence Brief",$17.28 ,,"In Stock (Get it Tomorrow, Oct 1)",PK/12,,,https://imgcdn.mckesson.com/CumulusWeb/Images/Item_Detail/1246166_pkgfront.jpg,,https://mms.mckesson.com/product/1246166/Kimberly-Clark-55427
1246163,Absorbent Underwear Depend® Silhouette® Waistband Style Adult Large Female Disposable Heavy Absorbency,,Kimberly Clark,55424,"Underwear, Disposable Incontinence Brief",$17.28 ,,"In Stock (Get it Tomorrow, Oct 1)",PK/12,,,https://imgcdn.mckesson.com/CumulusWeb/Images/Item_Detail/1246163_pkgfront.jpg,,https://mms.mckesson.com/product/1246163/Kimberly-Clark-55424
1266023,Absorbent Underwear TENA® Men Overnight Extra Coverage™ Pull On with Tear Away Seams Adult Large / X-Large Male Disposable Heavy Absorbency,,Essity HMS North America Inc,55734,"Underwear, Disposable Incontinence Brief",$16.52 ,,"In Stock (Get it Tomorrow, Oct 1)",BG/12,,,https://imgcdn.mckesson.com/CumulusWeb/Images/Item_Detail/1266023_ppkgfront.jpg,,https://mms.mckesson.com/product/1266023/Essity-HMS-North-America-Inc-55734
884712,Absorbent Underwear Tranquility® Essential Pull On with Tear Away Seams Adult X-Large Unisex Disposable Moderate Absorbency,,Principle Business Enterprises,2977-100,"Underwear, Disposable Incontinence Brief",$16.53 ,,"In Stock (Get it Tomorrow, Oct 1)",BG/25,,,https://imgcdn.mckesson.com/CumulusWeb/Images/Item_Detail/884712_pkgright.jpg,,https://mms.mckesson.com/product/884712/Principle-Business-Enterprises-2977-100
1126351,Incontinence Brief Prevail Air™ Overnight Adult Size 2 / Large Unisex Disposable Heavy Absorbency,,First Quality Products LLC,NGX-013,Disposable Incontinence Briefs,$15.74 ,,"In Stock (Get it Tomorrow, Oct 1)",BG/18,,,https://imgcdn.mckesson.com/CumulusWeb/Images/Item_Detail/1126351_pkgfront_.jpg,,https://mms.mckesson.com/product/1126351/First-Quality-Products-LLC-NGX-013
1126352,Incontinence Brief Prevail Air™ Overnight Adult Size 3 / X-Large Unisex Disposable Heavy Absorbency,,First Quality Products LLC,NGX-014,Disposable Incontinence Briefs,$15.74 ,,"In Stock (Get it Tomorrow, Oct 1)",BG/15,,,https://imgcdn.mckesson.com/CumulusWeb/Images/Item_Detail/1126352_pkgfront_.jpg,,https://mms.mckesson.com/product/1126352/First-Quality-Products-LLC-NGX-014
1234413,Incontinence Brief Prevail Air™ Overnight Adult Size 1 / Medium Unisex Disposable Heavy Absorbency,,,,Disposable Incontinence Briefs,$15.74 ,,"In Stock (Get it Tomorrow, Oct 1)",PK/20,,,https://imgcdn.mckesson.com/CumulusWeb/Images/Item_Detail/1234413_pkgfront.jpg,,https://mms.mckesson.com/product/1234413/First-Quality-Products-LLC-NGX-0121
1287196,Incontinence Brief TENA® ProSkin™ Ultra Adult X-Large Unisex Disposable Heavy Absorbency,,Essity HMS North America Inc,67540,Disposable Incontinence Briefs,$14.99 ,,"In Stock (Get it Tomorrow, Oct 1)",BG/20,,,https://imgcdn.mckesson.com/CumulusWeb/Images/Item_Detail/1287196_front.jpg,,https://mms.mckesson.com/product/1287196/Essity-HMS-North-America-Inc-67540
722309,Incontinence Brief Tranquility® HI-Rise™ Bariatric Adult 3X-Large Unisex Disposable Heavy Absorbency,,Principle Business Enterprises,2192,Disposable Incontinence Briefs,$14.30 ,,"In Stock (Get it Tomorrow, Oct 1)",BG/8,,,https://imgcdn.mckesson.com/CumulusWeb/Images/Item_Detail/722309_ppkgright.jpg,,https://mms.mckesson.com/product/722309/Principle-Business-Enterprises-2192
1277388,Absorbent Underwear MoliCare® premium Mobile 6D Pull On with Tear Away Seams Adult Medium Unisex Disposable Moderate Absorbency,,Hartmann,166014,"Underwear, Disposable Incontinence Brief",$14.23 ,,"In Stock (Get it Tomorrow, Oct 1)",BG/14,,,https://imgcdn.mckesson.com/CumulusWeb/Images/Item_Detail/1277388_ppkgleft.jpg,,https://mms.mckesson.com/product/1277388/Hartmann-166014
1123836,Absorbent Underwear McKesson Ultimate Underwear Pull On with Tear Away Seams Adult Large Unisex Disposable Heavy Absorbency,,McKesson Brand,UW33852,"Underwear, Disposable Incontinence Brief",$10.57 ,,"In Stock (Get it Tomorrow, Oct 1)",BG/18,,,https://imgcdn.mckesson.com/CumulusWeb/Images/Item_Detail/1123836.jpg,,https://mms.mckesson.com/product/1123836/McKesson-Brand-UW33852
683380,Absorbent Underwear Sure Care™ Super Pull On with Tear Away Seams Adult Large Unisex Disposable Heavy Absorbency,,Cardinal,1215,"Underwear, Disposable Incontinence Brief",$10.57 ,,"In Stock (Get it Tomorrow, Oct 1)",PK/16,,,https://imgcdn.mckesson.com/CumulusWeb/Images/Item_Detail/683380_pkgright.jpg,,https://mms.mckesson.com/product/683380/Cardinal-1215
439575,Absorbent Underwear Sure Care™ Super Pull On with Tear Away Seams Adult Medium Unisex Disposable Heavy Absorbency,,Cardinal,1205A,"Underwear, Disposable Incontinence Brief",$10.57 ,,"In Stock (Get it Tomorrow, Oct 1)",BG/18,,,https://imgcdn.mckesson.com/CumulusWeb/Images/Item_Detail/439575_pkgright.jpg,,https://mms.mckesson.com/product/439575/Cardinal-1205A
547559,Absorbent Underwear Sure Care™ Super Pull On with Tear Away Seams Adult X-Large Unisex Disposable Heavy Absorbency,,Cardinal,1225A,"Underwear, Disposable Incontinence Brief",$10.57 ,,"In Stock (Get it Tomorrow, Oct 1)",BG/12,,,https://imgcdn.mckesson.com/CumulusWeb/Images/Item_Detail/547559_pkgright.jpg,,https://mms.mckesson.com/product/547559/Cardinal-1225A
1117514,Absorbent Underwear Sure Care™ Plus Select Pull On with Tear Away Seams Adult 2X-Large Unisex Disposable Heavy Absorbency,,Cardinal,1560P,"Underwear, Disposable Incontinence Brief",$9.12 ,,"In Stock (Get it Tomorrow, Oct 1)",BG/12,,,https://imgcdn.mckesson.com/CumulusWeb/Images/Item_Detail/1117514_pkgleft_.jpg,,https://mms.mckesson.com/product/1117514/Cardinal-1560P
980310,Incontinence Brief McKesson Extended Wear Brief Adult Medium Unisex Disposable Heavy Absorbency,,McKesson Brand,ONBMR,Disposable Incontinence Briefs,$8.48 ,,"In Stock (Get it Tomorrow, Oct 1)",BG/14,,,https://imgcdn.mckesson.com/CumulusWeb/Images/Item_Detail/980310_.jpg,,https://mms.mckesson.com/product/980310/McKesson-Brand-ONBMR
884175,Absorbent Underwear McKesson Ultra Underwear Pull On with Tear Away Seams Adult Small Unisex Disposable Heavy Absorbency,,McKesson Brand,UWBSM,"Underwear, Disposable Incontinence Brief",$8.49 ,,"In Stock (Get it Tomorrow, Oct 1)",BG/1,,,https://imgcdn.mckesson.com/CumulusWeb/Images/Item_Detail/884175_1.jpg,,https://mms.mckesson.com/product/884175/McKesson-Brand-UWBSM
960581,Incontinence Brief Wings™ Ultra Adult Large Unisex Disposable Heavy Absorbency,,Cardinal,77074,Disposable Incontinence Briefs,$7.81 ,,"In Stock (Get it Tomorrow, Oct 1)",BG/18,,,https://imgcdn.mckesson.com/CumulusWeb/Images/Item_Detail/960581_pkgfront.jpg,,https://mms.mckesson.com/product/960581/Cardinal-77074
747160,Incontinence Brief Wings™ Plus Quilted Adult Small Unisex Disposable Heavy Absorbency,,Cardinal,66032A,Disposable Incontinence Briefs,$3.92 ,,"In Stock (Get it Tomorrow, Oct 1)",BG/12,,,https://imgcdn.mckesson.com/CumulusWeb/Images/Item_Detail/747160_ppkgleft.jpg,,https://mms.mckesson.com/product/747160/Cardinal-66032A
1128074,Incontinence Brief Attends® Premier Adult Large Unisex Disposable Heavy Absorbency,,Attends Healthcare Products,ALI-BR30,Disposable Incontinence Briefs,$18.16 ,,"In Stock (Get it Tomorrow, Oct 1)",BG/12,,,https://imgcdn.mckesson.com/CumulusWeb/Images/Item_Detail/1128074_ppkgleft.jpg,,https://mms.mckesson.com/product/1128074/Attends-Healthcare-Products-ALI-BR30
1281873,Absorbent Underwear Attends® Premier Pull On with Tear Away Seams Adult X-Large Unisex Disposable Heavy Absorbency,,Attends Healthcare Products,ALI-UW40S,"Underwear, Disposable Incontinence Brief",$18.16 ,,"In Stock (Get it Tomorrow, Oct 1)",BG/14,,,https://imgcdn.mckesson.com/CumulusWeb/Images/Item_Detail/1281873_ppkgleft.jpg,,https://mms.mckesson.com/product/1281873/Attends-Healthcare-Products-ALI-UW40S
1128073,Incontinence Brief Attends® Premier Adult Medium Unisex Disposable Heavy Absorbency,,Attends Healthcare Products,ALI-BR20,Disposable Incontinence Briefs,$18.16 ,,"In Stock (Get it Tomorrow, Oct 1)",BG/14,,,https://imgcdn.mckesson.com/CumulusWeb/Images/Item_Detail/1128073_ppkgleft_.jpg,,https://mms.mckesson.com/product/1128073/Attends-Healthcare-Products-ALI-BR20
1128075,Incontinence Brief Attends® Premier Adult X-Large Unisex Disposable Heavy Absorbency,,Attends Healthcare Products,ALI-BR40,Disposable Incontinence Briefs,$18.16 ,,"In Stock (Get it Tomorrow, Oct 1)",BG/10,,,https://imgcdn.mckesson.com/CumulusWeb/Images/Item_Detail/1128075_ppkgleft.jpg,,https://mms.mckesson.com/product/1128075/Attends-Healthcare-Products-ALI-BR40
1028713,Absorbent Underwear Attends® Care Pull On with Tear Away Seams Adult X-Large Unisex Disposable Heavy Absorbency,,Attends Healthcare Products,APV40100,"Underwear, Disposable Incontinence Brief",$18.16 ,,"In Stock (Get it Tomorrow, Oct 1)",BG/25,,,https://imgcdn.mckesson.com/CumulusWeb/Images/Item_Detail/1028713_ppkgleft.jpg,,https://mms.mckesson.com/product/1028713/Attends-Healthcare-Products-APV40100
1287199,Incontinence Brief TENA® ProSkin™ Super Adult Medium Unisex Disposable Heavy Absorbency,,Essity HMS North America Inc,67550,Disposable Incontinence Briefs,$16.88 ,,"In Stock (Get it Tomorrow, Oct 1)",BG/20,,,https://imgcdn.mckesson.com/CumulusWeb/Images/Item_Detail/1287199_front.jpg,,https://mms.mckesson.com/product/1287199/Essity-HMS-North-America-Inc-67550
1281872,Absorbent Underwear Attends® Premier Pull On with Tear Away Seams Adult Large Unisex Disposable Heavy Absorbency,,Attends Healthcare Products,ALI-UW30S,"Underwear, Disposable Incontinence Brief",$15.89 ,,"In Stock (Get it Tomorrow, Oct 1)",BG/14,,,https://imgcdn.mckesson.com/CumulusWeb/Images/Item_Detail/1281872_ppkgleft.jpg,,https://mms.mckesson.com/product/1281872/Attends-Healthcare-Products-ALI-UW30S
1053408,Absorbent Underwear TENA ProSkin Overnight™ Super Pull On with Tear Away Seams Adult Medium Unisex Disposable Heavy Absorbency,,Essity HMS North America Inc,72235,"Underwear, Disposable Incontinence Brief",$16.03 ,,"In Stock (Get it Tomorrow, Oct 1)",BG/14,,,https://imgcdn.mckesson.com/CumulusWeb/Images/Item_Detail/1053408_pkgfront.jpg,,https://mms.mckesson.com/product/1053408/Essity-HMS-North-America-Inc-72235
665229,Absorbent Underwear Tranquility® Premium OverNight™ Pull On with Tear Away Seams Adult Medium Unisex Disposable Heavy Absorbency,,Principle Business Enterprises,2115,"Underwear, Disposable Incontinence Brief",$15.26 ,,"In Stock (Get it Tomorrow, Oct 1)",BG/18,,,https://imgcdn.mckesson.com/CumulusWeb/Images/Item_Detail/665229_pkgright_1.jpg,,https://mms.mckesson.com/product/665229/Principle-Business-Enterprises-2115
665231,Absorbent Underwear Tranquility® Premium OverNight™ Pull On with Tear Away Seams Adult X-Large Unisex Disposable Heavy Absorbency,,Principle Business Enterprises,2117,"Underwear, Disposable Incontinence Brief",$15.26 ,,"In Stock (Get it Tomorrow, Oct 1)",BG/14,,,https://imgcdn.mckesson.com/CumulusWeb/Images/Item_Detail/665231_pkgright_1.jpg,,https://mms.mckesson.com/product/665231/Principle-Business-Enterprises-2117
665230,Absorbent Underwear Tranquility® Premium OverNight™ Pull On with Tear Away Seams Adult Large Unisex Disposable Heavy Absorbency,,Principle Business Enterprises,2116,"Underwear, Disposable Incontinence Brief",$15.26 ,,"In Stock (Get it Tomorrow, Oct 1)",BG/16,,,https://imgcdn.mckesson.com/CumulusWeb/Images/Item_Detail/665230_pkgright_1.jpg,,https://mms.mckesson.com/product/665230/Principle-Business-Enterprises-2116
813408,Absorbent Underwear Tranquility® Premium OverNight™ Pull On with Tear Away Seams Adult 2X-Large Unisex Disposable Heavy Absorbency,,Principle Business Enterprises,2118,"Underwear, Disposable Incontinence Brief",$15.26 ,,"In Stock (Get it Tomorrow, Oct 1)",BG/12,,,https://imgcdn.mckesson.com/CumulusWeb/Images/Item_Detail/813408_pkgright.jpg,,https://mms.mckesson.com/product/813408/Principle-Business-Enterprises-2118
665228,Absorbent Underwear Tranquility® Premium OverNight™ Pull On with Tear Away Seams Adult Small Unisex Disposable Heavy Absorbency,,Principle Business Enterprises,2114,"Underwear, Disposable Incontinence Brief",$15.26 ,,"In Stock (Get it Tomorrow, Oct 1)",BG/20,,,https://imgcdn.mckesson.com/CumulusWeb/Images/Item_Detail/665228_pkgright_1.jpg,,https://mms.mckesson.com/product/665228/Principle-Business-Enterprises-2114
695741,Absorbent Underwear Tranquility® Premium OverNight™ Pull On with Tear Away Seams Adult X-Small Unisex Disposable Heavy Absorbency,,Principle Business Enterprises,2113,"Underwear, Disposable Incontinence Brief",$15.26 ,,"In Stock (Get it Tomorrow, Oct 1)",BG/22,,,https://imgcdn.mckesson.com/CumulusWeb/Images/Item_Detail/695741_pkgright_1.jpg,,https://mms.mckesson.com/product/695741/Principle-Business-Enterprises-2113
1028711,Absorbent Underwear Attends® Care Pull On with Tear Away Seams Adult Large Unisex Disposable Heavy Absorbency,,Attends Healthcare Products,APV30100,"Underwear, Disposable Incontinence Brief",$15.32 ,,"In Stock (Get it Tomorrow, Oct 1)",BG/25,,,https://imgcdn.mckesson.com/CumulusWeb/Images/Item_Detail/1028711_ppkgleft.jpg,,https://mms.mckesson.com/product/1028711/Attends-Healthcare-Products-APV30100
1252479,Absorbent Underwear Tranquility® Essential Pull On with Tear Away Seams Adult 3X-Large Unisex Disposable Heavy Absorbency,,Principle Business Enterprises,2609,Disposable Incontinence Briefs,$14.53 ,,"In Stock (Get it Tomorrow, Oct 1)",BG/10,,,https://imgcdn.mckesson.com/CumulusWeb/Images/Item_Detail/1252479_pkgright.jpg,,https://mms.mckesson.com/product/1252479/Principle-Business-Enterprises-2609
1163858,Absorbent Underwear Seni® Active Super Plus Pull On with Tear Away Seams Adult Large Unisex Disposable Heavy Absorbency,,TZMO USA Inc,S-LA18-AP1,"Underwear, Disposable Incontinence Brief",$14.63 ,,"In Stock (Get it Tomorrow, Oct 1)",PK/18,,,https://imgcdn.mckesson.com/CumulusWeb/Images/Item_Detail/1163858_pkgfront.jpg,,https://mms.mckesson.com/product/1163858/TZMO-USA-Inc-S-LA18-AP1
801663,Incontinence Brief Tranquility SmartCore™ Adult X-Large Unisex Disposable Heavy Absorbency,,Principle Business Enterprises,2314,Disposable Incontinence Briefs,$13.67 ,,"In Stock (Get it Tomorrow, Oct 1)",PK/12,,,https://imgcdn.mckesson.com/CumulusWeb/Images/Item_Detail/801663_pkgright.jpg,,https://mms.mckesson.com/product/801663/Principle-Business-Enterprises-2314
695735,Absorbent Underwear Tranquility® Premium DayTime™ Pull On with Tear Away Seams Adult Medium Unisex Disposable Heavy Absorbency,,Principle Business Enterprises,2105,"Underwear, Disposable Incontinence Brief",$13.67 ,,"In Stock (Get it Tomorrow, Oct 1)",BG/18,,,https://imgcdn.mckesson.com/CumulusWeb/Images/Item_Detail/695735_ppkgfront.jpg,,https://mms.mckesson.com/product/695735/Principle-Business-Enterprises-2105
695737,Absorbent Underwear Tranquility® Premium DayTime™ Pull On with Tear Away Seams Adult Large Unisex Disposable Heavy Absorbency,,Principle Business Enterprises,2106,"Underwear, Disposable Incontinence Brief",$13.67 ,,"In Stock (Get it Tomorrow, Oct 1)",BG/16,,,https://imgcdn.mckesson.com/CumulusWeb/Images/Item_Detail/695737_ppkgfront.jpg,,https://mms.mckesson.com/product/695737/Principle-Business-Enterprises-2106
695738,Absorbent Underwear Tranquility® Premium DayTime™ Pull On with Tear Away Seams Adult X-Large Unisex Disposable Heavy Absorbency,,Principle Business Enterprises,2107,"Underwear, Disposable Incontinence Brief",$13.67 ,,"In Stock (Get it Tomorrow, Oct 1)",BG/14,,,https://imgcdn.mckesson.com/CumulusWeb/Images/Item_Detail/695738_ppkgfront.jpg,,https://mms.mckesson.com/product/695738/Principle-Business-Enterprises-2107
822621,Absorbent Underwear Tranquility® Premium DayTime™ Pull On with Tear Away Seams Adult 2X-Large Unisex Disposable Heavy Absorbency,,Principle Business Enterprises,2108,"Underwear, Disposable Incontinence Brief",$13.67 ,,"In Stock (Get it Tomorrow, Oct 1)",BG/12,,,https://imgcdn.mckesson.com/CumulusWeb/Images/Item_Detail/822621_ppkgfront.jpg,,https://mms.mckesson.com/product/822621/Principle-Business-Enterprises-2108
884711,Absorbent Underwear Tranquility® Essential Pull On with Tear Away Seams Adult Large Unisex Disposable Moderate Absorbency,,Principle Business Enterprises,2976-100,"Underwear, Disposable Incontinence Brief",$13.83 ,,"In Stock (Get it Tomorrow, Oct 1)",BG/25,,,https://imgcdn.mckesson.com/CumulusWeb/Images/Item_Detail/884711_pkgright.jpg,,https://mms.mckesson.com/product/884711/Principle-Business-Enterprises-2976-100
1262779,Bowel Containment Swim Brief Swimmates™ Pull On with Tear Away Seams Adult Small Unisex Disposable Moderate Absorbency,,Principle Business Enterprises,2844,"Underwear, Disposable Incontinence Brief",$13.01 ,,"In Stock (Get it Tomorrow, Oct 1)",BG/22,,,https://imgcdn.mckesson.com/CumulusWeb/Images/Item_Detail/1262779_ppkgright.jpg,,https://mms.mckesson.com/product/1262779/Principle-Business-Enterprises-2844
884136,Bowel Containment Swim Brief Swimmates™ Pull On with Tear Away Seams Adult Medium Unisex Disposable Moderate Absorbency,,Principle Business Enterprises,2845,Disposable Incontinence Briefs,$13.02 ,,"In Stock (Get it Tomorrow, Oct 1)",BG/20,,,https://imgcdn.mckesson.com/CumulusWeb/Images/Item_Detail/884136_ppkgright.jpg,,https://mms.mckesson.com/product/884136/Principle-Business-Enterprises-2845
884133,Bowel Containment Swim Brief Swimmates™ Pull On with Tear Away Seams Adult Large Unisex Disposable Moderate Absorbency,,Principle Business Enterprises,2846,Disposable Incontinence Briefs,$13.02 ,,"In Stock (Get it Tomorrow, Oct 1)",BG/18,,,https://imgcdn.mckesson.com/CumulusWeb/Images/Item_Detail/884133_ppkgright.jpg,,https://mms.mckesson.com/product/884133/Principle-Business-Enterprises-2846
884135,Bowel Containment Swim Brief Swimmates™ Pull On with Tear Away Seams Adult X-Large Unisex Disposable Moderate Absorbency,,Principle Business Enterprises,2847,Disposable Incontinence Briefs,$13.02 ,,"In Stock (Get it Tomorrow, Oct 1)",BG/14,,,https://imgcdn.mckesson.com/CumulusWeb/Images/Item_Detail/884135_ppkgright.jpg,,https://mms.mckesson.com/product/884135/Principle-Business-Enterprises-2847
1293458,Bowel Containment Swim Brief Tranquility® Swimmates™ Pull On with Tear Away Seams Adult X-Small Unisex Disposable Moderate Absorbency,,Principle Business Enterprises,2843,"Underwear, Disposable Incontinence Brief",$13.02 ,,"In Stock (Get it Tomorrow, Oct 1)",BG/24,,,https://imgcdn.mckesson.com/CumulusWeb/Images/Item_Detail/1293458_ppkgright.jpg,,https://mms.mckesson.com/product/1293458/Principle-Business-Enterprises-2843
884134,Bowel Containment Swim Brief Swimmates™ Pull On with Tear Away Seams Adult 2X-Large Unisex Disposable Moderate Absorbency,,Principle Business Enterprises,2848,Disposable Incontinence Briefs,$13.02 ,,"In Stock (Get it Tomorrow, Oct 1)",BG/12,,,https://imgcdn.mckesson.com/CumulusWeb/Images/Item_Detail/884134_pkgfront.jpg,,https://mms.mckesson.com/product/884134/Principle-Business-Enterprises-2848
461046,Incontinence Brief Tranquility® Bariatric Adult 3X-Large Unisex Disposable Heavy Absorbency,,Principle Business Enterprises,2190,Disposable Incontinence Briefs,$13.03 ,,"In Stock (Get it Tomorrow, Oct 1)",BG/8,,,https://imgcdn.mckesson.com/CumulusWeb/Images/Item_Detail/461046_ppkgright.jpg,,https://mms.mckesson.com/product/461046/Principle-Business-Enterprises-2190
884706,Incontinence Brief Tranquility® Essential Adult Medium Unisex Disposable Moderate Absorbency,,Principle Business Enterprises,2965-100,Disposable Incontinence Briefs,$13.03 ,,"In Stock (Get it Tomorrow, Oct 1)",BG/25,,,https://imgcdn.mckesson.com/CumulusWeb/Images/Item_Detail/884706_pkgright.jpg,,https://mms.mckesson.com/product/884706/Principle-Business-Enterprises-2965-100
978893,Absorbent Underwear TENA® ProSkin™ Extra Pull On with Tear Away Seams Adult Large Unisex Disposable Moderate Absorbency,,Essity HMS North America Inc,72332,"Underwear, Disposable Incontinence Brief",$13.08 ,,"In Stock (Get it Tomorrow, Oct 1)",BG/16,,,https://imgcdn.mckesson.com/CumulusWeb/Images/Item_Detail/978893_pkgfront.jpg,,https://mms.mckesson.com/product/978893/Essity-HMS-North-America-Inc-72332
1039110,Absorbent Underwear Attends® Discreet Pull On with Tear Away Seams Adult Medium Female Disposable Heavy Absorbency,,Attends Healthcare Products,ADUF20,"Underwear, Disposable Incontinence Brief",$13.09 ,,"In Stock (Get it Tomorrow, Oct 1)",BG/20,,,https://imgcdn.mckesson.com/CumulusWeb/Images/Item_Detail/1039110_ppkgleft_.jpg,,https://mms.mckesson.com/product/1039110/Attends-Healthcare-Products-ADUF20
957930,Incontinence Brief Attends® Care Advanced Adult Large Unisex Disposable Heavy Absorbency,,Attends Healthcare Products,DDP30,Disposable Incontinence Briefs,$13.12 ,,"In Stock (Get it Tomorrow, Oct 1)",BG/24,,,https://imgcdn.mckesson.com/CumulusWeb/Images/Item_Detail/957930_ppkgleft_.jpg,,https://mms.mckesson.com/product/957930/Attends-Healthcare-Products-DDP30
1102092,Incontinence Brief Total Dry™ X-Plus Adult Medium Unisex Disposable Heavy Absorbency,,Secure Personal Care Products,SPC97033,Disposable Incontinence Briefs,$13.17 ,,"In Stock (Get it Tomorrow, Oct 1)",BG/12,,,https://imgcdn.mckesson.com/CumulusWeb/Images/Item_Detail/1102092_pkgleft.jpg,,https://mms.mckesson.com/product/1102092/Secure-Personal-Care-Products-SPC97033
1188957,Incontinence Brief Tranquility® Essential Adult 2X-Large Unisex Disposable Heavy Absorbency,,Principle Business Enterprises,2748,Disposable Incontinence Briefs,$12.40 ,,"In Stock (Get it Tomorrow, Oct 1)",BG/8,,,https://imgcdn.mckesson.com/CumulusWeb/Images/Item_Detail/1188957_pkgright.jpg,,https://mms.mckesson.com/product/1188957/Principle-Business-Enterprises-2748
835155,Incontinence Brief FitRight™ Plus Adult Large Unisex Disposable Moderate Absorbency,,Medline,FITPLUSLG,Disposable Incontinence Briefs,$13.59 ,,"In Stock (Get it Tomorrow, Oct 1)",BG/20,,,https://imgcdn.mckesson.com/CumulusWeb/Images/Item_Detail/835155_pkgright.jpg,,https://mms.mckesson.com/product/835155/Medline-FITPLUSLG
980311,Incontinence Brief McKesson Extended Wear Brief Adult Large / X-Large Unisex Disposable Heavy Absorbency,,McKesson Brand,ONBLXL,Disposable Incontinence Briefs,$10.75 ,,"In Stock (Get it Tomorrow, Oct 1)",BG/14,,,https://imgcdn.mckesson.com/CumulusWeb/Images/Item_Detail/980311_.jpg,,https://mms.mckesson.com/product/980311/McKesson-Brand-ONBLXL
823429,Absorbent Underwear Sure Care™ Plus Pull On with Tear Away Seams Adult Large Unisex Disposable Heavy Absorbency,,Cardinal,1615R,"Underwear, Disposable Incontinence Brief",$10.77 ,,"In Stock (Get it Tomorrow, Oct 1)",BG/25,,,https://imgcdn.mckesson.com/CumulusWeb/Images/Item_Detail/823429_ppkgleft.jpg,,https://mms.mckesson.com/product/823429/Cardinal-1615R
960584,Incontinence Brief Wings™ Super Quilted Adult Large Unisex Disposable Heavy Absorbency,,Cardinal,87084A,Disposable Incontinence Briefs,$9.89 ,,"In Stock (Get it Tomorrow, Oct 1)",BG/18,,,https://imgcdn.mckesson.com/CumulusWeb/Images/Item_Detail/960584_pkgleft.jpg,,https://mms.mckesson.com/product/960584/Cardinal-87084A
960585,Incontinence Brief Wings™ Super Quilted Adult X-Large Unisex Disposable Heavy Absorbency,,Cardinal,87085,Disposable Incontinence Briefs,$9.89 ,,"In Stock (Get it Tomorrow, Oct 1)",BG/15,,,https://imgcdn.mckesson.com/CumulusWeb/Images/Item_Detail/960585_pkgfront.jpg,,https://mms.mckesson.com/product/960585/Cardinal-87085
1123839,Absorbent Underwear McKesson Extended Wear Underwear Pull On with Tear Away Seams Adult Large Unisex Disposable Heavy Absorbency,,McKesson Brand,UWEXTLG,"Underwear, Disposable Incontinence Brief",$10 ,,"In Stock (Get it Tomorrow, Oct 1)",BG/14,,,https://imgcdn.mckesson.com/CumulusWeb/Images/Item_Detail/1123839.jpg,,https://mms.mckesson.com/product/1123839/McKesson-Brand-UWEXTLG
1123840,Absorbent Underwear McKesson Extended Wear Underwear Pull On with Tear Away Seams Adult X-Large Unisex Disposable Heavy Absorbency,,McKesson Brand,UWEXTXL,"Underwear, Disposable Incontinence Brief",$10.01 ,,"In Stock (Get it Tomorrow, Oct 1)",BG/12,,,https://imgcdn.mckesson.com/CumulusWeb/Images/Item_Detail/1123840.jpg,,https://mms.mckesson.com/product/1123840/McKesson-Brand-UWEXTXL
1123838,Absorbent Underwear McKesson Extended Wear Underwear Pull On with Tear Away Seams Adult Medium Unisex Disposable Heavy Absorbency,,McKesson Brand,UWEXTMD,"Underwear, Disposable Incontinence Brief",$10.01 ,,"In Stock (Get it Tomorrow, Oct 1)",BG/16,,,https://imgcdn.mckesson.com/CumulusWeb/Images/Item_Detail/1123838.jpg,,https://mms.mckesson.com/product/1123838/McKesson-Brand-UWEXTMD
884171,Incontinence Brief McKesson Ultra Brief Adult Small Unisex Disposable Heavy Absorbency,,McKesson Brand,BRULSM,Disposable Incontinence Briefs,$8.56 ,,"In Stock (Get it Tomorrow, Oct 1)",BG/1,,,https://imgcdn.mckesson.com/CumulusWeb/Images/Item_Detail/884171.jpg,,https://mms.mckesson.com/product/884171/McKesson-Brand-BRULSM
1123835,Absorbent Underwear McKesson Ultimate Underwear Pull On with Tear Away Seams Adult Medium Unisex Disposable Heavy Absorbency,,McKesson Brand,UW33851,"Underwear, Disposable Incontinence Brief",$8.60 ,,"In Stock (Get it Tomorrow, Oct 1)",BG/20,,,https://imgcdn.mckesson.com/CumulusWeb/Images/Item_Detail/1123835.jpg,,https://mms.mckesson.com/product/1123835/McKesson-Brand-UW33851
868374,Incontinence Brief Wings™ Plus Quilted Adult X-Large Unisex Disposable Heavy Absorbency,,Cardinal,66035,Disposable Incontinence Briefs,$7.84 ,,"In Stock (Get it Tomorrow, Oct 1)",BG/15,,,https://imgcdn.mckesson.com/CumulusWeb/Images/Item_Detail/868374_pkgleft.jpg,,https://mms.mckesson.com/product/868374/Cardinal-66035
960582,Incontinence Brief Wings™ Ultra Adult X-Large Unisex Disposable Heavy Absorbency,,Cardinal,77075,Disposable Incontinence Briefs,$7.16 ,,"In Stock (Get it Tomorrow, Oct 1)",BG/15,,,https://imgcdn.mckesson.com/CumulusWeb/Images/Item_Detail/960582_pkgfront.jpg,,https://mms.mckesson.com/product/960582/Cardinal-77075
1222510,Absorbent Underwear McKesson Super Underwear Pull On with Tear Away Seams Adult Small Unisex Disposable Moderate Absorbency,,McKesson Brand,UW33843,"Underwear, Disposable Incontinence Brief",$7.26 ,,"In Stock (Get it Tomorrow, Oct 1)",BG/22,,,https://imgcdn.mckesson.com/CumulusWeb/Images/Item_Detail/1222510_pkgfront.jpg,,https://mms.mckesson.com/product/1222510/McKesson-Brand-UW33843
1278781,Absorbent Underwear McKesson Premium Discreet Heavy Underwear Pull On with Tear Away Seams Adult Large Female Disposable Heavy Absorbency,,McKesson Brand,UWDS-LGPINK,"Underwear, Disposable Incontinence Brief",$7.26 ,,"In Stock (Get it Tomorrow, Oct 1)",BG/20,,,https://imgcdn.mckesson.com/CumulusWeb/Images/Item_Detail/1278781_badge.jpg,,https://mms.mckesson.com/product/1278781/McKesson-Brand-UWDS-LGPINK
1278780,Absorbent Underwear McKesson Premium Discreet Heavy Underwear Pull On with Tear Away Seams Adult Large Male Disposable Heavy Absorbency,,McKesson Brand,UWDS-LGGRAY,"Underwear, Disposable Incontinence Brief",$7.26 ,,"In Stock (Get it Tomorrow, Oct 1)",BG/20,,,https://imgcdn.mckesson.com/CumulusWeb/Images/Item_Detail/1278780_badge.jpg,,https://mms.mckesson.com/product/1278780/McKesson-Brand-UWDS-LGGRAY
1278779,Absorbent Underwear McKesson Premium Discreet Heavy Underwear Pull On with Tear Away Seams Adult Small / Medium Female Disposable Heavy Absorbency,,McKesson Brand,UWDS-SMPINK,"Underwear, Disposable Incontinence Brief",$6.54 ,,"In Stock (Get it Tomorrow, Oct 1)",BG/20,,,https://imgcdn.mckesson.com/CumulusWeb/Images/Item_Detail/1278779_badge.jpg,,https://mms.mckesson.com/product/1278779/McKesson-Brand-UWDS-SMPINK
1278778,Absorbent Underwear McKesson Premium Discreet Heavy Underwear Pull On with Tear Away Seams Adult Small / Medium Male Disposable Heavy Absorbency,,McKesson Brand,UWDS-SMGRAY,"Underwear, Disposable Incontinence Brief",$6.54 ,,"In Stock (Get it Tomorrow, Oct 1)",BG/20,,,https://imgcdn.mckesson.com/CumulusWeb/Images/Item_Detail/1278778_badge.jpg,,https://mms.mckesson.com/product/1278778/McKesson-Brand-UWDS-SMGRAY
1141834,Incontinence Brief McKesson Ultimate Brief Adult Medium Unisex Disposable Heavy Absorbency,,McKesson Brand,BR33890,Disposable Incontinence Briefs,$5.85 ,,"In Stock (Get it Tomorrow, Oct 1)",BG/16,,,https://imgcdn.mckesson.com/CumulusWeb/Images/Item_Detail/1141834_pkgfront.jpg,,https://mms.mckesson.com/product/1141834/McKesson-Brand-BR33890
1123841,Incontinence Brief McKesson Super Brief Adult Medium Unisex Disposable Moderate Absorbency,,McKesson Brand,BR30643,Disposable Incontinence Briefs,$4.60 ,,"In Stock (Get it Tomorrow, Oct 1)",BG/16,,,https://imgcdn.mckesson.com/CumulusWeb/Images/Item_Detail/1123841_.jpg,,https://mms.mckesson.com/product/1123841/McKesson-Brand-BR30643
960580,Incontinence Brief Wings™ Ultra Adult Medium Unisex Disposable Heavy Absorbency,,Cardinal,77073,Disposable Incontinence Briefs,$4.63 ,,"In Stock (Get it Tomorrow, Oct 1)",BG/12,,,https://imgcdn.mckesson.com/CumulusWeb/Images/Item_Detail/960580_pkgfront.jpg,,https://mms.mckesson.com/product/960580/Cardinal-77073
801664,Incontinence Brief Tranquility SmartCore™ Adult 2X-Large Unisex Disposable Heavy Absorbency,,Principle Business Enterprises,2315,Disposable Incontinence Briefs,$16.21 ,,"In Stock (Get it Tomorrow, Oct 1)",PK/8,,,https://imgcdn.mckesson.com/CumulusWeb/Images/Item_Detail/801664_pkgright.jpg,,https://mms.mckesson.com/product/801664/Principle-Business-Enterprises-2315
761659,Absorbent Underwear Attends® Pull On with Tear Away Seams Adult Medium Unisex Disposable Heavy Absorbency,,Attends Healthcare Products,AP0720100,"Underwear, Disposable Incontinence Brief",$15.44 ,,"In Stock (Get it Tomorrow, Oct 1)",PK/25,,,https://imgcdn.mckesson.com/CumulusWeb/Images/Item_Detail/761659_ppkgleft.jpg,,https://mms.mckesson.com/product/761659/Attends-Healthcare-Products-AP0720100
978862,Absorbent Underwear TENA® ProSkin™ Extra Pull On with Tear Away Seams Adult Small Unisex Disposable Moderate Absorbency,,Essity HMS North America Inc,72116,"Underwear, Disposable Incontinence Brief",$14.71 ,,"In Stock (Get it Tomorrow, Oct 1)",BG/16,,,https://imgcdn.mckesson.com/CumulusWeb/Images/Item_Detail/978862_pkgfront.jpg,,https://mms.mckesson.com/product/978862/Essity-HMS-North-America-Inc-72116
950225,Incontinence Brief Attends® Advanced Adult Large Unisex Disposable Heavy Absorbency,,Attends Healthcare Products,DDC30,Disposable Incontinence Briefs,$14.82 ,,"In Stock (Get it Tomorrow, Oct 1)",BG/24,,,https://imgcdn.mckesson.com/CumulusWeb/Images/Item_Detail/950225_ppkgleft_.jpg,,https://mms.mckesson.com/product/950225/Attends-Healthcare-Products-DDC30
1135411,Absorbent Underwear TENA® ProSkin™ Pull On with Tear Away Seams Adult Large Male Disposable Moderate Absorbency,,Essity HMS North America Inc,73530,"Underwear, Disposable Incontinence Brief",$13.96 ,,"In Stock (Get it Tomorrow, Oct 1)",BG/18,,,https://imgcdn.mckesson.com/CumulusWeb/Images/Item_Detail/1135411_ppkgfront.jpg,,https://mms.mckesson.com/product/1135411/Essity-HMS-North-America-Inc-73530
1135410,Absorbent Underwear TENA® ProSkin™ Pull On with Tear Away Seams Adult Medium Male Disposable Moderate Absorbency,,Essity HMS North America Inc,73520,"Underwear, Disposable Incontinence Brief",$13.96 ,,"In Stock (Get it Tomorrow, Oct 1)",BG/20,,,https://imgcdn.mckesson.com/CumulusWeb/Images/Item_Detail/1135410_ppkgfront.jpg,,https://mms.mckesson.com/product/1135410/Essity-HMS-North-America-Inc-73520
1135407,Absorbent Underwear TENA® ProSkin™ Protective Pull On with Tear Away Seams Adult Small / Medium Female Disposable Moderate Absorbency,,Essity HMS North America Inc,73020,"Underwear, Disposable Incontinence Brief",$13.96 ,,"In Stock (Get it Tomorrow, Oct 1)",BG/20,,,https://imgcdn.mckesson.com/CumulusWeb/Images/Item_Detail/1135407_ppkgfront.jpg,,https://mms.mckesson.com/product/1135407/Essity-HMS-North-America-Inc-73020
1135408,Absorbent Underwear TENA® ProSkin™ Protective Pull On with Tear Away Seams Adult Large Female Disposable Moderate Absorbency,,Essity HMS North America Inc,73030,"Underwear, Disposable Incontinence Brief",$13.96 ,,"In Stock (Get it Tomorrow, Oct 1)",BG/18,,,https://imgcdn.mckesson.com/CumulusWeb/Images/Item_Detail/1135408_ppkgfront.jpg,,https://mms.mckesson.com/product/1135408/Essity-HMS-North-America-Inc-73030
1135412,Absorbent Underwear TENA® ProSkin™ Pull On with Tear Away Seams Adult X-Large Male Disposable Moderate Absorbency,,Essity HMS North America Inc,73540,"Underwear, Disposable Incontinence Brief",$13.96 ,,"In Stock (Get it Tomorrow, Oct 1)",BG/14,,,https://imgcdn.mckesson.com/CumulusWeb/Images/Item_Detail/1135412_ppkgfront.jpg,,https://mms.mckesson.com/product/1135412/Essity-HMS-North-America-Inc-73540
1135409,Absorbent Underwear TENA® ProSkin™ Protective Pull On with Tear Away Seams Adult X-Large Female Disposable Moderate Absorbency,,Essity HMS North America Inc,73040,"Underwear, Disposable Incontinence Brief",$13.96 ,,"In Stock (Get it Tomorrow, Oct 1)",BG/14,,,https://imgcdn.mckesson.com/CumulusWeb/Images/Item_Detail/1135409_ppkgfront.jpg,,https://mms.mckesson.com/product/1135409/Essity-HMS-North-America-Inc-73040
1283882,Incontinence Brief Seni® Classic Adult X-Large Unisex Disposable Moderate Absorbency,,TZMO USA Inc,S-XL25-BC1,Disposable Incontinence Briefs,$14.02 ,,"In Stock (Get it Tomorrow, Oct 1)",PK/25,,,https://imgcdn.mckesson.com/CumulusWeb/Images/Item_Detail/1283882_right.jpg,,https://mms.mckesson.com/product/1283882/TZMO-USA-Inc-S-XL25-BC1
950226,Incontinence Brief Attends® Advanced Adult X-Large Unisex Disposable Heavy Absorbency,,Attends Healthcare Products,DDC40,Disposable Incontinence Briefs,$14.06 ,,"In Stock (Get it Tomorrow, Oct 1)",BG/20,,,https://imgcdn.mckesson.com/CumulusWeb/Images/Item_Detail/950226_ppkgleft_.jpg,,https://mms.mckesson.com/product/950226/Attends-Healthcare-Products-DDC40
1182393,Absorbent Underwear TENA® ProSkin™ Plus Pull On with Tear Away Seams Adult Large Unisex Disposable Moderate Absorbency,,Essity HMS North America Inc,72633,"Underwear, Disposable Incontinence Brief",$12.46 ,,"In Stock (Get it Tomorrow, Oct 1)",PK/18,,,https://imgcdn.mckesson.com/CumulusWeb/Images/Item_Detail/1182393_pkgfront.jpg,,https://mms.mckesson.com/product/1182393/Essity-HMS-North-America-Inc-72633
1163847,Incontinence Brief Seni® Classic Plus Adult Medium Unisex Disposable Moderate Absorbency,,TZMO USA Inc,S-ME25-BC2,Disposable Incontinence Briefs,$12.54 ,,"In Stock (Get it Tomorrow, Oct 1)",PK/25,,,https://imgcdn.mckesson.com/CumulusWeb/Images/Item_Detail/1163847_pkgfront_.jpg,,https://mms.mckesson.com/product/1163847/TZMO-USA-Inc-S-ME25-BC2
1287195,Incontinence Brief TENA® ProSkin™ Ultra Adult Large Unisex Disposable Heavy Absorbency,,Essity HMS North America Inc,67530,Disposable Incontinence Briefs,$12.57 ,,"In Stock (Get it Tomorrow, Oct 1)",BG/20,,,https://imgcdn.mckesson.com/CumulusWeb/Images/Item_Detail/1287195_front.jpg,,https://mms.mckesson.com/product/1287195/Essity-HMS-North-America-Inc-67530
1182392,Absorbent Underwear TENA® ProSkin™ Plus Pull On with Tear Away Seams Adult Medium Unisex Disposable Moderate Absorbency,,Essity HMS North America Inc,72632,"Underwear, Disposable Incontinence Brief",$12.64 ,,"In Stock (Get it Tomorrow, Oct 1)",PK/20,,,https://imgcdn.mckesson.com/CumulusWeb/Images/Item_Detail/1182392_pkgfront.jpg,,https://mms.mckesson.com/product/1182392/Essity-HMS-North-America-Inc-72632
1182394,Absorbent Underwear TENA® ProSkin™ Plus Pull On with Tear Away Seams Adult X-Large Unisex Disposable Moderate Absorbency,,Essity HMS North America Inc,72634,"Underwear, Disposable Incontinence Brief",$12.64 ,,"In Stock (Get it Tomorrow, Oct 1)",PK/14,,,https://imgcdn.mckesson.com/CumulusWeb/Images/Item_Detail/1182394_pkgfront.jpg,,https://mms.mckesson.com/product/1182394/Essity-HMS-North-America-Inc-72634
696226,Absorbent Underwear Tranquility® Essential Pull On with Tear Away Seams Adult X-Small Unisex Disposable Heavy Absorbency,,Principle Business Enterprises,2603,"Underwear, Disposable Incontinence Brief",$11.76 ,,"In Stock (Get it Tomorrow, Oct 1)",BG/24,,,https://imgcdn.mckesson.com/CumulusWeb/Images/Item_Detail/696226_pkgright.jpg,,https://mms.mckesson.com/product/696226/Principle-Business-Enterprises-2603
418716,Absorbent Underwear Tranquility® Essential Pull On with Tear Away Seams Adult Medium Unisex Disposable Heavy Absorbency,,Principle Business Enterprises,2605,"Underwear, Disposable Incontinence Brief",$11.76 ,,"In Stock (Get it Tomorrow, Oct 1)",BG/20,,,https://imgcdn.mckesson.com/CumulusWeb/Images/Item_Detail/418716_pkgright.jpg,,https://mms.mckesson.com/product/418716/Principle-Business-Enterprises-2605
418717,Absorbent Underwear Tranquility® Essential Pull On with Tear Away Seams Adult Large Unisex Disposable Heavy Absorbency,,Principle Business Enterprises,2606,"Underwear, Disposable Incontinence Brief",$11.76 ,,"In Stock (Get it Tomorrow, Oct 1)",BG/18,,,https://imgcdn.mckesson.com/CumulusWeb/Images/Item_Detail/418717_pkgright.jpg,,https://mms.mckesson.com/product/418717/Principle-Business-Enterprises-2606
665239,Absorbent Underwear Tranquility® Essential Pull On with Tear Away Seams Adult Small Unisex Disposable Heavy Absorbency,,Principle Business Enterprises,2604,"Underwear, Disposable Incontinence Brief",$11.76 ,,"In Stock (Get it Tomorrow, Oct 1)",BG/22,,,https://imgcdn.mckesson.com/CumulusWeb/Images/Item_Detail/665239_pkgright.jpg,,https://mms.mckesson.com/product/665239/Principle-Business-Enterprises-2604
455913,Absorbent Underwear Tranquility® Essential Pull On with Tear Away Seams Adult X-Large Unisex Disposable Heavy Absorbency,,Principle Business Enterprises,2607,"Underwear, Disposable Incontinence Brief",$11.76 ,,"In Stock (Get it Tomorrow, Oct 1)",BG/14,,,https://imgcdn.mckesson.com/CumulusWeb/Images/Item_Detail/455913_pkgright.jpg,,https://mms.mckesson.com/product/455913/Principle-Business-Enterprises-2607
813405,Absorbent Underwear Tranquility® Essential Pull On with Tear Away Seams Adult 2X-Large Unisex Disposable Heavy Absorbency,,Principle Business Enterprises,2608,"Underwear, Disposable Incontinence Brief",$11.76 ,,"In Stock (Get it Tomorrow, Oct 1)",BG/12,,,https://imgcdn.mckesson.com/CumulusWeb/Images/Item_Detail/813405_pkgright.jpg,,https://mms.mckesson.com/product/813405/Principle-Business-Enterprises-2608
978867,Absorbent Underwear TENA® ProSkin™ Extra Pull On with Tear Away Seams Adult Medium Unisex Disposable Moderate Absorbency,,Essity HMS North America Inc,72232,"Underwear, Disposable Incontinence Brief",$11.85 ,,"In Stock (Get it Tomorrow, Oct 1)",BG/16,,,https://imgcdn.mckesson.com/CumulusWeb/Images/Item_Detail/978867_pkgfront.jpg,,https://mms.mckesson.com/product/978867/Essity-HMS-North-America-Inc-72232
950223,Incontinence Brief Attends® Advanced Adult Medium Unisex Disposable Heavy Absorbency,,Attends Healthcare Products,DDC20,Disposable Incontinence Briefs,$11.11 ,,"In Stock (Get it Tomorrow, Oct 1)",BG/24,,,https://imgcdn.mckesson.com/CumulusWeb/Images/Item_Detail/950223_ppkgleft_.jpg,,https://mms.mckesson.com/product/950223/Attends-Healthcare-Products-DDC20
884709,Absorbent Underwear Tranquility® Essential Pull On with Tear Away Seams Adult Small Unisex Disposable Moderate Absorbency,,Principle Business Enterprises,2974-100,"Underwear, Disposable Incontinence Brief",$11.12 ,,"In Stock (Get it Tomorrow, Oct 1)",BG/25,,,https://imgcdn.mckesson.com/CumulusWeb/Images/Item_Detail/884709_pkgright.jpg,,https://mms.mckesson.com/product/884709/Principle-Business-Enterprises-2974-100
1283335,Incontinence Brief TENA Stretch™ Plus Adult Large / X-Large Unisex Disposable Moderate Absorbency,,Essity HMS North America Inc,67670,Disposable Incontinence Briefs,$11.14 ,,"In Stock (Get it Tomorrow, Oct 1)",BG/20,,,https://imgcdn.mckesson.com/CumulusWeb/Images/Item_Detail/1283335_front.jpg,,https://mms.mckesson.com/product/1283335/Essity-HMS-North-America-Inc-67670
1247855,Incontinence Brief Attends® Bariatric Adult 3X-Large Unisex Disposable Heavy Absorbency,,Attends Healthcare Products,DD55,Disposable Incontinence Briefs,$11.20 ,,"In Stock (Get it Tomorrow, Oct 1)",BG/12,,,https://imgcdn.mckesson.com/CumulusWeb/Images/Item_Detail/1247855_ppkgleft.jpg,,https://mms.mckesson.com/product/1247855/Attends-Healthcare-Products-DD55
889079,Absorbent Underwear Prevail® Daily Underwear Pull On with Tear Away Seams Adult Small / Medium Male Disposable Heavy Absorbency,,,,"Underwear, Disposable Incontinence Brief",$11.20 ,,"In Stock (Get it Tomorrow, Oct 1)",BG/20,,,https://imgcdn.mckesson.com/CumulusWeb/Images/Item_Detail/889079_pkgfront_.jpg,,https://mms.mckesson.com/product/889079/First-Quality-Products-LLC-PUM-5121
889080,Absorbent Underwear Prevail® Daily Underwear Pull On with Tear Away Seams Adult Large Male Disposable Heavy Absorbency,,,,"Underwear, Disposable Incontinence Brief",$11.20 ,,"In Stock (Get it Tomorrow, Oct 1)",BG/18,,,https://imgcdn.mckesson.com/CumulusWeb/Images/Item_Detail/889080_pkgfront_.jpg,,https://mms.mckesson.com/product/889080/First-Quality-Products-LLC-PUM-5131
1131098,Absorbent Underwear Prevail® Daily Underwear Pull On with Tear Away Seams Adult 2X-Large Male Disposable Heavy Absorbency,,First Quality Products LLC,PUM-517,"Underwear, Disposable Incontinence Brief",$11.20 ,,"In Stock (Get it Tomorrow, Oct 1)",BG/14,,,https://imgcdn.mckesson.com/CumulusWeb/Images/Item_Detail/1131098_pkgfront_.jpg,,https://mms.mckesson.com/product/1131098/First-Quality-Products-LLC-PUM-517
1178182,Absorbent Underwear Prevail® Daily Underwear Pull On with Tear Away Seams Adult X-Large Male Disposable Heavy Absorbency,,First Quality Products LLC,PUM-514,"Underwear, Disposable Incontinence Brief",$11.20 ,,"In Stock (Get it Tomorrow, Oct 1)",BG/16,,,https://imgcdn.mckesson.com/CumulusWeb/Images/Item_Detail/1178182_pkgfront_.jpg,,https://mms.mckesson.com/product/1178182/First-Quality-Products-LLC-PUM-514
1261578,Incontinence Brief Prevail® Nu-Fit® Adult X-Large Unisex Disposable Heavy Absorbency,,,,"Adlt Diapers/Briefs Disposable, Adlt Dia",$10.50 ,,"In Stock (Get it Tomorrow, Oct 1)",PK/20,,,https://imgcdn.mckesson.com/CumulusWeb/Images/Item_Detail/1261578_pkgfront_.jpg,,https://mms.mckesson.com/product/1261578/First-Quality-Products-LLC-NU-0142
884170,Incontinence Brief McKesson Ultra Plus Stretch Brief Adult Medium Unisex Disposable Heavy Absorbency,,McKesson Brand,BRSTRMR,Disposable Incontinence Briefs,$10.10 ,,"In Stock (Get it Tomorrow, Oct 1)",BG/1,,,https://imgcdn.mckesson.com/CumulusWeb/Images/Item_Detail/884170.jpg,,https://mms.mckesson.com/product/884170/McKesson-Brand-BRSTRMR
1282085,Absorbent Underwear McKesson Premium Discreet Maximum Underwear Pull On with Tear Away Seams Adult X-Large Female Disposable Heavy Absorbency,,McKesson Brand,UWDM-XLPINK,"Underwear, Disposable Incontinence Brief",$10.17 ,,"In Stock (Get it Tomorrow, Oct 1)",BG/20,,,https://imgcdn.mckesson.com/CumulusWeb/Images/Item_Detail/1282085_pkgfront.jpg,,https://mms.mckesson.com/product/1282085/McKesson-Brand-UWDM-XLPINK
1282086,Absorbent Underwear McKesson Premium Discreet Maximum Underwear Pull On with Tear Away Seams Adult X-Large Male Disposable Heavy Absorbency,,McKesson Brand,UWDM-XLGRAY,"Underwear, Disposable Incontinence Brief",$10.17 ,,"In Stock (Get it Tomorrow, Oct 1)",BG/20,,,https://imgcdn.mckesson.com/CumulusWeb/Images/Item_Detail/1282086_pkgfront.jpg,,https://mms.mckesson.com/product/1282086/McKesson-Brand-UWDM-XLGRAY
1278783,Absorbent Underwear McKesson Premium Discreet Heavy Underwear Pull On with Tear Away Seams Adult X-Large Female Disposable Heavy Absorbency,,McKesson Brand,UWDS-XLPINK,"Underwear, Disposable Incontinence Brief",$9.44 ,,"In Stock (Get it Tomorrow, Oct 1)",BG/20,,,https://imgcdn.mckesson.com/CumulusWeb/Images/Item_Detail/1278783_badge.jpg,,https://mms.mckesson.com/product/1278783/McKesson-Brand-UWDS-XLPINK
1278782,Absorbent Underwear McKesson Premium Discreet Heavy Underwear Pull On with Tear Away Seams Adult X-Large Male Disposable Heavy Absorbency,,McKesson Brand,UWDS-XLGRAY,"Underwear, Disposable Incontinence Brief",$9.44 ,,"In Stock (Get it Tomorrow, Oct 1)",BG/20,,,https://imgcdn.mckesson.com/CumulusWeb/Images/Item_Detail/1278782_badge.jpg,,https://mms.mckesson.com/product/1278782/McKesson-Brand-UWDS-XLGRAY
1282083,Absorbent Underwear McKesson Premium Discreet Maximum Underwear Pull On with Tear Away Seams Adult Large Female Disposable Heavy Absorbency,,McKesson Brand,UWDM-LGPINK,"Underwear, Disposable Incontinence Brief",$9.44 ,,"In Stock (Get it Tomorrow, Oct 1)",BG/20,,,https://imgcdn.mckesson.com/CumulusWeb/Images/Item_Detail/1282083_pkgfront.jpg,,https://mms.mckesson.com/product/1282083/McKesson-Brand-UWDM-LGPINK
1282084,Absorbent Underwear McKesson Premium Discreet Maximum Underwear Pull On with Tear Away Seams Adult Large Male Disposable Heavy Absorbency,,McKesson Brand,UWDM-LGGRAY,"Underwear, Disposable Incontinence Brief",$9.44 ,,"In Stock (Get it Tomorrow, Oct 1)",BG/20,,,https://imgcdn.mckesson.com/CumulusWeb/Images/Item_Detail/1282084_pkgfront.jpg,,https://mms.mckesson.com/product/1282084/McKesson-Brand-UWDM-LGGRAY
1123846,Incontinence Brief McKesson Ultimate Brief Adult X-Large Unisex Disposable Heavy Absorbency,,McKesson Brand,BR33893,Disposable Incontinence Briefs,$8.78 ,,"In Stock (Get it Tomorrow, Oct 1)",BG/15,,,https://imgcdn.mckesson.com/CumulusWeb/Images/Item_Detail/1123846_pkgfront.jpg,,https://mms.mckesson.com/product/1123846/McKesson-Brand-BR33893
1123845,Incontinence Brief McKesson Ultimate Brief Adult Large Unisex Disposable Heavy Absorbency,,McKesson Brand,BR33892,Disposable Incontinence Briefs,$8.78 ,,"In Stock (Get it Tomorrow, Oct 1)",BG/18,,,https://imgcdn.mckesson.com/CumulusWeb/Images/Item_Detail/1123845_pkgfront.jpg,,https://mms.mckesson.com/product/1123845/McKesson-Brand-BR33892
960586,Absorbent Underwear Sure Care™ Ultra Pull On with Tear Away Seams Adult Medium Unisex Disposable Heavy Absorbency,,Cardinal,1430A,"Underwear, Disposable Incontinence Brief",$8.81 ,,"In Stock (Get it Tomorrow, Oct 1)",BG/20,,,https://imgcdn.mckesson.com/CumulusWeb/Images/Item_Detail/960586_ppkgleft.jpg,,https://mms.mckesson.com/product/960586/Cardinal-1430A
960587,Absorbent Underwear Sure Care™ Ultra Pull On with Tear Away Seams Adult Large Unisex Disposable Heavy Absorbency,,Cardinal,1445,"Underwear, Disposable Incontinence Brief",$8.81 ,,"In Stock (Get it Tomorrow, Oct 1)",BG/18,,,https://imgcdn.mckesson.com/CumulusWeb/Images/Item_Detail/960587_pkgfront.jpg,,https://mms.mckesson.com/product/960587/Cardinal-1445
959987,Absorbent Underwear Sure Care™ Ultra Pull On with Tear Away Seams Adult X-Large Unisex Disposable Heavy Absorbency,,Cardinal,1455,"Underwear, Disposable Incontinence Brief",$8.81 ,,"In Stock (Get it Tomorrow, Oct 1)",PK/14,,,https://imgcdn.mckesson.com/CumulusWeb/Images/Item_Detail/959987_pkgfront.jpg,,https://mms.mckesson.com/product/959987/Cardinal-1455
1222509,Incontinence Brief McKesson Super Brief Adult 2X-Large Unisex Disposable Moderate Absorbency,,McKesson Brand,BR30646,Disposable Incontinence Briefs,$7.36 ,,"In Stock (Get it Tomorrow, Oct 1)",BG/12,,,https://imgcdn.mckesson.com/CumulusWeb/Images/Item_Detail/1222509_pkgfront.jpg,,https://mms.mckesson.com/product/1222509/McKesson-Brand-BR30646
814880,Absorbent Underwear Sure Care™ Extra Pull On with Tear Away Seams Adult Large Unisex Disposable Moderate Absorbency,,Cardinal,1845,"Underwear, Disposable Incontinence Brief",$7.40 ,,"In Stock (Get it Tomorrow, Oct 1)",BG/18,,,https://imgcdn.mckesson.com/CumulusWeb/Images/Item_Detail/814880_ppkgright.jpg,,https://mms.mckesson.com/product/814880/Cardinal-1845
846765,Incontinence Brief Wings™ Extra Quilted Adult X-Large Unisex Disposable Moderate Absorbency,,Cardinal,65035,Disposable Incontinence Briefs,$6.64 ,,"In Stock (Get it Tomorrow, Oct 1)",BG/15,,,https://imgcdn.mckesson.com/CumulusWeb/Images/Item_Detail/846765_ppkgleft.jpg,,https://mms.mckesson.com/product/846765/Cardinal-65035
849690,Incontinence Brief Wings™ Extra Quilted Adult Large Unisex Disposable Moderate Absorbency,,Cardinal,65034,Disposable Incontinence Briefs,$6.65 ,,"In Stock (Get it Tomorrow, Oct 1)",BG/18,,,https://imgcdn.mckesson.com/CumulusWeb/Images/Item_Detail/849690_ppkgleft.jpg,,https://mms.mckesson.com/product/849690/Cardinal-65034
973139,Incontinence Brief McKesson Classic Brief Adult Large Unisex Disposable Light Absorbency,,McKesson Brand,BRBRLG,Disposable Incontinence Briefs,$6.05 ,,"In Stock (Get it Tomorrow, Oct 1)",BG/18,,,https://imgcdn.mckesson.com/CumulusWeb/Images/Item_Detail/973139.jpg,,https://mms.mckesson.com/product/973139/McKesson-Brand-BRBRLG
973141,Incontinence Brief McKesson Classic Brief Adult X-Large Unisex Disposable Light Absorbency,,McKesson Brand,BRBRXL,Disposable Incontinence Briefs,$6.05 ,,"In Stock (Get it Tomorrow, Oct 1)",BG/15,,,https://imgcdn.mckesson.com/CumulusWeb/Images/Item_Detail/973141.jpg,,https://mms.mckesson.com/product/973141/McKesson-Brand-BRBRXL
973142,Incontinence Brief McKesson Classic Brief Adult Medium Unisex Disposable Light Absorbency,,McKesson Brand,BRBRMD,Disposable Incontinence Briefs,$6.05 ,,"In Stock (Get it Tomorrow, Oct 1)",BG/24,,,https://imgcdn.mckesson.com/CumulusWeb/Images/Item_Detail/973142.jpg,,https://mms.mckesson.com/product/973142/McKesson-Brand-BRBRMD
955305,Incontinence Brief Attends® Adult Large Unisex Disposable Heavy Absorbency,,Attends Healthcare Products,DDA30,Disposable Incontinence Briefs,$14.13 ,,"In Stock (Get it Tomorrow, Oct 1)",BG/24,,,https://imgcdn.mckesson.com/CumulusWeb/Images/Item_Detail/955305_ppkgleft_.jpg,,https://mms.mckesson.com/product/955305/Attends-Healthcare-Products-DDA30
1281871,Absorbent Underwear Attends® Premier Pull On with Tear Away Seams Adult Medium Unisex Disposable Heavy Absorbency,,Attends Healthcare Products,ALI-UW20S,"Underwear, Disposable Incontinence Brief",$14.13 ,,"In Stock (Get it Tomorrow, Oct 1)",BG/14,,,https://imgcdn.mckesson.com/CumulusWeb/Images/Item_Detail/1281871_ppkgleft.jpg,,https://mms.mckesson.com/product/1281871/Attends-Healthcare-Products-ALI-UW20S
897121,Incontinence Brief TENA ProSkin Stretch™ Super Adult 3X-Large Unisex Disposable Heavy Absorbency,,Essity HMS North America Inc,61391,Disposable Incontinence Briefs,$14.16 ,,"In Stock (Get it Tomorrow, Oct 1)",PK/8,,,https://imgcdn.mckesson.com/CumulusWeb/Images/Item_Detail/897121_pkgfront.jpg,,https://mms.mckesson.com/product/897121/Essity-HMS-North-America-Inc-61391
1163859,Absorbent Underwear Seni® Active Super Plus Pull On with Tear Away Seams Adult Medium Unisex Disposable Heavy Absorbency,,TZMO USA Inc,S-ME20-AP1,"Underwear, Disposable Incontinence Brief",$14.20 ,,"In Stock (Get it Tomorrow, Oct 1)",PK/20,,,https://imgcdn.mckesson.com/CumulusWeb/Images/Item_Detail/1163859_pkgfront.jpg,,https://mms.mckesson.com/product/1163859/TZMO-USA-Inc-S-ME20-AP1
1169933,Absorbent Underwear Seni® Active Super Plus Pull On with Tear Away Seams Adult X-Large Unisex Disposable Heavy Absorbency,,TZMO USA Inc,S-XL16-AP1,"Underwear, Disposable Incontinence Brief",$14.20 ,,"In Stock (Get it Tomorrow, Oct 1)",PK/16,,,https://imgcdn.mckesson.com/CumulusWeb/Images/Item_Detail/1169933_pkgfront.jpg,,https://mms.mckesson.com/product/1169933/TZMO-USA-Inc-S-XL16-AP1
1226547,Absorbent Underwear Seni® Active Super Plus Pull On with Tear Away Seams Adult 2X-Large Unisex Disposable Heavy Absorbency,,TZMO USA Inc,S-2X12-AP1,"Underwear, Disposable Incontinence Brief",$14.20 ,,"In Stock (Get it Tomorrow, Oct 1)",PK/12,,,https://imgcdn.mckesson.com/CumulusWeb/Images/Item_Detail/1226547_pkgfront.jpg,,https://mms.mckesson.com/product/1226547/TZMO-USA-Inc-S-2X12-AP1
1163860,Absorbent Underwear Seni® Active Super Plus Pull On with Tear Away Seams Adult Small Unisex Disposable Heavy Absorbency,,TZMO USA Inc,S-SM22-AP1,"Underwear, Disposable Incontinence Brief",$14.20 ,,"In Stock (Get it Tomorrow, Oct 1)",PK/22,,,https://imgcdn.mckesson.com/CumulusWeb/Images/Item_Detail/1163860_pkgfront.jpg,,https://mms.mckesson.com/product/1163860/TZMO-USA-Inc-S-SM22-AP1
959160,Incontinence Brief Attends® Adult X-Large Unisex Disposable Heavy Absorbency,,Attends Healthcare Products,DDA40,Disposable Incontinence Briefs,$13.59 ,,"In Stock (Get it Tomorrow, Oct 1)",BG/20,,,https://imgcdn.mckesson.com/CumulusWeb/Images/Item_Detail/959160_ppkgleft_.jpg,,https://mms.mckesson.com/product/959160/Attends-Healthcare-Products-DDA40
848957,Absorbent Underwear Attends® Pull On with Tear Away Seams Adult Medium Unisex Disposable Heavy Absorbency,,Attends Healthcare Products,APP0720,"Underwear, Disposable Incontinence Brief",$12.71 ,,"In Stock (Get it Tomorrow, Oct 1)",BG/1,,,https://imgcdn.mckesson.com/CumulusWeb/Images/Item_Detail/848957_ppkgleft.jpg,,https://mms.mckesson.com/product/848957/Attends-Healthcare-Products-APP0720
738816,Absorbent Underwear Attends® Pull On with Tear Away Seams Adult Large Unisex Disposable Heavy Absorbency,,Attends Healthcare Products,APP0730,"Underwear, Disposable Incontinence Brief",$12.71 ,,"In Stock (Get it Tomorrow, Oct 1)",PK/18,,,https://imgcdn.mckesson.com/CumulusWeb/Images/Item_Detail/738816_ppkgleft_.jpg,,https://mms.mckesson.com/product/738816/Attends-Healthcare-Products-APP0730
461061,Absorbent Underwear Attends® Pull On with Tear Away Seams Adult X-Large Unisex Disposable Heavy Absorbency,,Attends Healthcare Products,APP0740,"Underwear, Disposable Incontinence Brief",$12.71 ,,"In Stock (Get it Tomorrow, Oct 1)",BG/14,,,https://imgcdn.mckesson.com/CumulusWeb/Images/Item_Detail/461061_ppkgleft.jpg,,https://mms.mckesson.com/product/461061/Attends-Healthcare-Products-APP0740
830764,Absorbent Underwear Attends® Overnight Pull On with Tear Away Seams Adult Large Unisex Disposable Heavy Absorbency,,Attends Healthcare Products,APPNT30,"Underwear, Disposable Incontinence Brief",$12.71 ,,"In Stock (Get it Tomorrow, Oct 1)",BG/14,,,https://imgcdn.mckesson.com/CumulusWeb/Images/Item_Detail/830764_ppkgleft.jpg,,https://mms.mckesson.com/product/830764/Attends-Healthcare-Products-APPNT30
830767,Absorbent Underwear Attends® Overnight Pull On with Tear Away Seams Adult X-Large Unisex Disposable Heavy Absorbency,,Attends Healthcare Products,APPNT40,"Underwear, Disposable Incontinence Brief",$12.71 ,,"In Stock (Get it Tomorrow, Oct 1)",BG/12,,,https://imgcdn.mckesson.com/CumulusWeb/Images/Item_Detail/830767_ppkgleft_.jpg,,https://mms.mckesson.com/product/830767/Attends-Healthcare-Products-APPNT40
830766,Absorbent Underwear Attends® Overnight Pull On with Tear Away Seams Adult Medium Unisex Disposable Heavy Absorbency,,Attends Healthcare Products,APPNT20,"Underwear, Disposable Incontinence Brief",$12.71 ,,"In Stock (Get it Tomorrow, Oct 1)",BG/16,,,https://imgcdn.mckesson.com/CumulusWeb/Images/Item_Detail/830766_ppkgleft.jpg,,https://mms.mckesson.com/product/830766/Attends-Healthcare-Products-APPNT20
1039114,Absorbent Underwear Attends® For Men Pull On with Tear Away Seams Adult Large Male Disposable Heavy Absorbency,,Attends Healthcare Products,ADUM35,"Underwear, Disposable Incontinence Brief",$12.71 ,,"In Stock (Get it Tomorrow, Oct 1)",BG/18,,,https://imgcdn.mckesson.com/CumulusWeb/Images/Item_Detail/1039114_ppkgleft_.jpg,,https://mms.mckesson.com/product/1039114/Attends-Healthcare-Products-ADUM35
1039111,Absorbent Underwear Attends® Discreet Pull On with Tear Away Seams Adult Large Female Disposable Heavy Absorbency,,Attends Healthcare Products,ADUF30,"Underwear, Disposable Incontinence Brief",$12.71 ,,"In Stock (Get it Tomorrow, Oct 1)",BG/18,,,https://imgcdn.mckesson.com/CumulusWeb/Images/Item_Detail/1039111_ppkgleft.jpg,,https://mms.mckesson.com/product/1039111/Attends-Healthcare-Products-ADUF30
1039113,Absorbent Underwear Attends® For Men Pull On with Tear Away Seams Adult Small / Medium Male Disposable Heavy Absorbency,,Attends Healthcare Products,ADUM15,"Underwear, Disposable Incontinence Brief",$12.71 ,,"In Stock (Get it Tomorrow, Oct 1)",BG/20,,,https://imgcdn.mckesson.com/CumulusWeb/Images/Item_Detail/1039113_ppkgleft_.jpg,,https://mms.mckesson.com/product/1039113/Attends-Healthcare-Products-ADUM15
884710,Absorbent Underwear Tranquility® Essential Pull On with Tear Away Seams Adult Medium Unisex Disposable Moderate Absorbency,,Principle Business Enterprises,2975-100,"Underwear, Disposable Incontinence Brief",$12.71 ,,"In Stock (Get it Tomorrow, Oct 1)",BG/25,,,https://imgcdn.mckesson.com/CumulusWeb/Images/Item_Detail/884710_pkgright.jpg,,https://mms.mckesson.com/product/884710/Principle-Business-Enterprises-2975-100
1039112,Absorbent Underwear Attends® Discreet Pull On with Tear Away Seams Adult X-Large Female Disposable Heavy Absorbency,,Attends Healthcare Products,ADUF40,"Underwear, Disposable Incontinence Brief",$12.71 ,,"In Stock (Get it Tomorrow, Oct 1)",BG/16,,,https://imgcdn.mckesson.com/CumulusWeb/Images/Item_Detail/1039112_ppkgleft_.jpg,,https://mms.mckesson.com/product/1039112/Attends-Healthcare-Products-ADUF40
950228,Absorbent Underwear Attends® Bariatric Pull On with Tear Away Seams Adult 2X-Large Unisex Disposable Heavy Absorbency,,Attends Healthcare Products,AU50,"Underwear, Disposable Incontinence Brief",$12.72 ,,"In Stock (Get it Tomorrow, Oct 1)",BG/12,,,https://imgcdn.mckesson.com/CumulusWeb/Images/Item_Detail/950228_ppkgleft_.jpg,,https://mms.mckesson.com/product/950228/Attends-Healthcare-Products-AU50
585794,Incontinence Brief Tranquility® ATN Adult X-Large Unisex Disposable Heavy Absorbency,,Principle Business Enterprises,2187,Disposable Incontinence Briefs,$12.75 ,,"In Stock (Get it Tomorrow, Oct 1)",BG/12,,,https://imgcdn.mckesson.com/CumulusWeb/Images/Item_Detail/585794_pkgright2.jpg,,https://mms.mckesson.com/product/585794/Principle-Business-Enterprises-2187
1163834,Incontinence Brief Seni® Super Adult Small Unisex Disposable Heavy Absorbency,,TZMO USA Inc,S-SM25-BS1,Disposable Incontinence Briefs,$12.77 ,,"In Stock (Get it Tomorrow, Oct 1)",PK/25,,,https://imgcdn.mckesson.com/CumulusWeb/Images/Item_Detail/1163834_pkgfront_.jpg,,https://mms.mckesson.com/product/1163834/TZMO-USA-Inc-S-SM25-BS1
957931,Incontinence Brief Attends® Care Advanced Adult X-Large Unisex Disposable Heavy Absorbency,,Attends Healthcare Products,DDP40,Disposable Incontinence Briefs,$12.83 ,,"In Stock (Get it Tomorrow, Oct 1)",BG/20,,,https://imgcdn.mckesson.com/CumulusWeb/Images/Item_Detail/957931_ppkgleft_.jpg,,https://mms.mckesson.com/product/957931/Attends-Healthcare-Products-DDP40
981738,Incontinence Brief Attends® Stretch Adult Large / X-Large Unisex Disposable Heavy Absorbency,,Attends Healthcare Products,DDSLXL,Disposable Incontinence Briefs,$12.03 ,,"In Stock (Get it Tomorrow, Oct 1)",BG/24,,,https://imgcdn.mckesson.com/CumulusWeb/Images/Item_Detail/981738_ppkgleft_.jpg,,https://mms.mckesson.com/product/981738/Attends-Healthcare-Products-DDSLXL
980213,Incontinence Brief Attends® Stretch Adult Medium / Regular Unisex Disposable Heavy Absorbency,,Attends Healthcare Products,DDSMR,Disposable Incontinence Briefs,$12.03 ,,"In Stock (Get it Tomorrow, Oct 1)",BG/24,,,https://imgcdn.mckesson.com/CumulusWeb/Images/Item_Detail/980213_ppkgleft_.jpg,,https://mms.mckesson.com/product/980213/Attends-Healthcare-Products-DDSMR
1279250,Absorbent Underwear Attends Sleep Comfort Premium Overnight Pull On with Tear Away Seams Adult 2X-Large Unisex Disposable Heavy Absorbency,,Attends Healthcare Products,SCPO50,"Underwear, Disposable Incontinence Brief",$12.11 ,,"In Stock (Get it Tomorrow, Oct 1)",BG/10,,,https://imgcdn.mckesson.com/CumulusWeb/Images/Item_Detail/1279250_ppkgleft.jpg,,https://mms.mckesson.com/product/1279250/Attends-Healthcare-Products-SCPO50
1279248,Absorbent Underwear Attends Sleep Comfort Premium Overnight Pull On with Tear Away Seams Adult Large Unisex Disposable Heavy Absorbency,,Attends Healthcare Products,SCPO30,"Underwear, Disposable Incontinence Brief",$12.11 ,,"In Stock (Get it Tomorrow, Oct 1)",BG/16,,,https://imgcdn.mckesson.com/CumulusWeb/Images/Item_Detail/1279248_ppkgleft.jpg,,https://mms.mckesson.com/product/1279248/Attends-Healthcare-Products-SCPO30
1279247,Absorbent Underwear Attends Sleep Comfort Premium Overnight Pull On with Tear Away Seams Adult Medium Unisex Disposable Heavy Absorbency,,Attends Healthcare Products,SCPO20,"Underwear, Disposable Incontinence Brief",$12.11 ,,"In Stock (Get it Tomorrow, Oct 1)",BG/18,,,https://imgcdn.mckesson.com/CumulusWeb/Images/Item_Detail/1279247_ppkgleft.jpg,,https://mms.mckesson.com/product/1279247/Attends-Healthcare-Products-SCPO20
1279249,Absorbent Underwear Attends Sleep Comfort Premium Overnight Pull On with Tear Away Seams Adult X-Large Unisex Disposable Heavy Absorbency,,Attends Healthcare Products,SCPO40,"Underwear, Disposable Incontinence Brief",$12.11 ,,"In Stock (Get it Tomorrow, Oct 1)",BG/14,,,https://imgcdn.mckesson.com/CumulusWeb/Images/Item_Detail/1279249_ppkgleft.jpg,,https://mms.mckesson.com/product/1279249/Attends-Healthcare-Products-SCPO40
1279246,Absorbent Underwear Attends Sleep Comfort Premium Overnight Pull On with Tear Away Seams Adult Small Unisex Disposable Heavy Absorbency,,Attends Healthcare Products,SCPO10,"Underwear, Disposable Incontinence Brief",$12.11 ,,"In Stock (Get it Tomorrow, Oct 1)",BG/20,,,https://imgcdn.mckesson.com/CumulusWeb/Images/Item_Detail/1279246_ppkgleft.jpg,,https://mms.mckesson.com/product/1279246/Attends-Healthcare-Products-SCPO10
1283880,Incontinence Brief Seni® Classic Adult Regular Unisex Disposable Moderate Absorbency,,TZMO USA Inc,S-RE25-BC1,Disposable Incontinence Briefs,$12.11 ,,"In Stock (Get it Tomorrow, Oct 1)",PK/25,,,https://imgcdn.mckesson.com/CumulusWeb/Images/Item_Detail/1283880_right.jpg,,https://mms.mckesson.com/product/1283880/TZMO-USA-Inc-S-RE25-BC1
1163842,Absorbent Underwear Seni® Active Classic Plus Pull On with Tear Away Seams Adult Large Unisex Disposable Moderate Absorbency,,TZMO USA Inc,S-LA18-AC2,"Underwear, Disposable Incontinence Brief",$11.37 ,,"In Stock (Get it Tomorrow, Oct 1)",PK/18,,,https://imgcdn.mckesson.com/CumulusWeb/Images/Item_Detail/1163842_pkgfront_.jpg,,https://mms.mckesson.com/product/1163842/TZMO-USA-Inc-S-LA18-AC2
1283883,Incontinence Brief Seni® Classic Adult Medium Unisex Disposable Moderate Absorbency,,TZMO USA Inc,S-ME25-BC1,Disposable Incontinence Briefs,$11.38 ,,"In Stock (Get it Tomorrow, Oct 1)",PK/25,,,https://imgcdn.mckesson.com/CumulusWeb/Images/Item_Detail/1283883_right.jpg,,https://mms.mckesson.com/product/1283883/TZMO-USA-Inc-S-ME25-BC1
955303,Incontinence Brief Attends® Adult Medium Unisex Disposable Heavy Absorbency,,Attends Healthcare Products,DDA20,Disposable Incontinence Briefs,$10.59 ,,"In Stock (Get it Tomorrow, Oct 1)",BG/24,,,https://imgcdn.mckesson.com/CumulusWeb/Images/Item_Detail/955303_ppkgleft_.jpg,,https://mms.mckesson.com/product/955303/Attends-Healthcare-Products-DDA20
1271872,Incontinence Brief TENA Complete + Care Ultra™ Adult 3X-Large / 4X-Large Unisex Disposable Moderate Absorbency,,Essity HMS North America Inc,67905,Disposable Incontinence Briefs,$10.63 ,,"In Stock (Get it Tomorrow, Oct 1)",BG/8,,,https://imgcdn.mckesson.com/CumulusWeb/Images/Item_Detail/1271872_left.jpg,,https://mms.mckesson.com/product/1271872/Essity-HMS-North-America-Inc-67905
1074463,Absorbent Underwear TENA ProSkin™ Plus Pull On with Tear Away Seams Adult Small Unisex Disposable Moderate Absorbency,,Essity HMS North America Inc,72631,"Underwear, Disposable Incontinence Brief",$10.65 ,,"In Stock (Get it Tomorrow, Oct 1)",BG/15,,,https://imgcdn.mckesson.com/CumulusWeb/Images/Item_Detail/1074463_ppkgfront.jpg,,https://mms.mckesson.com/product/1074463/Essity-HMS-North-America-Inc-72631
1243825,Incontinence Brief TENA Complete + Care Ultra™ Adult Large Unisex Disposable Moderate Absorbency,,Essity HMS North America Inc,67460,Disposable Incontinence Briefs,$9.96 ,,"In Stock (Get it Tomorrow, Oct 1)",PK/20,,,https://imgcdn.mckesson.com/CumulusWeb/Images/Item_Detail/1243825_pkgfront.jpg,,https://mms.mckesson.com/product/1243825/Essity-HMS-North-America-Inc-67460
572720,Absorbent Underwear Prevail® Per-Fit® Extra Pull On with Tear Away Seams Adult Medium Unisex Disposable Heavy Absorbency,,First Quality Products LLC,PF-512,"Underwear, Disposable Incontinence Brief",$8.48 ,,"In Stock (Get it Tomorrow, Oct 1)",BG/20,,,https://imgcdn.mckesson.com/CumulusWeb/Images/Item_Detail/572720_pkgfront_.jpg,,https://mms.mckesson.com/product/572720/First-Quality-Products-LLC-PF-512
1083189,Absorbent Underwear Prevail® Per-Fit® Pull On with Tear Away Seams Adult Large Female Disposable Moderate Absorbency,,First Quality Products LLC,PFW-513,"Underwear, Disposable Incontinence Brief",$8.48 ,,"In Stock (Get it Tomorrow, Oct 1)",BG/18,,,https://imgcdn.mckesson.com/CumulusWeb/Images/Item_Detail/1083189_pkgfront.jpg,,https://mms.mckesson.com/product/1083189/First-Quality-Products-LLC-PFW-513
881922,Absorbent Underwear Prevail® Per-Fit® Pull On with Tear Away Seams Adult Medium Female Disposable Moderate Absorbency,,First Quality Products LLC,PFW-512,"Underwear, Disposable Incontinence Brief",$8.48 ,,"In Stock (Get it Tomorrow, Oct 1)",BG/20,,,https://imgcdn.mckesson.com/CumulusWeb/Images/Item_Detail/881922_pkgfront_.jpg,,https://mms.mckesson.com/product/881922/First-Quality-Products-LLC-PFW-512
881924,Absorbent Underwear Prevail® Per-Fit® Pull On with Tear Away Seams Adult X-Large Female Disposable Moderate Absorbency,,First Quality Products LLC,PFW-514,"Underwear, Disposable Incontinence Brief",$8.48 ,,"In Stock (Get it Tomorrow, Oct 1)",BG/14,,,https://imgcdn.mckesson.com/CumulusWeb/Images/Item_Detail/881924_pkgfront_.jpg,,https://mms.mckesson.com/product/881924/First-Quality-Products-LLC-PFW-514
881920,Absorbent Underwear Prevail® Per-Fit® Pull On with Tear Away Seams Adult Large Male Disposable Heavy Absorbency,,First Quality Products LLC,PFM-513,"Underwear, Disposable Incontinence Brief",$8.48 ,,"In Stock (Get it Tomorrow, Oct 1)",BG/18,,,https://imgcdn.mckesson.com/CumulusWeb/Images/Item_Detail/881920_pkgfront_.jpg,,https://mms.mckesson.com/product/881920/First-Quality-Products-LLC-PFM-513
881919,Absorbent Underwear Prevail® Per-Fit® Pull On with Tear Away Seams Adult Medium Male Disposable Heavy Absorbency,,First Quality Products LLC,PFM-512,"Underwear, Disposable Incontinence Brief",$8.48 ,,"In Stock (Get it Tomorrow, Oct 1)",BG/20,,,https://imgcdn.mckesson.com/CumulusWeb/Images/Item_Detail/881919_pkgfront.jpg,,https://mms.mckesson.com/product/881919/First-Quality-Products-LLC-PFM-512
881921,Absorbent Underwear Prevail® Per-Fit® Pull On with Tear Away Seams Adult X-Large Male Disposable Heavy Absorbency,,First Quality Products LLC,PFM-514,"Underwear, Disposable Incontinence Brief",$8.48 ,,"In Stock (Get it Tomorrow, Oct 1)",BG/14,,,https://imgcdn.mckesson.com/CumulusWeb/Images/Item_Detail/881921_pkgfront_.jpg,,https://mms.mckesson.com/product/881921/First-Quality-Products-LLC-PFM-514
1163824,Incontinence Brief Seni® Super Plus Adult Large Unisex Disposable Heavy Absorbency,,TZMO USA Inc,S-LA09-BP1,Disposable Incontinence Briefs,$8.52 ,,"In Stock (Get it Tomorrow, Oct 1)",PK/9,,,https://imgcdn.mckesson.com/CumulusWeb/Images/Item_Detail/1163824_pkgfront.jpg,,https://mms.mckesson.com/product/1163824/TZMO-USA-Inc-S-LA09-BP1
1176300,Incontinence Brief Wings™ Quilted Plus with BreatheEasy™ Technology Adult X-Large Unisex Disposable Heavy Absorbency,,Cardinal,66135,Disposable Incontinence Briefs,$9.68 ,,"In Stock (Get it Tomorrow, Oct 1)",BG/15,,,https://imgcdn.mckesson.com/CumulusWeb/Images/Item_Detail/1176300_ppkgleft.jpg,,https://mms.mckesson.com/product/1176300/Cardinal-66135
829959,Absorbent Underwear Sure Care™ Plus Pull On with Tear Away Seams Adult Medium Unisex Disposable Heavy Absorbency,,Cardinal,1605R,"Underwear, Disposable Incontinence Brief",$9.69 ,,"In Stock (Get it Tomorrow, Oct 1)",BG/25,,,https://imgcdn.mckesson.com/CumulusWeb/Images/Item_Detail/829959_ppkgleft.jpg,,https://mms.mckesson.com/product/829959/Cardinal-1605R
884169,Incontinence Brief McKesson Ultra Plus Stretch Brief Adult Large / X-Large Unisex Disposable Heavy Absorbency,,McKesson Brand,BRSTRLXL,Disposable Incontinence Briefs,$9.70 ,,"In Stock (Get it Tomorrow, Oct 1)",BG/1,,,https://imgcdn.mckesson.com/CumulusWeb/Images/Item_Detail/884169.jpg,,https://mms.mckesson.com/product/884169/McKesson-Brand-BRSTRLXL
800831,Incontinence Brief McKesson Ultra Brief Adult Large Unisex Disposable Heavy Absorbency,,McKesson Brand,BRULLG,Disposable Incontinence Briefs,$8.19 ,,"In Stock (Get it Tomorrow, Oct 1)",BG/1,,,https://imgcdn.mckesson.com/CumulusWeb/Images/Item_Detail/800831.jpg,,https://mms.mckesson.com/product/800831/McKesson-Brand-BRULLG
800833,Incontinence Brief McKesson Ultra Brief Adult X-Large Unisex Disposable Heavy Absorbency,,McKesson Brand,BRULXL,Disposable Incontinence Briefs,$8.19 ,,"In Stock (Get it Tomorrow, Oct 1)",BG/1,,,https://imgcdn.mckesson.com/CumulusWeb/Images/Item_Detail/800833.jpg,,https://mms.mckesson.com/product/800833/McKesson-Brand-BRULXL
1282078,Absorbent Underwear McKesson Premium Discreet Maximum Underwear Pull On with Tear Away Seams Adult Small / Medium Female Disposable Heavy Absorbency,,McKesson Brand,UWDM-SMPINK,"Underwear, Disposable Incontinence Brief",$8.23 ,,"In Stock (Get it Tomorrow, Oct 1)",BG/20,,,https://imgcdn.mckesson.com/CumulusWeb/Images/Item_Detail/1282078_pkgfront.jpg,,https://mms.mckesson.com/product/1282078/McKesson-Brand-UWDM-SMPINK
1282077,Absorbent Underwear McKesson Premium Discreet Maximum Underwear Pull On with Tear Away Seams Adult Small / Medium Male Disposable Heavy Absorbency,,McKesson Brand,UWDM-SMGRAY,"Underwear, Disposable Incontinence Brief",$8.23 ,,"In Stock (Get it Tomorrow, Oct 1)",BG/20,,,https://imgcdn.mckesson.com/CumulusWeb/Images/Item_Detail/1282077_pkgfront.jpg,,https://mms.mckesson.com/product/1282077/McKesson-Brand-UWDM-SMGRAY
1222507,Incontinence Brief McKesson Super Brief Adult Small Unisex Disposable Moderate Absorbency,,McKesson Brand,BR30642,Disposable Incontinence Briefs,$7.46 ,,"In Stock (Get it Tomorrow, Oct 1)",BG/24,,,https://imgcdn.mckesson.com/CumulusWeb/Images/Item_Detail/1222507_pkgfront.jpg,,https://mms.mckesson.com/product/1222507/McKesson-Brand-BR30642
1261576,Incontinence Brief Prevail® Nu-Fit® Adult Medium Unisex Disposable Heavy Absorbency,,,,"Adlt Diapers/Briefs Disposable, Adlt Dia",$6.54 ,,"In Stock (Get it Tomorrow, Oct 1)",PK/20,,,https://imgcdn.mckesson.com/CumulusWeb/Images/Item_Detail/1261576_pkgfront_.jpg,,https://mms.mckesson.com/product/1261576/First-Quality-Products-LLC-NU-0122
457770,Incontinence Brief Tranquility® ATN Adult Small Unisex Disposable Heavy Absorbency,,Principle Business Enterprises,2184,Disposable Incontinence Briefs,$6.55 ,,"In Stock (Get it Tomorrow, Oct 1)",BG/10,,,https://imgcdn.mckesson.com/CumulusWeb/Images/Item_Detail/457770_pkgright2.jpg,,https://mms.mckesson.com/product/457770/Principle-Business-Enterprises-2184
1123842,Incontinence Brief McKesson Super Brief Adult Large Unisex Disposable Moderate Absorbency,,McKesson Brand,BR30644,Disposable Incontinence Briefs,$6.89 ,,"In Stock (Get it Tomorrow, Oct 1)",BG/18,,,https://imgcdn.mckesson.com/CumulusWeb/Images/Item_Detail/1123842.jpg,,https://mms.mckesson.com/product/1123842/McKesson-Brand-BR30644
1123843,Incontinence Brief McKesson Super Brief Adult X-Large Unisex Disposable Moderate Absorbency,,McKesson Brand,BR30645,Disposable Incontinence Briefs,$6.89 ,,"In Stock (Get it Tomorrow, Oct 1)",BG/15,,,https://imgcdn.mckesson.com/CumulusWeb/Images/Item_Detail/1123843.jpg,,https://mms.mckesson.com/product/1123843/McKesson-Brand-BR30645
800832,Incontinence Brief McKesson Ultra Brief Adult Medium Unisex Disposable Heavy Absorbency,,McKesson Brand,BRULMD,Disposable Incontinence Briefs,$5.46 ,,"In Stock (Get it Tomorrow, Oct 1)",BG/1,,,https://imgcdn.mckesson.com/CumulusWeb/Images/Item_Detail/800832_1.jpg,,https://mms.mckesson.com/product/800832/McKesson-Brand-BRULMD
1218226,Absorbent Underwear Abena® Premium Pants S1 Pull On with Tear Away Seams Adult Small Unisex Disposable Heavy Absorbency,,Abena North America,1000021318,"Underpad, Disposable, Incontinence",$15.48 ,,"In Stock (Get it Tomorrow, Oct 1)",PK/16,,,https://imgcdn.mckesson.com/CumulusWeb/Images/Item_Detail/1218226_ppkgleft.jpg,,https://mms.mckesson.com/product/1218226/Abena-North-America-1000021318
1243753,Absorbent Underwear Prevail® Per-Fit® Extra Pull On with Tear Away Seams Adult 2X-Large Unisex Disposable Heavy Absorbency,,,,"Protective Underwear, Incontinence",$14.17 ,,"In Stock (Get it Tomorrow, Oct 1)",PK/20,,,https://imgcdn.mckesson.com/CumulusWeb/Images/Item_Detail/1243753_pkgfront.jpg,,https://mms.mckesson.com/product/1243753/First-Quality-Products-LLC-PF-5171
1294175,Incontinence Brief Prevail® Bariatric Adult Bariatric Size B Unisex Disposable Heavy Absorbency,,First Quality Products LLC,PV-094,Disposable Incontinence Briefs,$13.62 ,,"In Stock (Get it Tomorrow, Oct 1)",BG/10,,,https://imgcdn.mckesson.com/CumulusWeb/Images/Item_Detail/1294175_pkgfront_.jpg,,https://mms.mckesson.com/product/1294175/First-Quality-Products-LLC-PV-094
1028712,Absorbent Underwear Attends® Care Pull On with Tear Away Seams Adult Medium Unisex Disposable Heavy Absorbency,,Attends Healthcare Products,APV20100,"Underwear, Disposable Incontinence Brief",$13.62 ,,"In Stock (Get it Tomorrow, Oct 1)",BG/25,,,https://imgcdn.mckesson.com/CumulusWeb/Images/Item_Detail/1028712_right.jpg,,https://mms.mckesson.com/product/1028712/Attends-Healthcare-Products-APV20100
1277118,Absorbent Underwear Attends® for Men Pull On with Tear Away Seams Adult X-Large Male Disposable Heavy Absorbency,,Attends Healthcare Products,ADUM45,"Underwear, Protective, Incontinence",$12.71 ,,"In Stock (Get it Tomorrow, Oct 1)",BG/16,,,https://imgcdn.mckesson.com/CumulusWeb/Images/Item_Detail/1277118_pkgfront.jpg,,https://mms.mckesson.com/product/1277118/Attends-Healthcare-Products-ADUM45
978895,Absorbent Underwear TENA® ProSkin™ Extra Pull On with Tear Away Seams Adult X-Large Unisex Disposable Moderate Absorbency,,Essity HMS North America Inc,72425,"Underwear, Disposable Incontinence Brief",$12.35 ,,"In Stock (Get it Tomorrow, Oct 1)",BG/12,,,https://imgcdn.mckesson.com/CumulusWeb/Images/Item_Detail/978895_pkgfront.jpg,,https://mms.mckesson.com/product/978895/Essity-HMS-North-America-Inc-72425
1243826,Incontinence Brief TENA Complete + Care Ultra™ Adult X-Large Unisex Disposable Moderate Absorbency,,Essity HMS North America Inc,67470,Disposable Incontinence Briefs,$11.42 ,,"In Stock (Get it Tomorrow, Oct 1)",PK/20,,,https://imgcdn.mckesson.com/CumulusWeb/Images/Item_Detail/1243826_pkgfront.jpg,,https://mms.mckesson.com/product/1243826/Essity-HMS-North-America-Inc-67470
579584,Absorbent Underwear Prevail® Daily Underwear Extra Pull On with Tear Away Seams Adult 2X-Large Unisex Disposable Moderate Absorbency,,First Quality Products LLC,PV-517,"Underwear, Disposable Incontinence Brief",$9.99 ,,"In Stock (Get it Tomorrow, Oct 1)",PK/12,,,https://imgcdn.mckesson.com/CumulusWeb/Images/Item_Detail/579584_pkgfront_.jpg,,https://mms.mckesson.com/product/579584/First-Quality-Products-LLC-PV-517
402957,Absorbent Underwear Prevail® Daily Underwear Extra Pull On with Tear Away Seams Adult Large Unisex Disposable Moderate Absorbency,,First Quality Products LLC,PV-513,"Underwear, Disposable Incontinence Brief",$9.99 ,,"In Stock (Get it Tomorrow, Oct 1)",PK/18,,,https://imgcdn.mckesson.com/CumulusWeb/Images/Item_Detail/402957_pkgfront.jpg,,https://mms.mckesson.com/product/402957/First-Quality-Products-LLC-PV-513
402953,Absorbent Underwear Prevail® Daily Underwear Extra Pull On with Tear Away Seams Adult Medium Unisex Disposable Moderate Absorbency,,First Quality Products LLC,PV-512,"Underwear, Disposable Incontinence Brief",$9.99 ,,"In Stock (Get it Tomorrow, Oct 1)",PK/20,,,https://imgcdn.mckesson.com/CumulusWeb/Images/Item_Detail/402953_pkgfront.jpg,,https://mms.mckesson.com/product/402953/First-Quality-Products-LLC-PV-512
466609,Absorbent Underwear Prevail® Daily Underwear Extra Pull On with Tear Away Seams Adult X-Large Unisex Disposable Moderate Absorbency,,First Quality Products LLC,PV-514,"Underwear, Disposable Incontinence Brief",$9.99 ,,"In Stock (Get it Tomorrow, Oct 1)",PK/14,,,https://imgcdn.mckesson.com/CumulusWeb/Images/Item_Detail/466609_pkgfront_.jpg,,https://mms.mckesson.com/product/466609/First-Quality-Products-LLC-PV-514
889082,Absorbent Underwear Prevail® Daily Underwear Pull On with Tear Away Seams Adult Large Female Disposable Heavy Absorbency,,,,"Underwear, Disposable Incontinence Brief",$9.99 ,,"In Stock (Get it Tomorrow, Oct 1)",BG/18,,,https://imgcdn.mckesson.com/CumulusWeb/Images/Item_Detail/889082_pkgfront_.jpg,,https://mms.mckesson.com/product/889082/First-Quality-Products-LLC-PWC-5131
889081,Absorbent Underwear Prevail® Daily Underwear Pull On with Tear Away Seams Adult Medium Female Disposable Heavy Absorbency,,,,"Underwear, Disposable Incontinence Brief",$9.99 ,,"In Stock (Get it Tomorrow, Oct 1)",BG/20,,,https://imgcdn.mckesson.com/CumulusWeb/Images/Item_Detail/889081_pkgfront.jpg,,https://mms.mckesson.com/product/889081/First-Quality-Products-LLC-PWC-5121
450592,Absorbent Underwear Prevail® Daily Underwear Maximum Pull On with Tear Away Seams Adult Small / Medium Unisex Disposable Heavy Absorbency,,First Quality Products LLC,PVS-512,"Underwear, Disposable Incontinence Brief",$9.99 ,,"In Stock (Get it Tomorrow, Oct 1)",PK/18,,,https://imgcdn.mckesson.com/CumulusWeb/Images/Item_Detail/450592_pkgfront_.jpg,,https://mms.mckesson.com/product/450592/First-Quality-Products-LLC-PVS-512
1126187,Absorbent Underwear Prevail® Daily Underwear Pull On with Tear Away Seams Adult 2X-Large Female Disposable Heavy Absorbency,,First Quality Products LLC,PWC-517,"Underwear, Disposable Incontinence Brief",$9.99 ,,"In Stock (Get it Tomorrow, Oct 1)",BG/14,,,https://imgcdn.mckesson.com/CumulusWeb/Images/Item_Detail/1126187_pkgfront_.jpg,,https://mms.mckesson.com/product/1126187/First-Quality-Products-LLC-PWC-517
889083,Absorbent Underwear Prevail® Daily Underwear Pull On with Tear Away Seams Adult X-Large Female Disposable Heavy Absorbency,,,,"Underwear, Disposable Incontinence Brief",$9.99 ,,"In Stock (Get it Tomorrow, Oct 1)",BG/16,,,https://imgcdn.mckesson.com/CumulusWeb/Images/Item_Detail/889083_pkgfront_.jpg,,https://mms.mckesson.com/product/889083/First-Quality-Products-LLC-PWC-5141
450593,Absorbent Underwear Prevail® Daily Underwear Maximum Pull On with Tear Away Seams Adult Large Unisex Disposable Heavy Absorbency,,First Quality Products LLC,PVS-513,"Underwear, Disposable Incontinence Brief",$9.99 ,,"In Stock (Get it Tomorrow, Oct 1)",PK/16,,,https://imgcdn.mckesson.com/CumulusWeb/Images/Item_Detail/450593_pkgfront_.jpg,,https://mms.mckesson.com/product/450593/First-Quality-Products-LLC-PVS-513
1178181,Absorbent Underwear Prevail® Daily Underwear Pull On with Tear Away Seams Adult Small Female Disposable Heavy Absorbency,,First Quality Products LLC,PWC-511,"Underwear, Disposable Incontinence Brief",$9.99 ,,"In Stock (Get it Tomorrow, Oct 1)",BG/22,,,https://imgcdn.mckesson.com/CumulusWeb/Images/Item_Detail/1178181_pkgfront_.jpg,,https://mms.mckesson.com/product/1178181/First-Quality-Products-LLC-PWC-511
955307,Incontinence Brief Attends® Care Advanced Adult Medium Unisex Disposable Heavy Absorbency,,Attends Healthcare Products,DDP20,Disposable Incontinence Briefs,$9.99 ,,"In Stock (Get it Tomorrow, Oct 1)",BG/24,,,https://imgcdn.mckesson.com/CumulusWeb/Images/Item_Detail/955307_ppkgleft_.jpg,,https://mms.mckesson.com/product/955307/Attends-Healthcare-Products-DDP20
1163835,Incontinence Brief Seni® Super Quatro Adult Large Unisex Disposable Heavy Absorbency,,TZMO USA Inc,S-LA09-BQ1,Disposable Incontinence Briefs,$10.07 ,,"In Stock (Get it Tomorrow, Oct 1)",PK/9,,,https://imgcdn.mckesson.com/CumulusWeb/Images/Item_Detail/1163835_pkgfront.jpg,,https://mms.mckesson.com/product/1163835/TZMO-USA-Inc-S-LA09-BQ1
1163836,Incontinence Brief Seni® Super Quatro Adult Medium Unisex Disposable Heavy Absorbency,,TZMO USA Inc,S-ME10-BQ1,Disposable Incontinence Briefs,$10.07 ,,"In Stock (Get it Tomorrow, Oct 1)",PK/10,,,https://imgcdn.mckesson.com/CumulusWeb/Images/Item_Detail/1163836_pkgfront.jpg,,https://mms.mckesson.com/product/1163836/TZMO-USA-Inc-S-ME10-BQ1
1163839,Incontinence Brief Seni® Super Quatro Adult X-Large Unisex Disposable Heavy Absorbency,,TZMO USA Inc,S-XL08-BQ1,Disposable Incontinence Briefs,$10.07 ,,"In Stock (Get it Tomorrow, Oct 1)",PK/8,,,https://imgcdn.mckesson.com/CumulusWeb/Images/Item_Detail/1163839_pkgfront.jpg,,https://mms.mckesson.com/product/1163839/TZMO-USA-Inc-S-XL08-BQ1
1163837,Incontinence Brief Seni® Super Quatro Adult Regular Unisex Disposable Heavy Absorbency,,TZMO USA Inc,S-RE10-BQ1,Disposable Incontinence Briefs,$10.07 ,,"In Stock (Get it Tomorrow, Oct 1)",PK/10,,,https://imgcdn.mckesson.com/CumulusWeb/Images/Item_Detail/1163837_pkgfront.jpg,,https://mms.mckesson.com/product/1163837/TZMO-USA-Inc-S-RE10-BQ1
1163838,Incontinence Brief Seni® Super Quatro Adult Small Unisex Disposable Heavy Absorbency,,TZMO USA Inc,S-SM12-BQ1,Disposable Incontinence Briefs,$10.07 ,,"In Stock (Get it Tomorrow, Oct 1)",PK/12,,,https://imgcdn.mckesson.com/CumulusWeb/Images/Item_Detail/1163838_pkgfront.jpg,,https://mms.mckesson.com/product/1163838/TZMO-USA-Inc-S-SM12-BQ1
665234,Incontinence Brief Tranquility® ATN Adult Large Unisex Disposable Heavy Absorbency,,Principle Business Enterprises,2186,Disposable Incontinence Briefs,$10.09 ,,"In Stock (Get it Tomorrow, Oct 1)",BG/12,,,https://imgcdn.mckesson.com/CumulusWeb/Images/Item_Detail/665234_pkgright.jpg,,https://mms.mckesson.com/product/665234/Principle-Business-Enterprises-2186
1188955,Incontinence Brief Tranquility® Essential Adult Large Unisex Disposable Heavy Absorbency,,Principle Business Enterprises,2746,Disposable Incontinence Briefs,$9.32 ,,"In Stock (Get it Tomorrow, Oct 1)",BG/12,,,https://imgcdn.mckesson.com/CumulusWeb/Images/Item_Detail/1188955_pkgright.jpg,,https://mms.mckesson.com/product/1188955/Principle-Business-Enterprises-2746
451111,Incontinence Brief Tranquility® ATN Adult Medium Unisex Disposable Heavy Absorbency,,Principle Business Enterprises,2185,Disposable Incontinence Briefs,$8.66 ,,"In Stock (Get it Tomorrow, Oct 1)",BG/12,,,https://imgcdn.mckesson.com/CumulusWeb/Images/Item_Detail/451111_pkgright2.jpg,,https://mms.mckesson.com/product/451111/Principle-Business-Enterprises-2185
1261577,Incontinence Brief Prevail® Nu-Fit® Adult Large Unisex Disposable Heavy Absorbency,,,,"Adlt Diapers/Briefs Disposable, Adlt Dia",$8.74 ,,"In Stock (Get it Tomorrow, Oct 1)",PK/20,,,https://imgcdn.mckesson.com/CumulusWeb/Images/Item_Detail/1261577_pkgfront_.jpg,,https://mms.mckesson.com/product/1261577/First-Quality-Products-LLC-NU-0132
801661,Incontinence Brief Tranquility SmartCore™ Adult Medium Unisex Disposable Heavy Absorbency,,Principle Business Enterprises,2312,Disposable Incontinence Briefs,$8.74 ,,"In Stock (Get it Tomorrow, Oct 1)",PK/12,,,https://imgcdn.mckesson.com/CumulusWeb/Images/Item_Detail/801661_pkgright.jpg,,https://mms.mckesson.com/product/801661/Principle-Business-Enterprises-2312
1030222,Incontinence Brief Tranquility® Slimline® Adult Large Unisex Disposable Heavy Absorbency,,Principle Business Enterprises,2132,Disposable Incontinence Briefs,$8.74 ,,"In Stock (Get it Tomorrow, Oct 1)",PK/12,,,https://imgcdn.mckesson.com/CumulusWeb/Images/Item_Detail/1030222_pkgright.jpg,,https://mms.mckesson.com/product/1030222/Principle-Business-Enterprises-2132
1188954,Incontinence Brief Tranquility® Essential Adult Medium Unisex Disposable Heavy Absorbency,,Principle Business Enterprises,2745,Disposable Incontinence Briefs,$7.31 ,,"In Stock (Get it Tomorrow, Oct 1)",BG/12,,,https://imgcdn.mckesson.com/CumulusWeb/Images/Item_Detail/1188954_pkgright.jpg,,https://mms.mckesson.com/product/1188954/Principle-Business-Enterprises-2745
1222511,Absorbent Underwear McKesson Super Underwear Pull On with Tear Away Seams Adult 2X-Large Unisex Disposable Moderate Absorbency,,McKesson Brand,UW33847,"Underwear, Disposable Incontinence Brief",$6.93 ,,"In Stock (Get it Tomorrow, Oct 1)",BG/12,,,https://imgcdn.mckesson.com/CumulusWeb/Images/Item_Detail/1222511_pkgfront_.jpg,,https://mms.mckesson.com/product/1222511/McKesson-Brand-UW33847
814878,Absorbent Underwear Sure Care™ Extra Pull On with Tear Away Seams Adult Small / Medium Unisex Disposable Moderate Absorbency,,Cardinal,1840A,"Underwear, Disposable Incontinence Brief",$6.97 ,,"In Stock (Get it Tomorrow, Oct 1)",BG/20,,,https://imgcdn.mckesson.com/CumulusWeb/Images/Item_Detail/814878_ppkgleft.jpg,,https://mms.mckesson.com/product/814878/Cardinal-1840A
814885,Absorbent Underwear Sure Care™ Extra Pull On with Tear Away Seams Adult X-Large Unisex Disposable Moderate Absorbency,,Cardinal,1850A,"Underwear, Disposable Incontinence Brief",$6.97 ,,"In Stock (Get it Tomorrow, Oct 1)",BG/14,,,https://imgcdn.mckesson.com/CumulusWeb/Images/Item_Detail/814885_ppkgleft.jpg,,https://mms.mckesson.com/product/814885/Cardinal-1850A
1123833,Absorbent Underwear McKesson Super Underwear Pull On with Tear Away Seams Adult Large Unisex Disposable Moderate Absorbency,,McKesson Brand,UW33845,"Underwear, Disposable Incontinence Brief",$6.33 ,,"In Stock (Get it Tomorrow, Oct 1)",BG/18,,,https://imgcdn.mckesson.com/CumulusWeb/Images/Item_Detail/1123833.jpg,,https://mms.mckesson.com/product/1123833/McKesson-Brand-UW33845
1123832,Absorbent Underwear McKesson Super Underwear Pull On with Tear Away Seams Adult Medium Unisex Disposable Moderate Absorbency,,McKesson Brand,UW33844,"Underwear, Disposable Incontinence Brief",$6.33 ,,"In Stock (Get it Tomorrow, Oct 1)",BG/20,,,https://imgcdn.mckesson.com/CumulusWeb/Images/Item_Detail/1123832.jpg,,https://mms.mckesson.com/product/1123832/McKesson-Brand-UW33844
1123834,Absorbent Underwear McKesson Super Underwear Pull On with Tear Away Seams Adult X-Large Unisex Disposable Moderate Absorbency,,McKesson Brand,UW33846,"Underwear, Disposable Incontinence Brief",$6.33 ,,"In Stock (Get it Tomorrow, Oct 1)",BG/14,,,https://imgcdn.mckesson.com/CumulusWeb/Images/Item_Detail/1123834.jpg,,https://mms.mckesson.com/product/1123834/McKesson-Brand-UW33846
1243752,Absorbent Underwear Prevail® Per-Fit® Extra Pull On with Tear Away Seams Adult X-Large Unisex Disposable Heavy Absorbency,,,,"Protective Underwear, Incontinence",$12.11 ,,"In Stock (Get it Tomorrow, Oct 1)",PK/20,,,https://imgcdn.mckesson.com/CumulusWeb/Images/Item_Detail/1243752_pkgfront.jpg,,https://mms.mckesson.com/product/1243752/First-Quality-Products-LLC-PF-5141
342308,Incontinence Brief Tranquility® Slimline® Adult X-Large Unisex Disposable Heavy Absorbency,,Principle Business Enterprises,2134,Disposable Incontinence Briefs,$11.65 ,,"In Stock (Get it Tomorrow, Oct 1)",PK/12,,,https://imgcdn.mckesson.com/CumulusWeb/Images/Item_Detail/342308_pkgright.jpg,,https://mms.mckesson.com/product/342308/Principle-Business-Enterprises-2134
771656,Absorbent Underwear Attends® Care Pull On with Tear Away Seams Adult Medium Unisex Disposable Heavy Absorbency,,Attends Healthcare Products,APV20,"Underwear, Disposable Incontinence Brief",$10.90 ,,"In Stock (Get it Tomorrow, Oct 1)",BG/20,,,https://imgcdn.mckesson.com/CumulusWeb/Images/Item_Detail/771656_ppkgleft_.jpg,,https://mms.mckesson.com/product/771656/Attends-Healthcare-Products-APV20
771657,Absorbent Underwear Attends® Care Pull On with Tear Away Seams Adult Large Unisex Disposable Heavy Absorbency,,Attends Healthcare Products,APV30,"Underwear, Disposable Incontinence Brief",$10.90 ,,"In Stock (Get it Tomorrow, Oct 1)",BG/18,,,https://imgcdn.mckesson.com/CumulusWeb/Images/Item_Detail/771657_ppkgleft_.jpg,,https://mms.mckesson.com/product/771657/Attends-Healthcare-Products-APV30
771658,Absorbent Underwear Attends® Care Pull On with Tear Away Seams Adult X-Large Unisex Disposable Heavy Absorbency,,Attends Healthcare Products,APV40,"Underwear, Disposable Incontinence Brief",$10.90 ,,"In Stock (Get it Tomorrow, Oct 1)",BG/14,,,https://imgcdn.mckesson.com/CumulusWeb/Images/Item_Detail/771658_ppkgleft_.jpg,,https://mms.mckesson.com/product/771658/Attends-Healthcare-Products-APV40
950224,Incontinence Brief Attends® Advanced Adult Regular Unisex Disposable Heavy Absorbency,,Attends Healthcare Products,DDC25,Disposable Incontinence Briefs,$10.98 ,,"In Stock (Get it Tomorrow, Oct 1)",BG/20,,,https://imgcdn.mckesson.com/CumulusWeb/Images/Item_Detail/950224_ppkgleft_.jpg,,https://mms.mckesson.com/product/950224/Attends-Healthcare-Products-DDC25
801662,Incontinence Brief Tranquility SmartCore™ Adult Large Unisex Disposable Heavy Absorbency,,Principle Business Enterprises,2313,Disposable Incontinence Briefs,$10.25 ,,"In Stock (Get it Tomorrow, Oct 1)",PK/12,,,https://imgcdn.mckesson.com/CumulusWeb/Images/Item_Detail/801662_pkgright.jpg,,https://mms.mckesson.com/product/801662/Principle-Business-Enterprises-2313
1287198,Incontinence Brief TENA® ProSkin™ Plus Adult Small Unisex Disposable Moderate Absorbency,,Essity HMS North America Inc,101707,Disposable Incontinence Briefs,$10.26 ,,"In Stock (Get it Tomorrow, Oct 1)",BG/20,,,https://imgcdn.mckesson.com/CumulusWeb/Images/Item_Detail/1287198_ppkgfront_.jpg,,https://mms.mckesson.com/product/1287198/Essity-HMS-North-America-Inc-101707
1163841,Absorbent Underwear Seni® Active Classic Plus Pull On with Tear Away Seams Adult X-Large Unisex Disposable Moderate Absorbency,,TZMO USA Inc,S-XL14-AC2,"Underwear, Disposable Incontinence Brief",$10.26 ,,"In Stock (Get it Tomorrow, Oct 1)",PK/14,,,https://imgcdn.mckesson.com/CumulusWeb/Images/Item_Detail/1163841_pkgfront_.jpg,,https://mms.mckesson.com/product/1163841/TZMO-USA-Inc-S-XL14-AC2
950227,Incontinence Brief Attends® Bariatric Adult 2X-Large Unisex Disposable Heavy Absorbency,,Attends Healthcare Products,DD50,Disposable Incontinence Briefs,$10.29 ,,"In Stock (Get it Tomorrow, Oct 1)",BG/12,,,https://imgcdn.mckesson.com/CumulusWeb/Images/Item_Detail/950227_ppkgleft_.jpg,,https://mms.mckesson.com/product/950227/Attends-Healthcare-Products-DD50
1287201,Incontinence Brief TENA® ProSkin™ Ultra Adult Medium Unisex Disposable Heavy Absorbency,,Essity HMS North America Inc,67520,Disposable Incontinence Briefs,$10.29 ,,"In Stock (Get it Tomorrow, Oct 1)",BG/20,,,https://imgcdn.mckesson.com/CumulusWeb/Images/Item_Detail/1287201_front.jpg,,https://mms.mckesson.com/product/1287201/Essity-HMS-North-America-Inc-67520
1243750,Absorbent Underwear Prevail® Per-Fit® Extra Pull On with Tear Away Seams Adult Small Unisex Disposable Heavy Absorbency,,First Quality Products LLC,PF-511,"Protective Underwear, Incontinence",$8.48 ,,"In Stock (Get it Tomorrow, Oct 1)",PK/20,,,https://imgcdn.mckesson.com/CumulusWeb/Images/Item_Detail/1243750_pkgfront_.jpg,,https://mms.mckesson.com/product/1243750/First-Quality-Products-LLC-PF-511
1245726,Incontinence Brief TENA Dry Comfort™ Adult X-Large Unisex Disposable Moderate Absorbency,,Essity HMS North America Inc,67440,Disposable Incontinence Briefs,$9.61 ,,"In Stock (Get it Tomorrow, Oct 1)",PK/20,,,https://imgcdn.mckesson.com/CumulusWeb/Images/Item_Detail/1245726_pkgfront.jpg,,https://mms.mckesson.com/product/1245726/Essity-HMS-North-America-Inc-67440
1283336,Incontinence Brief TENA Stretch™ Plus Adult Medium / Regular Unisex Disposable Moderate Absorbency,,Essity HMS North America Inc,67660,Disposable Incontinence Briefs,$9.62 ,,"In Stock (Get it Tomorrow, Oct 1)",BG/20,,,https://imgcdn.mckesson.com/CumulusWeb/Images/Item_Detail/1283336_front.jpg,,https://mms.mckesson.com/product/1283336/Essity-HMS-North-America-Inc-67660
959416,Absorbent Underwear TENA® Classic Pull On with Tear Away Seams Adult Large Unisex Disposable Moderate Absorbency,,Essity HMS North America Inc,72514,"Underwear, Disposable Incontinence Brief",$9.63 ,,"In Stock (Get it Tomorrow, Oct 1)",PK/18,,,https://imgcdn.mckesson.com/CumulusWeb/Images/Item_Detail/959416_ppkgfront.jpg,,https://mms.mckesson.com/product/959416/Essity-HMS-North-America-Inc-72514
959415,Absorbent Underwear TENA® Classic Pull On with Tear Away Seams Adult Medium Unisex Disposable Moderate Absorbency,,Essity HMS North America Inc,72513,"Underwear, Disposable Incontinence Brief",$9.63 ,,"In Stock (Get it Tomorrow, Oct 1)",PK/20,,,https://imgcdn.mckesson.com/CumulusWeb/Images/Item_Detail/959415_ppkgfront.jpg,,https://mms.mckesson.com/product/959415/Essity-HMS-North-America-Inc-72513
959417,Absorbent Underwear TENA® Classic Pull On with Tear Away Seams Adult X-Large Unisex Disposable Moderate Absorbency,,Essity HMS North America Inc,72516,"Underwear, Disposable Incontinence Brief",$9.63 ,,"In Stock (Get it Tomorrow, Oct 1)",PK/14,,,https://imgcdn.mckesson.com/CumulusWeb/Images/Item_Detail/959417_ppkgfront.jpg,,https://mms.mckesson.com/product/959417/Essity-HMS-North-America-Inc-72516
1227003,Incontinence Brief Prevail® Per-Fit 360°™ Adult Size 2 Unisex Disposable Heavy Absorbency,,,,Disposable Incontinence Briefs,$8.78 ,,"In Stock (Get it Tomorrow, Oct 1)",PK/18,,,https://imgcdn.mckesson.com/CumulusWeb/Images/Item_Detail/1227003_pkgfront_.jpg,,https://mms.mckesson.com/product/1227003/First-Quality-Products-LLC-PFNG-0131
1227004,Incontinence Brief Prevail® Per-Fit 360°™ Adult Size 3 Unisex Disposable Heavy Absorbency,,,,Disposable Incontinence Briefs,$8.78 ,,"In Stock (Get it Tomorrow, Oct 1)",PK/15,,,https://imgcdn.mckesson.com/CumulusWeb/Images/Item_Detail/1227004_pkgfront_.jpg,,https://mms.mckesson.com/product/1227004/First-Quality-Products-LLC-PFNG-0141
554691,Incontinence Brief Prevail® Per-Fit® Maximum Plus Adult Large Unisex Disposable Heavy Absorbency,,,,Disposable Incontinence Briefs,$8.78 ,,"In Stock (Get it Tomorrow, Oct 1)",PK/18,,,https://imgcdn.mckesson.com/CumulusWeb/Images/Item_Detail/554691_pkgfront_.jpg,,https://mms.mckesson.com/product/554691/First-Quality-Products-LLC-PF-0131
456884,Incontinence Brief Prevail® Per-Fit® Maximum Plus Adult X-Large Unisex Disposable Heavy Absorbency,,,,Disposable Incontinence Briefs,$8.78 ,,"In Stock (Get it Tomorrow, Oct 1)",BG/15,,,https://imgcdn.mckesson.com/CumulusWeb/Images/Item_Detail/456884_pkgfront_.jpg,,https://mms.mckesson.com/product/456884/First-Quality-Products-LLC-PF-0141
1234415,Incontinence Brief Prevail® Per-Fit® Maximum Plus Adult Medium Unisex Disposable Heavy Absorbency,,,,Disposable Incontinence Briefs,$8.78 ,,"In Stock (Get it Tomorrow, Oct 1)",PK/20,,,https://imgcdn.mckesson.com/CumulusWeb/Images/Item_Detail/1234415_pkgfront_.jpg,,https://mms.mckesson.com/product/1234415/First-Quality-Products-LLC-PF-0122
546743,Absorbent Underwear Attends® Pull On with Tear Away Seams Adult Small Unisex Disposable Heavy Absorbency,,Attends Healthcare Products,APP0710,"Underwear, Disposable Incontinence Brief",$8.78 ,,"In Stock (Get it Tomorrow, Oct 1)",BG/20,,,https://imgcdn.mckesson.com/CumulusWeb/Images/Item_Detail/546743_ppkgleft_.jpg,,https://mms.mckesson.com/product/546743/Attends-Healthcare-Products-APP0710
527654,Incontinence Brief Prevail® Per-Fit® Maximum Plus Adult Regular Unisex Disposable Heavy Absorbency,,,,Disposable Incontinence Briefs,$8.78 ,,"In Stock (Get it Tomorrow, Oct 1)",BG/20,,,https://imgcdn.mckesson.com/CumulusWeb/Images/Item_Detail/527654_pkgfront_.jpg,,https://mms.mckesson.com/product/527654/First-Quality-Products-LLC-PF-0161
1234412,Incontinence Brief Prevail® Per-Fit 360°™ Adult Size 1 Unisex Disposable Heavy Absorbency,,,,"Adlt Diapers/Briefs Disposable, Adlt Dia",$8.79 ,,"In Stock (Get it Tomorrow, Oct 1)",PK/20,,,https://imgcdn.mckesson.com/CumulusWeb/Images/Item_Detail/1234412_pkgfront_.jpg,,https://mms.mckesson.com/product/1234412/First-Quality-Products-LLC-PFNG-0122
1245725,Incontinence Brief TENA Dry Comfort™ Adult Large Unisex Disposable Moderate Absorbency,,Essity HMS North America Inc,67430,Disposable Incontinence Briefs,$8.15 ,,"In Stock (Get it Tomorrow, Oct 1)",PK/20,,,https://imgcdn.mckesson.com/CumulusWeb/Images/Item_Detail/1245725_pkgfront.jpg,,https://mms.mckesson.com/product/1245725/Essity-HMS-North-America-Inc-67430
832021,Incontinence Brief Prevail® Nu-Fit® Adult 2X-Large Unisex Disposable Heavy Absorbency,,First Quality Products LLC,CRB-017,Disposable Incontinence Briefs,$8.17 ,,"In Stock (Get it Tomorrow, Oct 1)",BG/12,,,https://imgcdn.mckesson.com/CumulusWeb/Images/Item_Detail/832021_pkgfront.jpg,,https://mms.mckesson.com/product/832021/First-Quality-Products-LLC-CRB-017
1243824,Incontinence Brief TENA Complete + Care Ultra™ Adult Medium Unisex Disposable Moderate Absorbency,,Essity HMS North America Inc,67450,Disposable Incontinence Briefs,$7.46 ,,"In Stock (Get it Tomorrow, Oct 1)",PK/20,,,https://imgcdn.mckesson.com/CumulusWeb/Images/Item_Detail/1243824_pkgfront.jpg,,https://mms.mckesson.com/product/1243824/Essity-HMS-North-America-Inc-67450
801660,Incontinence Brief Tranquility SmartCore™ Adult Small Unisex Disposable Heavy Absorbency,,Principle Business Enterprises,2311,Disposable Incontinence Briefs,$6.74 ,,"In Stock (Get it Tomorrow, Oct 1)",PK/10,,,https://imgcdn.mckesson.com/CumulusWeb/Images/Item_Detail/801660_pkgright.jpg,,https://mms.mckesson.com/product/801660/Principle-Business-Enterprises-2311
1179008,Bladder Control Pad TENA Sensitive Care™ Extra Coverage 9 Inch Length Light Absorbency Dry-Fast Core™ One Size Fits Most,,Essity HMS North America Inc,54291,"Adlt Diapers/Briefs Disposable, Adlt Dia",$6.75 ,,"In Stock (Get it Tomorrow, Oct 1)",BG/50,,,https://imgcdn.mckesson.com/CumulusWeb/Images/Item_Detail/1179008_pkgfront_.jpg,,https://mms.mckesson.com/product/1179008/Essity-HMS-North-America-Inc-54291
409346,Absorbent Underwear Sure Care™ Plus Pull On with Tear Away Seams Adult Large Unisex Disposable Heavy Absorbency,,Cardinal,1615A,"Underwear, Disposable Incontinence Brief",$7.75 ,,"In Stock (Get it Tomorrow, Oct 1)",BG/18,,,https://imgcdn.mckesson.com/CumulusWeb/Images/Item_Detail/409346_pkgfront.jpg,,https://mms.mckesson.com/product/409346/Cardinal-1615A
409347,Absorbent Underwear Sure Care™ Plus Pull On with Tear Away Seams Adult Small / Medium Unisex Disposable Heavy Absorbency,,Cardinal,1605,"Underwear, Disposable Incontinence Brief",$7.75 ,,"In Stock (Get it Tomorrow, Oct 1)",BG/20,,,https://imgcdn.mckesson.com/CumulusWeb/Images/Item_Detail/409347_pkgfront.jpg,,https://mms.mckesson.com/product/409347/Cardinal-1605
439577,Absorbent Underwear Sure Care™ Plus Pull On with Tear Away Seams Adult X-Large Unisex Disposable Heavy Absorbency,,Cardinal,1625,"Underwear, Disposable Incontinence Brief",$7.75 ,,"In Stock (Get it Tomorrow, Oct 1)",BG/14,,,https://imgcdn.mckesson.com/CumulusWeb/Images/Item_Detail/439577_pkgfront.jpg,,https://mms.mckesson.com/product/439577/Cardinal-1625
445129,Incontinence Brief Tranquility® ATN Adult X-Small Unisex Disposable Heavy Absorbency,,Principle Business Enterprises,2183,Disposable Incontinence Briefs,$6.04 ,,"In Stock (Get it Tomorrow, Oct 1)",PK/10,,,https://imgcdn.mckesson.com/CumulusWeb/Images/Item_Detail/445129_pkgright.jpg,,https://mms.mckesson.com/product/445129/Principle-Business-Enterprises-2183
884177,Absorbent Underwear McKesson Classic Underwear Pull On with Tear Away Seams Adult Medium Unisex Disposable Light Absorbency,,McKesson Brand,UWEMD,"Underwear, Disposable Incontinence Brief",$6.36 ,,"In Stock (Get it Tomorrow, Oct 1)",BG/1,,,https://imgcdn.mckesson.com/CumulusWeb/Images/Item_Detail/884177.jpg,,https://mms.mckesson.com/product/884177/McKesson-Brand-UWEMD
884176,Absorbent Underwear McKesson Classic Underwear Pull On with Tear Away Seams Adult Large Unisex Disposable Light Absorbency,,McKesson Brand,UWELG,"Underwear, Disposable Incontinence Brief",$6.36 ,,"In Stock (Get it Tomorrow, Oct 1)",BG/1,,,https://imgcdn.mckesson.com/CumulusWeb/Images/Item_Detail/884176.jpg,,https://mms.mckesson.com/product/884176/McKesson-Brand-UWELG
884178,Absorbent Underwear McKesson Classic Underwear Pull On with Tear Away Seams Adult X-Large Unisex Disposable Light Absorbency,,McKesson Brand,UWEXL,"Underwear, Disposable Incontinence Brief",$6.36 ,,"In Stock (Get it Tomorrow, Oct 1)",BG/1,,,https://imgcdn.mckesson.com/CumulusWeb/Images/Item_Detail/884178.jpg,,https://mms.mckesson.com/product/884178/McKesson-Brand-UWEXL
1188953,Incontinence Brief Tranquility® Essential Adult Small Unisex Disposable Heavy Absorbency,,Principle Business Enterprises,2744,Disposable Incontinence Briefs,$5.37 ,,"In Stock (Get it Tomorrow, Oct 1)",BG/10,,,https://imgcdn.mckesson.com/CumulusWeb/Images/Item_Detail/1188953_pkgright.jpg,,https://mms.mckesson.com/product/1188953/Principle-Business-Enterprises-2744
1263961,Absorbent Underwear Prevail® Nu-Fit® Pull On with Tear Away Seams Adult X-Large Unisex Disposable Heavy Absorbency,,First Quality Products LLC,NUU-514,"Protective Underwear, Incontinence",$10.81 ,,"In Stock (Get it Tomorrow, Oct 1)",PK/20,,,https://imgcdn.mckesson.com/CumulusWeb/Images/Item_Detail/1263961_pkgfront.jpg,,https://mms.mckesson.com/product/1263961/First-Quality-Products-LLC-NUU-514
1243751,Absorbent Underwear Prevail® Per-Fit® Extra Pull On with Tear Away Seams Adult Large Unisex Disposable Heavy Absorbency,,,,"Protective Underwear, Incontinence",$9.44 ,,"In Stock (Get it Tomorrow, Oct 1)",PK/20,,,https://imgcdn.mckesson.com/CumulusWeb/Images/Item_Detail/1243751_pkgfront_.jpg,,https://mms.mckesson.com/product/1243751/First-Quality-Products-LLC-PF-5131
653235,Incontinence Brief Prevail® Bariatric Adult Bariatric Size A Unisex Disposable Heavy Absorbency,,First Quality Products LLC,PV-017,Disposable Incontinence Briefs,$9.69 ,,"In Stock (Get it Tomorrow, Oct 1)",BG/12,,,,,https://mms.mckesson.com/product/653235/First-Quality-Products-LLC-PV-017
554688,Incontinence Brief Prevail® Breezers® Adult Large Unisex Disposable Heavy Absorbency,,,,Disposable Incontinence Briefs,$9.69 ,,"In Stock (Get it Tomorrow, Oct 1)",PK/18,,,https://imgcdn.mckesson.com/CumulusWeb/Images/Item_Detail/554688_pkgfront.jpg,,https://mms.mckesson.com/product/554688/First-Quality-Products-LLC-PVB-0132
1234416,Incontinence Brief Prevail® Breezers® Adult Medium Unisex Disposable Heavy Absorbency,,,,Disposable Incontinence Briefs,$9.69 ,,"In Stock (Get it Tomorrow, Oct 1)",PK/20,,,https://imgcdn.mckesson.com/CumulusWeb/Images/Item_Detail/1234416_pkgfront.jpg,,https://mms.mckesson.com/product/1234416/First-Quality-Products-LLC-PVB-0123
527367,Incontinence Brief Prevail® Breezers® Adult Regular Unisex Disposable Heavy Absorbency,,,,Disposable Incontinence Briefs,$9.69 ,,"In Stock (Get it Tomorrow, Oct 1)",BG/20,,,https://imgcdn.mckesson.com/CumulusWeb/Images/Item_Detail/527367_pkgfront.jpg,,https://mms.mckesson.com/product/527367/First-Quality-Products-LLC-PVB-0161
1189992,Absorbent Underwear Prevail® Overnight Pull On with Tear Away Seams Adult Small / Medium Unisex Disposable Heavy Absorbency,,First Quality Products LLC,PVX-512,"Underwear, Disposable Incontinence Brief",$8.93 ,,"In Stock (Get it Tomorrow, Oct 1)",PK/16,,,https://imgcdn.mckesson.com/CumulusWeb/Images/Item_Detail/1189992_pkgfront_.jpg,,https://mms.mckesson.com/product/1189992/First-Quality-Products-LLC-PVX-512
1189993,Absorbent Underwear Prevail® Overnight Pull On with Tear Away Seams Adult Large Unisex Disposable Heavy Absorbency,,First Quality Products LLC,PVX-513,"Underwear, Disposable Incontinence Brief",$8.93 ,,"In Stock (Get it Tomorrow, Oct 1)",PK/14,,,https://imgcdn.mckesson.com/CumulusWeb/Images/Item_Detail/1189993_pkgfront_.jpg,,https://mms.mckesson.com/product/1189993/First-Quality-Products-LLC-PVX-513
1189997,Absorbent Underwear Prevail® Overnight Pull On with Tear Away Seams Adult X-Large Unisex Disposable Heavy Absorbency,,First Quality Products LLC,PVX-514,"Underwear, Disposable Incontinence Brief",$8.93 ,,"In Stock (Get it Tomorrow, Oct 1)",PK/12,,,https://imgcdn.mckesson.com/CumulusWeb/Images/Item_Detail/1189997_pkgfront.jpg,,https://mms.mckesson.com/product/1189997/First-Quality-Products-LLC-PVX-514
1183653,Incontinence Brief Prevail® Air™ Adult Size 2 / Large Unisex Disposable Heavy Absorbency,,First Quality Products LLC,PVBNG-013CA,Disposable Incontinence Briefs,$9.08 ,,"In Stock (Get it Tomorrow, Oct 1)",BG/18,,,https://imgcdn.mckesson.com/CumulusWeb/Images/Item_Detail/1183653_pkgfront_.jpg,,https://mms.mckesson.com/product/1183653/First-Quality-Products-LLC-PVBNG-013CA
1183654,Incontinence Brief Prevail® Air™ Adult Size 3 / X-Large Unisex Disposable Heavy Absorbency,,First Quality Products LLC,PVBNG-014CA,Disposable Incontinence Briefs,$9.08 ,,"In Stock (Get it Tomorrow, Oct 1)",BG/15,,,https://imgcdn.mckesson.com/CumulusWeb/Images/Item_Detail/1183654_pkgfront_.jpg,,https://mms.mckesson.com/product/1183654/First-Quality-Products-LLC-PVBNG-014CA
1234063,Incontinence Brief Prevail® Air™ Adult Size 1 / Medium Unisex Disposable Heavy Absorbency,,,,Disposable Incontinence Briefs,$9.08 ,,"In Stock (Get it Tomorrow, Oct 1)",PK/20,,,https://imgcdn.mckesson.com/CumulusWeb/Images/Item_Detail/1234063_pkgfront.jpg,,https://mms.mckesson.com/product/1234063/First-Quality-Products-LLC-PVBNG-012CA1
960583,Incontinence Brief Wings™ Super Quilted Adult Medium Unisex Disposable Heavy Absorbency,,Cardinal,87083,Disposable Incontinence Briefs,$5.13 ,,"In Stock (Get it Tomorrow, Oct 1)",BG/12,,,https://imgcdn.mckesson.com/CumulusWeb/Images/Item_Detail/960583_pkgleft.jpg,,https://mms.mckesson.com/product/960583/Cardinal-87083
409934,Incontinence Belted Undergarment Prevail® Belted Shields Belted Adult One Size Fits Most Unisex Disposable Light Absorbency,,First Quality Products LLC,PV-324,"Underwear, Protective, Incontinence",$10.29 ,,"In Stock (Get it Tomorrow, Oct 1)",BG/30,,,https://imgcdn.mckesson.com/CumulusWeb/Images/Item_Detail/409934_pkgfront.jpg,,https://mms.mckesson.com/product/409934/First-Quality-Products-LLC-PV-324
959413,Absorbent Underwear TENA® Dry Comfort™ Pull On with Tear Away Seams Adult Large Unisex Disposable Moderate Absorbency,,Essity HMS North America Inc,72423,"Underwear, Disposable Incontinence Brief",$8.39 ,,"In Stock (Get it Tomorrow, Oct 1)",PK/18,,,https://imgcdn.mckesson.com/CumulusWeb/Images/Item_Detail/959413_ppkgfront.jpg,,https://mms.mckesson.com/product/959413/Essity-HMS-North-America-Inc-72423
959412,Absorbent Underwear TENA® Dry Comfort™ Pull On with Tear Away Seams Adult Medium Unisex Disposable Moderate Absorbency,,Essity HMS North America Inc,72422,"Underwear, Disposable Incontinence Brief",$8.39 ,,"In Stock (Get it Tomorrow, Oct 1)",PK/20,,,https://imgcdn.mckesson.com/CumulusWeb/Images/Item_Detail/959412_ppkgfront.jpg,,https://mms.mckesson.com/product/959412/Essity-HMS-North-America-Inc-72422
959414,Absorbent Underwear TENA® Dry Comfort™ Pull On with Tear Away Seams Adult X-Large Unisex Disposable Moderate Absorbency,,Essity HMS North America Inc,72424,"Underwear, Disposable Incontinence Brief",$8.39 ,,"In Stock (Get it Tomorrow, Oct 1)",PK/14,,,https://imgcdn.mckesson.com/CumulusWeb/Images/Item_Detail/959414_ppkgfront.jpg,,https://mms.mckesson.com/product/959414/Essity-HMS-North-America-Inc-72424
1198169,Incontinence Brief Tranquility® Essential Adult X-Large Unisex Disposable Heavy Absorbency,,Principle Business Enterprises,2747,Disposable Incontinence Briefs,$7.79 ,,"In Stock (Get it Tomorrow, Oct 1)",BG/8,,,https://imgcdn.mckesson.com/CumulusWeb/Images/Item_Detail/1198169_pkgright.jpg,,https://mms.mckesson.com/product/1198169/Principle-Business-Enterprises-2747
780087,Incontinence Brief Wings™ Extra Quilted Adult Large Unisex Disposable Moderate Absorbency,,Cardinal,65034R,Disposable Incontinence Briefs,$3.84 ,,"In Stock (Get it Tomorrow, Oct 1)",BG/10,,,https://imgcdn.mckesson.com/CumulusWeb/Images/Item_Detail/780087_pkgfront.jpg,,https://mms.mckesson.com/product/780087/Cardinal-65034R
1263981,Absorbent Underwear Prevail® Nu-Fit® Pull On with Tear Away Seams Adult Large Unisex Disposable Heavy Absorbency,,First Quality Products LLC,NUU-513,"Protective Underwear, Incontinence",$8.40 ,,"In Stock (Get it Tomorrow, Oct 1)",PK/20,,,https://imgcdn.mckesson.com/CumulusWeb/Images/Item_Detail/1263981_pkgfront.jpg,,https://mms.mckesson.com/product/1263981/First-Quality-Products-LLC-NUU-513
1263980,Absorbent Underwear Prevail® Nu-Fit® Pull On with Tear Away Seams Adult Medium Unisex Disposable Heavy Absorbency,,First Quality Products LLC,NUU-512,"Protective Underwear, Incontinence",$7.57 ,,"In Stock (Get it Tomorrow, Oct 1)",PK/20,,,https://imgcdn.mckesson.com/CumulusWeb/Images/Item_Detail/1263980_pkgfront.jpg,,https://mms.mckesson.com/product/1263980/First-Quality-Products-LLC-NUU-512
406420,Incontinence Brief Tranquility® Slimline® Adult Small Unisex Disposable Heavy Absorbency,,Principle Business Enterprises,2120,Disposable Incontinence Briefs,$5.09 ,,"In Stock (Get it Tomorrow, Oct 1)",PK/10,,,https://imgcdn.mckesson.com/CumulusWeb/Images/Item_Detail/406420_pkgright2.jpg,,https://mms.mckesson.com/product/406420/Principle-Business-Enterprises-2120
417011,Incontinence Brief Tranquility® Slimline® Adult X-Small Unisex Disposable Heavy Absorbency,,Principle Business Enterprises,2166,Disposable Incontinence Briefs,$5.09 ,,"In Stock (Get it Tomorrow, Oct 1)",BG/10,,,https://imgcdn.mckesson.com/CumulusWeb/Images/Item_Detail/417011_pkgright2.jpg,,https://mms.mckesson.com/product/417011/Principle-Business-Enterprises-2166
780352,Incontinence Brief Wings™ Extra Quilted Adult Medium Unisex Disposable Moderate Absorbency,,Cardinal,65033,Disposable Incontinence Briefs,$3.23 ,,"In Stock (Get it Tomorrow, Oct 1)",BG/10,,,https://imgcdn.mckesson.com/CumulusWeb/Images/Item_Detail/780352_pkgfront.jpg,,https://mms.mckesson.com/product/780352/Cardinal-65033
1056477,Incontinence Brief MoliCare® Slip Maxi Adult Medium Unisex Disposable Heavy Absorbency,,Medline,PHT165532,Disposable Incontinence Briefs,$31.28 ,,Limited quantities available,BG/14,,,https://imgcdn.mckesson.com/CumulusWeb/Images/Item_Detail/1056477_pkgleft.jpg,,https://mms.mckesson.com/product/1056477/Medline-PHT165532
1107771,Absorbent Underwear Abri-Flex™ XXL Pull On with Tear Away Seams Adult 2X-Large Male Disposable Moderate Absorbency,,Abena North America,300517,"Underwear, Disposable Incontinence Brief",$25.96 ,,Limited quantities available,BG/12,,,https://imgcdn.mckesson.com/CumulusWeb/Images/Item_Detail/1107771_front1.jpg,,https://mms.mckesson.com/product/1107771/Abena-North-America-300517
881364,Absorbent Underwear MoliCare® Premium Mobile 6D Pull On with Tear Away Seams Adult Small Unisex Disposable Moderate Absorbency,,Hartmann,915831,"Underwear, Disposable Incontinence Brief",$13.52 ,,Limited quantities available,BG/14,,,https://imgcdn.mckesson.com/CumulusWeb/Images/Item_Detail/881364_ppkgfront.jpg,,https://mms.mckesson.com/product/881364/Hartmann-915831
684047,Incontinence Brief Wings™ Plus Adult Small Unisex Disposable Heavy Absorbency,,Cardinal,60032,Disposable Incontinence Briefs,$5.24 ,,Limited quantities available,PK/12,,,https://imgcdn.mckesson.com/CumulusWeb/Images/Item_Detail/684047.jpg,,https://mms.mckesson.com/product/684047/Cardinal-60032
365229,Incontinence Brief Wings™ Plus Adult Medium Unisex Disposable Heavy Absorbency,,Cardinal,60033,Disposable Incontinence Briefs,$5.37 ,,Limited quantities available,BG/12,,,https://imgcdn.mckesson.com/CumulusWeb/Images/Item_Detail/365229_ppkgleft.jpg,,https://mms.mckesson.com/product/365229/Cardinal-60033
1214301,Incontinence Brief Wings™ Plus Adult Size 1 Unisex Disposable Heavy Absorbency,,Cardinal,66063S,Disposable Incontinence Briefs,$4.06 ,,Limited quantities available,BG/24,,,https://imgcdn.mckesson.com/CumulusWeb/Images/Item_Detail/1214301_pkgfront_.jpg,,https://mms.mckesson.com/product/1214301/Cardinal-66063S
1128077,Absorbent Underwear Attends® Premier Pull On with Tear Away Seams Adult Large Unisex Disposable Heavy Absorbency,,Attends Healthcare Products,ALI-UW30,"Underwear, Disposable Incontinence Brief",$13.62 ,,Limited quantities available,BG/16,,,https://imgcdn.mckesson.com/CumulusWeb/Images/Item_Detail/1128077_ppkgleft.jpg,,https://mms.mckesson.com/product/1128077/Attends-Healthcare-Products-ALI-UW30
864857,Incontinence Brief Wings™ Ultra Adult X-Large Unisex Disposable Heavy Absorbency,,Cardinal,63075A,Disposable Incontinence Briefs,$7.60 ,,Limited quantities available,BG/15,,,https://imgcdn.mckesson.com/CumulusWeb/Images/Item_Detail/864857.jpg,,https://mms.mckesson.com/product/864857/Cardinal-63075A
1212209,Incontinence Brief Wings™ Plus Adult Size 2 Unisex Disposable Heavy Absorbency,,Cardinal,66064S,Disposable Incontinence Briefs,$4.35 ,,Limited quantities available,BG/24,,,https://imgcdn.mckesson.com/CumulusWeb/Images/Item_Detail/1212209_pkgfront.jpg,,https://mms.mckesson.com/product/1212209/Cardinal-66064S
208638,Incontinence Liner Simplicity™ 4-1/2 X 14 Inch Moderate Absorbency Polymer Core One Size Fits Most,,Cardinal,1530,"Pads, Incontinence",$5.17 ,,Limited quantities available,BG/1,,,https://imgcdn.mckesson.com/CumulusWeb/Images/Item_Detail/208638_pkgfront.jpg,,https://mms.mckesson.com/product/208638/Cardinal-1530
874623,Incontinence Brief Wings™ Plus Adult X-Large Unisex Disposable Heavy Absorbency,,Cardinal,60035,Disposable Incontinence Briefs,$0.55 ,,Limited quantities available,EA/1,,,https://imgcdn.mckesson.com/CumulusWeb/Images/Item_Detail/874623_pkgleft.jpg,,https://mms.mckesson.com/product/874623/Cardinal-60035
,,,,,,,,,,,,,,
,,,,,,,,,,,,,,
,,,,,,,,,,,,,,
,,,,,,,,,,,,,,
,,,,,,,,,,,,,,
,,,,,,,,,,,,,,
,,,,,,,,,,,,,,
,,,,,,,,,,,,,,
,,,,,,,,,,,,,,
,,,,,,,,,,,,,,
,,,,,,,,,,,,,,
,,,,,,,,,,,,,,
,,,,,,,,,,,,,,
,,,,,,,,,,,,,,
,,,,,,,,,,,,,,
,,,,,,,,,,,,,,
,,,,,,,,,,,,,,
,,,,,,,,,,,,,,
,,,,,,,,,,,,,,
,,,,,,,,,,,,,,
,,,,,,,,,,,,,,
,,,,,,,,,,,,,,
,,,,,,,,,,,,,,
,,,,,,,,,,,,,,
,,,,,,,,,,,,,,
,,,,,,,,,,,,,,
,,,,,,,,,,,,,,
,,,,,,,,,,,,,,
,,,,,,,,,,,,,,
,,,,,,,,,,,,,,
,,,,,,,,,,,,,,
,,,,,,,,,,,,,,
,,,,,,,,,,,,,,
,,,,,,,,,,,,,,
,,,,,,,,,,,,,,
,,,,,,,,,,,,,,
,,,,,,,,,,,,,,
,,,,,,,,,,,,,,
,,,,,,,,,,,,,,
,,,,,,,,,,,,,,
,,,,,,,,,,,,,,
,,,,,,,,,,,,,,
,,,,,,,,,,,,,,
,,,,,,,,,,,,,,
,,,,,,,,,,,,,,
,,,,,,,,,,,,,,
,,,,,,,,,,,,,,
,,,,,,,,,,,,,,
,,,,,,,,,,,,,,
,,,,,,,,,,,,,,
,,,,,,,,,,,,,,
,,,,,,,,,,,,,,
,,,,,,,,,,,,,,
,,,,,,,,,,,,,,
,,,,,,,,,,,,,,
,,,,,,,,,,,,,,
,,,,,,,,,,,,,,
,,,,,,,,,,,,,,
,,,,,,,,,,,,,,
,,,,,,,,,,,,,,
,,,,,,,,,,,,,,
,,,,,,,,,,,,,,
,,,,,,,,,,,,,,
,,,,,,,,,,,,,,
,,,,,,,,,,,,,,
,,,,,,,,,,,,,,
,,,,,,,,,,,,,,
,,,,,,,,,,,,,,
,,,,,,,,,,,,,,
,,,,,,,,,,,,,,
,,,,,,,,,,,,,,
,,,,,,,,,,,,,,
,,,,,,,,,,,,,,
,,,,,,,,,,,,,,
,,,,,,,,,,,,,,
,,,,,,,,,,,,,,
,,,,,,,,,,,,,,
,,,,,,,,,,,,,,
,,,,,,,,,,,,,,
,,,,,,,,,,,,,,
,,,,,,,,,,,,,,
,,,,,,,,,,,,,,
,,,,,,,,,,,,,,
,,,,,,,,,,,,,,
,,,,,,,,,,,,,,
,,,,,,,,,,,,,,
,,,,,,,,,,,,,,
,,,,,,,,,,,,,,
,,,,,,,,,,,,,,
,,,,,,,,,,,,,,
,,,,,,,,,,,,,,
,,,,,,,,,,,,,,
,,,,,,,,,,,,,,
,,,,,,,,,,,,,,
,,,,,,,,,,,,,,
,,,,,,,,,,,,,,
,,,,,,,,,,,,,,
,,,,,,,,,,,,,,
,,,,,,,,,,,,,,
,,,,,,,,,,,,,,
,,,,,,,,,,,,,,
,,,,,,,,,,,,,,
,,,,,,,,,,,,,,
,,,,,,,,,,,,,,
,,,,,,,,,,,,,,
,,,,,,,,,,,,,,
,,,,,,,,,,,,,,
,,,,,,,,,,,,,,
,,,,,,,,,,,,,,
,,,,,,,,,,,,,,
,,,,,,,,,,,,,,
,,,,,,,,,,,,,,
,,,,,,,,,,,,,,
,,,,,,,,,,,,,,
,,,,,,,,,,,,,,
,,,,,,,,,,,,,,
,,,,,,,,,,,,,,
,,,,,,,,,,,,,,
,,,,,,,,,,,,,,
,,,,,,,,,,,,,,
,,,,,,,,,,,,,,
,,,,,,,,,,,,,,
,,,,,,,,,,,,,,
,,,,,,,,,,,,,,
,,,,,,,,,,,,,,
,,,,,,,,,,,,,,
,,,,,,,,,,,,,,
,,,,,,,,,,,,,,
,,,,,,,,,,,,,,
,,,,,,,,,,,,,,
,,,,,,,,,,,,,,
,,,,,,,,,,,,,,
,,,,,,,,,,,,,,
,,,,,,,,,,,,,,
,,,,,,,,,,,,,,
