SKU,Product Name,HCPCS Code,Manufacturer,MFR Part Number,Category,Dealer Price,Retail Price,Stock Status,UOM,Description,Features,Image URL,Manuals,Product URL
1120964,4 Wheel Rollator Lumex® Allura LX Apple Red Adjustable Height / Folding Aluminum Frame,,Graham-Field,LX5000LXA,"Accessories and Parts, Beds",$202.73 ,,Shipped by Manufacturer,EA/1,,,https://imgcdn.mckesson.com/CumulusWeb/Images/Item_Detail/1120964_left.jpg,,https://mms.mckesson.com/product/1120964/Graham-Field-LX5000LXA
787561,Wheelchair Seat Cushion Incontinence Liner Centurian™ Incontinent 18 X 16 Inch,,Action Products,COI5205-2,"Accessories, Air Pressure Relief",$39.53 ,,Shipped by Manufacturer,EA/1,,,https://imgcdn.mckesson.com/CumulusWeb/Images/Item_Detail/787561.jpg,,https://mms.mckesson.com/product/787561/Action-Products-COI5205-2
787524,Wheelchair Seat Cushion Incontinence Liner Centurian™ Incontinent 16 X 16 Inch,,Action Products,COI5200-2,"Accessories, Air Pressure Relief",$39.53 ,,Shipped by Manufacturer,EA/1,,,https://imgcdn.mckesson.com/CumulusWeb/Images/Item_Detail/787524.jpg,,https://mms.mckesson.com/product/787524/Action-Products-COI5200-2
787562,Wheelchair Seat Cushion Incontinence Liner Centurian™ Incontinent 18 X 18 Inch,,Action Products,COI5208-2,"Accessories, Air Pressure Relief",$43.49 ,,Shipped by Manufacturer,EA/1,,,https://imgcdn.mckesson.com/CumulusWeb/Images/Item_Detail/787562.jpg,,https://mms.mckesson.com/product/787562/Action-Products-COI5208-2
787563,Wheelchair Seat Cushion Incontinence Liner Centurian™ Incontinent 20 X 18 Inch,,Action Products,COI522018,"Accessories, Air Pressure Relief",$43.49 ,,Shipped by Manufacturer,EA/1,,,https://imgcdn.mckesson.com/CumulusWeb/Images/Item_Detail/787563.jpg,,https://mms.mckesson.com/product/787563/Action-Products-COI522018
1272541,Measuring Wheel with Telescope Handle FEI Non Slip Level,,Fabrication Enterprises,70-0349,Ankle Immobilizers,$191.50 ,,Shipped by Manufacturer,EA/1,,,https://imgcdn.mckesson.com/CumulusWeb/Images/Item_Detail/1272541_side.jpg,,https://mms.mckesson.com/product/1272541/Fabrication-Enterprises-70-0349
251422,Wheelchair Torso Support For Wheelchair,,Tidi Products,3656M,"Back, Orthoses/Splints/Supports",$25.29 ,,"In Stock (Get it Tomorrow, Oct 1)",EA/1,,,https://imgcdn.mckesson.com/CumulusWeb/Images/Item_Detail/1767_3656_2.jpg,,https://mms.mckesson.com/product/251422/Tidi-Products-3656M
1215723,Overbed Table McKesson Non-Tilt Top Spring Assisted Lift 28-1/4 to 43-1/4 Inch Height Range,,McKesson Brand,16-11610,"Bed Trays, Beds",$96.86 ,,"In Stock (Get it Tomorrow, Oct 1)",CS/1,,,https://imgcdn.mckesson.com/CumulusWeb/Images/Item_Detail/1215723_right.jpg,,https://mms.mckesson.com/product/1215723/McKesson-Brand-16-11610
1215724,Overbed Table McKesson Non-Tilt Top Spring Assisted Lift 28-1/4 to 43-1/4 Inch Height Range,,McKesson Brand,16-11620,"Bed Trays, Beds",$98.51 ,,"In Stock - Network (Get it Saturday, Oct 3)",CS/1,,,https://imgcdn.mckesson.com/CumulusWeb/Images/Item_Detail/1215724_left.jpg,,https://mms.mckesson.com/product/1215724/McKesson-Brand-16-11620
583695,Overbed Table AmFab™ Non-Tilt Top Automatic Spring Assisted Lift 28 to 45 Inch Height Range,,AmFab Company,1010H1000,"Bed Trays, Beds",$119.57 ,,Shipped by Manufacturer,EA/1,,,https://imgcdn.mckesson.com/CumulusWeb/Images/Item_Detail/583695.jpg,,https://mms.mckesson.com/product/583695/AmFab-Company-1010H1000
583696,Overbed Table AmFab™ Non-Tilt Top Automatic Spring Assisted Lift 28 to 45 Inch Height Range,,AmFab Company,1010U1000,"Bed Trays, Beds",$123.62 ,,Shipped by Manufacturer,EA/1,,,https://imgcdn.mckesson.com/CumulusWeb/Images/Item_Detail/583696.jpg,,https://mms.mckesson.com/product/583696/AmFab-Company-1010U1000
1279503,Overbed Table Drive™ Non-Tilt Top Spring Assisted Lift 28 to 45 Inch Height Range,,Drive DeVilbiss Healthcare,1602-HCFM,"Bed Trays, Beds",$156.87 ,,Shipped by Manufacturer,EA/1,,,https://imgcdn.mckesson.com/CumulusWeb/Images/Item_Detail/1279503_front.jpg,,https://mms.mckesson.com/product/1279503/Drive-DeVilbiss-Healthcare-1602-HCFM
1171675,Overbed Table Drive™ Non-Tilt Top Spring Assisted Lift 28 to 45 Inch Height Range,,Drive DeVilbiss Healthcare,16011-HOQO,"Bed Trays, Beds",$175.55 ,,Shipped by Manufacturer,EA/1,,,https://imgcdn.mckesson.com/CumulusWeb/Images/Item_Detail/1171675_side.jpg,,https://mms.mckesson.com/product/1171675/Drive-DeVilbiss-Healthcare-16011-HOQO
1091206,Overbed Table Spring Assisted Lift 31 to 41-1/2 Inch Height Range,,Clinton Industries,TS-160,"Bed Trays, Beds",$175.70 ,,Shipped by Manufacturer,EA/1,,,https://imgcdn.mckesson.com/CumulusWeb/Images/Item_Detail/1091206.jpg,,https://mms.mckesson.com/product/1091206/Clinton-Industries-TS-160
240151,Wheelchair Safety Belt Posey® Medium Hook Fastener,,Tidi Products,3658S-M,Body Restraints,$13.78 ,,"In Stock - Network (Get it Tuesday, Oct 6)",EA/1,,,https://imgcdn.mckesson.com/CumulusWeb/Images/Item_Detail/240151_right.jpg,,https://mms.mckesson.com/product/240151/Tidi-Products-3658S-M
240152,Wheelchair Safety Belt Posey® Large Hook Fastener,,Tidi Products,3658M-L,Body Restraints,$16.89 ,,"In Stock - Network (Get it Tuesday, Oct 6)",EA/1,,,https://imgcdn.mckesson.com/CumulusWeb/Images/Item_Detail/240152_left.jpg,,https://mms.mckesson.com/product/240152/Tidi-Products-3658M-L
171061,Wheelchair Safety Belt Skil-Care™ One Size Fits Most 2-Strap,,Skil-Care,303210,Body Restraints,$17.26 ,,"In Stock - Network (Get it Tuesday, Oct 6)",EA/1,,,https://imgcdn.mckesson.com/CumulusWeb/Images/Item_Detail/171061_ls.jpg,,https://mms.mckesson.com/product/171061/Skil-Care-303210
251427,Wheelchair Safety Belt Posey® Quick-Release Buckle,,Tidi Products,4126Q,Body Restraints,$18.31 ,,Shipped by Manufacturer,EA/1,,,https://imgcdn.mckesson.com/CumulusWeb/Images/Item_Detail/251427_left.jpg,,https://mms.mckesson.com/product/251427/Tidi-Products-4126Q
631960,Wheelchair Safety Belt,,Skil-Care,301275,Body Restraints,$23.87 ,,Shipped by Manufacturer,EA/1,,,https://imgcdn.mckesson.com/CumulusWeb/Images/Item_Detail/631960_front.jpg,,https://mms.mckesson.com/product/631960/Skil-Care-301275
626255,"Replacement Clean Wheel System Caster 5 Inch, Gray",,R & B Wire Products,CSTR88G,Carts,$19.81 ,,Shipped by Manufacturer,EA/1,,,https://imgcdn.mckesson.com/CumulusWeb/Images/Item_Detail/626255_1.jpg,,https://mms.mckesson.com/product/626255/R-B-Wire-Products-CSTR88G
825221,Replacement Twin Wheel Caster R-4TW Series,,MJM International,R4TW,Carts,$54.57 ,,Shipped by Manufacturer,PK/4,,,https://imgcdn.mckesson.com/CumulusWeb/Images/Item_Detail/825221.jpg,,https://mms.mckesson.com/product/825221/MJM-International-R4TW
1006887,Overbed Table Drive™ Non-Tilt Top Spring Assisted Lift 28 to 45 Inch Height Range,,Drive DeVilbiss Healthcare,16012-HCSO,Carts,$156.87 ,,Shipped by Manufacturer,EA/1,,,https://imgcdn.mckesson.com/CumulusWeb/Images/Item_Detail/1006887.jpg,,https://mms.mckesson.com/product/1006887/Drive-DeVilbiss-Healthcare-16012-HCSO
829685,Wheelchair Back Support Cover Skil-Care™,,Skil-Care,706359,"Cast Protectors, Orthopedic",$21.22 ,,Shipped by Manufacturer,EA/1,,,https://imgcdn.mckesson.com/CumulusWeb/Images/Item_Detail/829685.jpg,,https://mms.mckesson.com/product/829685/Skil-Care-706359
170960,"Urinary Drainage Bag Holder SkiL-Care® 8 X 13 Inch, Heat Sealed For Wheelchairs, Geri-chairs, Bedrails",,Skil-Care,102010,Catheter Straps/Holders,$8.19 ,,"In Stock (Get it Tomorrow, Oct 1)",EA/1,,,https://imgcdn.mckesson.com/CumulusWeb/Images/Item_Detail/170960_back.jpg,,https://mms.mckesson.com/product/170960/Skil-Care-102010
712614,"Urinary Drainage Bag Holder McKesson For Wheelchair, Geri-chair or Bed Rails",,McKesson Brand,16-5515,Catheter Straps/Holders,$257.42 ,,"In Stock (Get it Tomorrow, Oct 1)",CS/50,,,https://imgcdn.mckesson.com/CumulusWeb/Images/Item_Detail/712614_front.jpg,,https://mms.mckesson.com/product/712614/McKesson-Brand-16-5515
665995,Chair Scale Detecto® LCD Display 1000 lbs. / 454 kg Capacity Black / White AC Adapter / Battery Operated,,Detecto Scale,6880,Chair Scales,"$2,230.08 ",,Shipped by Manufacturer,EA/1,,,https://imgcdn.mckesson.com/CumulusWeb/Images/Item_Detail/665995_left_.jpg,,https://mms.mckesson.com/product/665995/Detecto-Scale-6880
1169631,Wheelchair Scale Befour Digital Display 1000 lbs. / 454 kg Capacity Black Battery Operated,,Befour,MX490D,Chair Scales,"$3,349.30 ",,Shipped by Manufacturer,EA/1,,,https://imgcdn.mckesson.com/CumulusWeb/Images/Item_Detail/1169631_left.jpg,,https://mms.mckesson.com/product/1169631/Befour-MX490D
573340,Wheelchair Scale Digital Display 1000 lbs. / 454 kg Capacity Battery Operated,,Befour,MX480D,Chair Scales,"$3,356.26 ",,Shipped by Manufacturer,EA/1,,,https://imgcdn.mckesson.com/CumulusWeb/Images/Item_Detail/573340_right.jpg,,https://mms.mckesson.com/product/573340/Befour-MX480D
1086466,Cuevtte Wheel Sensor Dimension® For Dimension System,,Siemens,10456280,Chemistry Accessories,$113.03 ,,Shipped by Manufacturer,EA/1,,,https://imgcdn.mckesson.com/CumulusWeb/Images/Item_Detail/Accessory.jpg,,https://mms.mckesson.com/product/1086466/Siemens-10456280
1191166,Sticker SmileMakers® 100 per Box Hot Wheels Monster Truck 2-1/2 X 2-1/2 Inch,,SmileMakers,ST1765B,"Coloring Books, Stickers, Toys",$8.19 ,,"In Stock (Get it Tomorrow, Oct 1)",BX/100,,,https://imgcdn.mckesson.com/CumulusWeb/Images/Item_Detail/1191166_family.jpg,,https://mms.mckesson.com/product/1191166/SmileMakers-ST1765B
1065228,3-in-1 Commode Chair McKesson Fixed Arms Steel Frame Back Bar 13-1/2 Inch Seat Width 350 lbs. Weight Capacity,,McKesson Brand,146-11148-1,Commode Chairs,$34.45 ,,"In Stock (Get it Tomorrow, Oct 1)",EA/1,,,https://imgcdn.mckesson.com/CumulusWeb/Images/Item_Detail/1065228_left.jpg,,https://mms.mckesson.com/product/1065228/McKesson-Brand-146-11148-1
1065227,3-in-1 Commode Chair McKesson Fixed Arms Steel Frame Back Bar 13-3/4 Inch Seat Width 350 lbs. Weight Capacity,,McKesson Brand,146-RTL11158KDR,Commode Chairs,$46.90 ,,"In Stock - Network (Get it Friday, Oct 2)",EA/1,,,https://imgcdn.mckesson.com/CumulusWeb/Images/Item_Detail/1065227_left.jpg,,https://mms.mckesson.com/product/1065227/McKesson-Brand-146-RTL11158KDR
1281541,Commode Chair MedaCure® Padded Drop Arms Steel Frame Back Bar 13-3/4 Inch Seat Width 650 lbs. Weight Capacity,,Medacure Inc,CB650,Commode Chairs,$59.55 ,,Shipped by Manufacturer,EA/1,,,https://imgcdn.mckesson.com/CumulusWeb/Images/Item_Detail/1281541_left.jpg,,https://mms.mckesson.com/product/1281541/Medacure-Inc-CB650
1205413,Commode Chair McKesson Drop Arms Steel Frame Back Bar 13-3/4 Inch Seat Width 300 lbs. Weight Capacity,,McKesson Brand,146-11125KD-1,Commode Chairs,$81.36 ,,"In Stock (Get it Tomorrow, Oct 1)",CS/1,,,https://imgcdn.mckesson.com/CumulusWeb/Images/Item_Detail/1205413_left.jpg,,https://mms.mckesson.com/product/1205413/McKesson-Brand-146-11125KD-1
1281540,"Commode Chair MedaCure® Padded Drop Arms Steel Frame Back Bar 23-1/4 Inch Seat Width 1,000 lbs. Weight Capacity",,Medacure Inc,CB1000,Commode Chairs,$93.74 ,,Shipped by Manufacturer,EA/1,,,https://imgcdn.mckesson.com/CumulusWeb/Images/Item_Detail/1281540_left.jpg,,https://mms.mckesson.com/product/1281540/Medacure-Inc-CB1000
1073633,3-in-1 Commode Chair McKesson Fixed Arms Steel Frame Back Bar 13-1/4 Inch Seat Width 350 lbs. Weight Capacity,,McKesson Brand,146-11148N-4,Commode Chairs,$102.36 ,,"In Stock (Get it Tomorrow, Oct 1)",CS/4,,,https://imgcdn.mckesson.com/CumulusWeb/Images/Item_Detail/1073633_front.jpg,,https://mms.mckesson.com/product/1073633/McKesson-Brand-146-11148N-4
1065225,3-in-1 Commode Chair McKesson Fixed Arms Steel Frame Back Bar 13-3/4 Inch Seat Width 650 lbs. Weight Capacity,,McKesson Brand,146-11117N-1,Commode Chairs,$110.22 ,,"In Stock - Network (Get it Tuesday, Oct 6)",EA/1,,,https://imgcdn.mckesson.com/CumulusWeb/Images/Item_Detail/1065225_left.jpg,,https://mms.mckesson.com/product/1065225/McKesson-Brand-146-11117N-1
450986,3-in-1 Commode Chair Lumex® Silver Collection Drop Arms Steel Frame Removable Backrest 14 Inch Seat Width 300 lbs. Weight Capacity,,Graham-Field,6433A,Commode Chairs,$121.64 ,,Shipped by Manufacturer,EA/1,,,https://imgcdn.mckesson.com/CumulusWeb/Images/Item_Detail/450986_right.jpg,,https://mms.mckesson.com/product/450986/Graham-Field-6433A
1073634,3-in-1 Commode Chair McKesson Fixed Arms Steel Frame Back Bar 13-3/4 Inch Seat Width 350 lbs. Weight Capacity,,McKesson Brand,146-11105N-4,Commode Chairs,$132.37 ,,In Stock - Network,CS/4,,,https://imgcdn.mckesson.com/CumulusWeb/Images/Item_Detail/1073634_front.jpg,,https://mms.mckesson.com/product/1073634/McKesson-Brand-146-11105N-4
1065226,Commode Chair McKesson Drop Arms Steel Frame Padded Backrest 23-1/4 Inch Seat Width 1000 lbs. Weight Capacity,,McKesson Brand,146-11135-1,Commode Chairs,$149.87 ,,In Stock,EA/1,,,https://imgcdn.mckesson.com/CumulusWeb/Images/Item_Detail/1065226_left_.jpg,,https://mms.mckesson.com/product/1065226/McKesson-Brand-146-11135-1
733320,Commode Chair drive™ Padded Drop Arms Steel Frame Back Bar 13-1/2 Inch Seat Width 300 lbs. Weight Capacity,,Drive DeVilbiss Healthcare,11125PSKD-1,Commode Chairs,$174.30 ,,Shipped by Manufacturer,EA/1,,,https://imgcdn.mckesson.com/CumulusWeb/Images/Item_Detail/733320.jpg,,https://mms.mckesson.com/product/733320/Drive-DeVilbiss-Healthcare-11125PSKD-1
368330,3-in-1 Commode Chair Lumex® Imperial Collection Drop Arms Steel Frame Removable Backrest 25-1/2 Inch Seat Width 600 lbs. Weight Capacity,,Graham-Field,6438A,Commode Chairs,$209.48 ,,Shipped by Manufacturer,EA/1,,,https://imgcdn.mckesson.com/CumulusWeb/Images/Item_Detail/368330_left.jpg,,https://mms.mckesson.com/product/368330/Graham-Field-6438A
1086019,Commode Chair Fabrication Enterprises Drop Arms Steel Frame With Backrest 300 lbs. Weight Capacity,,Fabrication Enterprises,43-2350,Commode Chairs,$223 ,,Shipped by Manufacturer,EA/1,,,https://imgcdn.mckesson.com/CumulusWeb/Images/Item_Detail/1086019.jpg,,https://mms.mckesson.com/product/1086019/Fabrication-Enterprises-43-2350
470513,3-in-1 Commode Chair Lumex® Fixed Arms Aluminum Frame Back Bar 14 Inch Seat Width 400 lbs. Weight Capacity,,Graham-Field,2190A,Commode Chairs,$235.57 ,,Shipped by Manufacturer,CS/2,,,https://imgcdn.mckesson.com/CumulusWeb/Images/Item_Detail/470513_left.jpg,,https://mms.mckesson.com/product/470513/Graham-Field-2190A
523217,Commode / Shower Chair ipu® Fixed Arms PVC Frame Mesh Backrest 18 Inch Seat Width 300 lbs. Weight Capacity,,IPU,SCC9250,Commode Chairs,$252.73 ,,Shipped by Manufacturer,EA/1,,,https://imgcdn.mckesson.com/CumulusWeb/Images/Item_Detail/523217.jpg,,https://mms.mckesson.com/product/523217/IPU-SCC9250
588008,Commode Chair drive™ Padded Drop Arms Steel Frame Back Bar 14 Inch Seat Width 300 lbs. Weight Capacity,,Drive DeVilbiss Healthcare,11101W-2,Commode Chairs,$286.56 ,,Shipped by Manufacturer,CS/2,,,https://imgcdn.mckesson.com/CumulusWeb/Images/Item_Detail/588008.jpg,,https://mms.mckesson.com/product/588008/Drive-DeVilbiss-Healthcare-11101W-2
1083265,Commode Chair Gendron Padded Removable Arms Steel Frame Back Bar 30 Inch Seat Width 750 lbs. Weight Capacity,,Graham-Field,523330,Commode Chairs,$939.30 ,,Shipped by Manufacturer,EA/1,,,https://imgcdn.mckesson.com/CumulusWeb/Images/Item_Detail/1083265_right.jpg,,https://mms.mckesson.com/product/1083265/Graham-Field-523330
943229,Seat Cushion Air Lift 17 W X 17 L Inch Air Cells,,Skil-Care,756210,Cushions & Positioners,$23.31 ,,Shipped by Manufacturer,EA/1,,,https://imgcdn.mckesson.com/CumulusWeb/Images/Item_Detail/943229.jpg,,https://mms.mckesson.com/product/943229/Skil-Care-756210
252787,Armrest Bolster Skil-Care™ 16 L X 6 D Inch,,Skil-Care,706121,Cushions & Positioners,$33.62 ,,Shipped by Manufacturer,EA/1,,,https://imgcdn.mckesson.com/CumulusWeb/Images/Item_Detail/252787.jpg,,https://mms.mckesson.com/product/252787/Skil-Care-706121
1009138,Anti-Thrust Seat Cushion Saddle™ 20 W X 18 L X 4-1/2 to 3-1/2 D Inch Foam,,The Comfort Company,57S2018,Cushions & Positioners,$209.69 ,,In Stock - Network,EA/1,,,https://imgcdn.mckesson.com/CumulusWeb/Images/Item_Detail/1009138.jpg,,https://mms.mckesson.com/product/1009138/The-Comfort-Company-57S2018
571952,Beverage Holder For Standard Arm Wheelchair,,Performance Health,81003367,Eating and Drinking ADL,$15.45 ,,"In Stock - Network (Get it Saturday, Oct 3)",EA/1,,,https://imgcdn.mckesson.com/CumulusWeb/Images/Item_Detail/571952_pdet.jpg,,https://mms.mckesson.com/product/571952/Performance-Health-081003367
1104583,Overbed Table Drive™ Non-Tilt Top Spring Assisted Lift 28 to 45 Inch Height Range,,Drive DeVilbiss Healthcare,16012-HCDM,"Essendant Office Supplies, Furniture",$135.18 ,,Shipped by Manufacturer,EA/1,,,https://imgcdn.mckesson.com/CumulusWeb/Images/Item_Detail/1104583.jpg,,https://mms.mckesson.com/product/1104583/Drive-DeVilbiss-Healthcare-16012-HCDM
1059744,Overbed Table with Vanity Drive™ Non-Tilt Top Spring Assisted Lift 28 to 45 Inch Height Range,,Drive DeVilbiss Healthcare,16012-HCEOV,"Essendant Office Supplies, Furniture",$206.37 ,,Shipped by Manufacturer,EA/1,,,https://imgcdn.mckesson.com/CumulusWeb/Images/Item_Detail/1059744.jpg,,https://mms.mckesson.com/product/1059744/Drive-DeVilbiss-Healthcare-16012-HCEOV
573338,Wheelchair Scale Digital Display 1000 lbs. / 454 kg Capacity Battery Operated,,Befour,MX450,Floor Digital Scales,"$2,638.16 ",,Shipped by Manufacturer,EA/1,,,https://imgcdn.mckesson.com/CumulusWeb/Images/Item_Detail/573338_right.jpg,,https://mms.mckesson.com/product/573338/Befour-MX450
573339,Wheelchair Scale Digital Display 1000 lbs. / 454 kg Capacity Battery Operated,,Befour,MX480,Floor Digital Scales,"$3,150.38 ",,Shipped by Manufacturer,EA/1,,,https://imgcdn.mckesson.com/CumulusWeb/Images/Item_Detail/573339_right.jpg,,https://mms.mckesson.com/product/573339/Befour-MX480
701198,Dust Pan Lobby Pro® Upright 12.8 X 11.3 X 5 Inch Black,,RJ Schinner Co,FG253100BLA,Hardware Brooms/Dust Pans,$28.20 ,,"In Stock (Get it Tomorrow, Oct 1)",EA/1,,,https://imgcdn.mckesson.com/CumulusWeb/Images/Item_Detail/701198_left.jpg,,https://mms.mckesson.com/product/701198/RJ-Schinner-Co-FG253100BLA
637434,Laundry Cart with Double Pole Rack 100 lbs. Weight Capacity Steel Tubing 5 Inch Clean Wheel System™ Casters,,R & B Wire Products,200CFC56C,Hardware Carts,$331.21 ,,Shipped by Manufacturer,EA/1,,,https://imgcdn.mckesson.com/CumulusWeb/Images/Item_Detail/637434.jpg,,https://mms.mckesson.com/product/637434/R-B-Wire-Products-200CFC56C
725032,Trash Can with Wheels Rubbermaid® Brute® 200 Quart / 50 gal. Gray HDPE,,RJ Schinner Co,FG9W2700GRAY,Hardware Trash Can/Accessories,$174.11 ,,"In Stock - Network (Get it Friday, Oct 2)",EA/1,,,https://imgcdn.mckesson.com/CumulusWeb/Images/Item_Detail/725032.jpg,,https://mms.mckesson.com/product/725032/RJ-Schinner-Co-FG9W2700GRAY
565761,Treatment Cart Mini-Line Steel Frame 18 X 33-3/4 X 18 Inch Beige,,Harloff,3145K,Instrument/Equipment Carts,"$2,259.87 ",,Shipped by Manufacturer,EA/1,,,https://imgcdn.mckesson.com/CumulusWeb/Images/Item_Detail/565761_right.jpg,,https://mms.mckesson.com/product/565761/Harloff-3145K
1014653,Anesthesia Cart Mini Line 18 X 18 X 34.4 Inch White,,Harloff,3145K,Instrument/Equipment Carts,"$2,259.87 ",,Shipped by Manufacturer,EA/1,,,https://imgcdn.mckesson.com/CumulusWeb/Images/Item_Detail/1014653_right.jpg,,https://mms.mckesson.com/product/1014653/Harloff-3145K
687951,Treatment Cart Mini-Line Steel Frame 18 X 33-3/4 X 18 Inch Navy Blue,,Harloff,3145K,Instrument/Equipment Carts,"$2,259.87 ",,Shipped by Manufacturer,EA/1,,,https://imgcdn.mckesson.com/CumulusWeb/Images/Item_Detail/687951_right.jpg,,https://mms.mckesson.com/product/687951/Harloff-3145K
1095051,Emergency Cart Mini Line Steel Frame 18 X 18 X 40 Inch Hammertone Blue,,Harloff,3156B,Instrument/Equipment Carts,"$2,413.83 ",,Shipped by Manufacturer,EA/1,,,https://imgcdn.mckesson.com/CumulusWeb/Images/Item_Detail/1095051_right.jpg,,https://mms.mckesson.com/product/1095051/Harloff-3156B
551724,Procedure Cart Mini-Line Steel Frame 18 X 40 X 18 Inch Dark Blue,,Harloff,3156K,Instrument/Equipment Carts,"$2,456.99 ",,Shipped by Manufacturer,EA/1,,,https://imgcdn.mckesson.com/CumulusWeb/Images/Item_Detail/551724_right.jpg,,https://mms.mckesson.com/product/551724/Harloff-3156K
678295,Treatment Cart Mini-Line Steel Frame 18 X 18 X 40 Inch Beige,,Harloff,3156K,Instrument/Equipment Carts,"$2,456.99 ",,Shipped by Manufacturer,EA/1,,,https://imgcdn.mckesson.com/CumulusWeb/Images/Item_Detail/678295_right.jpg,,https://mms.mckesson.com/product/678295/Harloff-3156K
1041460,"Emergency Cart Mini24 20-1/2 X 30-1/2 X 63-1/55 Inch, Height Includes IV Pole - Extends to 81-3/4 Inch Height",,Harloff,4145B-EMG,Instrument/Equipment Carts,"$3,015.20 ",,Shipped by Manufacturer,EA/1,,,https://imgcdn.mckesson.com/CumulusWeb/Images/Item_Detail/1041460_right.jpg,,https://mms.mckesson.com/product/1041460/Harloff-4145B-EMG
1139254,Disposable IV Stand Floor Stand 2 Hooks 5 Legs with Casters,,McKesson Brand,MS391520,Intravenous Poles,$166.34 ,,In Stock,CS/6,,,https://imgcdn.mckesson.com/CumulusWeb/Images/Item_Detail/1139254_front.jpg,,https://mms.mckesson.com/product/1139254/McKesson-Brand-MS391520
1119562,Wedge Seat Cushion Protekt® 20 W X 18 L X 4 to 2 D Inch Polyurethane,,Proactive Medical Products LLC,76053,Invalid Rings & Cushions,$21.62 ,,Shipped by Manufacturer,EA/1,,,https://imgcdn.mckesson.com/CumulusWeb/Images/Item_Detail/1119562_right.jpg,,https://mms.mckesson.com/product/1119562/Proactive-Medical-Products-LLC-76053
671323,Seat Cushion Skil-Care™ 18 W X 16 L X 5 D Inch Convoluted Foam,,Skil-Care,756010,Invalid Rings & Cushions,$70.72 ,,Shipped by Manufacturer,EA/1,,,https://imgcdn.mckesson.com/CumulusWeb/Images/Item_Detail/671323_plineart.jpg,,https://mms.mckesson.com/product/671323/Skil-Care-756010
647651,Heavy Duty Laundry Cart 2-1/2 Bushel Capacity Steel 5 Inch Clean Wheel System™ Casters,,R & B Wire Products,100CEC,Laundry Bags,$200.51 ,,Shipped by Manufacturer,EA/1,,,https://imgcdn.mckesson.com/CumulusWeb/Images/Item_Detail/647651.jpg,,https://mms.mckesson.com/product/647651/R-B-Wire-Products-100CEC
930081,Recliner LC-358 Model Chestnut Faux Leather Without Wheels 600 lbs. Weight Capacity,,Pride Health Care,LC358XLLNCHEV,Lift Chairs,"$1,108.04 ",,Shipped by Manufacturer,EA/1,,,https://imgcdn.mckesson.com/CumulusWeb/Images/Item_Detail/930081_pdet.jpg,,https://mms.mckesson.com/product/930081/Pride-Health-Care-LC358XLLNCHEV
1280846,Massage Wheel Chirp 4 Inch Diameter X 5 inch Width,,Chirp Innovation LLC,W-XR-4-MNT-D,"Massagers, Physical Medicine/Rehab",$15.53 ,,"In Stock (Get it Tomorrow, Oct 1)",EA/1,,,https://imgcdn.mckesson.com/CumulusWeb/Images/Item_Detail/1280846_front.jpg,,https://mms.mckesson.com/product/1280846/Chirp-Innovation-LLC-W-XR-4-MNT-D
1280845,Hand-Held Massager Chirp 5 Inch Wheel Length X 15-1/2 Inch Roller,,Chirp Innovation LLC,3IN1-ROLL,"Massagers, Physical Medicine/Rehab",$22.94 ,,Limited quantities available,EA/1,,,https://imgcdn.mckesson.com/CumulusWeb/Images/Item_Detail/1280845_pkit.jpg,,https://mms.mckesson.com/product/1280845/Chirp-Innovation-LLC-3IN1-ROLL
1280843,Massage Wheel Chirp 7 Inch Width X 10 Inch Diameter,,Chirp Innovation LLC,10-CW-XL,"Massagers, Physical Medicine/Rehab",$37.54 ,,Limited quantities available,EA/1,,,https://imgcdn.mckesson.com/CumulusWeb/Images/Item_Detail/1280843_right.jpg,,https://mms.mckesson.com/product/1280843/Chirp-Innovation-LLC-10-CW-XL
1280842,Massage Wheel Set Chirp 4 / 6 / 10 Inch Diameter,,Chirp Innovation LLC,W-XR-1064-MNT-D,"Massagers, Physical Medicine/Rehab",$52.01 ,,Limited quantities available,EA/1,,,https://imgcdn.mckesson.com/CumulusWeb/Images/Item_Detail/1280842_right.jpg,,https://mms.mckesson.com/product/1280842/Chirp-Innovation-LLC-W-XR-1064-MNT-D
1280841,Massage Wheel Set Chirp 4 / 6/ 10 Inch Diameter X 5 Inch Width,,Chirp Innovation LLC,3P-PW-PLUS,"Massagers, Physical Medicine/Rehab",$66.76 ,,"In Stock (Get it Tomorrow, Oct 1)",EA/1,,,https://imgcdn.mckesson.com/CumulusWeb/Images/Item_Detail/1280841_right.jpg,,https://mms.mckesson.com/product/1280841/Chirp-Innovation-LLC-3P-PW-PLUS
844149,Wheelchair Seat Cushion Cover Skil-Care™ Universal 18 X 16 X 3 to 4 Inch,,Skil-Care,781031,Mattress Covers,$15.47 ,,Shipped by Manufacturer,EA/1,,,https://imgcdn.mckesson.com/CumulusWeb/Images/Item_Detail/844149.jpg,,https://mms.mckesson.com/product/844149/Skil-Care-781031
823347,Level Seat Cushion with Pommel Slide Guard 20 W X 16 L X 2 D Inch Foam,,Skil-Care,751269,Non-Powered Pressure Ulcer Mgt (PUM),$69.60 ,,Shipped by Manufacturer,EA/1,,,https://imgcdn.mckesson.com/CumulusWeb/Images/Item_Detail/823347.jpg,,https://mms.mckesson.com/product/823347/Skil-Care-751269
977405,Twin Wheel Caster,,MJM International,R-3TW,Other ADL Products,$53.02 ,,Shipped by Manufacturer,PK/4,,,https://imgcdn.mckesson.com/CumulusWeb/Images/Item_Detail/977405.jpg,,https://mms.mckesson.com/product/977405/MJM-International-R-3TW
515077,Wheelchair Arm Tray For Premier Wheelchair,,Alimed,2970011219,Other ADL Products,$77.55 ,,Shipped by Manufacturer,EA/1,,,https://imgcdn.mckesson.com/CumulusWeb/Images/Item_Detail/515077.jpg,,https://mms.mckesson.com/product/515077/Alimed-2970011219
702387,Wheelchair Ramp For Wheelchair,,Drive DeVilbiss Healthcare,STDS1094,Other ADL Products,$145.80 ,,Shipped by Manufacturer,EA/1,,,https://imgcdn.mckesson.com/CumulusWeb/Images/Item_Detail/702387.jpg,,https://mms.mckesson.com/product/702387/Drive-DeVilbiss-Healthcare-STDS1094
1001826,Commode Chair Pinniped Padded Fixed Arms Steel Frame With Backrest 13 Inch Seat Width 250 lbs. Weight Capacity,,,,Other ADL Products,$279.30 ,,Shipped by Manufacturer,BX/1,,,https://imgcdn.mckesson.com/CumulusWeb/Images/Item_Detail/1001826.jpg,,https://mms.mckesson.com/product/1001826/Drive-DeVilbiss-Healthcare-PC-1000-BL
1167023,Oxygen Cylinder Cart Nova Steel Frame 10 L X 11 W X 38-1/2 to 43 H Inch Silver,,Nova Ortho-Med,6001,Other Carts,$68.32 ,,In Stock - Network,CS/4,,,https://imgcdn.mckesson.com/CumulusWeb/Images/Item_Detail/1167023_left.jpg,,https://mms.mckesson.com/product/1167023/Nova-Ortho-Med-6001
1057118,Isolation Station 15 X 17 X 45 Inch,,,,Other Carts,$254.75 ,,Shipped by Manufacturer,EA/1,,,https://imgcdn.mckesson.com/CumulusWeb/Images/Item_Detail/1057118_left.jpg,,https://mms.mckesson.com/product/1057118/IPU-ISO-ST16
870297,Dialysis Cart 14-1/2 X 33 X 33-1/2 Inch,,IPU,DC14,Other Carts,$421.67 ,,Shipped by Manufacturer,EA/1,,,,,https://mms.mckesson.com/product/870297/IPU-DC14
1116104,Midmark® Workstation Secure Laptop Workstation with Mouse Tray Without Drawers Without Shelves,,Midmark,6217-001-802,Other Carts,"$1,815.19 ",,In Stock - Network,EA/1,,,https://imgcdn.mckesson.com/CumulusWeb/Images/Item_Detail/1116104_right.jpg,,https://mms.mckesson.com/product/1116104/Midmark-6217-001-802
1116163,Midmark® Workstation Procedure Workstation Without Drawers Without Shelves,,Midmark,6214-001-796,Other Carts,"$2,065.42 ",,In Stock - Network,EA/1,,,https://imgcdn.mckesson.com/CumulusWeb/Images/Item_Detail/1116163_front.jpg,,https://mms.mckesson.com/product/1116163/Midmark-6214-001-796
1116168,Midmark® Workstation Procedure Workstation Without Drawers Without Shelves,,Midmark,6214-001-801,Other Carts,"$2,127.33 ",,In Stock - Network,EA/1,,,https://imgcdn.mckesson.com/CumulusWeb/Images/Item_Detail/1116168_front.jpg,,https://mms.mckesson.com/product/1116168/Midmark-6214-001-801
1116172,Midmark® Workstation Procedure Workstation Without Drawers Without Shelves,,Midmark,6214-001-805,Other Carts,"$2,127.33 ",,In Stock - Network,EA/1,,,https://imgcdn.mckesson.com/CumulusWeb/Images/Item_Detail/1116172_front.jpg,,https://mms.mckesson.com/product/1116172/Midmark-6214-001-805
784786,Armrest Bolster 7-1/2 X 16 Inch Foam,,The Comfort Company,80B,Other Cushions,$49.56 ,,Shipped by Manufacturer,EA/1,,,https://imgcdn.mckesson.com/CumulusWeb/Images/Item_Detail/784786.jpg,,https://mms.mckesson.com/product/784786/The-Comfort-Company-80B
1217700,Push Glove Hatch Half-Finger X-Large Black Hand Specific Pair,,Performance Health,81173665,Other Gloves,$16.84 ,,"In Stock - Network (Get it Tuesday, Oct 6)",PR/1,,,https://imgcdn.mckesson.com/CumulusWeb/Images/Item_Detail/1217700_pdet.jpg,,https://mms.mckesson.com/product/1217700/Performance-Health-081173665
1217698,Push Glove Hatch Half-Finger Large Black Hand Specific Pair,,Performance Health,81173657,Other Gloves,$16.84 ,,"In Stock (Get it Tomorrow, Oct 1)",PR/1,,,https://imgcdn.mckesson.com/CumulusWeb/Images/Item_Detail/1217698_pdet.jpg,,https://mms.mckesson.com/product/1217698/Performance-Health-081173657
574563,Push Glove Hatch Half-Finger Small Black Hand Specific Pair,,Performance Health,81173632,Other Gloves,$16.84 ,,Shipped by Manufacturer,PR/1,,,https://imgcdn.mckesson.com/CumulusWeb/Images/Item_Detail/574563_group.jpg,,https://mms.mckesson.com/product/574563/Performance-Health-081173632
1061332,Wheelchair Scale with Seat Health O Meter® LCD Display 1000 lbs. / 454 kg Capacity Gray AC Adapter / Battery Operated,,Health O Meter,2500CKL,"Other, Scales","$4,299.17 ",,In Stock - Network,EA/1,,,https://imgcdn.mckesson.com/CumulusWeb/Images/Item_Detail/1061332_right.jpg,,https://mms.mckesson.com/product/1061332/Health-O-Meter-2500CKL
893929,Seat Cushion 18 W X 16 L X 2 D Inch Convoluted Foam,,Graham-Field,7-1620E,"Overlays, Pressure Relief (PUM)",$9.46 ,,Shipped by Manufacturer,EA/1,,,https://imgcdn.mckesson.com/CumulusWeb/Images/Item_Detail/893929_right.jpg,,https://mms.mckesson.com/product/893929/Graham-Field-7-1620E
1042703,E Cylinder Carrier For Wheelchair / Scooter,,Sunset Healthcare,CSBE,Oxygen Cylinder Supplies,$8.75 ,,"In Stock (Get it Tomorrow, Oct 1)",EA/1,,,https://imgcdn.mckesson.com/CumulusWeb/Images/Item_Detail/1042703_front.jpg,,https://mms.mckesson.com/product/1042703/Sunset-Healthcare-CSBE
1141068,Wheelchair Oxygen Bag McKesson Fits D or E Cylinders,,McKesson Brand,WC-BAG,Oxygen Cylinder Supplies,$10.06 ,,"In Stock (Get it Tomorrow, Oct 1)",EA/1,,,https://imgcdn.mckesson.com/CumulusWeb/Images/Item_Detail/1141068_front.jpg,,https://mms.mckesson.com/product/1141068/McKesson-Brand-WC-BAG
1281645,Commode Chair MedaCure® Padded Fixed Arms Steel Frame Back Bar 13-1/4 Inch Seat Width 350 lbs. Weight Capacity,,Medacure Inc,CB350-F,"Pails, Commode",$30.53 ,,Shipped by Manufacturer,EA/1,,,https://imgcdn.mckesson.com/CumulusWeb/Images/Item_Detail/1281645_left.jpg,,https://mms.mckesson.com/product/1281645/Medacure-Inc-CB350-F
1281644,Commode Chair MedaCure® Padded Drop Arms Steel Frame Back Bar 20 Inch Seat Width 300 lbs. Weight Capacity,,Medacure Inc,CB300-DA,"Pails, Commode",$65.48 ,,Shipped by Manufacturer,EA/1,,,https://imgcdn.mckesson.com/CumulusWeb/Images/Item_Detail/1281644_left.jpg,,https://mms.mckesson.com/product/1281644/Medacure-Inc-CB300-DA
1054096,Display Head Health O Meter® For 2700KL Digital Wheelchair Scale,,Health O Meter,DISPLAY2700,Parts/Accessories Scales,$428.48 ,,Shipped by Manufacturer,EA/1,,,https://imgcdn.mckesson.com/CumulusWeb/Images/Item_Detail/1054096_front.jpg,,https://mms.mckesson.com/product/1054096/Health-O-Meter-DISPLAY2700
1268174,Diagnostic Certified ADA Compliance Kit Health O Meter® For Gray 2600KL and 2610KL Wheelchair Scales,,Health O Meter,2600ADAKIT,Parts/Accessories Scales,$705.49 ,,In Stock - Network,EA/1,,,https://imgcdn.mckesson.com/CumulusWeb/Images/Item_Detail/1268174_front_.jpg,,https://mms.mckesson.com/product/1268174/Health-O-Meter-2600ADAKIT
1017547,Wheelchair Hand Rail For 6702 Wheelchair Scale,,Welch Allyn,60224,Parts/Accessories Scales,$748.98 ,,Shipped by Manufacturer,EA/1,,,https://imgcdn.mckesson.com/CumulusWeb/Images/Item_Detail/ImageNotAvailable_gray_.jpg,,https://mms.mckesson.com/product/1017547/Welch-Allyn-60224
842536,Digital Weight Indicator For 6495 Wheelchair Scale,,Detecto Scale,MV1,Parts/Accessories Scales,$989.76 ,,Shipped by Manufacturer,EA/1,,,https://imgcdn.mckesson.com/CumulusWeb/Images/Item_Detail/842536_front.jpg,,https://mms.mckesson.com/product/842536/Detecto-Scale-MV1
580337,Chair Sensor Pad SkiL-Care™ 7 X 15 Inch,,Skil-Care,909360,Patient Location Alarms,$26.10 ,,"In Stock - Network (Get it Tuesday, Oct 6)",EA/1,,,https://imgcdn.mckesson.com/CumulusWeb/Images/Item_Detail/580337_ls.jpg,,https://mms.mckesson.com/product/580337/Skil-Care-909360
844147,Seat Cushion Air Lift 19 W X 19 L Inch Air Cells,,Skil-Care,756225,Patient Location Alarms,$28.58 ,,Shipped by Manufacturer,EA/1,,,https://imgcdn.mckesson.com/CumulusWeb/Images/Item_Detail/844147.jpg,,https://mms.mckesson.com/product/844147/Skil-Care-756225
836193,Wheelchair Seat Cushion Cover Support Pro Anti-Thrust 18 X 18 Inch,,The Comfort Company,57-1818-CV,Patient Location Alarms,$38.76 ,,"In Stock - Network (Get it Tuesday, Oct 6)",EA/1,,,https://imgcdn.mckesson.com/CumulusWeb/Images/Item_Detail/836193.jpg,,https://mms.mckesson.com/product/836193/The-Comfort-Company-57-1818-CV
1016357,Wheelchair Seat Cushion Incontinence Liner Incontinent Cover Pilot™ 16 X 18 Inch,,Action Products,COI9005-2,Patient Location Alarms,$39.53 ,,Shipped by Manufacturer,EA/1,,,https://imgcdn.mckesson.com/CumulusWeb/Images/Item_Detail/1016357.jpg,,https://mms.mckesson.com/product/1016357/Action-Products-COI9005-2
1027481,Wheelchair Seat Cushion Incontinence Liner Incontinent Cover Pilot™ 20 X 20 Inch,,Action Products,COI902020,Patient Location Alarms,$43.49 ,,Shipped by Manufacturer,EA/1,,,https://imgcdn.mckesson.com/CumulusWeb/Images/Item_Detail/1027481.jpg,,https://mms.mckesson.com/product/1027481/Action-Products-COI902020
549201,Alarm Belt Sensor Posey® 21 to 44 Inch Length,,Tidi Products,8372,Patient Location Alarms,$66.74 ,,"In Stock - Network (Get it Saturday, Oct 3)",EA/1,,,https://imgcdn.mckesson.com/CumulusWeb/Images/Item_Detail/549201_ls.jpg,,https://mms.mckesson.com/product/549201/Tidi-Products-8372
649526,Belt Alarm For Wheelchair,,Skil-Care,909393,Patient Location Alarms,$68.28 ,,Shipped by Manufacturer,EA/1,,,https://imgcdn.mckesson.com/CumulusWeb/Images/Item_Detail/649526_ls.jpg,,https://mms.mckesson.com/product/649526/Skil-Care-909393
665153,Alarm Belt Sensor Posey® Up to 115 Inch Length,,Tidi Products,8372L,Patient Location Alarms,$77.01 ,,Shipped by Manufacturer,EA/1,,,https://imgcdn.mckesson.com/CumulusWeb/Images/Item_Detail/ImageNotAvailable_gray_.jpg,,https://mms.mckesson.com/product/665153/Tidi-Products-8372L
842064,Seat Cushion The Equalizer® 22 W X 18 L X 3-1/2 D Inch Foam / Polymer,,Span America,BEQ2218-04,Patient Location Alarms,"$1,095.08 ",,Shipped by Manufacturer,CS/4,,,https://imgcdn.mckesson.com/CumulusWeb/Images/Item_Detail/842064.jpg,,https://mms.mckesson.com/product/842064/Span-America-BEQ2218-04
824224,Overbed Table Tilt-Top 25-1/2 to 38-1/2 Inch Height Range,,Mabis Healthcare,553-4056-0400,Patient Room Furniture,$82.16 ,,Shipped by Manufacturer,EA/1,,,https://imgcdn.mckesson.com/CumulusWeb/Images/Item_Detail/824224.JPG,,https://mms.mckesson.com/product/824224/Mabis-Healthcare-553-4056-0400
1267877,Overbed Table Lumex® Non-Tilt Top Gas Cylinder Lift 28 to 44 Inch Height Range,,Graham-Field,GF9000-LSTMC,Patient Room Furniture,$647.31 ,,Shipped by Manufacturer,EA/1,,,https://imgcdn.mckesson.com/CumulusWeb/Images/Item_Detail/1267877_side.jpg,,https://mms.mckesson.com/product/1267877/Graham-Field-GF9000-LSTMC
1281703,Overbed Table MedaCure® Non-Tilt Top Spring Assisted Lift 32 to 46 Inch Height Range,,Medacure Inc,OB600W-MH,"Patient Room Furniture, Patient Room Fur",$57.90 ,,Shipped by Manufacturer,EA/1,,,https://imgcdn.mckesson.com/CumulusWeb/Images/Item_Detail/1281703_right.jpg,,https://mms.mckesson.com/product/1281703/Medacure-Inc-OB600W-MH
1281702,Overbed Table MedaCure® Non-Tilt Top Spring Assisted Lift 32 to 46 Inch Height Range,,Medacure Inc,OB600W-CH,"Patient Room Furniture, Patient Room Fur",$57.90 ,,Shipped by Manufacturer,EA/1,,,https://imgcdn.mckesson.com/CumulusWeb/Images/Item_Detail/1281702_right.jpg,,https://mms.mckesson.com/product/1281702/Medacure-Inc-OB600W-CH
1281704,Overbed Table MedaCure® Non-Tilt Top Spring Assisted Lift 32 to 46 Inch Height Range,,Medacure Inc,OB600W-MP,"Patient Room Furniture, Patient Room Fur",$57.90 ,,Shipped by Manufacturer,EA/1,,,https://imgcdn.mckesson.com/CumulusWeb/Images/Item_Detail/1281704_right.jpg,,https://mms.mckesson.com/product/1281704/Medacure-Inc-OB600W-MP
1281701,Overbed Table MedaCure® Non-Tilt Top Spring Assisted Lift 30 to 42 Inch Height Range,,Medacure Inc,OB600CT-MH,"Patient Room Furniture, Patient Room Fur",$67.55 ,,Shipped by Manufacturer,EA/1,,,https://imgcdn.mckesson.com/CumulusWeb/Images/Item_Detail/1281701_right.jpg,,https://mms.mckesson.com/product/1281701/Medacure-Inc-OB600CT-MH
1281700,Overbed Table MedaCure® Non-Tilt Top Spring Assisted Lift 30 to 42 Inch Height Range,,Medacure Inc,OB600CT-G,"Patient Room Furniture, Patient Room Fur",$67.55 ,,Shipped by Manufacturer,EA/1,,,https://imgcdn.mckesson.com/CumulusWeb/Images/Item_Detail/1281700_left.jpg,,https://mms.mckesson.com/product/1281700/Medacure-Inc-OB600CT-G
1281698,Overbed Table MedaCure® Non-Tilt Top Spring Assisted Lift 28 to 45 Inch Height Range,,Medacure Inc,OB2845-MH,"Patient Room Furniture, Patient Room Fur",$85.47 ,,Shipped by Manufacturer,EA/1,,,https://imgcdn.mckesson.com/CumulusWeb/Images/Item_Detail/1281698_right.jpg,,https://mms.mckesson.com/product/1281698/Medacure-Inc-OB2845-MH
1281697,Overbed Table MedaCure® Non-Tilt Top Spring Assisted Lift 28 to 45 Inch Height Range,,Medacure Inc,OB2845-CH,"Patient Room Furniture, Patient Room Fur",$85.47 ,,Shipped by Manufacturer,EA/1,,,https://imgcdn.mckesson.com/CumulusWeb/Images/Item_Detail/1281697_right.jpg,,https://mms.mckesson.com/product/1281697/Medacure-Inc-OB2845-CH
1281696,Overbed Table MedaCure® Non-Tilt Top Spring Assisted Lift 28 to 45 Inch Height Range,,Medacure Inc,OB2845-CG,"Patient Room Furniture, Patient Room Fur",$85.47 ,,Shipped by Manufacturer,EA/1,,,https://imgcdn.mckesson.com/CumulusWeb/Images/Item_Detail/1281696_right.jpg,,https://mms.mckesson.com/product/1281696/Medacure-Inc-OB2845-CG
1281699,Overbed Table MedaCure® Non-Tilt Top Spring Assisted Lift 28 to 45 Inch Height Range,,Medacure Inc,OB2845-MP,"Patient Room Furniture, Patient Room Fur",$85.47 ,,Shipped by Manufacturer,EA/1,,,https://imgcdn.mckesson.com/CumulusWeb/Images/Item_Detail/1281699_right.jpg,,https://mms.mckesson.com/product/1281699/Medacure-Inc-OB2845-MP
961132,Overbed Table Drive™ Non-Tilt Top Spring Assisted Lift 28 to 45 Inch Height Range,,Drive DeVilbiss Healthcare,16012-HCWC,"Patient Room Furniture, Patient Room Fur",$131.39 ,,Shipped by Manufacturer,EA/1,,,https://imgcdn.mckesson.com/CumulusWeb/Images/Item_Detail/961132.jpg,,https://mms.mckesson.com/product/961132/Drive-DeVilbiss-Healthcare-16012-HCWC
1168022,Overbed Table Drive™ Non-Tilt Top Spring Assisted Lift 28 to 45 Inch Height Range,,Drive DeVilbiss Healthcare,16012-HCGW,"Patient Room Furniture, Patient Room Fur",$159.47 ,,Shipped by Manufacturer,EA/1,,,https://imgcdn.mckesson.com/CumulusWeb/Images/Item_Detail/1168022_front.jpg,,https://mms.mckesson.com/product/1168022/Drive-DeVilbiss-Healthcare-16012-HCGW
1266319,Overbed Table Drive™ Non-Tilt Top Spring Assisted Lift 28 to 45 Inch Height Range,,Drive DeVilbiss Healthcare,16012-UCBO,"Patient Room Furniture, Patient Room Fur",$178.48 ,,Shipped by Manufacturer,EA/1,,,https://imgcdn.mckesson.com/CumulusWeb/Images/Item_Detail/1266319_front.jpg,,https://mms.mckesson.com/product/1266319/Drive-DeVilbiss-Healthcare-16012-UCBO
961134,Overbed Table with Vanity Drive™ Non-Tilt Top Spring Assisted Lift 28 to 45 Inch Height Range,,Drive DeVilbiss Healthcare,16012-HCSOV,"Patient Room Furniture, Patient Room Fur",$219.42 ,,Shipped by Manufacturer,EA/1,,,https://imgcdn.mckesson.com/CumulusWeb/Images/Item_Detail/961134.jpg,,https://mms.mckesson.com/product/961134/Drive-DeVilbiss-Healthcare-16012-HCSOV
959798,Seat Cushion Express Comfort Foam 18 W X 16 L X 2 D Inch Foam,,The Comfort Company,47B-EC,Patient Safety/Fall Management,$28.53 ,,Shipped by Manufacturer,EA/1,,,https://imgcdn.mckesson.com/CumulusWeb/Images/Item_Detail/959798.jpg,,https://mms.mckesson.com/product/959798/The-Comfort-Company-47B-EC
822651,Seat Cushion Pressure-Check 18 W X 16 L X 4 D Inch Foam,,Skil-Care,753179,Patient Safety/Fall Management,$31.88 ,,Shipped by Manufacturer,EA/1,,,https://imgcdn.mckesson.com/CumulusWeb/Images/Item_Detail/822651.jpg,,https://mms.mckesson.com/product/822651/Skil-Care-753179
1108332,Foot Pad For Wheelchair,,Performance Health,81714831,Patient Safety/Fall Management,$37.65 ,,In Stock - Network,EA/1,,,https://imgcdn.mckesson.com/CumulusWeb/Images/Item_Detail/1108332.jpg,,https://mms.mckesson.com/product/1108332/Performance-Health-081714831
785959,Shower Stool Lumex® Without Arms Aluminum Frame Without Backrest 13 Inch Seat Width 300 lbs. Weight Capacity,,Graham-Field,2060A,Patient Safety/Fall Management,$44.60 ,,Shipped by Manufacturer,CS/2,,,https://imgcdn.mckesson.com/CumulusWeb/Images/Item_Detail/785959_left.jpg,,https://mms.mckesson.com/product/785959/Graham-Field-2060A
843926,Pommel Seat Cushion E-Z Transfer Slider Pommel 20 W X 16 L X 1 D Inch Foam,,Skil-Care,706364,Patient Safety/Fall Management,$45.48 ,,Shipped by Manufacturer,EA/1,,,https://imgcdn.mckesson.com/CumulusWeb/Images/Item_Detail/843926.jpg,,https://mms.mckesson.com/product/843926/Skil-Care-706364
822472,Seat Cushion Classic Gel-Foam 16 W X 16 L X 2-1/2 D Inch Foam / Gel,,Skil-Care,751018,Patient Safety/Fall Management,$64.10 ,,Shipped by Manufacturer,EA/1,,,https://imgcdn.mckesson.com/CumulusWeb/Images/Item_Detail/822472.jpg,,https://mms.mckesson.com/product/822472/Skil-Care-751018
962255,Seat Cushion Shear Smart® 18 W X 16 L X 9/16 D Inch Polymer,,Action Products,CG1816,Patient Safety/Fall Management,$91.32 ,,Shipped by Manufacturer,EA/1,,,https://imgcdn.mckesson.com/CumulusWeb/Images/Item_Detail/962255.jpg,,https://mms.mckesson.com/product/962255/Action-Products-CG1816
1063281,Wheelchair Foot Protection Pillow Protekt® Foot Pillow One Size Fits Most Gray,,Proactive Medical Products LLC,60110,"Positioning Aids, Patient",$18.04 ,,Shipped by Manufacturer,EA/1,,,https://imgcdn.mckesson.com/CumulusWeb/Images/Item_Detail/1063281_group.jpg,,https://mms.mckesson.com/product/1063281/Proactive-Medical-Products-LLC-60110
252786,Armrest Bolster Skil-Care™,,Skil-Care,706112,"Positioning Aids, Patient",$28.18 ,,Shipped by Manufacturer,EA/1,,,https://imgcdn.mckesson.com/CumulusWeb/Images/Item_Detail/252786.jpg,,https://mms.mckesson.com/product/252786/Skil-Care-706112
866788,Armrest Bolster Skil-Care™ 11 L X 5 D Inch Foam,,Skil-Care,706115,"Positioning Aids, Patient",$28.75 ,,Shipped by Manufacturer,EA/1,,,https://imgcdn.mckesson.com/CumulusWeb/Images/Item_Detail/866788.jpg,,https://mms.mckesson.com/product/866788/Skil-Care-706115
582941,Lap Top Cushion For 18 Inch Half Arm Wheelchair,,Skil-Care,307044,"Positioning Aids, Patient",$34.59 ,,Shipped by Manufacturer,EA/1,,,https://imgcdn.mckesson.com/CumulusWeb/Images/Item_Detail/582941_ls.jpg,,https://mms.mckesson.com/product/582941/Skil-Care-307044
638730,Wheelchair Arm Support Tray For Full Arm Wheelchair,,Skil-Care,706142,"Positioning Aids, Patient",$38.05 ,,Shipped by Manufacturer,EA/1,,,https://imgcdn.mckesson.com/CumulusWeb/Images/Item_Detail/638730.jpg,,https://mms.mckesson.com/product/638730/Skil-Care-706142
468609,Headrest For 14 and 18 Inch Reclining Wheelchair,,Skil-Care,703116,"Positioning Aids, Patient",$42.25 ,,Shipped by Manufacturer,EA/1,,,https://imgcdn.mckesson.com/CumulusWeb/Images/Item_Detail/468609.jpg,,https://mms.mckesson.com/product/468609/Skil-Care-703116
582947,Headrest For 14 and 18 Inch Reclining Wheelchair,,Skil-Care,703117,"Positioning Aids, Patient",$42.25 ,,Shipped by Manufacturer,EA/1,,,https://imgcdn.mckesson.com/CumulusWeb/Images/Item_Detail/582947.jpg,,https://mms.mckesson.com/product/582947/Skil-Care-703117
579119,Wedge Seat Cushion with Pommel Skil-Care™ 18 W X 16 L X 4 to 1-1/2 D Inch Foam,,Skil-Care,758020,"Positioning Aids, Patient",$69.05 ,,Shipped by Manufacturer,EA/1,,,https://imgcdn.mckesson.com/CumulusWeb/Images/Item_Detail/579119.jpg,,https://mms.mckesson.com/product/579119/Skil-Care-758020
580286,Pommel Seat Cushion Skil-Care™ 18 W X 16 L X 3-1/2 D Inch Foam,,Skil-Care,758010,"Positioning Aids, Patient",$71.34 ,,"In Stock - Network (Get it Saturday, Oct 3)",EA/1,,,https://imgcdn.mckesson.com/CumulusWeb/Images/Item_Detail/580286_plineart.jpg,,https://mms.mckesson.com/product/580286/Skil-Care-758010
654073,Pommel Seat Cushion Skil-Care™ 18 W X 16 L X 4 D Inch Foam / Gel,,Skil-Care,758015,"Positioning Aids, Patient",$116.03 ,,Shipped by Manufacturer,EA/1,,,https://imgcdn.mckesson.com/CumulusWeb/Images/Item_Detail/654073.jpg,,https://mms.mckesson.com/product/654073/Skil-Care-758015
574026,Lateral Support Arm Trough For Wheelchair,,Performance Health,81159540,"Positioning Aids, Patient",$132.07 ,,Shipped by Manufacturer,EA/1,,,https://imgcdn.mckesson.com/CumulusWeb/Images/Item_Detail/574026.jpg,,https://mms.mckesson.com/product/574026/Performance-Health-081159540
252799,Wedge Seat Cushion with Pommel Slide Guard 18 W X 16 L X 4 to 1-1/2 D Inch Foam / Gel,,Skil-Care,751310,"Positioning Aids, Patient",$139.27 ,,Shipped by Manufacturer,EA/1,,,https://imgcdn.mckesson.com/CumulusWeb/Images/Item_Detail/252799_pdet.jpg,,https://mms.mckesson.com/product/252799/Skil-Care-751310
934056,Bed Mattress Gravity™ 9 Pressure Redistribution Type 6 H X 36 W X 76 L Inch,,Drive DeVilbiss Healthcare,15996,Powered Pressure Ulcer Mgt (PUM),$261.92 ,,Shipped by Manufacturer,EA/1,,,https://imgcdn.mckesson.com/CumulusWeb/Images/Item_Detail/934056_left.jpg,,https://mms.mckesson.com/product/934056/Drive-DeVilbiss-Healthcare-15996
583433,Mobile Chart Rack IPU® PVC Frame 15 X 48 X 65 White,,IPU,NCR40L,"Racks, Medical Chart",$565.07 ,,Shipped by Manufacturer,EA/1,,,https://imgcdn.mckesson.com/CumulusWeb/Images/Item_Detail/583433_left.jpg,,https://mms.mckesson.com/product/583433/IPU-NCR40L
1161301,Mobile Chart Rack Mov-it Elite Series I Steel Frame 19 X 51-3/4 Inch X 72-1/4 Inch Oak Finish,,First Healthcare Products,R01450F-00,"Racks, Medical Chart","$1,749.36 ",,Shipped by Manufacturer,EA/1,,,https://imgcdn.mckesson.com/CumulusWeb/Images/Item_Detail/1161301_dim.jpg,,https://mms.mckesson.com/product/1161301/First-Healthcare-Products-R01450F-00
710095,Wheelchair Armrest Pad For Wheelchair,,Graham-Field,90763022,Recliner Chairs,$15.41 ,,Shipped by Manufacturer,PR/1,,,https://imgcdn.mckesson.com/CumulusWeb/Images/Item_Detail/710095.jpg,,https://mms.mckesson.com/product/710095/Graham-Field-90763022
486847,Cable And Housing Assembly 9000XT Recliner Wheelchair,,Invacare,1074471,Recliner Chairs,$29.19 ,,Shipped by Manufacturer,EA/1,,,https://imgcdn.mckesson.com/CumulusWeb/Images/Item_Detail/486847.jpg,,https://mms.mckesson.com/product/486847/Invacare-1074471
1282989,Wheelchair Oxygen Cylinder Holder For Wheelchair,,New York Orthopedic,9546,Relaymed Goodmark,$12.11 ,,Shipped by Manufacturer,EA/1,,,https://imgcdn.mckesson.com/CumulusWeb/Images/Item_Detail/1282989_right.jpg,,https://mms.mckesson.com/product/1282989/New-York-Orthopedic-9546
957687,Basket,,Drive DeVilbiss Healthcare,815B,Rollators,$18.62 ,,Shipped by Manufacturer,EA/1,,,https://imgcdn.mckesson.com/CumulusWeb/Images/Item_Detail/957687.jpg,,https://mms.mckesson.com/product/957687/Drive-DeVilbiss-Healthcare-815B
977130,Front Caster Wheel For Rollator,,Drive DeVilbiss Healthcare,9501A75007,Rollators,$27.34 ,,Shipped by Manufacturer,EA/1,,,https://imgcdn.mckesson.com/CumulusWeb/Images/Item_Detail/977130.jpg,,https://mms.mckesson.com/product/977130/Drive-DeVilbiss-Healthcare-9501A75007
1281769,4 Wheel Rollator MedaCure® Red Adjustable Height Steel Frame,,Medacure Inc,R300-6-KD-RED,Rollators,$55.28 ,,Shipped by Manufacturer,EA/1,,,https://imgcdn.mckesson.com/CumulusWeb/Images/Item_Detail/1281769_left.jpg,,https://mms.mckesson.com/product/1281769/Medacure-Inc-R300-6-KD-RED
1281767,4 Wheel Rollator MedaCure® Black Adjustable Height Steel Frame,,Medacure Inc,R300-6-KD-BLK,Rollators,$55.28 ,,Shipped by Manufacturer,EA/1,,,https://imgcdn.mckesson.com/CumulusWeb/Images/Item_Detail/1281767_left.jpg,,https://mms.mckesson.com/product/1281767/Medacure-Inc-R300-6-KD-BLK
1281768,4 Wheel Rollator MedaCure® Blue Adjustable Height Steel Frame,,Medacure Inc,R300-6-KD-BLU,Rollators,$55.28 ,,Shipped by Manufacturer,EA/1,,,https://imgcdn.mckesson.com/CumulusWeb/Images/Item_Detail/1281768_left.jpg,,https://mms.mckesson.com/product/1281768/Medacure-Inc-R300-6-KD-BLU
1205409,4 Wheel Rollator McKesson Blue Adjustable Height Aluminum Frame,,McKesson Brand,146-R728BL,Rollators,$76.29 ,,"In Stock (Get it Tomorrow, Oct 1)",CS/1,,,https://imgcdn.mckesson.com/CumulusWeb/Images/Item_Detail/1205409_right.jpg,,https://mms.mckesson.com/product/1205409/McKesson-Brand-146-R728BL
677099,4 Wheel Rollator Lumex® Walkabout Lite Royal Blue Adjustable Height / Lightweight / Folding Aluminum Frame,,Graham-Field,RJ4300B,Rollators,$81.09 ,,Shipped by Manufacturer,EA/1,,,https://imgcdn.mckesson.com/CumulusWeb/Images/Item_Detail/677099_right.jpg,,https://mms.mckesson.com/product/677099/Graham-Field-RJ4300B
725050,4 Wheel Rollator Lumex® Walkabout Lite Pink Adjustable Height / Lightweight / Folding Aluminum Frame,,Graham-Field,RJ4300P,Rollators,$81.09 ,,Shipped by Manufacturer,EA/1,,,https://imgcdn.mckesson.com/CumulusWeb/Images/Item_Detail/725050_right.jpg,,https://mms.mckesson.com/product/725050/Graham-Field-RJ4300P
638763,4 Wheel Rollator Lumex® Walkabout Lite Burgundy Adjustable Height / Lightweight / Folding Aluminum Frame,,Graham-Field,RJ4300R,Rollators,$81.09 ,,Shipped by Manufacturer,EA/1,,,https://imgcdn.mckesson.com/CumulusWeb/Images/Item_Detail/638763_PC.jpg,,https://mms.mckesson.com/product/638763/Graham-Field-RJ4300R
733025,4 Wheel Rollator Lumex® Walkabout Lite Black Adjustable Height / Lightweight / Folding Aluminum Frame,,Graham-Field,RJ4300K,Rollators,$81.09 ,,Shipped by Manufacturer,EA/1,,,https://imgcdn.mckesson.com/CumulusWeb/Images/Item_Detail/733025_right.jpg,,https://mms.mckesson.com/product/733025/Graham-Field-RJ4300K
946371,4 Wheel Rollator Lumex® Set N Go Blue Adjustable Height / Folding Aluminum Frame,,Graham-Field,RJ4700B,Rollators,$87.85 ,,Shipped by Manufacturer,EA/1,,,https://imgcdn.mckesson.com/CumulusWeb/Images/Item_Detail/946371_right.jpg,,https://mms.mckesson.com/product/946371/Graham-Field-RJ4700B
576170,4 Wheel Rollator Lumex® Walkabout Junior Burgundy Adjustable Height / Lightweight / Folding Aluminum Frame,,Graham-Field,RJ4301R,Rollators,$87.85 ,,Shipped by Manufacturer,EA/1,,,https://imgcdn.mckesson.com/CumulusWeb/Images/Item_Detail/576170_right.jpg,,https://mms.mckesson.com/product/576170/Graham-Field-RJ4301R
738947,4 Wheel Rollator Lumex® Walkabout Hemi Royal Blue Adjustable Height / Folding Aluminum Frame,,Graham-Field,RJ4302B,Rollators,$87.85 ,,Shipped by Manufacturer,EA/1,,,https://imgcdn.mckesson.com/CumulusWeb/Images/Item_Detail/738947_right.jpg,,https://mms.mckesson.com/product/738947/Graham-Field-RJ4302B
738946,4 Wheel Rollator Lumex® Walkabout Hemi Burgundy Adjustable Height / Folding Aluminum Frame,,Graham-Field,RJ4302R,Rollators,$87.85 ,,Shipped by Manufacturer,EA/1,,,https://imgcdn.mckesson.com/CumulusWeb/Images/Item_Detail/738946_right.jpg,,https://mms.mckesson.com/product/738946/Graham-Field-RJ4302R
1205411,Bariatric 4 Wheel Rollator McKesson Blue Adjustable Height / Folding Steel Frame,,McKesson Brand,146-10215BL-1,Rollators,$89.17 ,,"In Stock (Get it Tomorrow, Oct 1)",CS/1,,,https://imgcdn.mckesson.com/CumulusWeb/Images/Item_Detail/1205411_left_.jpg,,https://mms.mckesson.com/product/1205411/McKesson-Brand-146-10215BL-1
1205410,4 Wheel Rollator McKesson Red Adjustable Height Aluminum Frame,,McKesson Brand,146-R728RD,Rollators,$91.23 ,,"In Stock - Network (Get it Saturday, Oct 3)",CS/1,,,https://imgcdn.mckesson.com/CumulusWeb/Images/Item_Detail/1205410_right.jpg,,https://mms.mckesson.com/product/1205410/McKesson-Brand-146-R728RD
1281770,Bariatric 4 Wheel Rollator MedaCure® Red Adjustable Height Steel Frame,,Medacure Inc,RB500,Rollators,$94.22 ,,Shipped by Manufacturer,EA/1,,,https://imgcdn.mckesson.com/CumulusWeb/Images/Item_Detail/1281770_left.jpg,,https://mms.mckesson.com/product/1281770/Medacure-Inc-RB500
983541,4 Wheel Rollator Lumex® Set N Go Burgundy Adjustable Height / Wide / Folding Aluminum Frame,,Graham-Field,RJ4718R,Rollators,$101.36 ,,Shipped by Manufacturer,EA/1,,,https://imgcdn.mckesson.com/CumulusWeb/Images/Item_Detail/983541_right.jpg,,https://mms.mckesson.com/product/983541/Graham-Field-RJ4718R
983542,4 Wheel Rollator Lumex® Set N Go Blue Adjustable Height / Wide / Folding Aluminum Frame,,Graham-Field,RJ4718B,Rollators,$101.36 ,,Shipped by Manufacturer,EA/1,,,https://imgcdn.mckesson.com/CumulusWeb/Images/Item_Detail/983542_right.jpg,,https://mms.mckesson.com/product/983542/Graham-Field-RJ4718B
983607,4 Wheel Rollator Lumex® Set N Go Silver Adjustable Height / Wide / Folding Aluminum Frame,,Graham-Field,RJ4718S,Rollators,$101.36 ,,Shipped by Manufacturer,EA/1,,,https://imgcdn.mckesson.com/CumulusWeb/Images/Item_Detail/983607_right.jpg,,https://mms.mckesson.com/product/983607/Graham-Field-RJ4718S
842787,4 Wheel Rollator Lumex® Walkabout Royal Blue Adjustable Height / Wide / Folding Aluminum Frame,,Graham-Field,RJ4318B,Rollators,$114.88 ,,Shipped by Manufacturer,EA/1,,,https://imgcdn.mckesson.com/CumulusWeb/Images/Item_Detail/842787_right.jpg,,https://mms.mckesson.com/product/842787/Graham-Field-RJ4318B
1205412,Bariatric 4 Wheel Rollator McKesson Red Adjustable Height / Folding Steel Frame,,McKesson Brand,146-10215RD-1,Rollators,$124.52 ,,"In Stock (Get it Tomorrow, Oct 1)",CS/1,,,https://imgcdn.mckesson.com/CumulusWeb/Images/Item_Detail/1205412_left.jpg,,https://mms.mckesson.com/product/1205412/McKesson-Brand-146-10215RD-1
1213040,3 Wheel Rollator drive™ Winnie Lite Supreme / Go Lite Tan Folding Aluminum Frame,,Drive DeVilbiss Healthcare,RTL199,Rollators,$134.87 ,,Shipped by Manufacturer,EA/1,,,https://imgcdn.mckesson.com/CumulusWeb/Images/Item_Detail/1213040_left.jpg,,https://mms.mckesson.com/product/1213040/Drive-DeVilbiss-Healthcare-RTL199
671286,Bariatric 4 Wheel Rollator Lumex® Walkabout Contour Imperial Burgundy Adjustable Height / Folding Aluminum Frame,,Graham-Field,RJ4405R,Rollators,$135.15 ,,Shipped by Manufacturer,EA/1,,,https://imgcdn.mckesson.com/CumulusWeb/Images/Item_Detail/671286_right.jpg,,https://mms.mckesson.com/product/671286/Graham-Field-RJ4405R
1102596,Bariatric 4 Wheel Rollator Lumex® Walkabout Contour Imperial Imperial Blue Adjustable Height / Folding Aluminum Frame,,Graham-Field,RJ4405B,Rollators,$135.15 ,,Shipped by Manufacturer,EA/1,,,https://imgcdn.mckesson.com/CumulusWeb/Images/Item_Detail/1102596_right.jpg,,https://mms.mckesson.com/product/1102596/Graham-Field-RJ4405B
1188022,3 Wheel Rollator drive™ Nitro Red Adjustable Height / Lightweight / Folding Aluminum Frame,,Drive DeVilbiss Healthcare,RTL10266TWHL,Rollators,$174.32 ,,Shipped by Manufacturer,EA/1,,,https://imgcdn.mckesson.com/CumulusWeb/Images/Item_Detail/1188022_left.jpg,,https://mms.mckesson.com/product/1188022/Drive-DeVilbiss-Healthcare-RTL10266TWHL
1239760,4 Wheel Rollator drive™ Nitro Sprint Red Folding Aluminum Frame,,Drive DeVilbiss Healthcare,102662RD,Rollators,$264.33 ,,"In Stock - Network (Get it Saturday, Oct 3)",EA/1,,,https://imgcdn.mckesson.com/CumulusWeb/Images/Item_Detail/1239760_left.jpg,,https://mms.mckesson.com/product/1239760/Drive-DeVilbiss-Healthcare-102662RD
980577,4 Wheel Rollator drive™ Nitro Hemi Black Adjustable Height / Folding Aluminum Frame,,Drive DeVilbiss Healthcare,RTL10266BK-H,Rollators,$285.01 ,,Shipped by Manufacturer,EA/1,,,https://imgcdn.mckesson.com/CumulusWeb/Images/Item_Detail/980577.jpg,,https://mms.mckesson.com/product/980577/Drive-DeVilbiss-Healthcare-RTL10266BK-H
949918,4 Wheel Rollator drive™ Nitro Red Adjustable Height / Tall / Folding Aluminum Frame,,Drive DeVilbiss Healthcare,RTL10266-T,Rollators,$288.35 ,,Shipped by Manufacturer,EA/1,,,https://imgcdn.mckesson.com/CumulusWeb/Images/Item_Detail/949918_left.jpg,,https://mms.mckesson.com/product/949918/Drive-DeVilbiss-Healthcare-RTL10266-T
1151609,4 Wheel Rollator drive™ Nitro DLX Blue Adjustable Height / Lightweight / Folding Aluminum Frame,,Drive DeVilbiss Healthcare,RTL10266BL-HS,Rollators,$316.66 ,,Shipped by Manufacturer,EA/1,,,https://imgcdn.mckesson.com/CumulusWeb/Images/Item_Detail/1151609_left.jpg,,https://mms.mckesson.com/product/1151609/Drive-DeVilbiss-Healthcare-RTL10266BL-HS
1268175,Warrantly Health O Meter® 2 Year Warranty For 2600KL and 2610KL Wheelchair Scales,,Health O Meter,SS-2620KL,Service Agreement / Warranty,$355.66 ,,Shipped by Manufacturer,EA/1,,,https://imgcdn.mckesson.com/CumulusWeb/Images/Item_Detail/1268175_warranty.jpg,,https://mms.mckesson.com/product/1268175/Health-O-Meter-SS-2620KL
1261167,Linen Cart 4 Shelves PVC MRI 3 Inch Twin-Wheel Locking Casters,,IPU,MRI-LC46-4,Service/Utility Carts,$855.51 ,,Shipped by Manufacturer,EA/1,,,https://imgcdn.mckesson.com/CumulusWeb/Images/Item_Detail/1261167_right.jpg,,https://mms.mckesson.com/product/1261167/IPU-MRI-LC46-4
1128906,Bath Bench McKesson Without Arms Aluminum Frame Without Backrest 19-1/4 Inch Seat Width 300 lbs. Weight Capacity,,McKesson Brand,146-12203KD-1,Shower/Bath Chairs,$24.41 ,,"In Stock - Network (Get it Saturday, Oct 3)",EA/1,,,https://imgcdn.mckesson.com/CumulusWeb/Images/Item_Detail/1128906_left.jpg,,https://mms.mckesson.com/product/1128906/McKesson-Brand-146-12203KD-1
1065209,Bath Bench McKesson Without Arms Aluminum Frame Without Backrest 19-1/4 Inch Seat Width 300 lbs. Weight Capacity,,McKesson Brand,146-RTL12203KDR,Shower/Bath Chairs,$24.46 ,,"In Stock (Get it Tomorrow, Oct 1)",EA/1,,,https://imgcdn.mckesson.com/CumulusWeb/Images/Item_Detail/1065209_front.jpg,,https://mms.mckesson.com/product/1065209/McKesson-Brand-146-RTL12203KDR
1095251,Shower Stool McKesson Without Arms Aluminum Frame Without Backrest 13 Inch Seat Width 300 lbs. Weight Capacity,,McKesson Brand,146-RTL12004KD,Shower/Bath Chairs,$25.11 ,,In Stock,EA/1,,,https://imgcdn.mckesson.com/CumulusWeb/Images/Item_Detail/1095251.jpg,,https://mms.mckesson.com/product/1095251/McKesson-Brand-146-RTL12004KD
1128905,Bath Bench McKesson Without Arms Aluminum Frame Removable Backrest 19-1/4 Inch Seat Width 300 lbs. Weight Capacity,,McKesson Brand,146-12202KD-1,Shower/Bath Chairs,$26.58 ,,"In Stock (Get it Tomorrow, Oct 1)",EA/1,,,https://imgcdn.mckesson.com/CumulusWeb/Images/Item_Detail/1128905_left.jpg,,https://mms.mckesson.com/product/1128905/McKesson-Brand-146-12202KD-1
1281711,Bath Bench Without Arms Aluminum Frame With Backrest 19-1/4 Inch Seat Width 300 lbs. Weight Capacity,,Medacure Inc,BB400,Shower/Bath Chairs,$29.36 ,,Shipped by Manufacturer,EA/1,,,https://imgcdn.mckesson.com/CumulusWeb/Images/Item_Detail/1281711_left.jpg,,https://mms.mckesson.com/product/1281711/Medacure-Inc-BB400
1065208,Bath Bench McKesson Without Arms Aluminum Frame Removable Backrest 19-1/4 Inch Seat Width 300 lbs. Weight Capacity,,McKesson Brand,146-RTL12202KDR,Shower/Bath Chairs,$32.84 ,,"In Stock (Get it Tomorrow, Oct 1)",EA/1,,,https://imgcdn.mckesson.com/CumulusWeb/Images/Item_Detail/1065208_front.jpg,,https://mms.mckesson.com/product/1065208/McKesson-Brand-146-RTL12202KDR
1281712,Shower Chair Without Arms Aluminum Frame With Backrest 20 Inch Seat Width 500 lbs. Weight Capacity,,Medacure Inc,BB500,Shower/Bath Chairs,$41.29 ,,Shipped by Manufacturer,EA/1,,,https://imgcdn.mckesson.com/CumulusWeb/Images/Item_Detail/1281712_left.jpg,,https://mms.mckesson.com/product/1281712/Medacure-Inc-BB500
803762,Shower Stool HealthSmart™ Without Arms Plastic Frame Without Backrest 16 Inch Seat Width 400 lbs. Weight Capacity,,Mabis Healthcare,522-9810-1900,Shower/Bath Chairs,$45.21 ,,Shipped by Manufacturer,EA/1,,,https://imgcdn.mckesson.com/CumulusWeb/Images/Item_Detail/803762_front.jpg,,https://mms.mckesson.com/product/803762/Mabis-Healthcare-522-9810-1900
1065204,Bath Bench McKesson Removable Arms Plastic Frame Removable Backrest 21-1/4 Inch Seat Width 350 lbs. Weight Capacity,,McKesson Brand,146-RTL12505,Shower/Bath Chairs,$46.14 ,,"In Stock - Network (Get it Saturday, Oct 3)",EA/1,,,https://imgcdn.mckesson.com/CumulusWeb/Images/Item_Detail/1065204_front.jpg,,https://mms.mckesson.com/product/1065204/McKesson-Brand-146-RTL12505
1205414,Bath Bench McKesson Without Arms Aluminum Frame With Backrest 20 Inch Seat Width 500 lbs. Weight Capacity,,McKesson Brand,146-12021KD-1,Shower/Bath Chairs,$56.80 ,,"In Stock (Get it Tomorrow, Oct 1)",CS/1,,,https://imgcdn.mckesson.com/CumulusWeb/Images/Item_Detail/1205414_left.jpg,,https://mms.mckesson.com/product/1205414/McKesson-Brand-146-12021KD-1
812101,Bath Bench drive™ Without Arms Aluminum Frame Without Backrest 20 Inch Seat Width 500 lbs. Weight Capacity,,Drive DeVilbiss Healthcare,12022KD-1,Shower/Bath Chairs,$65.76 ,,Shipped by Manufacturer,EA/1,,,https://imgcdn.mckesson.com/CumulusWeb/Images/Item_Detail/812101_left.jpg,,https://mms.mckesson.com/product/812101/Drive-DeVilbiss-Healthcare-12022KD-1
1044327,Shower Chair drive™ Without Arms Plastic Frame With Backrest 21-1/2 Inch Seat Width 300 lbs. Weight Capacity,,Drive DeVilbiss Healthcare,RTL12606,Shower/Bath Chairs,$66.59 ,,Shipped by Manufacturer,EA/1,,,https://imgcdn.mckesson.com/CumulusWeb/Images/Item_Detail/1044327.jpg,,https://mms.mckesson.com/product/1044327/Drive-DeVilbiss-Healthcare-RTL12606
824178,Shower Chair HealthSmart™ Without Arms Steel Frame Without Backrest 16-1/4 Inch Seat Width 250 lbs. Weight Capacity,,Mabis Healthcare,522-3700-1900,Shower/Bath Chairs,$66.66 ,,Shipped by Manufacturer,EA/1,,,https://imgcdn.mckesson.com/CumulusWeb/Images/Item_Detail/824178_front.jpg,,https://mms.mckesson.com/product/824178/Mabis-Healthcare-522-3700-1900
1032859,Bath Bench drive™ Padded Removable Arms Aluminum Frame With Backrest 16 Inch Seat Width 300 lbs. Weight Capacity,,Drive DeVilbiss Healthcare,12445KD-1,Shower/Bath Chairs,$67.70 ,,"In Stock (Get it Tomorrow, Oct 1)",EA/1,,,https://imgcdn.mckesson.com/CumulusWeb/Images/Item_Detail/1032859_left_.jpg,,https://mms.mckesson.com/product/1032859/Drive-DeVilbiss-Healthcare-12445KD-1
803775,Bath Bench HealthSmart™ Without Arms Aluminum Frame With Backrest 17 Inch Seat Width 325 lbs. Weight Capacity,,Mabis Healthcare,522-9816-1900,Shower/Bath Chairs,$68.55 ,,Shipped by Manufacturer,EA/1,,,https://imgcdn.mckesson.com/CumulusWeb/Images/Item_Detail/803775_left.jpg,,https://mms.mckesson.com/product/803775/Mabis-Healthcare-522-9816-1900
1219043,Shower Chair Lumex® Without Arms Aluminum Frame Padded Backrest 16 Inch Seat Width 300 lbs. Weight Capacity,,Graham-Field,7944KD-1,Shower/Bath Chairs,$86.31 ,,Shipped by Manufacturer,EA/1,,,https://imgcdn.mckesson.com/CumulusWeb/Images/Item_Detail/1219043_pkit.jpg,,https://mms.mckesson.com/product/1219043/Graham-Field-7944KD-1
1295686,Shower Stool Etac® Edge Without Arms Plastic Frame Without Backrest,,DT Davis Enterprises Ltd,E81801010,Shower/Bath Chairs,$87.85 ,,Shipped by Manufacturer,EA/1,,,https://imgcdn.mckesson.com/CumulusWeb/Images/Item_Detail/1295686_left.jpg,,https://mms.mckesson.com/product/1295686/DT-Davis-Enterprises-Ltd-E81801010
1295690,Shower Stool Etac® Smart Without Arms Plastic Frame Without Backrest 15/17 Inch Seat Width 352 lbs. Weight Capacity,,DT Davis Enterprises Ltd,E81951010,Shower/Bath Chairs,$91.17 ,,Shipped by Manufacturer,EA/1,,,https://imgcdn.mckesson.com/CumulusWeb/Images/Item_Detail/1295690_left.jpg,,https://mms.mckesson.com/product/1295690/DT-Davis-Enterprises-Ltd-E81951010
1073632,Bath Bench McKesson Without Arms Aluminum Frame Without Backrest 19-1/4 Inch Seat Width 300 lbs. Weight Capacity,,McKesson Brand,146-12203KD-4,Shower/Bath Chairs,$93.77 ,,"In Stock - Network (Get it Tuesday, Oct 6)",CS/4,,,https://imgcdn.mckesson.com/CumulusWeb/Images/Item_Detail/1073632_front.jpg,,https://mms.mckesson.com/product/1073632/McKesson-Brand-146-12203KD-4
1248525,IPU® Shower Chair Caster Set For Shower Chair,,,,Shower/Bath Chairs,$96 ,,Shipped by Manufacturer,ST/1,,,https://imgcdn.mckesson.com/CumulusWeb/Images/Item_Detail/1248525_pkit.jpg,,https://mms.mckesson.com/product/1248525/IPU-SC-LPCSET-4
1073631,Bath Bench McKesson Without Arms Aluminum Frame Removable Backrest 19-1/4 Inch Seat Width 300 lbs. Weight Capacity,,McKesson Brand,146-12202KD-4,Shower/Bath Chairs,$103.84 ,,"In Stock - Network (Get it Friday, Oct 2)",CS/4,,,https://imgcdn.mckesson.com/CumulusWeb/Images/Item_Detail/1073631_left.jpg,,https://mms.mckesson.com/product/1073631/McKesson-Brand-146-12202KD-4
1172913,Shower Chair Nova Without Arms Aluminum Frame Removable Backrest 20 Inch Seat Width 300 lbs. Weight Capacity,,Nova Ortho-Med,9101-R,Shower/Bath Chairs,$103.94 ,,In Stock - Network,CS/2,,,https://imgcdn.mckesson.com/CumulusWeb/Images/Item_Detail/1172913_right.jpg,,https://mms.mckesson.com/product/1172913/Nova-Ortho-Med-9101-R
1295685,Shower Chair Etac® Swift Fixed Arms Plastic Frame With Backrest,,DT Davis Enterprises Ltd,E81701730,Shower/Bath Chairs,$118.14 ,,Shipped by Manufacturer,EA/1,,,https://imgcdn.mckesson.com/CumulusWeb/Images/Item_Detail/1295685_left.jpg,,https://mms.mckesson.com/product/1295685/DT-Davis-Enterprises-Ltd-E81701730
844032,Shower Chair HealthSmart™ Without Arms Aluminum Frame With Backrest 21 Inch Seat Width 500 lbs. Weight Capacity,,Mabis Healthcare,524-1816-1999,Shower/Bath Chairs,$126.97 ,,Shipped by Manufacturer,EA/1,,,https://imgcdn.mckesson.com/CumulusWeb/Images/Item_Detail/844032_front.jpg,,https://mms.mckesson.com/product/844032/Mabis-Healthcare-524-1816-1999
1192765,Bath Bench PreserveTech Swivel Padded Flip-Back Arms Aluminum Frame With Backrest 18 Inch Seat Width 350 lbs. Weight Capacity,,Drive DeVilbiss Healthcare,RTL12A001-GR,Shower/Bath Chairs,$127.12 ,,Shipped by Manufacturer,EA/1,,,https://imgcdn.mckesson.com/CumulusWeb/Images/Item_Detail/1192765_left.jpg,,https://mms.mckesson.com/product/1192765/Drive-DeVilbiss-Healthcare-RTL12A001-GR
624878,Bath Bench drive™ Without Arms Aluminum Frame With Backrest 16-1/2 Inch Seat Width 600 lbs. Weight Capacity,,Drive DeVilbiss Healthcare,12029-2,Shower/Bath Chairs,$151.96 ,,"In Stock - Network (Get it Tuesday, Oct 6)",CS/2,,,https://imgcdn.mckesson.com/CumulusWeb/Images/Item_Detail/624878.jpg,,https://mms.mckesson.com/product/624878/Drive-DeVilbiss-Healthcare-12029-2
1060942,Shower Stool drive™ Without Arms Plastic Frame Without Backrest 14 Inch Seat Width 450 lbs. Weight Capacity,,Drive DeVilbiss Healthcare,RTL12061M,Shower/Bath Chairs,$187.16 ,,Shipped by Manufacturer,CS/4,,,https://imgcdn.mckesson.com/CumulusWeb/Images/Item_Detail/1060942.jpg,,https://mms.mckesson.com/product/1060942/Drive-DeVilbiss-Healthcare-RTL12061M
547974,Shower Stool Without Arms PVC Frame Without Backrest 900 lbs. Weight Capacity,,IPU,BSS600,Shower/Bath Chairs,$235.16 ,,Shipped by Manufacturer,EA/1,,,https://imgcdn.mckesson.com/CumulusWeb/Images/Item_Detail/IPU_547974.jpg,,https://mms.mckesson.com/product/547974/IPU-BSS600
938176,Bath Chair Otter Without Arms Plastic Frame Reclining Backrest 14-1/2 Inch Seat Width 160 lbs. Weight Capacity,,,,Shower/Bath Chairs,$273.61 ,,Shipped by Manufacturer,EA/1,,,https://imgcdn.mckesson.com/CumulusWeb/Images/Item_Detail/938176_right.jpg,,https://mms.mckesson.com/product/938176/Drive-DeVilbiss-Healthcare-OT-3000
944260,Bath Chair Otter Without Arms Plastic Frame Reclining Backrest 14-1/2 Inch Seat Width 120 lbs. Weight Capacity,,,,Shower/Bath Chairs,$325.62 ,,Shipped by Manufacturer,CS/1,,,https://imgcdn.mckesson.com/CumulusWeb/Images/Item_Detail/944260.jpg,,https://mms.mckesson.com/product/944260/Drive-DeVilbiss-Healthcare-OT-2000
1277494,Commode / Shower Chair Sentinel Steel Frame With Backrest 18 Inch Seat Width 300 lbs. Weight Capacity,,Broda Enterprises Inc,CS313-18,Shower/Bath Chairs,"$1,315.02 ",,Shipped by Manufacturer,EA/1,,,https://imgcdn.mckesson.com/CumulusWeb/Images/Item_Detail/1277494_left.jpg,,https://mms.mckesson.com/product/1277494/Broda-Enterprises-Inc-CS313-18
1277493,Commode / Shower Chair Sentinel Steel Frame With Backrest 18 Inch Seat Width 300 lbs. Weight Capacity,,Broda Enterprises Inc,CS313-500-18,Shower/Bath Chairs,"$1,596.14 ",,Shipped by Manufacturer,EA/1,,,https://imgcdn.mckesson.com/CumulusWeb/Images/Item_Detail/1277493_left.jpg,,https://mms.mckesson.com/product/1277493/Broda-Enterprises-Inc-CS313-500-18
1277496,Commode / Shower Chair Sentinel Steel Frame With Backrest 20 Inch Seat Width 300 lbs. Weight Capacity,,Broda Enterprises Inc,CS313-20,Shower/Bath Chairs,"$1,605.60 ",,Shipped by Manufacturer,EA/1,,,https://imgcdn.mckesson.com/CumulusWeb/Images/Item_Detail/1277496_left.jpg,,https://mms.mckesson.com/product/1277496/Broda-Enterprises-Inc-CS313-20
1277498,Commode / Shower Chair Sentinel Steel Frame With Backrest 22 Inch Seat Width 300 lbs. Weight Capacity,,Broda Enterprises Inc,CS313-22,Shower/Bath Chairs,"$1,677.23 ",,Shipped by Manufacturer,EA/1,,,https://imgcdn.mckesson.com/CumulusWeb/Images/Item_Detail/1277498_left.jpg,,https://mms.mckesson.com/product/1277498/Broda-Enterprises-Inc-CS313-22
1277495,Commode / Shower Chair Sentinel Steel Frame With Backrest 20 Inch Seat Width 300 lbs. Weight Capacity,,Broda Enterprises Inc,CS313-500-20,Shower/Bath Chairs,"$1,886.72 ",,Shipped by Manufacturer,EA/1,,,https://imgcdn.mckesson.com/CumulusWeb/Images/Item_Detail/1277495_left.jpg,,https://mms.mckesson.com/product/1277495/Broda-Enterprises-Inc-CS313-500-20
1277497,Commode / Shower Chair Sentinel Steel Frame With Backrest 22 Inch Seat Width 300 lbs. Weight Capacity,,Broda Enterprises Inc,CS313-500-22,Shower/Bath Chairs,"$1,958.35 ",,Shipped by Manufacturer,EA/1,,,https://imgcdn.mckesson.com/CumulusWeb/Images/Item_Detail/1277497_left.jpg,,https://mms.mckesson.com/product/1277497/Broda-Enterprises-Inc-CS313-500-22
1277491,Commode / Shower Chair Revive Steel Frame 22 Inch Seat Width 400 lbs. Weight Capacity,,Broda Enterprises Inc,CS385-22,Shower/Bath Chairs,"$2,812.50 ",,Shipped by Manufacturer,EA/1,,,https://imgcdn.mckesson.com/CumulusWeb/Images/Item_Detail/1277491_left.jpg,,https://mms.mckesson.com/product/1277491/Broda-Enterprises-Inc-CS385-22
1277490,Commode / Shower Chair Revive Steel Frame 18 Inch Seat Width 400 lbs. Weight Capacity,,Broda Enterprises Inc,CS385-18,Shower/Bath Chairs,"$2,812.50 ",,Shipped by Manufacturer,EA/1,,,https://imgcdn.mckesson.com/CumulusWeb/Images/Item_Detail/1277490_left.jpg,,https://mms.mckesson.com/product/1277490/Broda-Enterprises-Inc-CS385-18
1277492,Commode / Shower Chair Revive Bariatric Steel Frame 27 Inch Seat Width 800 lbs. Weight Capacity,,Broda Enterprises Inc,B385-27,Shower/Bath Chairs,"$5,772.32 ",,Shipped by Manufacturer,EA/1,,,https://imgcdn.mckesson.com/CumulusWeb/Images/Item_Detail/1277492_left.jpg,,https://mms.mckesson.com/product/1277492/Broda-Enterprises-Inc-B385-27
876605,Shower Stool drive™ Without Arms Aluminum Frame Without Backrest 13-1/2 Inch Seat Width 300 lbs. Weight Capacity,,Drive DeVilbiss Healthcare,RTL12004KD,Stools,$29.21 ,,"In Stock (Get it Tomorrow, Oct 1)",EA/1,,,https://imgcdn.mckesson.com/CumulusWeb/Images/Item_Detail/876605_pkgleft.jpg,,https://mms.mckesson.com/product/876605/Drive-DeVilbiss-Healthcare-RTL12004KD
407036,Exam Stool McKesson Without Backrest Pneumatic Height Adjustment 5 Casters Black,,McKesson Brand,81-11001US393,Stools,$227.22 ,,In Stock,EA/1,,,https://imgcdn.mckesson.com/CumulusWeb/Images/Item_Detail/407036_front_.jpg,,https://mms.mckesson.com/product/407036/McKesson-Brand-81-11001US393
407058,Exam Stool McKesson With Backrest Pneumatic Height Adjustment 5 Casters Black,,McKesson Brand,81-11001BUS393,Stools,$360.23 ,,In Stock,EA/1,,,https://imgcdn.mckesson.com/CumulusWeb/Images/Item_Detail/407058_left.jpg,,https://mms.mckesson.com/product/407058/McKesson-Brand-81-11001BUS393
407104,Exam Stool McKesson With Backrest Pneumatic Height Adjustment 5 Casters Black,,McKesson Brand,81-11001BFRUS393,Stools,$400.59 ,,"In Stock (Get it Tomorrow, Oct 1)",EA/1,,,https://imgcdn.mckesson.com/CumulusWeb/Images/Item_Detail/407104_left1.jpg,,https://mms.mckesson.com/product/407104/McKesson-Brand-81-11001BFRUS393
1284693,All Purpose Stool Acton® Contoured Backrest Pneumatic Height Adjustment 5 Wheels Navy Blue,,Market Lab Inc,0075-NV,Stools,$742.46 ,,In Stock - Network,EA/1,,,https://imgcdn.mckesson.com/CumulusWeb/Images/Item_Detail/1284693_left.jpg,,https://mms.mckesson.com/product/1284693/Market-Lab-Inc-0075-NV
1126886,Evacuation Stair Chair,,Fabrication Enterprises,16-1903,Stretchers,$424.19 ,,Shipped by Manufacturer,EA/1,,,https://imgcdn.mckesson.com/CumulusWeb/Images/Item_Detail/1126886.jpg,,https://mms.mckesson.com/product/1126886/Fabrication-Enterprises-16-1903
1134783,Evacuation Stair Chair,,Fabrication Enterprises,16-1902,Stretchers,"$1,186.13 ",,Shipped by Manufacturer,EA/1,,,https://imgcdn.mckesson.com/CumulusWeb/Images/Item_Detail/1134783.jpg,,https://mms.mckesson.com/product/1134783/Fabrication-Enterprises-16-1902
1110648,Transport Stretcher Stryker® M-Series 1015 Adjustable Height 700 lbs. Weight Capacity,,Gumbo Medical,S1015TM,Stretchers,"$2,567.88 ",,Shipped by Manufacturer,EA/1,,,https://imgcdn.mckesson.com/CumulusWeb/Images/Item_Detail/1110648_left.jpg,,https://mms.mckesson.com/product/1110648/Gumbo-Medical-S1015TM
1261871,Refurbished Stretcher Stryker® Prime Adjustable Height 700 lbs. Weight Capacity,,Soma Technology,STY-1105PRIME,Stretchers,"$5,004.46 ",,Shipped by Manufacturer,EA/1,,,https://imgcdn.mckesson.com/CumulusWeb/Images/Item_Detail/1261871_left.jpg,,https://mms.mckesson.com/product/1261871/Soma-Technology-STY-1105PRIME
1277489,Wheelchair Traversa Transport Black Upholstery 20 Inch Seat Width Adult 450 lbs. Weight Capacity,,Broda Enterprises Inc,LT-550-WC19,Stretchers,"$7,095.46 ",,Shipped by Manufacturer,EA/1,,,https://imgcdn.mckesson.com/CumulusWeb/Images/Item_Detail/1277489_left.jpg,,https://mms.mckesson.com/product/1277489/Broda-Enterprises-Inc-LT-550-WC19
1220192,Caster Wheel Med-Mizer Bed,,Med-Mizer,7390,Surgical Room Furn & Equip,$74.60 ,,Shipped by Manufacturer,EA/1,,,https://imgcdn.mckesson.com/CumulusWeb/Images/Item_Detail/1220192_front.jpg,,https://mms.mckesson.com/product/1220192/Med-Mizer-7390
1228594,Reusable Underpad Cardinal Health™ Essentials 18 X 18 Inch Super Absorbent Core Moderate Absorbency,,Cardinal,ZRUP1818R,"Underpad, Disposable, Incontinence",$5.55 ,,"In Stock - Network (Get it Friday, Oct 2)",PK/2,,,https://imgcdn.mckesson.com/CumulusWeb/Images/Item_Detail/1228594_front.jpg,,https://mms.mckesson.com/product/1228594/Cardinal-ZRUP1818R
1045753,Wheelchair Seat Cushion Incontinence Liner Incontinent Cover Pilot™ 18 X 18 Inch,,Action Products,COI9008-2,"Underpad, Reusable, Incontinence",$36.48 ,,Shipped by Manufacturer,EA/1,,,https://imgcdn.mckesson.com/CumulusWeb/Images/Item_Detail/1045753.jpg,,https://mms.mckesson.com/product/1045753/Action-Products-COI9008-2
1218110,Wheeled Stand for Vein Finder NextVein For NextVein Visualization System,,NextVein LLC,S800NV,Venous Cannulae,$826.28 ,,Shipped by Manufacturer,EA/1,,,https://imgcdn.mckesson.com/CumulusWeb/Images/Item_Detail/1218110_side.jpg,,https://mms.mckesson.com/product/1218110/NextVein-LLC-S800NV
579669,Wheelchair Safety Vest For Wheelchair,,Skil-Care,301103,"Vest, Restraints",$16.42 ,,"In Stock - Network (Get it Tuesday, Oct 6)",EA/1,,,https://imgcdn.mckesson.com/CumulusWeb/Images/Item_Detail/579669.jpg,,https://mms.mckesson.com/product/579669/Skil-Care-301103
1076177,McKesson Walker Wheel For 1-inch Frame Diameter Walkers,,McKesson Brand,146-10109,Walker Parts,$7.19 ,,"In Stock (Get it Tomorrow, Oct 1)",PR/1,,,https://imgcdn.mckesson.com/CumulusWeb/Images/Item_Detail/1076177_ppkgleft.jpg,,https://mms.mckesson.com/product/1076177/McKesson-Brand-146-10109
338382,"Walker Wheels, Fixed For Walker",,Graham-Field,603650A,Walker Parts,$9.80 ,,Shipped by Manufacturer,PR/1,,,https://imgcdn.mckesson.com/CumulusWeb/Images/Item_Detail/338382_left.jpg,,https://mms.mckesson.com/product/338382/Graham-Field-603650A
1078681,Rear Wheel Replacement,,Graham-Field,RJ4700-WH,Walker Parts,$10.41 ,,Shipped by Manufacturer,EA/1,,,https://imgcdn.mckesson.com/CumulusWeb/Images/Item_Detail/1078681.jpg,,https://mms.mckesson.com/product/1078681/Graham-Field-RJ4700-WH
875591,drive™ Wheel Assembly For 726 Rollator,,Drive DeVilbiss Healthcare,9501S72600,Walker Parts,$12.88 ,,Shipped by Manufacturer,EA/1,,,https://imgcdn.mckesson.com/CumulusWeb/Images/Item_Detail/875591.jpg,,https://mms.mckesson.com/product/875591/Drive-DeVilbiss-Healthcare-9501S72600
718382,Rear Wheel For Rollator,,Drive DeVilbiss Healthcare,10215RW,Walker Parts,$13.24 ,,Shipped by Manufacturer,EA/1,,,https://imgcdn.mckesson.com/CumulusWeb/Images/Item_Detail/718382.jpg,,https://mms.mckesson.com/product/718382/Drive-DeVilbiss-Healthcare-10215RW
1049036,Rollator Handbrake and Cable For 10257 Four Wheel Rollator Walker with Fold Up Removable Back Support,,Drive DeVilbiss Healthcare,9502F1025701,Walker Parts,$15.56 ,,Shipped by Manufacturer,EA/1,,,https://imgcdn.mckesson.com/CumulusWeb/Images/Item_Detail/1049036_side.jpg,,https://mms.mckesson.com/product/1049036/Drive-DeVilbiss-Healthcare-9502F1025701
1180769,Walker Wheel For Walker,,Nova Ortho-Med,410SI,Walker Parts,$16.22 ,,Shipped by Manufacturer,EA/1,,,https://imgcdn.mckesson.com/CumulusWeb/Images/Item_Detail/1180769_group.jpg,,https://mms.mckesson.com/product/1180769/Nova-Ortho-Med-410SI
455161,Walker Wheels For Walker,,Graham-Field,603830A,Walker Parts,$18.92 ,,Shipped by Manufacturer,PR/1,,,https://imgcdn.mckesson.com/CumulusWeb/Images/Item_Detail/455161_left.jpg,,https://mms.mckesson.com/product/455161/Graham-Field-603830A
732978,drive™ Extension Leg with Wheel For Walker,,Drive DeVilbiss Healthcare,10108WC,Walker Parts,$20.60 ,,"In Stock (Get it Tomorrow, Oct 1)",BX/1,,,https://imgcdn.mckesson.com/CumulusWeb/Images/Item_Detail/732978_pkgleft.jpg,,https://mms.mckesson.com/product/732978/Drive-DeVilbiss-Healthcare-10108WC
740957,Lumex® Fixed Wheel For Walker,,Graham-Field,603950A,Walker Parts,$22.98 ,,Shipped by Manufacturer,PR/1,,,https://imgcdn.mckesson.com/CumulusWeb/Images/Item_Detail/740957_right.jpg,,https://mms.mckesson.com/product/740957/Graham-Field-603950A
1027782,Rollator Handle Bar Assembly For R800 steel Rollator With 6 Inch Wheel,,Drive DeVilbiss Healthcare,750BCR-2M,Walker Parts,$23.39 ,,Shipped by Manufacturer,EA/1,,,https://imgcdn.mckesson.com/CumulusWeb/Images/Item_Detail/1027782.jpg,,https://mms.mckesson.com/product/1027782/Drive-DeVilbiss-Healthcare-750BCR-2M
1027780,2M Serial # Rollator Brake Assembly For R800 steel Rollator With 6 Inch Wheel,,Drive DeVilbiss Healthcare,750BCL-2M,Walker Parts,$23.39 ,,Shipped by Manufacturer,EA/1,,,https://imgcdn.mckesson.com/CumulusWeb/Images/Item_Detail/1027780.jpg,,https://mms.mckesson.com/product/1027780/Drive-DeVilbiss-Healthcare-750BCL-2M
628258,drive™ Wheel With Brake For Walker,,Drive DeVilbiss Healthcare,10106,Walker Parts,$24.92 ,,"In Stock - Network (Get it Saturday, Oct 3)",PR/1,,,https://imgcdn.mckesson.com/CumulusWeb/Images/Item_Detail/628258.jpg,,https://mms.mckesson.com/product/628258/Drive-DeVilbiss-Healthcare-10106
691932,drive™ Walker Wheels For Bariatric Walker,,Drive DeVilbiss Healthcare,10118SV,Walker Parts,$25.96 ,,Shipped by Manufacturer,BX/1,,,https://imgcdn.mckesson.com/CumulusWeb/Images/Item_Detail/691932_left.jpg,,https://mms.mckesson.com/product/691932/Drive-DeVilbiss-Healthcare-10118SV
686749,drive™ Swivel Wheel For Walker,,Drive DeVilbiss Healthcare,10113,Walker Parts,$29.35 ,,Shipped by Manufacturer,BX/1,,,https://imgcdn.mckesson.com/CumulusWeb/Images/Item_Detail/686749_1.jpg,,https://mms.mckesson.com/product/686749/Drive-DeVilbiss-Healthcare-10113
852331,4 Wheel Rollator drive™ Blue Adjustable Height / Folding Aluminum Frame,,Drive DeVilbiss Healthcare,RTL10261BL,Walker Parts,$91.68 ,,"In Stock (Get it Tomorrow, Oct 1)",EA/1,,,https://imgcdn.mckesson.com/CumulusWeb/Images/Item_Detail/852331_left.jpg,,https://mms.mckesson.com/product/852331/Drive-DeVilbiss-Healthcare-RTL10261BL
811729,3 Wheel Rollator drive™ Deluxe Flame Blue Adjustable Height / Folding Aluminum Frame,,Drive DeVilbiss Healthcare,10289BL,Walker Parts,$112.40 ,,In Stock - Network,CS/1,,,https://imgcdn.mckesson.com/CumulusWeb/Images/Item_Detail/811729_left.jpg,,https://mms.mckesson.com/product/811729/Drive-DeVilbiss-Healthcare-10289BL
1018845,Wheelchair Tote Bag 2M Serial # For 795 Duet Transport Wheelchair Rollator Walker,,Drive DeVilbiss Healthcare,9501A79504-2M,Walkers,$16.69 ,,Shipped by Manufacturer,EA/1,,,https://imgcdn.mckesson.com/CumulusWeb/Images/Item_Detail/1018845.jpg,,https://mms.mckesson.com/product/1018845/Drive-DeVilbiss-Healthcare-9501A79504-2M
1281765,Dual Trigger Release Folding Walker with Wheels Adjustable Height MedaCure® Aluminum Frame 350 lbs. Weight Capacity 25 to 32 Inch Height,,Medacure Inc,JWNW,Walkers,$22.19 ,,Shipped by Manufacturer,EA/1,,,https://imgcdn.mckesson.com/CumulusWeb/Images/Item_Detail/1281765_left.jpg,,https://mms.mckesson.com/product/1281765/Medacure-Inc-JWNW
1281764,Dual Release Walker with Wheels MedaCure® Aluminum Frame 350 lbs. Weight Capacity 25 to 32 Inch Height,,Medacure Inc,JW5W,Walkers,$23.37 ,,Shipped by Manufacturer,EA/1,,,https://imgcdn.mckesson.com/CumulusWeb/Images/Item_Detail/1281764_left.jpg,,https://mms.mckesson.com/product/1281764/Medacure-Inc-JW5W
1281762,Dual Release Folding Walker MedaCure®,,Medacure Inc,AWNW,Walkers,$24.12 ,,Shipped by Manufacturer,EA/1,,,https://imgcdn.mckesson.com/CumulusWeb/Images/Item_Detail/1281762_left.jpg,,https://mms.mckesson.com/product/1281762/Medacure-Inc-AWNW
1281756,Dual Release Walker with Wheels Paddle Type MedaCure® Aluminum Frame 400 lbs. Weight Capacity 30 to 39 Inch Height,,Medacure Inc,AW5W,Walkers,$25.23 ,,Shipped by Manufacturer,EA/1,,,https://imgcdn.mckesson.com/CumulusWeb/Images/Item_Detail/1281756_left.jpg,,https://mms.mckesson.com/product/1281756/Medacure-Inc-AW5W
1128908,Dual Release Folding Walker with Wheels Adjustable Height McKesson Aluminum Frame 350 lbs. Weight Capacity 25 to 32-1/4 Inch Height,,McKesson Brand,146-10211-1,Walkers,$28.18 ,,"In Stock - Network (Get it Friday, Oct 2)",EA/1,,,https://imgcdn.mckesson.com/CumulusWeb/Images/Item_Detail/1128908_left_.jpg,,https://mms.mckesson.com/product/1128908/McKesson-Brand-146-10211-1
1076176,Dual Release Folding Walker with Wheels Adjustable Height McKesson Aluminum Frame 350 lbs. Weight Capacity 32 to 39 Inch Height,,McKesson Brand,146-10210-1,Walkers,$29.90 ,,"In Stock (Get it Tomorrow, Oct 1)",EA/1,,,https://imgcdn.mckesson.com/CumulusWeb/Images/Item_Detail/1076176_left.jpg,,https://mms.mckesson.com/product/1076176/McKesson-Brand-146-10210-1
1281804,Dual Release Walker with Wheels Paddle Type MedaCure® Aluminum Frame 300 lbs. Weight Capacity 30 to 37 Inch Height,,Medacure Inc,AW5WP-RED,Walkers,$31.98 ,,Shipped by Manufacturer,EA/1,,,https://imgcdn.mckesson.com/CumulusWeb/Images/Item_Detail/1281804_left.jpg,,https://mms.mckesson.com/product/1281804/Medacure-Inc-AW5WP-RED
1281803,Dual Release Walker with Wheels Paddle Type MedaCure® Aluminum Frame 300 lbs. Weight Capacity 30 to 37 Inch Height,,Medacure Inc,AW5WP-GRN,Walkers,$31.98 ,,Shipped by Manufacturer,EA/1,,,https://imgcdn.mckesson.com/CumulusWeb/Images/Item_Detail/1281803_left.jpg,,https://mms.mckesson.com/product/1281803/Medacure-Inc-AW5WP-GRN
1281801,Dual Release Walker with Wheels Paddle Type MedaCure® Aluminum Frame 300 lbs. Weight Capacity 30 to 37 Inch Height,,Medacure Inc,AW5WP-BLK,Walkers,$31.98 ,,Shipped by Manufacturer,EA/1,,,https://imgcdn.mckesson.com/CumulusWeb/Images/Item_Detail/1281801_left.jpg,,https://mms.mckesson.com/product/1281801/Medacure-Inc-AW5WP-BLK
1281802,Dual Release Walker with Wheels Paddle Type MedaCure® Aluminum Frame 300 lbs. Weight Capacity 30 to 37 Inch Height,,Medacure Inc,AW5WP-BLU,Walkers,$31.98 ,,Shipped by Manufacturer,EA/1,,,https://imgcdn.mckesson.com/CumulusWeb/Images/Item_Detail/12818021_left.jpg,,https://mms.mckesson.com/product/1281802/Medacure-Inc-AW5WP-BLU
1281763,Bariatric Dual Release Folding Walker MedaCure®,,Medacure Inc,AWNW-B500,Walkers,$34.12 ,,Shipped by Manufacturer,EA/1,,,https://imgcdn.mckesson.com/CumulusWeb/Images/Item_Detail/1281763_left.jpg,,https://mms.mckesson.com/product/1281763/Medacure-Inc-AWNW-B500
1281760,Dual Release Folding Walker with Wheels Paddle Type MedaCure® Aluminum Frame 400 lbs. Weight Capacity 30 to 39 Inch Height,,Medacure Inc,AW5WEX-GRN,Walkers,$35.57 ,,Shipped by Manufacturer,EA/1,,,https://imgcdn.mckesson.com/CumulusWeb/Images/Item_Detail/1281760_back.jpg,,https://mms.mckesson.com/product/1281760/Medacure-Inc-AW5WEX-GRN
1281759,Dual Release Folding Walker with Wheels Paddle Type MedaCure® Aluminum Frame 400 lbs. Weight Capacity 30 to 39 Inch Height,,Medacure Inc,AW5WEX-BLU,Walkers,$35.57 ,,Shipped by Manufacturer,EA/1,,,https://imgcdn.mckesson.com/CumulusWeb/Images/Item_Detail/1281759_back.jpg,,https://mms.mckesson.com/product/1281759/Medacure-Inc-AW5WEX-BLU
1281758,Dual Release Folding Walker with Wheels Paddle Type MedaCure® Aluminum Frame 400 lbs. Weight Capacity 30 to 39 Inch Height,,Medacure Inc,AW5WEX-BLK,Walkers,$35.57 ,,Shipped by Manufacturer,EA/1,,,https://imgcdn.mckesson.com/CumulusWeb/Images/Item_Detail/1281758_back.jpg,,https://mms.mckesson.com/product/1281758/Medacure-Inc-AW5WEX-BLK
1281761,Dual Release Folding Walker with Wheels Paddle Type MedaCure® Aluminum Frame 400 lbs. Weight Capacity 30 to 39 Inch Height,,Medacure Inc,AW5WEX-RED,Walkers,$35.57 ,,Shipped by Manufacturer,EA/1,,,https://imgcdn.mckesson.com/CumulusWeb/Images/Item_Detail/1281761_back.jpg,,https://mms.mckesson.com/product/1281761/Medacure-Inc-AW5WEX-RED
1281757,Bariatric Dual Release Folding Walker with Wheels MedaCure® Steel Frame 600 lbs. Weight Capacity 32 to 39 Inch Height,,Medacure Inc,AW5W-B500,Walkers,$37.57 ,,Shipped by Manufacturer,EA/1,,,https://imgcdn.mckesson.com/CumulusWeb/Images/Item_Detail/1281757_left.jpg,,https://mms.mckesson.com/product/1281757/Medacure-Inc-AW5W-B500
797414,Dual Release Folding Walker Paddle Type Carex® Aluminum Frame 300 lbs. Weight Capacity 30 to 37 Inch Height,,,,Walkers,$38.15 ,,Shipped by Manufacturer,CS/1,,,https://imgcdn.mckesson.com/CumulusWeb/Images/Item_Detail/797414_1.jpg,,https://mms.mckesson.com/product/797414/Drive-DeVilbiss-Healthcare-FGA84700-0000
741917,Dual Trigger Release Folding Walker with Wheels Adjustable Height drive™ Aluminum Frame 350 lbs. Weight Capacity 32 to 39 Inch Height,,Drive DeVilbiss Healthcare,10226-1,Walkers,$38.75 ,,"In Stock (Get it Tomorrow, Oct 1)",EA/1,,,https://imgcdn.mckesson.com/CumulusWeb/Images/Item_Detail/741917_left.jpg,,https://mms.mckesson.com/product/741917/Drive-DeVilbiss-Healthcare-10226-1
950847,4 Wheel Rollator Blue Folding Steel Frame,,Drive DeVilbiss Healthcare,10257BL-1,Walkers,$42.44 ,,"In Stock - Network (Get it Tuesday, Oct 6)",EA/1,,,https://imgcdn.mckesson.com/CumulusWeb/Images/Item_Detail/950847_left.jpg,,https://mms.mckesson.com/product/950847/Drive-DeVilbiss-Healthcare-10257BL-1
1055317,Dual Release Folding Walker with Wheels Adjustable Height Carex® Aluminum Frame 300 lbs. Weight Capacity 30 to 37 Inch Height,,,,Walkers,$43.32 ,,Shipped by Manufacturer,EA/1,,,https://imgcdn.mckesson.com/CumulusWeb/Images/Item_Detail/1055317.jpg,,https://mms.mckesson.com/product/1055317/Drive-DeVilbiss-Healthcare-FGA87100-0000
1027532,Dual Release Folding Walker with Wheels and Seat Adjustable Height drive™ Aluminum Frame 300 lbs. Weight Capacity 29 to 38 Inch Height,,Drive DeVilbiss Healthcare,1239RD,Walkers,$50.24 ,,"In Stock (Get it Tomorrow, Oct 1)",EA/1,,,https://imgcdn.mckesson.com/CumulusWeb/Images/Item_Detail/1027532_left.jpg,,https://mms.mckesson.com/product/1027532/Drive-DeVilbiss-Healthcare-1239RD
937899,Measuring Wheel Feet and Meters,,Performance Health,81632140,Walkers,$53.38 ,,"In Stock (Get it Tomorrow, Oct 1)",EA/1,,,https://imgcdn.mckesson.com/CumulusWeb/Images/Item_Detail/937899.jpg,,https://mms.mckesson.com/product/937899/Performance-Health-081632140
860336,Dual Release Folding Walker with Wheels Adjustable Height Lumex® Everyday Aluminum Frame 300 lbs. Weight Capacity 32 to 39 Inch Height,,Graham-Field,716270BK-1,Walkers,$54.06 ,,Shipped by Manufacturer,EA/1,,,https://imgcdn.mckesson.com/CumulusWeb/Images/Item_Detail/860336_right.jpg,,https://mms.mckesson.com/product/860336/Graham-Field-716270BK-1
1065262,Bariatric Dual Release Folding Walker Adjustable Height McKesson Steel Frame 500 lbs. Weight Capacity 32-1/2 to 39 Inch Height,,McKesson Brand,146-10220-2,Walkers,$59.91 ,,"In Stock - Network (Get it Saturday, Oct 3)",EA/1,,,https://imgcdn.mckesson.com/CumulusWeb/Images/Item_Detail/1065262_left.jpg,,https://mms.mckesson.com/product/1065262/McKesson-Brand-146-10220-2
1196512,4 Wheel Rollator drive™ Blue Adjustable Height / Folding Steel Frame,,Drive DeVilbiss Healthcare,R800KD-BL,Walkers,$60.63 ,,"In Stock (Get it Tomorrow, Oct 1)",EA/1,,,https://imgcdn.mckesson.com/CumulusWeb/Images/Item_Detail/1196512_left.jpg,,https://mms.mckesson.com/product/1196512/Drive-DeVilbiss-Healthcare-R800KD-BL
1065268,4 Wheel Rollator McKesson Red Adjustable Height / Folding Steel Frame,,McKesson Brand,146-10257RD-1,Walkers,$62.75 ,,"In Stock (Get it Tomorrow, Oct 1)",EA/1,,,https://imgcdn.mckesson.com/CumulusWeb/Images/Item_Detail/1065268_left.jpg,,https://mms.mckesson.com/product/1065268/McKesson-Brand-146-10257RD-1
1065269,4 Wheel Rollator McKesson Blue Adjustable Height / Folding Steel Frame,,McKesson Brand,146-10257BL-1,Walkers,$62.75 ,,"In Stock (Get it Tomorrow, Oct 1)",EA/1,,,https://imgcdn.mckesson.com/CumulusWeb/Images/Item_Detail/1065269_right_.jpg,,https://mms.mckesson.com/product/1065269/McKesson-Brand-146-10257BL-1
802176,Dual Release Folding Walker with Wheels Adjustable Height Lumex® Everyday Aluminum Frame 300 lbs. Weight Capacity 25-1/2 to 32-1/2 Inch Height,,Graham-Field,716370A-2,Walkers,$66.22 ,,Shipped by Manufacturer,CS/2,,,https://imgcdn.mckesson.com/CumulusWeb/Images/Item_Detail/802176_right.jpg,,https://mms.mckesson.com/product/802176/Graham-Field-716370A-2
1065265,4 Wheel Rollator McKesson Green Adjustable Height / Folding Aluminum Frame,,McKesson Brand,146-R726GR,Walkers,$67.86 ,,"In Stock (Get it Tomorrow, Oct 1)",EA/1,,,https://imgcdn.mckesson.com/CumulusWeb/Images/Item_Detail/1065265_front.jpg,,https://mms.mckesson.com/product/1065265/McKesson-Brand-146-R726GR
1065263,4 Wheel Rollator McKesson Red Adjustable Height / Folding Aluminum Frame,,McKesson Brand,146-R726RD,Walkers,$68.02 ,,"In Stock (Get it Tomorrow, Oct 1)",EA/1,,,https://imgcdn.mckesson.com/CumulusWeb/Images/Item_Detail/1065263_left.jpg,,https://mms.mckesson.com/product/1065263/McKesson-Brand-146-R726RD
1234395,Dual Release Folding Walker Protekt® Steel Frame 350 lbs. Weight Capacity,,Proactive Medical Products LLC,PM1051,Walkers,$68.03 ,,In Stock - Network,CS/4,,,https://imgcdn.mckesson.com/CumulusWeb/Images/Item_Detail/1234395_left.jpg,,https://mms.mckesson.com/product/1234395/Proactive-Medical-Products-LLC-PM1051
1065264,4 Wheel Rollator McKesson Blue Adjustable Height / Folding Aluminum Frame,,McKesson Brand,146-R726BL,Walkers,$68.35 ,,"In Stock (Get it Tomorrow, Oct 1)",EA/1,,,https://imgcdn.mckesson.com/CumulusWeb/Images/Item_Detail/1065264_left.jpg,,https://mms.mckesson.com/product/1065264/McKesson-Brand-146-R726BL
1065266,4 Wheel Rollator McKesson Black Adjustable Height / Folding Aluminum Frame,,McKesson Brand,146-R726BK,Walkers,$68.71 ,,"In Stock (Get it Tomorrow, Oct 1)",EA/1,,,https://imgcdn.mckesson.com/CumulusWeb/Images/Item_Detail/1065266_right.jpg,,https://mms.mckesson.com/product/1065266/McKesson-Brand-146-R726BK
1065267,4 Wheel Rollator McKesson Silver Adjustable Height / Folding Aluminum Frame,,McKesson Brand,146-R726SL,Walkers,$74.82 ,,"In Stock (Get it Tomorrow, Oct 1)",EA/1,,,https://imgcdn.mckesson.com/CumulusWeb/Images/Item_Detail/1065267_left.jpg,,https://mms.mckesson.com/product/1065267/McKesson-Brand-146-R726SL
798886,Dual Release Folding Walker with Wheels Adjustable Height Aluminum Frame 350 lbs. Weight Capacity 32 to 39 Inch Height,,Fabrication Enterprises,43-2120,Walkers,$77.04 ,,Shipped by Manufacturer,EA/1,,,https://imgcdn.mckesson.com/CumulusWeb/Images/Item_Detail/798886.jpg,,https://mms.mckesson.com/product/798886/Fabrication-Enterprises-43-2120
1055301,4 Wheel Rollator Carex® Classics Blue Adjustable Height / Folding Aluminum Frame,,,,Walkers,$78.54 ,,Shipped by Manufacturer,EA/1,,,https://imgcdn.mckesson.com/CumulusWeb/Images/Item_Detail/1055301.jpg,,https://mms.mckesson.com/product/1055301/Drive-DeVilbiss-Healthcare-FGA33577-0000
1065261,Bariatric Dual Release Folding Walker with Wheels Adjustable Height McKesson Steel Frame 500 lbs. Weight Capacity 32 to 39 Inch Height,,McKesson Brand,146-10220-2WW,Walkers,$79.98 ,,"In Stock (Get it Tomorrow, Oct 1)",EA/1,,,https://imgcdn.mckesson.com/CumulusWeb/Images/Item_Detail/1065261_left.jpg,,https://mms.mckesson.com/product/1065261/McKesson-Brand-146-10220-2WW
797022,Dual Release Folding Walker with Wheels Adjustable Height Lumex® ColorSelect® Aluminum Frame 300 lbs. Weight Capacity 32 to 39 Inch Height,,Graham-Field,716270PK-2,Walkers,$86.50 ,,Shipped by Manufacturer,CS/2,,,https://imgcdn.mckesson.com/CumulusWeb/Images/Item_Detail/797022_right.jpg,,https://mms.mckesson.com/product/797022/Graham-Field-716270PK-2
1095248,4 Wheel Rollator McKesson Red Adjustable Height / Folding Aluminum Frame,,McKesson Brand,146-RTL10261RD,Walkers,$87.09 ,,"In Stock (Get it Tomorrow, Oct 1)",EA/1,,,https://imgcdn.mckesson.com/CumulusWeb/Images/Item_Detail/1095248_left.jpg,,https://mms.mckesson.com/product/1095248/McKesson-Brand-146-RTL10261RD
988491,Bariatric Dual Release Folding Walker with Wheels Adjustable Height Lumex® Imperial Collection Aluminum Frame 600 lbs. Weight Capacity 33 to 40 Inch Height,,Graham-Field,604070W-1,Walkers,$87.85 ,,Shipped by Manufacturer,EA/1,,,https://imgcdn.mckesson.com/CumulusWeb/Images/Item_Detail/988491.jpg,,https://mms.mckesson.com/product/988491/Graham-Field-604070W-1
1128891,Dual Release Folding Walker with Wheels Adjustable Height McKesson Steel Frame 350 lbs. Weight Capacity 32 to 39 Inch Height,,McKesson Brand,146-10244-4,Walkers,$90.77 ,,"In Stock - Network (Get it Friday, Oct 2)",CS/4,,,https://imgcdn.mckesson.com/CumulusWeb/Images/Item_Detail/1128891_left_.jpg,,https://mms.mckesson.com/product/1128891/McKesson-Brand-146-10244-4
1129939,Bariatric Dual Release Folding Walker with Wheels Adjustable Height drive™ Steel Frame 500 lbs. Weight Capacity 32 to 39 Inch Height,,Drive DeVilbiss Healthcare,10220-1WW,Walkers,$91.11 ,,"In Stock (Get it Tomorrow, Oct 1)",CS/1,,,https://imgcdn.mckesson.com/CumulusWeb/Images/Item_Detail/1129939_left1.jpg,,https://mms.mckesson.com/product/1129939/Drive-DeVilbiss-Healthcare-10220-1WW
809610,3 Wheel Rollator drive™ Deluxe Flame Red Adjustable Height / Folding Aluminum Frame,,Drive DeVilbiss Healthcare,10289RD,Walkers,$95.21 ,,"In Stock - Network (Get it Saturday, Oct 3)",EA/1,,,https://imgcdn.mckesson.com/CumulusWeb/Images/Item_Detail/809610_left.jpg,,https://mms.mckesson.com/product/809610/Drive-DeVilbiss-Healthcare-10289RD
1065270,Bariatric 4 Wheel Rollator McKesson Blue Adjustable Height / Heavy Duty / Folding Steel Frame,,McKesson Brand,146-10216BL-1,Walkers,$96.77 ,,"In Stock - Network (Get it Saturday, Oct 3)",EA/1,,,https://imgcdn.mckesson.com/CumulusWeb/Images/Item_Detail/1065270_right.jpg,,https://mms.mckesson.com/product/1065270/McKesson-Brand-146-10216BL-1
950969,3 Wheel Rollator Carex® Marbled Blue Adjustable Height / Lightweight / Folding Aluminum Frame,,,,Walkers,$100.85 ,,Shipped by Manufacturer,EA/1,,,https://imgcdn.mckesson.com/CumulusWeb/Images/Item_Detail/950969.jpg,,https://mms.mckesson.com/product/950969/Drive-DeVilbiss-Healthcare-FGA33300-0000
583547,Dual Trigger Release Folding Walker with Wheels and Seat Adjustable Height Clever-Lite LS Aluminum Frame 300 lbs. Weight Capacity 29-1/2 to 39 Inch Height,,Drive DeVilbiss Healthcare,10233,Walkers,$102.03 ,,"In Stock - Network (Get it Saturday, Oct 3)",EA/1,,,https://imgcdn.mckesson.com/CumulusWeb/Images/Item_Detail/583547_left.jpg,,https://mms.mckesson.com/product/583547/Drive-DeVilbiss-Healthcare-10233
1088077,Dual Release Folding Walker with Wheels Adjustable Height McKesson Aluminum Frame 350 lbs. Weight Capacity 25 to 32-1/4 Inch Height,,McKesson Brand,146-10211-4,Walkers,$104.97 ,,"In Stock - Network (Get it Saturday, Oct 3)",CS/1,,,https://imgcdn.mckesson.com/CumulusWeb/Images/Item_Detail/1088077_left.jpg,,https://mms.mckesson.com/product/1088077/McKesson-Brand-146-10211-4
1065271,Bariatric 4 Wheel Rollator McKesson Red Adjustable Height / Heavy Duty / Folding Steel Frame,,McKesson Brand,146-10216RD-1,Walkers,$108.88 ,,"In Stock - Network (Get it Friday, Oct 2)",EA/1,,,https://imgcdn.mckesson.com/CumulusWeb/Images/Item_Detail/1065271_right.jpg,,https://mms.mckesson.com/product/1065271/McKesson-Brand-146-10216RD-1
930809,Folding Walker with Wheels Adjustable Height EZ Fold-N-Go Aluminum Frame 400 lbs. Weight Capacity 32 to 38-1/2 Inch Height,,Stander,4300-CB,Walkers,$109.69 ,,Shipped by Manufacturer,BX/1,,,https://imgcdn.mckesson.com/CumulusWeb/Images/Item_Detail/930809.jpg,,https://mms.mckesson.com/product/930809/Stander-4300-CB
679356,Dual Release Folding Walker with Wheels and Seat Adjustable Height Cruiser II Aluminum Frame 250 lbs. Weight Capacity 31 to 35-1/4 Inch Height,,Nova Ortho-Med,4201BL,Walkers,$112.18 ,,Shipped by Manufacturer,EA/1,,,https://imgcdn.mckesson.com/CumulusWeb/Images/Item_Detail/679356.jpg,,https://mms.mckesson.com/product/679356/Nova-Ortho-Med-4201BL
700917,4 Wheel Rollator drive™ Red Adjustable Height / Folding Aluminum Frame,,Drive DeVilbiss Healthcare,301PSRN,Walkers,$116.98 ,,Shipped by Manufacturer,EA/1,,,https://imgcdn.mckesson.com/CumulusWeb/Images/Item_Detail/700917.jpg,,https://mms.mckesson.com/product/700917/Drive-DeVilbiss-Healthcare-301PSRN
1130381,3 Wheel Rollator Traveler® Black Adjustable Height / Folding Aluminum Frame,,Nova Ortho-Med,4900BK,Walkers,$117.58 ,,Shipped by Manufacturer,EA/1,,,https://imgcdn.mckesson.com/CumulusWeb/Images/Item_Detail/1130381_right.jpg,,https://mms.mckesson.com/product/1130381/Nova-Ortho-Med-4900BK
1168334,3 Wheel Rollator Traveler® Blue Adjustable Height / Folding Aluminum Frame,,Nova Ortho-Med,4900BL,Walkers,$117.58 ,,Shipped by Manufacturer,EA/1,,,https://imgcdn.mckesson.com/CumulusWeb/Images/Item_Detail/1168334_right.jpg,,https://mms.mckesson.com/product/1168334/Nova-Ortho-Med-4900BL
709425,4 Wheel Rollator GetGO Petite Blue Adjustable Height / Folding Aluminum Frame,,Nova Ortho-Med,4208CBL,Walkers,$120.28 ,,Shipped by Manufacturer,EA/1,,,https://imgcdn.mckesson.com/CumulusWeb/Images/Item_Detail/709425_right.jpg,,https://mms.mckesson.com/product/709425/Nova-Ortho-Med-4208CBL
670424,Dual Release Folding Walker with Wheels Adjustable Height Lumex® Everyday Aluminum Frame 300 lbs. Weight Capacity 32 to 39 Inch Height,,Graham-Field,716270A-4,Walkers,$121.64 ,,Shipped by Manufacturer,CS/4,,,https://imgcdn.mckesson.com/CumulusWeb/Images/Item_Detail/670424_right.jpg,,https://mms.mckesson.com/product/670424/Graham-Field-716270A-4
1031618,Dual Release Folding Walker with Wheels Adjustable Height drive™ Steel Frame 350 lbs. Weight Capacity 21 to 32 Inch Height,,Drive DeVilbiss Healthcare,10247-4,Walkers,$123.46 ,,Shipped by Manufacturer,CS/4,,,https://imgcdn.mckesson.com/CumulusWeb/Images/Item_Detail/1031618.jpg,,https://mms.mckesson.com/product/1031618/Drive-DeVilbiss-Healthcare-10247-4
934440,4 Wheel Rollator GetGO Classic Blue Adjustable Height / Folding Aluminum Frame,,Nova Ortho-Med,4202CBL,Walkers,$124.34 ,,Shipped by Manufacturer,EA/1,,,https://imgcdn.mckesson.com/CumulusWeb/Images/Item_Detail/934440_left.jpg,,https://mms.mckesson.com/product/934440/Nova-Ortho-Med-4202CBL
1095352,4 Wheel Rollator HealthSmart® Gateway Purple Adjustable Height / Lightweight / Folding Aluminum Frame,,Mabis Healthcare,501-5012-1110,Walkers,$126.75 ,,Shipped by Manufacturer,EA/1,,,https://imgcdn.mckesson.com/CumulusWeb/Images/Item_Detail/1095352_right.jpg,,https://mms.mckesson.com/product/1095352/Mabis-Healthcare-501-5012-1110
526314,4 Wheel Rollator Carex® Red Adjustable Height / Folding Aluminum Frame,,,,Walkers,$128.11 ,,Shipped by Manufacturer,CS/2,,,https://imgcdn.mckesson.com/CumulusWeb/Images/Item_Detail/526314.jpg,,https://mms.mckesson.com/product/526314/Drive-DeVilbiss-Healthcare-FGA22200-0000
1073638,Dual Release Folding Walker with Wheels Adjustable Height McKesson Aluminum Frame 350 lbs. Weight Capacity 32 to 39 Inch Height,,McKesson Brand,146-10210-4,Walkers,$129.79 ,,"In Stock (Get it Tomorrow, Oct 1)",CS/4,,,https://imgcdn.mckesson.com/CumulusWeb/Images/Item_Detail/1073638_left.jpg,,https://mms.mckesson.com/product/1073638/McKesson-Brand-146-10210-4
835134,Dual Release Folding Walker with Wheels Adjustable Height Carex® Classics Aluminum Frame 300 lbs. Weight Capacity 31-3/4 to 37-3/4 Inch Height,,,,Walkers,$132.23 ,,Shipped by Manufacturer,CS/4,,,https://imgcdn.mckesson.com/CumulusWeb/Images/Item_Detail/835134_1.jpg,,https://mms.mckesson.com/product/835134/Drive-DeVilbiss-Healthcare-FGA87977-0000
1160543,4 Wheel Rollator Zoom 22 Black Adjustable Height / Folding Aluminum Frame,,Nova Ortho-Med,4222BK,Walkers,$141.91 ,,Shipped by Manufacturer,CS/1,,,https://imgcdn.mckesson.com/CumulusWeb/Images/Item_Detail/1160543_left.jpg,,https://mms.mckesson.com/product/1160543/Nova-Ortho-Med-4222BK
1146643,4 Wheel Rollator Zoom 20 Purple Adjustable Height / Folding Aluminum Frame,,Nova Ortho-Med,4220PL,Walkers,$141.91 ,,Shipped by Manufacturer,CS/1,,,https://imgcdn.mckesson.com/CumulusWeb/Images/Item_Detail/1146643_left.jpg,,https://mms.mckesson.com/product/1146643/Nova-Ortho-Med-4220PL
1128894,Knee Walker Adjustable Height McKesson Steel Frame 350 lbs. Weight Capacity 31 to 40 Inch Height,,McKesson Brand,146-796,Walkers,$151.63 ,,In Stock - Network,EA/1,,,https://imgcdn.mckesson.com/CumulusWeb/Images/Item_Detail/1128894_left.jpg,,https://mms.mckesson.com/product/1128894/McKesson-Brand-146-796
1109905,4 Wheel Rollator Luxe White Adjustable Height / Lightweight / Wide / Folding,,Medline,MDS86835W,Walkers,$155.87 ,,Shipped by Manufacturer,EA/1,,,https://imgcdn.mckesson.com/CumulusWeb/Images/Item_Detail/1109905.jpg,,https://mms.mckesson.com/product/1109905/Medline-MDS86835W
796564,Bariatric Dual Release Folding Walker with Wheels Adjustable Height Standard Aluminum Frame 500 lbs. Weight Capacity 33-1/2 to 43-1/2 Inch Height,,Medline,MDS86410XWW,Walkers,$157.28 ,,Shipped by Manufacturer,CS/1,,,https://imgcdn.mckesson.com/CumulusWeb/Images/Item_Detail/796564_right.jpg,,https://mms.mckesson.com/product/796564/Medline-MDS86410XWW
706032,4 Wheel Rollator drive™ Clever-Lite Blue Adjustable Height / Folding Aluminum Frame,,Drive DeVilbiss Healthcare,10243,Walkers,$157.84 ,,Shipped by Manufacturer,EA/1,,,https://imgcdn.mckesson.com/CumulusWeb/Images/Item_Detail/706032.jpg,,https://mms.mckesson.com/product/706032/Drive-DeVilbiss-Healthcare-10243
693600,4 Wheel Rollator / Transport Chair drive™ Duet Blue Adjustable Height / Transport / Folding Aluminum Frame,,Drive DeVilbiss Healthcare,795B,Walkers,$176.83 ,,Shipped by Manufacturer,CS/1,,,https://imgcdn.mckesson.com/CumulusWeb/Images/Item_Detail/693600_left.jpg,,https://mms.mckesson.com/product/693600/Drive-DeVilbiss-Healthcare-795B
680185,4 Wheel Rollator / Transport Chair drive™ Duet Black Adjustable Height / Transport / Folding Aluminum Frame,,Drive DeVilbiss Healthcare,795BK,Walkers,$176.83 ,,Shipped by Manufacturer,EA/1,,,https://imgcdn.mckesson.com/CumulusWeb/Images/Item_Detail/680185_left.jpg,,https://mms.mckesson.com/product/680185/Drive-DeVilbiss-Healthcare-795BK
507636,Dual Release Folding Walker with Wheels Adjustable Height Medline Aluminum Frame 300 lbs. Weight Capacity 32-1/2 to 38-1/2 Inch Height,,Medline,MDS86410W54,Walkers,$177.74 ,,"In Stock (Get it Tomorrow, Oct 1)",CS/4,,,https://imgcdn.mckesson.com/CumulusWeb/Images/Item_Detail/507636_front.jpg,,https://mms.mckesson.com/product/507636/Medline-MDS86410W54
851757,4 Wheel Rollator / Transport Chair drive™ Duet Burgundy Adjustable Height / Transport / Folding Aluminum Frame,,Drive DeVilbiss Healthcare,795BU,Walkers,$177.79 ,,"In Stock (Get it Tomorrow, Oct 1)",EA/1,,,https://imgcdn.mckesson.com/CumulusWeb/Images/Item_Detail/851757_left.jpg,,https://mms.mckesson.com/product/851757/Drive-DeVilbiss-Healthcare-795BU
1095350,4 Wheel Rollator DMI® Burgundy Adjustable Height / Lightweight / Wide / Heavy Duty / Folding Aluminum Frame,,Mabis Healthcare,501-1029-0700,Walkers,$206.17 ,,Shipped by Manufacturer,EA/1,,,https://imgcdn.mckesson.com/CumulusWeb/Images/Item_Detail/1095350_right.jpg,,https://mms.mckesson.com/product/1095350/Mabis-Healthcare-501-1029-0700
1219801,4 Wheel Rollator drive™ Upright Walker Blue Adjustable Height Aluminum Frame,,Drive DeVilbiss Healthcare,UPWKRBL10,Walkers,$220.68 ,,Shipped by Manufacturer,EA/1,,,https://imgcdn.mckesson.com/CumulusWeb/Images/Item_Detail/1219801_left.jpg,,https://mms.mckesson.com/product/1219801/Drive-DeVilbiss-Healthcare-UPWKRBL10
876606,4 Wheel Rollator drive™ Nitro Black Adjustable Height / Folding Aluminum Frame,,Drive DeVilbiss Healthcare,RTL10266BK,Walkers,$241.79 ,,"In Stock (Get it Tomorrow, Oct 1)",EA/1,,,https://imgcdn.mckesson.com/CumulusWeb/Images/Item_Detail/876606_left_.jpg,,https://mms.mckesson.com/product/876606/Drive-DeVilbiss-Healthcare-RTL10266BK
873746,4 Wheel Rollator drive™ Nitro Red Adjustable Height / Folding Aluminum Frame,,Drive DeVilbiss Healthcare,RTL10266,Walkers,$241.79 ,,"In Stock (Get it Tomorrow, Oct 1)",EA/1,,,https://imgcdn.mckesson.com/CumulusWeb/Images/Item_Detail/873746_left.jpg,,https://mms.mckesson.com/product/873746/Drive-DeVilbiss-Healthcare-RTL10266
852911,Knee Walker Adjustable Height Nova Aluminum Frame 300 lbs. Weight Capacity 31-1/4 to 37-1/4 Inch Height,,Nova Ortho-Med,TKW-12,Walkers,$243.27 ,,Shipped by Manufacturer,EA/1,,,https://imgcdn.mckesson.com/CumulusWeb/Images/Item_Detail/852911_right.jpg,,https://mms.mckesson.com/product/852911/Nova-Ortho-Med-TKW-12
515034,Dual Release Folding Walker with Wheels Adjustable Height Lumex® Aluminum Frame 300 lbs. Weight Capacity 34-1/2 to 41-1/2 Inch Height,,Graham-Field,616270A-4,Walkers,$256.79 ,,Shipped by Manufacturer,CS/4,,,https://imgcdn.mckesson.com/CumulusWeb/Images/Item_Detail/515034_right.jpg,,https://mms.mckesson.com/product/515034/Graham-Field-616270A-4
948135,Dual Release Folding Walker with Wheels Adjustable Height Aluminum Frame 350 lbs. Weight Capacity 32 to 39 Inch Height,,Fabrication Enterprises,43-2120-4,Walkers,$285.85 ,,Shipped by Manufacturer,CS/4,,,https://imgcdn.mckesson.com/CumulusWeb/Images/Item_Detail/948135.jpg,,https://mms.mckesson.com/product/948135/Fabrication-Enterprises-43-2120-4
1113849,Posterior Walker with Wheels Adjustable Height Nimbo Aluminum Frame 190 lbs. Weight Capacity 28 to 36 Inch Height,,Drive DeVilbiss Healthcare,KA4200-2GCR,Walkers,$289.37 ,,Shipped by Manufacturer,EA/1,,,https://imgcdn.mckesson.com/CumulusWeb/Images/Item_Detail/1113849_left.jpg,,https://mms.mckesson.com/product/1113849/Drive-DeVilbiss-Healthcare-KA4200-2GCR
1042696,4 Wheel Rollator drive™ Nitro DLX Champagne Adjustable Height / Lightweight / Folding Aluminum Frame,,Drive DeVilbiss Healthcare,RTL10266CH-HS,Walkers,$316.66 ,,Shipped by Manufacturer,EA/1,,,https://imgcdn.mckesson.com/CumulusWeb/Images/Item_Detail/1042696.jpg,,https://mms.mckesson.com/product/1042696/Drive-DeVilbiss-Healthcare-RTL10266CH-HS
558451,Bariatric Dual Release Folding Walker with Wheels Adjustable Height Tuffcare Aluminum Frame 700 lbs. Weight Capacity 34 to 38 Inch Height,,Performance Health,81162361,Walkers,$324.50 ,,Shipped by Manufacturer,EA/1,,,https://imgcdn.mckesson.com/CumulusWeb/Images/Item_Detail/558451.jpg,,https://mms.mckesson.com/product/558451/Performance-Health-081162361
930810,Folding Walker with Wheels Adjustable Height EZ Fold-N-Go Aluminum Frame 400 lbs. Weight Capacity 32 to 38-1/2 Inch Height,,Stander,4300-RR,Walkers,$329.08 ,,Shipped by Manufacturer,CS/3,,,https://imgcdn.mckesson.com/CumulusWeb/Images/Item_Detail/930810.jpg,,https://mms.mckesson.com/product/930810/Stander-4300-RR
930807,Folding Walker with Wheels Adjustable Height EZ Fold-N-Go Aluminum Frame 400 lbs. Weight Capacity 32 to 38-1/2 Inch Height,,Stander,4300-BW,Walkers,$329.08 ,,Shipped by Manufacturer,CS/3,,,https://imgcdn.mckesson.com/CumulusWeb/Images/Item_Detail/930807.jpg,,https://mms.mckesson.com/product/930807/Stander-4300-BW
499820,Bariatric Anterior Walker with Wheels Adjustable Height drive™ Anterior Safety Roller Steel Frame 500 lbs. Weight Capacity 29 to 36 Inch Height,,,,Walkers,$339.39 ,,Shipped by Manufacturer,EA/1,,,https://imgcdn.mckesson.com/CumulusWeb/Images/Item_Detail/499820.jpg,,https://mms.mckesson.com/product/499820/Drive-DeVilbiss-Healthcare-CE-1000-XL
1057547,Posterior Walker with Wheels and Seat Adjustable Height Nimbo Aluminum Frame 190 lbs. Weight Capacity 28 to 36 Inch Height,,Drive DeVilbiss Healthcare,KA4200S-2GCR,Walkers,$394.01 ,,Shipped by Manufacturer,EA/1,,,https://imgcdn.mckesson.com/CumulusWeb/Images/Item_Detail/1057547.jpg,,https://mms.mckesson.com/product/1057547/Drive-DeVilbiss-Healthcare-KA4200S-2GCR
1081351,Bariatric 4 Wheel Rollator drive™ Nitro HD Black Adjustable Height / Lightweight / Folding Aluminum Frame,,Drive DeVilbiss Healthcare,10266HD-BK,Walkers,$414.65 ,,Shipped by Manufacturer,EA/1,,,https://imgcdn.mckesson.com/CumulusWeb/Images/Item_Detail/1081351_left.jpg,,https://mms.mckesson.com/product/1081351/Drive-DeVilbiss-Healthcare-10266HD-BK
780787,Platform Walker with Wheels Adjustable Height 400 Series PVC Frame 38 to 50 Inch Height,,MJM International,450-ADULT,Walkers,$417.99 ,,Shipped by Manufacturer,EA/1,,,https://imgcdn.mckesson.com/CumulusWeb/Images/Item_Detail/780787.jpg,,https://mms.mckesson.com/product/780787/MJM-International-450-ADULT
832156,Walker Chair Adjustable Height Combo Walker PVC Frame 300 lbs. Weight Capacity 37-1/2 to 44-1/2 Inch Height,,IPU,CW88,Walkers,$454.11 ,,Shipped by Manufacturer,EA/1,,,https://imgcdn.mckesson.com/CumulusWeb/Images/Item_Detail/832156_left.jpg,,https://mms.mckesson.com/product/832156/IPU-CW88
692164,Walker Chair Adjustable Height Ultimate PVC Frame 300 lbs. Weight Capacity 29 to 35 Inch Height,,IPU,ULT99,Walkers,$460.87 ,,Shipped by Manufacturer,EA/1,,,https://imgcdn.mckesson.com/CumulusWeb/Images/Item_Detail/692164_left.jpg,,https://mms.mckesson.com/product/692164/IPU-ULT99
,Non-stock Item,,,,wheel,$13.14 ,,In Stock,EA,,,,,https://mms.mckesson.com/catalog?query=wheel&id=MTIqWTVCQWc4cXJXMjQqekkwU1V2RmVMZGVsVS1NMU8zNFlMX2hLRDZrRDluZFNaWlhZMTk1SEdVQnFJa1Y0cnVkWjlaOFcwTFYwaUlHVXRlSWV1R0I0b1BFKg**&pageOffset=27#
,Shipped by Manufacturer,,,,wheel,$34.80 ,,In Stock,EA,,,,,https://mms.mckesson.com/catalog?query=wheel&id=MTIqWTVCQWc4cXJXMjQqekkwU1V2RmVMZGVsVS1NMU8zNFlMX2hLRDZrRDluZFNaWlhZMTk1SEdVQnFJa1Y0cnVkWjlaOFcwTFYwaUlHVXRlSWV1R0I0b1BFKg**&pageOffset=30#
,Non-stock Item,,,,wheel,"$1,051.69 ",,In Stock,EA,,,,,https://mms.mckesson.com/catalog?query=wheel&id=MTIqWTVCQWc4cXJXMjQqekkwU1V2RmVMZGVsVS1NMU8zNFlMX2hLRDZrRDluZFNaWlhZMTk1SEdVQnFJa1Y0cnVkWjlaOFcwTFYwaUlHVXRlSWV1R0I0b1BFKg**&pageOffset=29#
707153,Seat Cushion Span America 16 W X 16 L X 3 D Inch Polyurethane,,Span America,50077-112,Wheelchair Cushions,$8.51 ,,"In Stock - Network (Get it Saturday, Oct 3)",EA/1,,,https://imgcdn.mckesson.com/CumulusWeb/Images/Item_Detail/707153_right.jpg,,https://mms.mckesson.com/product/707153/Span-America-50077-112
1180869,Foot Elevator For Wheelchair,,Nova Ortho-Med,2683-R,Wheelchair Cushions,$10.14 ,,Shipped by Manufacturer,EA/1,,,https://imgcdn.mckesson.com/CumulusWeb/Images/Item_Detail/1180869_right.jpg,,https://mms.mckesson.com/product/1180869/Nova-Ortho-Med-2683-R
1218743,Seat Cushion Protekt® 18 W X 16 L X 2 D Inch Polyurethane,,Proactive Medical Products LLC,70002,Wheelchair Cushions,$11.68 ,,Shipped by Manufacturer,EA/1,,,https://imgcdn.mckesson.com/CumulusWeb/Images/Item_Detail/1218743_right.jpg,,https://mms.mckesson.com/product/1218743/Proactive-Medical-Products-LLC-70002
1065579,Seat Cushion McKesson 16 W X 16 L X 3 D Inch Polyurethane,,McKesson Brand,170-71001,Wheelchair Cushions,$13.70 ,,"In Stock (Get it Tomorrow, Oct 1)",EA/1,,,https://imgcdn.mckesson.com/CumulusWeb/Images/Item_Detail/1065579_front.jpg,,https://mms.mckesson.com/product/1065579/McKesson-Brand-170-71001
1137949,Coccyx Relief Seat Cushion Protekt® 20 W X 18 L X 3 D Inch Foam,,Proactive Medical Products LLC,71008CX,Wheelchair Cushions,$15.03 ,,Shipped by Manufacturer,EA/1,,,https://imgcdn.mckesson.com/CumulusWeb/Images/Item_Detail/1137949_right.jpg,,https://mms.mckesson.com/product/1137949/Proactive-Medical-Products-LLC-71008CX
1065553,Seat Cushion McKesson 20 W X 16 L X 3 D Inch Polyurethane,,McKesson Brand,170-71004,Wheelchair Cushions,$15.53 ,,"In Stock (Get it Tomorrow, Oct 1)",EA/1,,,https://imgcdn.mckesson.com/CumulusWeb/Images/Item_Detail/1065553_left.jpg,,https://mms.mckesson.com/product/1065553/McKesson-Brand-170-71004
1065570,Seat Cushion McKesson 18 W X 18 L X 3 D Inch Polyurethane,,McKesson Brand,170-71003,Wheelchair Cushions,$15.60 ,,"In Stock (Get it Tomorrow, Oct 1)",EA/1,,,https://imgcdn.mckesson.com/CumulusWeb/Images/Item_Detail/1065570.jpg,,https://mms.mckesson.com/product/1065570/McKesson-Brand-170-71003
1281542,Seat Cushion MedaCure® 16 W X 16 L X 2 H Inch Foam,,Medacure Inc,FC1616-2,Wheelchair Cushions,$15.85 ,,Shipped by Manufacturer,EA/1,,,https://imgcdn.mckesson.com/CumulusWeb/Images/Item_Detail/1281542_left.jpg,,https://mms.mckesson.com/product/1281542/Medacure-Inc-FC1616-2
1281543,Seat Cushion MedaCure® 16 W X 18 L X 2 H Inch Foam,,Medacure Inc,FC1816-2,Wheelchair Cushions,$15.85 ,,Shipped by Manufacturer,EA/1,,,https://imgcdn.mckesson.com/CumulusWeb/Images/Item_Detail/1281543_left.jpg,,https://mms.mckesson.com/product/1281543/Medacure-Inc-FC1816-2
1065552,Seat Cushion McKesson 18 W X 16 L X 3 D Inch Polyurethane,,McKesson Brand,170-71002,Wheelchair Cushions,$15.93 ,,"In Stock (Get it Tomorrow, Oct 1)",EA/1,,,https://imgcdn.mckesson.com/CumulusWeb/Images/Item_Detail/1065552_pkgfront.jpg,,https://mms.mckesson.com/product/1065552/McKesson-Brand-170-71002
1154500,Coccyx Relief Seat Cushion Protekt® 18 W X 16 L X 4 D Inch Foam,,Proactive Medical Products LLC,72002CX,Wheelchair Cushions,$16.70 ,,Shipped by Manufacturer,EA/1,,,https://imgcdn.mckesson.com/CumulusWeb/Images/Item_Detail/1154500_right.jpg,,https://mms.mckesson.com/product/1154500/Proactive-Medical-Products-LLC-72002CX
1065584,Seat Cushion McKesson 20 W X 18 L X 3 D Inch Polyurethane,,McKesson Brand,170-71008,Wheelchair Cushions,$17.20 ,,"In Stock (Get it Tomorrow, Oct 1)",EA/1,,,https://imgcdn.mckesson.com/CumulusWeb/Images/Item_Detail/1065584.jpg,,https://mms.mckesson.com/product/1065584/McKesson-Brand-170-71008
1281545,Seat Cushion MedaCure® 18 W X 18 L X 2 H Inch Foam,,Medacure Inc,FC1818-2,Wheelchair Cushions,$17.23 ,,Shipped by Manufacturer,EA/1,,,https://imgcdn.mckesson.com/CumulusWeb/Images/Item_Detail/1281545_left.jpg,,https://mms.mckesson.com/product/1281545/Medacure-Inc-FC1818-2
1281544,Seat Cushion MedaCure® 18 W X 16 L X 3 H Inch Foam,,Medacure Inc,FC1816-3,Wheelchair Cushions,$17.23 ,,Shipped by Manufacturer,EA/1,,,https://imgcdn.mckesson.com/CumulusWeb/Images/Item_Detail/1281544_left.jpg,,https://mms.mckesson.com/product/1281544/Medacure-Inc-FC1816-3
913560,Wheelchair Seat Upholstery For Drive Silver Sport 2 Wheelchair,,Drive DeVilbiss Healthcare,STDS3J4616,Wheelchair Cushions,$17.48 ,,Shipped by Manufacturer,EA/1,,,https://imgcdn.mckesson.com/CumulusWeb/Images/Item_Detail/913560_front.jpg,,https://mms.mckesson.com/product/913560/Drive-DeVilbiss-Healthcare-STDS3J4616
976974,Seat Cushion Premier One 16 W X 16 L X 3 D Inch Foam,M8063,Drive DeVilbiss Healthcare,M8063,Wheelchair Cushions,$17.72 ,,"In Stock - Network (Get it Saturday, Oct 3)",EA/1,,,https://imgcdn.mckesson.com/CumulusWeb/Images/Item_Detail/976974_left.jpg,,https://mms.mckesson.com/product/976974/Drive-DeVilbiss-Healthcare-M8063
976957,Seat Cushion Premier One 18 W X 16 L X 3 D Inch Foam,M8064,Drive DeVilbiss Healthcare,M8064,Wheelchair Cushions,$18.02 ,,"In Stock (Get it Tomorrow, Oct 1)",EA/1,,,https://imgcdn.mckesson.com/CumulusWeb/Images/Item_Detail/976957_left.jpg,,https://mms.mckesson.com/product/976957/Drive-DeVilbiss-Healthcare-M8064
1229013,Seat Cushion DMI® 20 W X 16 L X 2 D Inch Foam / Gel,,Mabis Healthcare,513-7644-0200,Wheelchair Cushions,$18.25 ,,"In Stock (Get it Tomorrow, Oct 1)",EA/1,,,https://imgcdn.mckesson.com/CumulusWeb/Images/Item_Detail/1229013_left.jpg,,https://mms.mckesson.com/product/1229013/Mabis-Healthcare-513-7644-0200
1281547,Seat Cushion MedaCure® 20 W X 16 L X 3 H Inch Foam,,Medacure Inc,FC2016-3,Wheelchair Cushions,$18.61 ,,Shipped by Manufacturer,EA/1,,,https://imgcdn.mckesson.com/CumulusWeb/Images/Item_Detail/1281547_left.jpg,,https://mms.mckesson.com/product/1281547/Medacure-Inc-FC2016-3
1281546,Seat Cushion MedaCure® 20 W X 16 L X 3 H Inch Foam,,Medacure Inc,FC2016-2,Wheelchair Cushions,$18.61 ,,Shipped by Manufacturer,EA/1,,,https://imgcdn.mckesson.com/CumulusWeb/Images/Item_Detail/12815461_left.jpg,,https://mms.mckesson.com/product/1281546/Medacure-Inc-FC2016-2
1281548,Seat Cushion MedaCure® 20 W X 18 L X 2 H Inch Foam,,Medacure Inc,FC2018-2,Wheelchair Cushions,$18.61 ,,Shipped by Manufacturer,EA/1,,,https://imgcdn.mckesson.com/CumulusWeb/Images/Item_Detail/1281548_left.jpg,,https://mms.mckesson.com/product/1281548/Medacure-Inc-FC2018-2
1065554,Seat Cushion McKesson 22 W X 18 L X 3 D Inch Polyurethane,,McKesson Brand,170-71005,Wheelchair Cushions,$18.66 ,,"In Stock (Get it Tomorrow, Oct 1)",EA/1,,,https://imgcdn.mckesson.com/CumulusWeb/Images/Item_Detail/1065554.jpg,,https://mms.mckesson.com/product/1065554/McKesson-Brand-170-71005
854839,Wheelchair Seat Upholstery For Drive Silver Sport 2 Wheelchair,,Drive DeVilbiss Healthcare,STDS3J4618,Wheelchair Cushions,$19.56 ,,Shipped by Manufacturer,EA/1,,,https://imgcdn.mckesson.com/CumulusWeb/Images/Item_Detail/854839.jpg,,https://mms.mckesson.com/product/854839/Drive-DeVilbiss-Healthcare-STDS3J4618
813747,Seat Cushion NYOrtho 18 W X 16 L X 2 D Inch Foam / Gel,,New York Orthopedic,9595-GEL-181602,Wheelchair Cushions,$19.76 ,,"In Stock - Network (Get it Tuesday, Oct 6)",EA/1,,,https://imgcdn.mckesson.com/CumulusWeb/Images/Item_Detail/813747_top.jpg,,https://mms.mckesson.com/product/813747/New-York-Orthopedic-9595-GEL-181602
1065573,Seat Cushion McKesson 18 W X 16 L X 2 D Inch Foam / Gel,,McKesson Brand,170-73002,Wheelchair Cushions,$19.79 ,,"In Stock (Get it Tomorrow, Oct 1)",EA/1,,,https://imgcdn.mckesson.com/CumulusWeb/Images/Item_Detail/1065573_front.jpg,,https://mms.mckesson.com/product/1065573/McKesson-Brand-170-73002
1065558,Seat Cushion McKesson 16 W X 16 L X 2 D Inch Foam / Gel,,McKesson Brand,170-73001,Wheelchair Cushions,$19.93 ,,"In Stock - Network (Get it Friday, Oct 2)",EA/1,,,https://imgcdn.mckesson.com/CumulusWeb/Images/Item_Detail/1065558_front.jpg,,https://mms.mckesson.com/product/1065558/McKesson-Brand-170-73001
1281557,Seat Cushion MedaCure® 18 W X 16 L X 2 H Inch Gel,,Medacure Inc,GC1816-2,Wheelchair Cushions,$19.99 ,,Shipped by Manufacturer,EA/1,,,https://imgcdn.mckesson.com/CumulusWeb/Images/Item_Detail/1281557_left.jpg,,https://mms.mckesson.com/product/1281557/Medacure-Inc-GC1816-2
1281559,Seat Cushion MedaCure® 18 W X 18 L X 2 H Inch Gel,,Medacure Inc,GC1818-2,Wheelchair Cushions,$19.99 ,,Shipped by Manufacturer,EA/1,,,https://imgcdn.mckesson.com/CumulusWeb/Images/Item_Detail/1281559_left.jpg,,https://mms.mckesson.com/product/1281559/Medacure-Inc-GC1818-2
1281549,Seat Cushion MedaCure® 20 W X 18 L X 3 H Inch Foam,,Medacure Inc,FC2018-3,Wheelchair Cushions,$19.99 ,,Shipped by Manufacturer,EA/1,,,https://imgcdn.mckesson.com/CumulusWeb/Images/Item_Detail/1281549_left.jpg,,https://mms.mckesson.com/product/1281549/Medacure-Inc-FC2018-3
1281561,Seat Cushion MedaCure® 20 W X 16 L X 2 H Inch Gel,,Medacure Inc,GC2016-2,Wheelchair Cushions,$19.99 ,,Shipped by Manufacturer,EA/1,,,https://imgcdn.mckesson.com/CumulusWeb/Images/Item_Detail/1281561_left.jpg,,https://mms.mckesson.com/product/1281561/Medacure-Inc-GC2016-2
1281555,Seat Cushion MedaCure® 16 W X 16 L X 2 H Inch Gel,,Medacure Inc,GC1616-2,Wheelchair Cushions,$19.99 ,,Shipped by Manufacturer,EA/1,,,https://imgcdn.mckesson.com/CumulusWeb/Images/Item_Detail/1281555_left.jpg,,https://mms.mckesson.com/product/1281555/Medacure-Inc-GC1616-2
1281571,Seat Cushion MedaCure® 16 W X 17 L X 2-1/2 H Inch,,Medacure Inc,LBC1617,Wheelchair Cushions,$19.99 ,,Shipped by Manufacturer,EA/1,,,https://imgcdn.mckesson.com/CumulusWeb/Images/Item_Detail/1281571_front.jpg,,https://mms.mckesson.com/product/1281571/Medacure-Inc-LBC1617
976969,Seat Cushion Premier One 20 W X 16 L X 3 D Inch Foam,M8065,Drive DeVilbiss Healthcare,M8065,Wheelchair Cushions,$20.25 ,,"In Stock (Get it Tomorrow, Oct 1)",EA/1,,,https://imgcdn.mckesson.com/CumulusWeb/Images/Item_Detail/976969.jpg,,https://mms.mckesson.com/product/976969/Drive-DeVilbiss-Healthcare-M8065
1090409,Wedge Seat Cushion Protekt® 20 W X 16 L X 3 to 1-1/2 D Inch Polyurethane,,Proactive Medical Products LLC,76152,Wheelchair Cushions,$20.43 ,,Shipped by Manufacturer,EA/1,,,https://imgcdn.mckesson.com/CumulusWeb/Images/Item_Detail/1090409_right.jpg,,https://mms.mckesson.com/product/1090409/Proactive-Medical-Products-LLC-76152
1065559,Seat Cushion McKesson 20 W X 16 L X 2 D Inch Foam / Gel,,McKesson Brand,170-73003,Wheelchair Cushions,$20.51 ,,"In Stock (Get it Tomorrow, Oct 1)",EA/1,,,https://imgcdn.mckesson.com/CumulusWeb/Images/Item_Detail/1065559_front.jpg,,https://mms.mckesson.com/product/1065559/McKesson-Brand-170-73003
813744,Seat Cushion NYOrtho 16 W X 16 L X 3 D Inch Foam / Gel,,New York Orthopedic,9595-GEL-161603,Wheelchair Cushions,$20.52 ,,Shipped by Manufacturer,EA/1,,,https://imgcdn.mckesson.com/CumulusWeb/Images/Item_Detail/813744_top.jpg,,https://mms.mckesson.com/product/813744/New-York-Orthopedic-9595-GEL-161603
1281550,Seat Cushion MedaCure® 22 W X 16 L X 3 H Inch Foam,,Medacure Inc,FC2216-3,Wheelchair Cushions,$20.68 ,,Shipped by Manufacturer,EA/1,,,https://imgcdn.mckesson.com/CumulusWeb/Images/Item_Detail/1281550_left.jpg,,https://mms.mckesson.com/product/1281550/Medacure-Inc-FC2216-3
1065574,Seat Cushion McKesson 18 W X 16 L X 3 D Inch Foam / Gel,,McKesson Brand,170-74002,Wheelchair Cushions,$20.79 ,,"In Stock (Get it Tomorrow, Oct 1)",EA/1,,,https://imgcdn.mckesson.com/CumulusWeb/Images/Item_Detail/1065574_right.jpg,,https://mms.mckesson.com/product/1065574/McKesson-Brand-170-74002
1065560,Seat Cushion McKesson 16 W X 16 L X 3 D Inch Foam / Gel,,McKesson Brand,170-74001,Wheelchair Cushions,$20.93 ,,"In Stock (Get it Tomorrow, Oct 1)",EA/1,,,https://imgcdn.mckesson.com/CumulusWeb/Images/Item_Detail/1065560_left.jpg,,https://mms.mckesson.com/product/1065560/McKesson-Brand-170-74001
1281572,Seat Cushion MedaCure® 18 W X 17 L X 2-1/2 H Inch,,Medacure Inc,LBC1817,Wheelchair Cushions,$21.02 ,,Shipped by Manufacturer,EA/1,,,https://imgcdn.mckesson.com/CumulusWeb/Images/Item_Detail/1281572_front.jpg,,https://mms.mckesson.com/product/1281572/Medacure-Inc-LBC1817
813748,Seat Cushion NYOrtho 18 W X 16 L X 3 D Inch Foam / Gel,,New York Orthopedic,9595-GEL-181603,Wheelchair Cushions,$21.22 ,,"In Stock - Network (Get it Saturday, Oct 3)",EA/1,,,https://imgcdn.mckesson.com/CumulusWeb/Images/Item_Detail/813748_top.jpg,,https://mms.mckesson.com/product/813748/New-York-Orthopedic-9595-GEL-181603
1288503,Seat Cushion Protekt® 18 W X 18 L X 3 H Inch Foam,,Proactive Medical Products LLC,76003SP,Wheelchair Cushions,$21.29 ,,Shipped by Manufacturer,EA/1,,,https://imgcdn.mckesson.com/CumulusWeb/Images/Item_Detail/1288503_right.jpg,,https://mms.mckesson.com/product/1288503/Proactive-Medical-Products-LLC-76003SP
1281551,Seat Cushion MedaCure® 28 W X 18 L X 3 H Inch Foam,,Medacure Inc,FC2218-3,Wheelchair Cushions,$21.37 ,,Shipped by Manufacturer,EA/1,,,https://imgcdn.mckesson.com/CumulusWeb/Images/Item_Detail/1281551_left.jpg,,https://mms.mckesson.com/product/1281551/Medacure-Inc-FC2218-3
1152480,Seat Cushion Protekt® Foam Bariatric 24 W X 20 L X 3 D Inch Polyurethane,,Proactive Medical Products LLC,71012,Wheelchair Cushions,$21.42 ,,Shipped by Manufacturer,EA/1,,,https://imgcdn.mckesson.com/CumulusWeb/Images/Item_Detail/1152480_right_.jpg,,https://mms.mckesson.com/product/1152480/Proactive-Medical-Products-LLC-71012
1065561,Seat Cushion McKesson 18 W X 18 L X 3 D Inch Foam / Gel,,McKesson Brand,170-74003,Wheelchair Cushions,$21.67 ,,"In Stock (Get it Tomorrow, Oct 1)",EA/1,,,https://imgcdn.mckesson.com/CumulusWeb/Images/Item_Detail/1065561_left.jpg,,https://mms.mckesson.com/product/1065561/McKesson-Brand-170-74003
880647,Wheelchair Seat Upholstery For Sentra Wheelchair,,Drive DeVilbiss Healthcare,STDS1S2650,Wheelchair Cushions,$21.73 ,,Shipped by Manufacturer,EA/1,,,https://imgcdn.mckesson.com/CumulusWeb/Images/Item_Detail/880647.JPG,,https://mms.mckesson.com/product/880647/Drive-DeVilbiss-Healthcare-STDS1S2650
1288501,Seat Cushion Protekt® 16 W X 16 L X 3 H Inch Foam,,Proactive Medical Products LLC,76001SP,Wheelchair Cushions,$21.89 ,,Shipped by Manufacturer,EA/1,,,https://imgcdn.mckesson.com/CumulusWeb/Images/Item_Detail/1288501_right.jpg,,https://mms.mckesson.com/product/1288501/Proactive-Medical-Products-LLC-76001SP
1095670,Seat Cushion APEX™ 16 W X 16 L X 2 D Inch Foam,,New York Orthopedic,9597-161602,Wheelchair Cushions,$22.15 ,,"In Stock (Get it Tomorrow, Oct 1)",EA/1,,,https://imgcdn.mckesson.com/CumulusWeb/Images/Item_Detail/1095670_left.jpg,,https://mms.mckesson.com/product/1095670/New-York-Orthopedic-9597-161602
1065588,Seat Back Cushion McKesson 16 W X 17 L Inch Foam,,McKesson Brand,170-79001,Wheelchair Cushions,$22.20 ,,"In Stock (Get it Tomorrow, Oct 1)",EA/1,,,https://imgcdn.mckesson.com/CumulusWeb/Images/Item_Detail/1065588_front.jpg,,https://mms.mckesson.com/product/1065588/McKesson-Brand-170-79001
1213687,Wedge Seat Cushion Protekt® 18 W X 16 L X 3 to 1-1/2 D Inch Foam / Gel,,Proactive Medical Products LLC,76150G,Wheelchair Cushions,$22.27 ,,Shipped by Manufacturer,EA/1,,,https://imgcdn.mckesson.com/CumulusWeb/Images/Item_Detail/1213687_pdet_.jpg,,https://mms.mckesson.com/product/1213687/Proactive-Medical-Products-LLC-76150G
1228259,Wedge Seat Cushion Protekt® 16 W X 16 L X 3 to 1-1/2 D Inch Foam / Gel,,Proactive Medical Products LLC,76149G,Wheelchair Cushions,$22.27 ,,Shipped by Manufacturer,EA/1,,,https://imgcdn.mckesson.com/CumulusWeb/Images/Item_Detail/1228259_pdet.jpg,,https://mms.mckesson.com/product/1228259/Proactive-Medical-Products-LLC-76149G
816787,Seat Cushion NYOrtho 18 W X 18 L X 3 D Inch Foam / Gel,,New York Orthopedic,9595-GEL-181803,Wheelchair Cushions,$22.36 ,,Shipped by Manufacturer,EA/1,,,https://imgcdn.mckesson.com/CumulusWeb/Images/Item_Detail/816787_top.jpg,,https://mms.mckesson.com/product/816787/New-York-Orthopedic-9595-GEL-181803
1281573,Seat Cushion MedaCure® 20 W X 17 L X 2-1/2 H Inch,,Medacure Inc,LBC2017,Wheelchair Cushions,$22.40 ,,Shipped by Manufacturer,EA/1,,,https://imgcdn.mckesson.com/CumulusWeb/Images/Item_Detail/1281573_front.jpg,,https://mms.mckesson.com/product/1281573/Medacure-Inc-LBC2017
1281560,Seat Cushion MedaCure® 18 W X 18 L X 3 H Inch Gel,,Medacure Inc,GC1818-3,Wheelchair Cushions,$22.75 ,,Shipped by Manufacturer,EA/1,,,https://imgcdn.mckesson.com/CumulusWeb/Images/Item_Detail/1281560_left.jpg,,https://mms.mckesson.com/product/1281560/Medacure-Inc-GC1818-3
1281556,Seat Cushion MedaCure® 16 W X 16 L X 3 H Inch Gel,,Medacure Inc,GC1616-3,Wheelchair Cushions,$22.75 ,,Shipped by Manufacturer,EA/1,,,https://imgcdn.mckesson.com/CumulusWeb/Images/Item_Detail/1281556_left.jpg,,https://mms.mckesson.com/product/1281556/Medacure-Inc-GC1616-3
1281562,Seat Cushion MedaCure® 20 W X 16 L X 3 H Inch Gel,,Medacure Inc,GC2016-3,Wheelchair Cushions,$22.75 ,,Shipped by Manufacturer,EA/1,,,https://imgcdn.mckesson.com/CumulusWeb/Images/Item_Detail/1281562_left.jpg,,https://mms.mckesson.com/product/1281562/Medacure-Inc-GC2016-3
1281558,Seat Cushion MedaCure® 18 W X 16 L X 3 H Inch Gel,,Medacure Inc,GC1816-3,Wheelchair Cushions,$22.75 ,,Shipped by Manufacturer,EA/1,,,https://imgcdn.mckesson.com/CumulusWeb/Images/Item_Detail/1281558_left.jpg,,https://mms.mckesson.com/product/1281558/Medacure-Inc-GC1816-3
1065550,Seat Back Cushion McKesson 18 W X 17 L Inch Foam,,McKesson Brand,170-79002,Wheelchair Cushions,$22.84 ,,"In Stock - Network (Get it Friday, Oct 2)",EA/1,,,https://imgcdn.mckesson.com/CumulusWeb/Images/Item_Detail/1065550_left.jpg,,https://mms.mckesson.com/product/1065550/McKesson-Brand-170-79002
840534,Contoured Seat Cushion Premier One 16 W X 6 L X 1-3/4 D Inch Molded Foam,,Drive DeVilbiss Healthcare,14880,Wheelchair Cushions,$23.03 ,,"In Stock - Network (Get it Saturday, Oct 3)",EA/1,,,https://imgcdn.mckesson.com/CumulusWeb/Images/Item_Detail/840534.jpg,,https://mms.mckesson.com/product/840534/Drive-DeVilbiss-Healthcare-14880
1065562,Seat Cushion McKesson 20 W X 18 L X 3 D Inch Foam / Gel,,McKesson Brand,170-74014,Wheelchair Cushions,$23.18 ,,"In Stock (Get it Tomorrow, Oct 1)",EA/1,,,https://imgcdn.mckesson.com/CumulusWeb/Images/Item_Detail/1065562_pkgleft.jpg,,https://mms.mckesson.com/product/1065562/McKesson-Brand-170-74014
1065585,Seat Cushion McKesson 20 W X 16 L X 3 D Inch Foam / Gel,,McKesson Brand,170-74004,Wheelchair Cushions,$23.27 ,,"In Stock - Network (Get it Friday, Oct 2)",EA/1,,,https://imgcdn.mckesson.com/CumulusWeb/Images/Item_Detail/1065585_left.jpg,,https://mms.mckesson.com/product/1065585/McKesson-Brand-170-74004
341559,Seat Cushion Waffle® Original 17 W X 17 L X 1-1/2 D Inch Air Cells,,EHOB,2000WCXX120,Wheelchair Cushions,$23.27 ,,"In Stock (Get it Tomorrow, Oct 1)",EA/1,,,https://imgcdn.mckesson.com/CumulusWeb/Images/Item_Detail/341559_front.jpg,,https://mms.mckesson.com/product/341559/EHOB-2000WCXX120
1065555,Contoured Seat Cushion McKesson 18 W X 16 L X 3 D Inch Molded Foam,,McKesson Brand,170-76002SP,Wheelchair Cushions,$23.33 ,,"In Stock - Network (Get it Friday, Oct 2)",EA/1,,,https://imgcdn.mckesson.com/CumulusWeb/Images/Item_Detail/1065555_ppkgleft.jpg,,https://mms.mckesson.com/product/1065555/McKesson-Brand-170-76002SP
1281574,Seat Cushion MedaCure® 22 W X 17 L X 2-1/2 H Inch,,Medacure Inc,LBC2217,Wheelchair Cushions,$23.44 ,,Shipped by Manufacturer,EA/1,,,https://imgcdn.mckesson.com/CumulusWeb/Images/Item_Detail/1281574_front.jpg,,https://mms.mckesson.com/product/1281574/Medacure-Inc-LBC2217
913721,Seat Cushion Gel-U-Seat™ Lite 18 W X 16 L X 2 D Inch Foam / Gel,,Drive DeVilbiss Healthcare,8040-2,Wheelchair Cushions,$23.51 ,,"In Stock (Get it Tomorrow, Oct 1)",EA/1,,,https://imgcdn.mckesson.com/CumulusWeb/Images/Item_Detail/913721_left.jpg,,https://mms.mckesson.com/product/913721/Drive-DeVilbiss-Healthcare-8040-2
1288505,Seat Cushion Protekt® 20 W X 18 L X 3 H Inch Foam,,Proactive Medical Products LLC,76008SP,Wheelchair Cushions,$23.65 ,,Shipped by Manufacturer,EA/1,,,https://imgcdn.mckesson.com/CumulusWeb/Images/Item_Detail/1288505_right.jpg,,https://mms.mckesson.com/product/1288505/Proactive-Medical-Products-LLC-76008SP
864749,Contoured Seat Cushion drive™ 20 W X 16 L X 2 D Inch Molded Foam,,Drive DeVilbiss Healthcare,14881,Wheelchair Cushions,$23.72 ,,"In Stock (Get it Tomorrow, Oct 1)",EA/1,,,https://imgcdn.mckesson.com/CumulusWeb/Images/Item_Detail/864749.jpg,,https://mms.mckesson.com/product/864749/Drive-DeVilbiss-Healthcare-14881
691962,Contoured Seat Cushion drive™ 18 W X 16 L X 2 D Inch Molded Foam,,Drive DeVilbiss Healthcare,14887,Wheelchair Cushions,$23.98 ,,"In Stock (Get it Tomorrow, Oct 1)",CS/1,,,https://imgcdn.mckesson.com/CumulusWeb/Images/Item_Detail/691962_left1.jpg,,https://mms.mckesson.com/product/691962/Drive-DeVilbiss-Healthcare-14887
1065569,Seat Back Cushion McKesson 20 W X 19 L Inch Foam,,McKesson Brand,170-79003,Wheelchair Cushions,$24.12 ,,"In Stock (Get it Tomorrow, Oct 1)",EA/1,,,https://imgcdn.mckesson.com/CumulusWeb/Images/Item_Detail/1065569_pdet.jpg,,https://mms.mckesson.com/product/1065569/McKesson-Brand-170-79003
1281552,Seat Cushion MedaCure® 24 W X 18 W X 3 H Inch Foam,,Medacure Inc,FC2418-3,Wheelchair Cushions,$24.12 ,,Shipped by Manufacturer,EA/1,,,https://imgcdn.mckesson.com/CumulusWeb/Images/Item_Detail/1281552_left.jpg,,https://mms.mckesson.com/product/1281552/Medacure-Inc-FC2418-3
1281564,Seat Cushion MedaCure® 20 W X 18 L X 3 H Inch Gel,,Medacure Inc,GC2018-3,Wheelchair Cushions,$24.12 ,,Shipped by Manufacturer,EA/1,,,https://imgcdn.mckesson.com/CumulusWeb/Images/Item_Detail/1281564_left.jpg,,https://mms.mckesson.com/product/1281564/Medacure-Inc-GC2018-3
1065580,Contoured Seat Cushion McKesson 18 W X 18 L X 3 D Inch Molded Foam,,McKesson Brand,170-76003SP,Wheelchair Cushions,$24.23 ,,"In Stock - Network (Get it Saturday, Oct 3)",EA/1,,,https://imgcdn.mckesson.com/CumulusWeb/Images/Item_Detail/1065580.jpg,,https://mms.mckesson.com/product/1065580/McKesson-Brand-170-76003SP
816789,Seat Cushion NYOrtho 20 W X 18 L X 3 D Inch Foam / Gel,,New York Orthopedic,9595-GEL-201803,Wheelchair Cushions,$24.28 ,,Shipped by Manufacturer,EA/1,,,https://imgcdn.mckesson.com/CumulusWeb/Images/Item_Detail/816789_top.jpg,,https://mms.mckesson.com/product/816789/New-York-Orthopedic-9595-GEL-201803
711495,Seat Cushion Gel E 18 W X 16 L X 3 D Inch Foam / Gel,,Drive DeVilbiss Healthcare,14886,Wheelchair Cushions,$24.59 ,,"In Stock - Network (Get it Saturday, Oct 3)",EA/1,,,https://imgcdn.mckesson.com/CumulusWeb/Images/Item_Detail/711495_left.jpg,,https://mms.mckesson.com/product/711495/Drive-DeVilbiss-Healthcare-14886
1065551,Seat Back Cushion McKesson 22 W X 19 L Inch Foam,,McKesson Brand,170-79004,Wheelchair Cushions,$24.69 ,,"In Stock (Get it Tomorrow, Oct 1)",EA/1,,,https://imgcdn.mckesson.com/CumulusWeb/Images/Item_Detail/1065551_pdet.jpg,,https://mms.mckesson.com/product/1065551/McKesson-Brand-170-79004
1065556,Contoured Seat Cushion McKesson 20 W X 16 L X 3 D Inch Molded Foam,,McKesson Brand,170-76004SP,Wheelchair Cushions,$24.70 ,,"In Stock - Network (Get it Friday, Oct 2)",EA/1,,,https://imgcdn.mckesson.com/CumulusWeb/Images/Item_Detail/1065556_right.jpg,,https://mms.mckesson.com/product/1065556/McKesson-Brand-170-76004SP
880830,Wheelchair Seat Upholstery For Cruiser III 4S Wheelchair,,Drive DeVilbiss Healthcare,STDS4S2418-AD,Wheelchair Cushions,$24.72 ,,Shipped by Manufacturer,EA/1,,,https://imgcdn.mckesson.com/CumulusWeb/Images/Item_Detail/880830.jpg,,https://mms.mckesson.com/product/880830/Drive-DeVilbiss-Healthcare-STDS4S2418-AD
1281565,Seat Cushion MedaCure® 22 W X 16 L X 3 H Inch Gel,,Medacure Inc,GC2216-3,Wheelchair Cushions,$24.81 ,,Shipped by Manufacturer,EA/1,,,https://imgcdn.mckesson.com/CumulusWeb/Images/Item_Detail/1281565_left.jpg,,https://mms.mckesson.com/product/1281565/Medacure-Inc-GC2216-3
1281563,Seat Cushion MedaCure® 20 W X 18 L X 2 H Inch Gel,,Medacure Inc,GC2018-2,Wheelchair Cushions,$24.81 ,,Shipped by Manufacturer,EA/1,,,https://imgcdn.mckesson.com/CumulusWeb/Images/Item_Detail/12815631_left.jpg,,https://mms.mckesson.com/product/1281563/Medacure-Inc-GC2018-2
824724,Seat Cushion Comfort Cushion 20 W X 18 L X 3 D Inch Foam,,Graham-Field,8100208,Wheelchair Cushions,$25 ,,Shipped by Manufacturer,EA/1,,,https://imgcdn.mckesson.com/CumulusWeb/Images/Item_Detail/824724_right.jpg,,https://mms.mckesson.com/product/824724/Graham-Field-8100208
824722,Seat Cushion Comfort Cushion 18 W X 18 L X 3 D Inch Foam,,Graham-Field,8100188,Wheelchair Cushions,$25 ,,Shipped by Manufacturer,EA/1,,,https://imgcdn.mckesson.com/CumulusWeb/Images/Item_Detail/824722_right.jpg,,https://mms.mckesson.com/product/824722/Graham-Field-8100188
854840,Wheelchair Seat Upholstery For Drive Silver Sport 2 Wheelchair,,Drive DeVilbiss Healthcare,STDS3J4620,Wheelchair Cushions,$25.62 ,,Shipped by Manufacturer,EA/1,,,https://imgcdn.mckesson.com/CumulusWeb/Images/Item_Detail/854840.jpg,,https://mms.mckesson.com/product/854840/Drive-DeVilbiss-Healthcare-STDS3J4620
1229016,Seat Cushion DMI® 18 W X 16 L X 2 D Inch Foam / Gel,,Mabis Healthcare,513-7645-0200,Wheelchair Cushions,$25.64 ,,"In Stock - Network (Get it Saturday, Oct 3)",EA/1,,,https://imgcdn.mckesson.com/CumulusWeb/Images/Item_Detail/1229016_left.jpg,,https://mms.mckesson.com/product/1229016/Mabis-Healthcare-513-7645-0200
1065575,Seat Cushion McKesson 22 W X 18 L X 3 D Inch Foam / Gel,,McKesson Brand,170-74005,Wheelchair Cushions,$25.78 ,,"In Stock (Get it Tomorrow, Oct 1)",EA/1,,,https://imgcdn.mckesson.com/CumulusWeb/Images/Item_Detail/1065575_front.jpg,,https://mms.mckesson.com/product/1065575/McKesson-Brand-170-74005
1065563,Seat Cushion McKesson 24 W X 18 L X 3 D Inch Foam / Gel,,McKesson Brand,170-74006,Wheelchair Cushions,$26.05 ,,"In Stock (Get it Tomorrow, Oct 1)",EA/1,,,https://imgcdn.mckesson.com/CumulusWeb/Images/Item_Detail/1065563_front.jpg,,https://mms.mckesson.com/product/1065563/McKesson-Brand-170-74006
1281566,Seat Cushion MedaCure® 22 W X 18 L X 3 H Inch Gel,,Medacure Inc,GC2218-3,Wheelchair Cushions,$26.19 ,,Shipped by Manufacturer,EA/1,,,https://imgcdn.mckesson.com/CumulusWeb/Images/Item_Detail/1281566_left.jpg,,https://mms.mckesson.com/product/1281566/Medacure-Inc-GC2218-3
824497,Lumbar Support Cushion Everest & Jennings® 17 W X 16 L X 2 D Inch Foam,,Graham-Field,821617,Wheelchair Cushions,$26.52 ,,Shipped by Manufacturer,EA/1,,,https://imgcdn.mckesson.com/CumulusWeb/Images/Item_Detail/824497.jpg,,https://mms.mckesson.com/product/824497/Graham-Field-821617
913723,Seat Cushion Gel-U-Seat™ Lite 18 W X 18 D X 2 H Inch Foam / Gel,,Drive DeVilbiss Healthcare,8040-5,Wheelchair Cushions,$26.87 ,,"In Stock (Get it Tomorrow, Oct 1)",EA/1,,,https://imgcdn.mckesson.com/CumulusWeb/Images/Item_Detail/913723_right.jpg,,https://mms.mckesson.com/product/913723/Drive-DeVilbiss-Healthcare-8040-5
826455,Seat Cushion Premier One Bariatric 22 W X 18 L X 3 D Inch Foam,M8077,Drive DeVilbiss Healthcare,M8077,Wheelchair Cushions,$27.01 ,,"In Stock (Get it Tomorrow, Oct 1)",EA/1,,,https://imgcdn.mckesson.com/CumulusWeb/Images/Item_Detail/826455_left.jpg,,https://mms.mckesson.com/product/826455/Drive-DeVilbiss-Healthcare-M8077
913722,Seat Cushion Gel-U-Seat™ Lite 20 W X 18 L X 2 D Inch Foam / Gel,,Drive DeVilbiss Healthcare,8040-4,Wheelchair Cushions,$27.07 ,,"In Stock (Get it Tomorrow, Oct 1)",EA/1,,,https://imgcdn.mckesson.com/CumulusWeb/Images/Item_Detail/913722_right.jpg,,https://mms.mckesson.com/product/913722/Drive-DeVilbiss-Healthcare-8040-4
1281567,Seat Cushion MedaCure® 24 W X 18 L X 3 H Inch Gel,,Medacure Inc,GC2418-3,Wheelchair Cushions,$27.57 ,,Shipped by Manufacturer,EA/1,,,https://imgcdn.mckesson.com/CumulusWeb/Images/Item_Detail/1281567_left.jpg,,https://mms.mckesson.com/product/1281567/Medacure-Inc-GC2418-3
822653,Seat Cushion Pressure-Check 18 W X 16 L X 3 D Inch Foam,,Skil-Care,753178,Wheelchair Cushions,$27.91 ,,Shipped by Manufacturer,EA/1,,,https://imgcdn.mckesson.com/CumulusWeb/Images/Item_Detail/822653.jpg,,https://mms.mckesson.com/product/822653/Skil-Care-753178
1080837,Level Seat Cushion NYOrtho Solid Seat Insert 18 W X 16 L X 1/2 D Inch Polyethylene,,New York Orthopedic,9-SSI-1816,Wheelchair Cushions,$28.99 ,,Shipped by Manufacturer,EA/1,,,https://imgcdn.mckesson.com/CumulusWeb/Images/Item_Detail/1080837_top.jpg,,https://mms.mckesson.com/product/1080837/New-York-Orthopedic-9-SSI-1816
1194687,Seat Cushion Protekt® 14 W X 14 L X 3 D Inch Foam / Gel,,Proactive Medical Products LLC,74018,Wheelchair Cushions,$29.19 ,,Shipped by Manufacturer,EA/1,,,https://imgcdn.mckesson.com/CumulusWeb/Images/Item_Detail/1194687_pdet.jpg,,https://mms.mckesson.com/product/1194687/Proactive-Medical-Products-LLC-74018
706912,Wheelchair Seat Cushion Cover Pilot™ 16 X 16 Inch,,Action Products,COV9000-2,Wheelchair Cushions,$30.11 ,,Shipped by Manufacturer,EA/1,,,https://imgcdn.mckesson.com/CumulusWeb/Images/Item_Detail/706912.jpg,,https://mms.mckesson.com/product/706912/Action-Products-COV9000-2
1095681,Wheelchair Lap Cushion NYOrtho 27 W X 10 L X 3 D Inch Foam,,New York Orthopedic,9527-1620-3,Wheelchair Cushions,$30.37 ,,"In Stock - Network (Get it Tuesday, Oct 6)",EA/1,,,https://imgcdn.mckesson.com/CumulusWeb/Images/Item_Detail/1095681_pdet.jpg,,https://mms.mckesson.com/product/1095681/New-York-Orthopedic-9527-1620-3
864754,Contoured Seat Cushion drive™ 20 W X 18 L X 2 D Inch Molded Foam,,Drive DeVilbiss Healthcare,14909,Wheelchair Cushions,$30.60 ,,"In Stock - Network (Get it Tuesday, Oct 6)",EA/1,,,https://imgcdn.mckesson.com/CumulusWeb/Images/Item_Detail/864754.jpg,,https://mms.mckesson.com/product/864754/Drive-DeVilbiss-Healthcare-14909
1102487,Coccyx Relief Seat Cushion Protekt® 26 W X 18 L X 3 D Inch Foam / Gel,,Proactive Medical Products LLC,74007CX,Wheelchair Cushions,$30.63 ,,Shipped by Manufacturer,EA/1,,,https://imgcdn.mckesson.com/CumulusWeb/Images/Item_Detail/1102487_pdet.jpg,,https://mms.mckesson.com/product/1102487/Proactive-Medical-Products-LLC-74007CX
691963,Seat Cushion Gel E 18 W X 16 L X 2 D Inch Foam / Gel,,Drive DeVilbiss Healthcare,14888,Wheelchair Cushions,$30.85 ,,"In Stock - Network (Get it Saturday, Oct 3)",CS/1,,,https://imgcdn.mckesson.com/CumulusWeb/Images/Item_Detail/691963.jpg,,https://mms.mckesson.com/product/691963/Drive-DeVilbiss-Healthcare-14888
1093068,Wedge Seat Cushion NYOrtho 18 W X 16 L X 4 to 2 D Inch Foam / Gel,,New York Orthopedic,9595-WGL-181642,Wheelchair Cushions,$31 ,,Shipped by Manufacturer,EA/1,,,https://imgcdn.mckesson.com/CumulusWeb/Images/Item_Detail/1093068_left.jpg,,https://mms.mckesson.com/product/1093068/New-York-Orthopedic-9595-WGL-181642
1281553,Seat Cushion MedaCure® 26 W X 18 L X 3 H Inch Foam,,Medacure Inc,FC2618-3,Wheelchair Cushions,$31.02 ,,Shipped by Manufacturer,EA/1,,,https://imgcdn.mckesson.com/CumulusWeb/Images/Item_Detail/1281553_left.jpg,,https://mms.mckesson.com/product/1281553/Medacure-Inc-FC2618-3
1111657,Solid Insert Cushion NYOrtho For use with Wheelchair,,New York Orthopedic,9-SSI-2016,Wheelchair Cushions,$31.07 ,,Shipped by Manufacturer,EA/1,,,https://imgcdn.mckesson.com/CumulusWeb/Images/Item_Detail/1111657_right.jpg,,https://mms.mckesson.com/product/1111657/New-York-Orthopedic-9-SSI-2016
983244,Seat Cushion Express Comfort Gel 16 W X 16 L X 2 D Inch Foam / Gel,,The Comfort Company,401GA-EC,Wheelchair Cushions,$31.38 ,,Shipped by Manufacturer,EA/1,,,https://imgcdn.mckesson.com/CumulusWeb/Images/Item_Detail/983244.jpg,,https://mms.mckesson.com/product/983244/The-Comfort-Company-401GA-EC
1106178,Seat Cushion Protekt® 24 W X 20 L X 2 D Inch Foam / Gel,,Proactive Medical Products LLC,73100,Wheelchair Cushions,$32.11 ,,Shipped by Manufacturer,EA/1,,,https://imgcdn.mckesson.com/CumulusWeb/Images/Item_Detail/1106178_pdet_.jpg,,https://mms.mckesson.com/product/1106178/Proactive-Medical-Products-LLC-73100
1288502,Seat Cushion Protekt® 18 W X 16 L X 3 H Inch Foam,,Proactive Medical Products LLC,76002SP,Wheelchair Cushions,$32.44 ,,Shipped by Manufacturer,EA/1,,,https://imgcdn.mckesson.com/CumulusWeb/Images/Item_Detail/1288502_right.jpg,,https://mms.mckesson.com/product/1288502/Proactive-Medical-Products-LLC-76002SP
1093067,Wedge Seat Cushion NYOrtho 18 W X 18 L X 4 to 2 D Inch Foam / Gel,,New York Orthopedic,9595-WGL-181842,Wheelchair Cushions,$32.49 ,,Shipped by Manufacturer,EA/1,,,https://imgcdn.mckesson.com/CumulusWeb/Images/Item_Detail/1093067_left.jpg,,https://mms.mckesson.com/product/1093067/New-York-Orthopedic-9595-WGL-181842
252804,Seat Cushion Skil-Care™ Comfort Foam 16 W X 18 L X 2 D Inch Foam,,Skil-Care,753230,Wheelchair Cushions,$32.57 ,,Shipped by Manufacturer,EA/1,,,https://imgcdn.mckesson.com/CumulusWeb/Images/Item_Detail/252804_pdet.jpg,,https://mms.mckesson.com/product/252804/Skil-Care-753230
877370,Seat Cushion Express Comfort Gel 18 W X 16 L X 2 D Inch Foam / Gel,,The Comfort Company,401GB-EC,Wheelchair Cushions,$33.32 ,,"In Stock - Network (Get it Tuesday, Oct 6)",EA/1,,,https://imgcdn.mckesson.com/CumulusWeb/Images/Item_Detail/877370.jpg,,https://mms.mckesson.com/product/877370/The-Comfort-Company-401GB-EC
1288504,Seat Cushion Protekt® 20 W X 16 L X 3 H Inch Foam,,Proactive Medical Products LLC,76004SP,Wheelchair Cushions,$33.79 ,,Shipped by Manufacturer,EA/1,,,https://imgcdn.mckesson.com/CumulusWeb/Images/Item_Detail/1288504_right.jpg,,https://mms.mckesson.com/product/1288504/Proactive-Medical-Products-LLC-76004SP
587464,Seat Back Cushion drive™ 18 W X 17 L X 2-1/2 D Inch Foam,,Drive DeVilbiss Healthcare,14889,Wheelchair Cushions,$33.81 ,,"In Stock - Network (Get it Saturday, Oct 3)",EA/1,,,https://imgcdn.mckesson.com/CumulusWeb/Images/Item_Detail/587464_left.jpg,,https://mms.mckesson.com/product/587464/Drive-DeVilbiss-Healthcare-14889
1065587,Contoured Seat Cushion McKesson 24 W X 18 L X 3 D Inch Molded Foam,,McKesson Brand,170-76006SP,Wheelchair Cushions,$34.46 ,,"In Stock (Get it Tomorrow, Oct 1)",EA/1,,,https://imgcdn.mckesson.com/CumulusWeb/Images/Item_Detail/1065587_right.jpg,,https://mms.mckesson.com/product/1065587/McKesson-Brand-170-76006SP
1106179,Seat Cushion Protekt® 26 W X 20 L X 2 D Inch Foam / Gel,,Proactive Medical Products LLC,73065,Wheelchair Cushions,$35.03 ,,Shipped by Manufacturer,EA/1,,,https://imgcdn.mckesson.com/CumulusWeb/Images/Item_Detail/1106179_pdet_.jpg,,https://mms.mckesson.com/product/1106179/Proactive-Medical-Products-LLC-73065
625720,Seat Cushion Sittin Pretty™ Comfort 18 W X 16 L X 2 D Inch Foam,,Skil-Care,751188,Wheelchair Cushions,$35.07 ,,In Stock - Network,EA/1,,,https://imgcdn.mckesson.com/CumulusWeb/Images/Item_Detail/625720_plineart.jpg,,https://mms.mckesson.com/product/625720/Skil-Care-751188
691964,Seat Cushion Gel E 16 W X 16 L X 3 D Inch Foam / Gel,,Drive DeVilbiss Healthcare,14891,Wheelchair Cushions,$35.13 ,,"In Stock - Network (Get it Tuesday, Oct 6)",CS/1,,,https://imgcdn.mckesson.com/CumulusWeb/Images/Item_Detail/691964_right.jpg,,https://mms.mckesson.com/product/691964/Drive-DeVilbiss-Healthcare-14891
1110822,Seat Cushion Protekt® Gel Bariatric 26 W X 18 L X 4 D Inch Foam / Gel,,Proactive Medical Products LLC,75006,Wheelchair Cushions,$35.14 ,,Shipped by Manufacturer,EA/1,,,https://imgcdn.mckesson.com/CumulusWeb/Images/Item_Detail/1110822_pdet.jpg,,https://mms.mckesson.com/product/1110822/Proactive-Medical-Products-LLC-75006
580072,Seat Cushion Econo-Gel Thin-Line 16 W X 16 L X 1-1/2 D Inch Foam / Gel,,Skil-Care,751172,Wheelchair Cushions,$36.36 ,,Shipped by Manufacturer,EA/1,,,https://imgcdn.mckesson.com/CumulusWeb/Images/Item_Detail/SKLCRE_580072.jpg,,https://mms.mckesson.com/product/580072/Skil-Care-751172
1095043,Wedge Seat Cushion with Pommel Protekt® 18 W X 16 L X 4 to 2 D Inch Foam / Gel,,Proactive Medical Products LLC,76161GP,Wheelchair Cushions,$36.49 ,,Shipped by Manufacturer,EA/1,,,https://imgcdn.mckesson.com/CumulusWeb/Images/Item_Detail/1095043_pdet.jpg,,https://mms.mckesson.com/product/1095043/Proactive-Medical-Products-LLC-76161GP
1189304,Seat Cushion Protekt® Gel Bariatric 26 W X 20 L X 4 D Inch Foam / Gel,,Proactive Medical Products LLC,75010,Wheelchair Cushions,$36.49 ,,Shipped by Manufacturer,EA/1,,,https://imgcdn.mckesson.com/CumulusWeb/Images/Item_Detail/1189304_pdet.jpg,,https://mms.mckesson.com/product/1189304/Proactive-Medical-Products-LLC-75010
1094404,Wedge Seat Cushion NYOrtho 20 W X 18 L X 4 to 2 D Inch Foam / Gel,,New York Orthopedic,9595-WGL-201842,Wheelchair Cushions,$36.95 ,,Shipped by Manufacturer,EA/1,,,https://imgcdn.mckesson.com/CumulusWeb/Images/Item_Detail/1094404_left.jpg,,https://mms.mckesson.com/product/1094404/New-York-Orthopedic-9595-WGL-201842
582960,Wedge Seat Cushion Skil-Care™ 18 W X 16 L X 6 to 3 D Inch Foam,,Skil-Care,754021,Wheelchair Cushions,$37.98 ,,Shipped by Manufacturer,EA/1,,,https://imgcdn.mckesson.com/CumulusWeb/Images/Item_Detail/582960.jpg,,https://mms.mckesson.com/product/582960/Skil-Care-754021
1281554,Seat Cushion MedaCure® 28 W X 18 L X 3 H Inch Foam,,Medacure Inc,FC2818-3,Wheelchair Cushions,$38.60 ,,Shipped by Manufacturer,EA/1,,,https://imgcdn.mckesson.com/CumulusWeb/Images/Item_Detail/1281554_left.jpg,,https://mms.mckesson.com/product/1281554/Medacure-Inc-FC2818-3
823353,Wedge Seat Cushion Skil-Care™ 20 W X 16 L X 4 to 2 D Inch Foam,,Skil-Care,754043,Wheelchair Cushions,$39.13 ,,Shipped by Manufacturer,EA/1,,,https://imgcdn.mckesson.com/CumulusWeb/Images/Item_Detail/823353.jpg,,https://mms.mckesson.com/product/823353/Skil-Care-754043
824727,Seat Cushion Dura-Gel™ Base 2G 18 W X 16 L X 2 D Inch Foam / Gel,,Graham-Field,8265186,Wheelchair Cushions,$40.07 ,,Shipped by Manufacturer,EA/1,,,https://imgcdn.mckesson.com/CumulusWeb/Images/Item_Detail/824727_pdet.jpg,,https://mms.mckesson.com/product/824727/Graham-Field-8265186
578936,Seat Cushion Econo-Gel 18 W X 16 L X 2 D Inch Foam / Gel,,Skil-Care,751155,Wheelchair Cushions,$40.48 ,,Shipped by Manufacturer,EA/1,,,https://imgcdn.mckesson.com/CumulusWeb/Images/Item_Detail/578936_pdet.jpg,,https://mms.mckesson.com/product/578936/Skil-Care-751155
1281568,Seat Cushion MedaCure® 26 W X 18 L X 3 H Inch Gel,,Medacure Inc,GC2618-3,Wheelchair Cushions,$40.67 ,,Shipped by Manufacturer,EA/1,,,https://imgcdn.mckesson.com/CumulusWeb/Images/Item_Detail/1281568_left.jpg,,https://mms.mckesson.com/product/1281568/Medacure-Inc-GC2618-3
823354,Wedge Seat Cushion Skil-Care™ 18 W X 16 L X 4 to 2 D Inch Foam,,Skil-Care,754050,Wheelchair Cushions,$40.88 ,,Shipped by Manufacturer,EA/1,,,https://imgcdn.mckesson.com/CumulusWeb/Images/Item_Detail/823354.jpg,,https://mms.mckesson.com/product/823354/Skil-Care-754050
913725,Seat Cushion Gel-U-Seat™ Lite 22 W X 18 L X 2 D Inch Foam / Gel,,Drive DeVilbiss Healthcare,8040-7,Wheelchair Cushions,$41.08 ,,"In Stock - Network (Get it Friday, Oct 2)",EA/1,,,https://imgcdn.mckesson.com/CumulusWeb/Images/Item_Detail/913725.jpg,,https://mms.mckesson.com/product/913725/Drive-DeVilbiss-Healthcare-8040-7
1094403,Wedge Seat Cushion NYOrtho 22 W X 18 L X 4 to 2 D Inch Foam / Gel,,New York Orthopedic,9595-WGL-221842,Wheelchair Cushions,$41.41 ,,Shipped by Manufacturer,EA/1,,,https://imgcdn.mckesson.com/CumulusWeb/Images/Item_Detail/1094403_left.jpg,,https://mms.mckesson.com/product/1094403/New-York-Orthopedic-9595-WGL-221842
580284,Level Seat Cushion Skil-Care™ 18 W X 16 D Inch Foam,,Skil-Care,757015,Wheelchair Cushions,$41.42 ,,Shipped by Manufacturer,EA/1,,,https://imgcdn.mckesson.com/CumulusWeb/Images/Item_Detail/580284.jpg,,https://mms.mckesson.com/product/580284/Skil-Care-757015
1063177,Seat Cushion 16 W X 18 L X 2 D Inch Gel,,Fabrication Enterprises,50-1360,Wheelchair Cushions,$41.66 ,,In Stock - Network,EA/1,,,https://imgcdn.mckesson.com/CumulusWeb/Images/Item_Detail/1063177.jpg,,https://mms.mckesson.com/product/1063177/Fabrication-Enterprises-50-1360
824728,Seat Cushion Dura-Gel™ Base 2G 18 W X 18 L X 2 D Inch Foam / Gel,,Graham-Field,8265188,Wheelchair Cushions,$41.83 ,,Shipped by Manufacturer,EA/1,,,https://imgcdn.mckesson.com/CumulusWeb/Images/Item_Detail/824728_pdet.jpg,,https://mms.mckesson.com/product/824728/Graham-Field-8265188
1294720,Solid Seat Insert For Wheelchairs,,New York Orthopedic,9-SSI-2418,Wheelchair Cushions,$41.90 ,,In Stock - Network,EA/1,,,https://imgcdn.mckesson.com/CumulusWeb/Images/Item_Detail/1294720_front.jpg,,https://mms.mckesson.com/product/1294720/New-York-Orthopedic-9-SSI-2418
1102662,Pommel Seat Cushion NYOrtho 20 W X 18 L X 3 D Inch Foam,,New York Orthopedic,9595-P-201803,Wheelchair Cushions,$42.37 ,,Shipped by Manufacturer,EA/1,,,https://imgcdn.mckesson.com/CumulusWeb/Images/Item_Detail/1102662_left.jpg,,https://mms.mckesson.com/product/1102662/New-York-Orthopedic-9595-P-201803
1149858,Seat / Seat Back Cushion Combination Protekt® 16 W X 16 L X 3 D Inch Seat / 16 W X 32 L X 3 to 1 D Inch Back Foam,,Proactive Medical Products LLC,79200,Wheelchair Cushions,$43.25 ,,Shipped by Manufacturer,EA/1,,,https://imgcdn.mckesson.com/CumulusWeb/Images/Item_Detail/1149858_right.jpg,,https://mms.mckesson.com/product/1149858/Proactive-Medical-Products-LLC-79200
1149860,Seat / Seat Back Cushion Combination Protekt® 18 W X 16 L X 3 D Inch Seat / 18 W X 32 L X 3 to 1 D Inch Back Foam,,Proactive Medical Products LLC,79201,Wheelchair Cushions,$43.25 ,,Shipped by Manufacturer,EA/1,,,https://imgcdn.mckesson.com/CumulusWeb/Images/Item_Detail/1149860_right.jpg,,https://mms.mckesson.com/product/1149860/Proactive-Medical-Products-LLC-79201
458365,Wheelchair Armrest Pad For Reclining Wheelchair,,Skil-Care,703131,Wheelchair Cushions,$43.38 ,,Shipped by Manufacturer,PR/1,,,https://imgcdn.mckesson.com/CumulusWeb/Images/Item_Detail/458365.jpg,,https://mms.mckesson.com/product/458365/Skil-Care-703131
824731,Seat Cushion Dura-Gel™ Base 3G 16 W X 16 L X 3 D Inch Foam / Gel,,Graham-Field,8565166,Wheelchair Cushions,$43.38 ,,Shipped by Manufacturer,EA/1,,,https://imgcdn.mckesson.com/CumulusWeb/Images/Item_Detail/824731_pdet.jpg,,https://mms.mckesson.com/product/824731/Graham-Field-8565166
824730,Seat Cushion Dura-Gel™ Base 2G 20 W X 18 L X 2 D Inch Foam / Gel,,Graham-Field,8265208,Wheelchair Cushions,$43.72 ,,Shipped by Manufacturer,EA/1,,,https://imgcdn.mckesson.com/CumulusWeb/Images/Item_Detail/824730_pdet.jpg,,https://mms.mckesson.com/product/824730/Graham-Field-8265208
253486,Seat Cushion Geo-Matt® 16 W X 18 L X 4 D Inch Foam,,Span America,50746-050,Wheelchair Cushions,$44.18 ,,"In Stock - Network (Get it Tuesday, Oct 6)",EA/1,,,https://imgcdn.mckesson.com/CumulusWeb/Images/Item_Detail/253486_right.jpg,,https://mms.mckesson.com/product/253486/Span-America-50746-050
1081234,Seat Overlay NYOrtho Comfort Seat 17 W X 47 L Inch Fiber-Filled,,New York Orthopedic,9520L,Wheelchair Cushions,$44.60 ,,Shipped by Manufacturer,EA/1,,,https://imgcdn.mckesson.com/CumulusWeb/Images/Item_Detail/1081234_left.jpg,,https://mms.mckesson.com/product/1081234/New-York-Orthopedic-9520L
1281569,Seat Cushion MedaCure® 28 W X 18 L X 3 H Inch Gel,,Medacure Inc,GC2818-3,Wheelchair Cushions,$44.80 ,,Shipped by Manufacturer,EA/1,,,https://imgcdn.mckesson.com/CumulusWeb/Images/Item_Detail/1281569_left.jpg,,https://mms.mckesson.com/product/1281569/Medacure-Inc-GC2818-3
653069,Seat Cushion Dura-Gel™ Base 3G 18 W X 16 L X 3 D Inch Foam / Gel,,Graham-Field,8565186,Wheelchair Cushions,$45.01 ,,Shipped by Manufacturer,EA/1,,,https://imgcdn.mckesson.com/CumulusWeb/Images/Item_Detail/653069_pdet.jpg,,https://mms.mckesson.com/product/653069/Graham-Field-8565186
1065564,Contoured Seat Cushion McKesson 18 W X 16 L X 3 D Inch Foam / Gel,,McKesson Brand,170-77002,Wheelchair Cushions,$45.60 ,,"In Stock (Get it Tomorrow, Oct 1)",EA/1,,,https://imgcdn.mckesson.com/CumulusWeb/Images/Item_Detail/1065564_right.jpg,,https://mms.mckesson.com/product/1065564/McKesson-Brand-170-77002
1190865,Wedge Seat Cushion with Pommel Protekt® 24 W X 18 L X 4 to 2 D Inch Foam / Gel,,Proactive Medical Products LLC,76055GP,Wheelchair Cushions,$45.95 ,,Shipped by Manufacturer,EA/1,,,https://imgcdn.mckesson.com/CumulusWeb/Images/Item_Detail/1190865_pdet.jpg,,https://mms.mckesson.com/product/1190865/Proactive-Medical-Products-LLC-76055GP
1209793,Seat Cushion Protekt® Gel Bariatric 30 W X 20 L X 4 D Inch Foam / Gel,,Proactive Medical Products LLC,75017,Wheelchair Cushions,$46.71 ,,Shipped by Manufacturer,EA/1,,,https://imgcdn.mckesson.com/CumulusWeb/Images/Item_Detail/1209793_pdet.jpg,,https://mms.mckesson.com/product/1209793/Proactive-Medical-Products-LLC-75017
824749,Seat Cushion Dura-Gel™ Base 3G 18 W X 18 L X 3 D Inch Foam / Gel,,Graham-Field,8565188,Wheelchair Cushions,$46.76 ,,Shipped by Manufacturer,EA/1,,,https://imgcdn.mckesson.com/CumulusWeb/Images/Item_Detail/824749_pdet.jpg,,https://mms.mckesson.com/product/824749/Graham-Field-8565188
777100,Contoured Seat Cushion Comfort Curve® 20 W X 18 L X 2-3/4 D Inch Molded Foam,,The Comfort Company,CU-FV-2018,Wheelchair Cushions,$46.99 ,,Shipped by Manufacturer,EA/1,,,https://imgcdn.mckesson.com/CumulusWeb/Images/Item_Detail/777100.jpg,,https://mms.mckesson.com/product/777100/The-Comfort-Company-CU-FV-2018
780036,Contoured Seat Cushion Comfort Curve® 18 W X 18 L X 2-3/4 D Inch Molded Foam,,The Comfort Company,CU-FV-1818,Wheelchair Cushions,$46.99 ,,Shipped by Manufacturer,EA/1,,,https://imgcdn.mckesson.com/CumulusWeb/Images/Item_Detail/780036.jpg,,https://mms.mckesson.com/product/780036/The-Comfort-Company-CU-FV-1818
969685,Seat Cushion Comfort Curve® 20 W X 20 L X 2-3/4 Inch Foam,,The Comfort Company,CU-FV-2020,Wheelchair Cushions,$46.99 ,,Shipped by Manufacturer,EA/1,,,https://imgcdn.mckesson.com/CumulusWeb/Images/Item_Detail/969685.jpg,,https://mms.mckesson.com/product/969685/The-Comfort-Company-CU-FV-2020
847074,Seat Cushion Elements with Gel 20 W X 16 L X 2 D Inch Foam / Gel,,The Comfort Company,46G-2016-B,Wheelchair Cushions,$47.08 ,,Shipped by Manufacturer,EA/1,,,https://imgcdn.mckesson.com/CumulusWeb/Images/Item_Detail/847074.jpg,,https://mms.mckesson.com/product/847074/The-Comfort-Company-46G-2016-B
1065576,Contoured Seat Cushion McKesson 18 W X 18 L X 3 D Inch Foam / Gel,,McKesson Brand,170-77008,Wheelchair Cushions,$47.32 ,,"In Stock (Get it Tomorrow, Oct 1)",EA/1,,,https://imgcdn.mckesson.com/CumulusWeb/Images/Item_Detail/1065576_right.jpg,,https://mms.mckesson.com/product/1065576/McKesson-Brand-170-77008
1094405,Wedge Seat Cushion NYOrtho 24 W X 18 L X 4 to 2 D Inch Foam / Gel,,New York Orthopedic,9595-WGL-241842,Wheelchair Cushions,$47.36 ,,Shipped by Manufacturer,EA/1,,,https://imgcdn.mckesson.com/CumulusWeb/Images/Item_Detail/1094405_left.jpg,,https://mms.mckesson.com/product/1094405/New-York-Orthopedic-9595-WGL-241842
723552,Seat Cushion Econo-Gel 20 W X 16 L X 2 D Inch Foam / Gel,,Skil-Care,751157,Wheelchair Cushions,$47.71 ,,Shipped by Manufacturer,EA/1,,,https://imgcdn.mckesson.com/CumulusWeb/Images/Item_Detail/SKLCRE_723552.jpg,,https://mms.mckesson.com/product/723552/Skil-Care-751157
458364,Wheelchair Armrest Pad SkiL-Care™ For Reclining Wheelchair,,Skil-Care,703130,Wheelchair Cushions,$47.98 ,,Shipped by Manufacturer,PR/1,,,https://imgcdn.mckesson.com/CumulusWeb/Images/Item_Detail/458364_ls.jpg,,https://mms.mckesson.com/product/458364/Skil-Care-703130
1281570,Seat Cushion MedaCure® 30 W X 18 L X 3 H Inch Gel,,Medacure Inc,GC3018-3,Wheelchair Cushions,$48.25 ,,Shipped by Manufacturer,EA/1,,,https://imgcdn.mckesson.com/CumulusWeb/Images/Item_Detail/1281570_left.jpg,,https://mms.mckesson.com/product/1281570/Medacure-Inc-GC3018-3
777099,Contoured Seat Cushion Comfort Curve® 20 W X 16 L X 2-3/4 D Inch Molded Foam,,The Comfort Company,CU-FV-2016,Wheelchair Cushions,$48.40 ,,Shipped by Manufacturer,EA/1,,,https://imgcdn.mckesson.com/CumulusWeb/Images/Item_Detail/777099.jpg,,https://mms.mckesson.com/product/777099/The-Comfort-Company-CU-FV-2016
824751,Seat Cushion Dura-Gel™ Base 3G 20 W X 18 L X 3 D Inch Foam / Gel,,Graham-Field,8565208,Wheelchair Cushions,$48.52 ,,Shipped by Manufacturer,EA/1,,,https://imgcdn.mckesson.com/CumulusWeb/Images/Item_Detail/824751_pdet.jpg,,https://mms.mckesson.com/product/824751/Graham-Field-8565208
847073,Seat Cushion Elements with Gel 18 W X 16 L X 2 D Inch Foam / Gel,,The Comfort Company,46G-1816-B,Wheelchair Cushions,$48.54 ,,"In Stock - Network (Get it Tuesday, Oct 6)",EA/1,,,https://imgcdn.mckesson.com/CumulusWeb/Images/Item_Detail/847073.jpg,,https://mms.mckesson.com/product/847073/The-Comfort-Company-46G-1816-B
847072,Seat Cushion Elements with Gel 16 W X 16 L X 2 D Inch Foam / Gel,,The Comfort Company,46G-1616-B,Wheelchair Cushions,$48.54 ,,"In Stock - Network (Get it Tuesday, Oct 6)",EA/1,,,https://imgcdn.mckesson.com/CumulusWeb/Images/Item_Detail/847072.jpg,,https://mms.mckesson.com/product/847072/The-Comfort-Company-46G-1616-B
987906,Seat Cushion Elements with Gel 16 W X 16 L X 2 D Inch Foam / Gel,,The Comfort Company,46GS-1616-B,Wheelchair Cushions,$48.54 ,,"In Stock - Network (Get it Tuesday, Oct 6)",EA/1,,,https://imgcdn.mckesson.com/CumulusWeb/Images/Item_Detail/987906.jpg,,https://mms.mckesson.com/product/987906/The-Comfort-Company-46GS-1616-B
1118389,Anti-Thrust Seat Cushion Protekt® 18 W X 18 L X 5 to 3 D Inch Foam / Gel,,Proactive Medical Products LLC,76214G,Wheelchair Cushions,$48.65 ,,Shipped by Manufacturer,EA/1,,,https://imgcdn.mckesson.com/CumulusWeb/Images/Item_Detail/1118389_pdet_.jpg,,https://mms.mckesson.com/product/1118389/Proactive-Medical-Products-LLC-76214G
650471,Seat Cushion Comfort Foam E-Z Rise 18 W X 16 L X 6 D Inch Foam,,Skil-Care,707052,Wheelchair Cushions,$48.86 ,,Shipped by Manufacturer,EA/1,,,https://imgcdn.mckesson.com/CumulusWeb/Images/Item_Detail/650471.jpg,,https://mms.mckesson.com/product/650471/Skil-Care-707052
777466,Contoured Seat Cushion Comfort Curve® 22 W X 18 L X 2-3/4 D Inch Foam,,The Comfort Company,CU-FV-2218,Wheelchair Cushions,$49.42 ,,Shipped by Manufacturer,EA/1,,,https://imgcdn.mckesson.com/CumulusWeb/Images/Item_Detail/777466.jpg,,https://mms.mckesson.com/product/777466/The-Comfort-Company-CU-FV-2218
1083906,Contoured Seat Cushion Comfort Curve® 22 W X 20 L X 2-3/4 D Inch Molded Foam,,The Comfort Company,CU-FV-2220,Wheelchair Cushions,$49.42 ,,Shipped by Manufacturer,EA/1,,,https://imgcdn.mckesson.com/CumulusWeb/Images/Item_Detail/1083906.jpg,,https://mms.mckesson.com/product/1083906/The-Comfort-Company-CU-FV-2220
1162273,Seat / Seat Back Cushion Combination Protekt® 18 W X 18 L X 3 D Inch Seat / 20 W X 32 L X 3 to 1 D Inch Back Foam,,Proactive Medical Products LLC,79202,Wheelchair Cushions,$49.63 ,,Shipped by Manufacturer,EA/1,,,https://imgcdn.mckesson.com/CumulusWeb/Images/Item_Detail/1162273_right.jpg,,https://mms.mckesson.com/product/1162273/Proactive-Medical-Products-LLC-79202
780039,Contoured Seat Cushion Comfort Curve® 16 W X 18 L X 2-3/4 D Inch Molded Foam,,The Comfort Company,CU-FV-1618,Wheelchair Cushions,$49.90 ,,In Stock - Network,EA/1,,,https://imgcdn.mckesson.com/CumulusWeb/Images/Item_Detail/780039.jpg,,https://mms.mckesson.com/product/780039/The-Comfort-Company-CU-FV-1618
824752,Seat Cushion Dura-Gel™ Base 3G 22 W X 18 L X 3 D Inch Foam / Gel,,Graham-Field,8565228,Wheelchair Cushions,$49.97 ,,Shipped by Manufacturer,EA/1,,,https://imgcdn.mckesson.com/CumulusWeb/Images/Item_Detail/824752_pdet.jpg,,https://mms.mckesson.com/product/824752/Graham-Field-8565228
1065586,Contoured Seat Cushion McKesson 20 W X 18 L X 3 D Inch Foam / Gel,,McKesson Brand,170-77009,Wheelchair Cushions,$50.74 ,,"In Stock (Get it Tomorrow, Oct 1)",EA/1,,,https://imgcdn.mckesson.com/CumulusWeb/Images/Item_Detail/1065586_right.jpg,,https://mms.mckesson.com/product/1065586/McKesson-Brand-170-77009
825263,Seat Cushion Comfort Curve® 24 W X 20 L X 2-3/4 D Inch Foam,,The Comfort Company,CU-FV-2420,Wheelchair Cushions,$50.91 ,,Shipped by Manufacturer,EA/1,,,https://imgcdn.mckesson.com/CumulusWeb/Images/Item_Detail/825263.jpg,,https://mms.mckesson.com/product/825263/The-Comfort-Company-CU-FV-2420
1256559,Anti-Thrust Seat Cushion Protekt® 26 X 18 X 5 Inch Foam / Gel,,Proactive Medical Products LLC,76210G,Wheelchair Cushions,$51.09 ,,Shipped by Manufacturer,EA/1,,,https://imgcdn.mckesson.com/CumulusWeb/Images/Item_Detail/1256559_pdet.jpg,,https://mms.mckesson.com/product/1256559/Proactive-Medical-Products-LLC-76210G
1101053,Anti-Thrust Seat Cushion Protekt® 16 W X 16 L X 5 to 3 D Inch Foam / Gel,,Proactive Medical Products LLC,76206G,Wheelchair Cushions,$51.09 ,,Shipped by Manufacturer,EA/1,,,https://imgcdn.mckesson.com/CumulusWeb/Images/Item_Detail/1101053_pdet.jpg,,https://mms.mckesson.com/product/1101053/Proactive-Medical-Products-LLC-76206G
1207491,Anti-Thrust Seat Cushion Protekt® 20 W X 18 L X 5 to 3 D Inch Foam / Gel,,Proactive Medical Products LLC,76205G,Wheelchair Cushions,$51.36 ,,Shipped by Manufacturer,EA/1,,,https://imgcdn.mckesson.com/CumulusWeb/Images/Item_Detail/1207491_pdet.jpg,,https://mms.mckesson.com/product/1207491/Proactive-Medical-Products-LLC-76205G
824753,Seat Cushion Dura-Gel™ Base 3G 24 W X 18 L X 3 D Inch Foam / Gel,,Graham-Field,8565248,Wheelchair Cushions,$51.97 ,,Shipped by Manufacturer,EA/1,,,https://imgcdn.mckesson.com/CumulusWeb/Images/Item_Detail/824753_pdet.jpg,,https://mms.mckesson.com/product/824753/Graham-Field-8565248
816786,Seat Overlay NYOrtho Comfort Seat 17 W X 54 L Inch Fiber-Filled,,New York Orthopedic,9519XL,Wheelchair Cushions,$52.78 ,,Shipped by Manufacturer,EA/1,,,https://imgcdn.mckesson.com/CumulusWeb/Images/Item_Detail/816786.jpg,,https://mms.mckesson.com/product/816786/New-York-Orthopedic-9519XL
826694,Pommel Seat Cushion Titanium™ 16 W X 16 L X 3-1/2 D Inch Foam / Gel,,Drive DeVilbiss Healthcare,FPT-1,Wheelchair Cushions,$53.52 ,,"In Stock (Get it Tomorrow, Oct 1)",EA/1,,,https://imgcdn.mckesson.com/CumulusWeb/Images/Item_Detail/826694.jpg,,https://mms.mckesson.com/product/826694/Drive-DeVilbiss-Healthcare-FPT-1
1065577,Contoured Seat Cushion McKesson 24 W X 18 L X 3 D Inch Foam / Gel,,McKesson Brand,170-77005,Wheelchair Cushions,$54.17 ,,"In Stock - Network (Get it Saturday, Oct 3)",EA/1,,,https://imgcdn.mckesson.com/CumulusWeb/Images/Item_Detail/1065577.jpg,,https://mms.mckesson.com/product/1065577/McKesson-Brand-170-77005
630520,Seat Cushion Econo-Gel 20 W X 16 L X 2 D Inch Foam / Gel,,Skil-Care,751153,Wheelchair Cushions,$55.61 ,,Shipped by Manufacturer,EA/1,,,https://imgcdn.mckesson.com/CumulusWeb/Images/Item_Detail/SKLCRE_630520.jpg,,https://mms.mckesson.com/product/630520/Skil-Care-751153
871450,Seat Cushion Cross Cut 18 W X 18 L X 3 D Inch Foam,,Span America,CC1818-96,Wheelchair Cushions,$55.81 ,,Shipped by Manufacturer,EA/1,,,https://imgcdn.mckesson.com/CumulusWeb/Images/Item_Detail/871450_pdet.jpg,,https://mms.mckesson.com/product/871450/Span-America-CC1818-96
1102567,Anti-Thrust Seat Cushion Protekt® 22 W X 18 L X 5 to 3 D Inch Foam / Gel,,Proactive Medical Products LLC,76208G,Wheelchair Cushions,$56.76 ,,Shipped by Manufacturer,EA/1,,,https://imgcdn.mckesson.com/CumulusWeb/Images/Item_Detail/1102567_pdet.jpg,,https://mms.mckesson.com/product/1102567/Proactive-Medical-Products-LLC-76208G
1150926,Contoured Seat Cushion Protekt® Supreme Bariatric 14 W X 14 L X 3 D Inch Molded Foam,,Proactive Medical Products LLC,76017-SP,Wheelchair Cushions,$56.93 ,,Shipped by Manufacturer,EA/1,,,https://imgcdn.mckesson.com/CumulusWeb/Images/Item_Detail/1150926_right.jpg,,https://mms.mckesson.com/product/1150926/Proactive-Medical-Products-LLC-76017-SP
826695,Pommel Seat Cushion Titanium™ 18 W X 16 L X 3-1/2 D Inch Foam / Gel,,Drive DeVilbiss Healthcare,FPT-2,Wheelchair Cushions,$57.71 ,,"In Stock - Network (Get it Saturday, Oct 3)",EA/1,,,https://imgcdn.mckesson.com/CumulusWeb/Images/Item_Detail/826695.jpg,,https://mms.mckesson.com/product/826695/Drive-DeVilbiss-Healthcare-FPT-2
722377,Seat Cushion Air Lift 28 W X 22 L Inch Air Cells,,Skil-Care,756237,Wheelchair Cushions,$58.25 ,,Shipped by Manufacturer,EA/1,,,https://imgcdn.mckesson.com/CumulusWeb/Images/Item_Detail/722377_family.jpg,,https://mms.mckesson.com/product/722377/Skil-Care-756237
1079104,Seat Cushion Elements with Gel 18 W X 16 L X 3 D Inch Foam / Gel,,The Comfort Company,463G-1816-B,Wheelchair Cushions,$60.65 ,,"In Stock - Network (Get it Tuesday, Oct 6)",EA/1,,,https://imgcdn.mckesson.com/CumulusWeb/Images/Item_Detail/1079104_left.jpg,,https://mms.mckesson.com/product/1079104/The-Comfort-Company-463G-1816-B
1079105,Seat Cushion Elements with Gel 20 W X 16 L X 3 D Inch Foam / Gel,,The Comfort Company,463G-2016-B,Wheelchair Cushions,$60.65 ,,"In Stock - Network (Get it Tuesday, Oct 6)",EA/1,,,https://imgcdn.mckesson.com/CumulusWeb/Images/Item_Detail/1079105.jpg,,https://mms.mckesson.com/product/1079105/The-Comfort-Company-463G-2016-B
1079103,Seat Cushion Elements with Gel 16 W X 16 L X 3 D Inch Foam / Gel,,The Comfort Company,463G-1616-B,Wheelchair Cushions,$60.65 ,,"In Stock - Network (Get it Tuesday, Oct 6)",EA/1,,,https://imgcdn.mckesson.com/CumulusWeb/Images/Item_Detail/1079103.jpg,,https://mms.mckesson.com/product/1079103/The-Comfort-Company-463G-1616-B
783545,Wedge Seat Cushion AliMed® Basic 18 W X 16 L X 3 to 1 D Inch Polyurethane,,Alimed,2970000030,Wheelchair Cushions,$60.86 ,,Shipped by Manufacturer,EA/1,,,https://imgcdn.mckesson.com/CumulusWeb/Images/Item_Detail/783545.jpg,,https://mms.mckesson.com/product/783545/Alimed-2970000030
1207492,Anti-Thrust Seat Cushion Protekt® 24 W X 18 L X 5 to 3 D Inch Foam / Gel,,Proactive Medical Products LLC,76209G,Wheelchair Cushions,$62.17 ,,Shipped by Manufacturer,EA/1,,,https://imgcdn.mckesson.com/CumulusWeb/Images/Item_Detail/1207492_pdet.jpg,,https://mms.mckesson.com/product/1207492/Proactive-Medical-Products-LLC-76209G
346096,Seat Cushion Geo-Matt® 18 W X 16 L X 4 D Inch Foam,,Span America,50746-084,Wheelchair Cushions,$62.64 ,,Shipped by Manufacturer,EA/1,,,https://imgcdn.mckesson.com/CumulusWeb/Images/Item_Detail/346096_right.jpg,,https://mms.mckesson.com/product/346096/Span-America-50746-084
826697,Pommel Seat Cushion Titanium™ Bariatric 22 W X 18 L X 3-1/2 D Inch Foam / Gel,,Drive DeVilbiss Healthcare,FPT-4,Wheelchair Cushions,$65.82 ,,"In Stock - Network (Get it Saturday, Oct 3)",EA/1,,,https://imgcdn.mckesson.com/CumulusWeb/Images/Item_Detail/826697.jpg,,https://mms.mckesson.com/product/826697/Drive-DeVilbiss-Healthcare-FPT-4
822304,Seat Cushion Gel-Foam Thin-Line 18 W X 16 L X 1-1/2 D Inch Foam / Gel,,Skil-Care,751041,Wheelchair Cushions,$67.91 ,,Shipped by Manufacturer,EA/1,,,https://imgcdn.mckesson.com/CumulusWeb/Images/Item_Detail/822304.jpg,,https://mms.mckesson.com/product/822304/Skil-Care-751041
773669,Seat Cushion Gel-Foam Ultra-Thin 16 W X 16 L X 1 D Inch Foam / Gel,,Skil-Care,914481,Wheelchair Cushions,$68.18 ,,Shipped by Manufacturer,EA/1,,,https://imgcdn.mckesson.com/CumulusWeb/Images/Item_Detail/773669.jpg,,https://mms.mckesson.com/product/773669/Skil-Care-914481
822473,Seat Cushion Classic Gel-Foam 18 W X 16 L X 2-1/2 D Inch Foam / Gel,,Skil-Care,751019,Wheelchair Cushions,$68.93 ,,Shipped by Manufacturer,EA/1,,,https://imgcdn.mckesson.com/CumulusWeb/Images/Item_Detail/822473.jpg,,https://mms.mckesson.com/product/822473/Skil-Care-751019
583989,Seat Cushion ROHO® Mosaic® 16 W X 16 L X 3 D Inch PVC Air Cells,,Crown Therapeutics,MOS1616CA,Wheelchair Cushions,$70.31 ,,In Stock - Network,EA/1,,,https://imgcdn.mckesson.com/CumulusWeb/Images/Item_Detail/583989_left.jpg,,https://mms.mckesson.com/product/583989/Crown-Therapeutics-MOS1616CA
583990,Seat Cushion ROHO® Mosaic® 18 W X 16 L X 3 D Inch PVC Air Cells,,Crown Therapeutics,MOS1816CA,Wheelchair Cushions,$70.31 ,,"In Stock (Get it Tomorrow, Oct 1)",EA/1,,,https://imgcdn.mckesson.com/CumulusWeb/Images/Item_Detail/583990_left.jpg,,https://mms.mckesson.com/product/583990/Crown-Therapeutics-MOS1816CA
629044,Seat Cushion ROHO® Mosaic® 18 W X 18 L X 3 D Inch PVC Air Cells,,Crown Therapeutics,MOS1818CA,Wheelchair Cushions,$70.31 ,,"In Stock (Get it Tomorrow, Oct 1)",EA/1,,,https://imgcdn.mckesson.com/CumulusWeb/Images/Item_Detail/629044_ppkgright.jpg,,https://mms.mckesson.com/product/629044/Crown-Therapeutics-MOS1818CA
1092708,Seat Cushion ROHO® Mosaic® 20 W X 18 L X 3 D Inch PVC Air Cells,,Crown Therapeutics,MOS2018CA,Wheelchair Cushions,$70.31 ,,"In Stock (Get it Tomorrow, Oct 1)",EA/1,,,https://imgcdn.mckesson.com/CumulusWeb/Images/Item_Detail/1092708.jpg,,https://mms.mckesson.com/product/1092708/Crown-Therapeutics-MOS2018CA
746739,Seat Cushion Gel-Foam Ultra-Thin 18 W X 16 L X 1 D Inch Foam / Gel,,Skil-Care,914482,Wheelchair Cushions,$70.95 ,,Shipped by Manufacturer,EA/1,,,https://imgcdn.mckesson.com/CumulusWeb/Images/Item_Detail/SKLCRE_746739.jpg,,https://mms.mckesson.com/product/746739/Skil-Care-914482
1198976,Seat Cushion Commuter™ 18 W X 16 L X 2-1/4 D Inch Foam / Polymer,,Action Products,8505-2,Wheelchair Cushions,$71.59 ,,Shipped by Manufacturer,EA/1,,,https://imgcdn.mckesson.com/CumulusWeb/Images/Item_Detail/1198976_left.jpg,,https://mms.mckesson.com/product/1198976/Action-Products-8505-2
1182223,Seat Cushion Titanium™ 18 W X 18 L X 3-1/2 D Inch Foam / Gel,,Drive DeVilbiss Healthcare,FPT-1818,Wheelchair Cushions,$73.20 ,,"In Stock - Network (Get it Saturday, Oct 3)",EA/1,,,https://imgcdn.mckesson.com/CumulusWeb/Images/Item_Detail/1182223_left.jpg,,https://mms.mckesson.com/product/1182223/Drive-DeVilbiss-Healthcare-FPT-1818
582961,Anti-Thrust Seat Cushion Skil-Care™ 16 W X 18 L Inch Foam,,Skil-Care,757110,Wheelchair Cushions,$73.93 ,,Shipped by Manufacturer,EA/1,,,https://imgcdn.mckesson.com/CumulusWeb/Images/Item_Detail/582961_pdet.jpg,,https://mms.mckesson.com/product/582961/Skil-Care-757110
746738,Seat Cushion Gel-Foam Ultra-Thin 20 W X 16 L X 1 D Inch Foam / Gel,,Skil-Care,914483,Wheelchair Cushions,$74.40 ,,Shipped by Manufacturer,EA/1,,,https://imgcdn.mckesson.com/CumulusWeb/Images/Item_Detail/SKLCRE_746738.jpg,,https://mms.mckesson.com/product/746738/Skil-Care-914483
823363,Anti-Thrust Seat Cushion Skil-Care™ 16 W X 18 L Inch Foam,,Skil-Care,757112,Wheelchair Cushions,$74.94 ,,Shipped by Manufacturer,EA/1,,,https://imgcdn.mckesson.com/CumulusWeb/Images/Item_Detail/823363.jpg,,https://mms.mckesson.com/product/823363/Skil-Care-757112
822474,Seat Cushion Classic Gel-Foam 20 W X 16 L X 2-1/2 D Inch Foam / Gel,,Skil-Care,751020,Wheelchair Cushions,$75.62 ,,Shipped by Manufacturer,EA/1,,,https://imgcdn.mckesson.com/CumulusWeb/Images/Item_Detail/822474.jpg,,https://mms.mckesson.com/product/822474/Skil-Care-751020
1154033,Seat Cushion Titanium™ 20 W X 18 L X 3-1/2 D Inch Foam / Gel,,Drive DeVilbiss Healthcare,FPT-2018,Wheelchair Cushions,$76.49 ,,"In Stock - Network (Get it Saturday, Oct 3)",EA/1,,,https://imgcdn.mckesson.com/CumulusWeb/Images/Item_Detail/1154033_left.jpg,,https://mms.mckesson.com/product/1154033/Drive-DeVilbiss-Healthcare-FPT-2018
580273,Seat Cushion ConForm 18 W X 16 L X 2 D Inch Foam,,Skil-Care,753150,Wheelchair Cushions,$76.63 ,,"In Stock (Get it Tomorrow, Oct 1)",EA/1,,,https://imgcdn.mckesson.com/CumulusWeb/Images/Item_Detail/580273_pdet.jpg,,https://mms.mckesson.com/product/580273/Skil-Care-753150
691969,Seat Cushion Gel E 22 W X 18 L X 4 D Inch Foam / Gel,,Drive DeVilbiss Healthcare,14902,Wheelchair Cushions,$77.01 ,,Shipped by Manufacturer,CS/1,,,https://imgcdn.mckesson.com/CumulusWeb/Images/Item_Detail/691969_right.jpg,,https://mms.mckesson.com/product/691969/Drive-DeVilbiss-Healthcare-14902
984281,Pommel Seat Cushion APEX CORE™ 18 W X 16 L X 3 D Inch Foam / Gel,,New York Orthopedic,9599-GP-181603,Wheelchair Cushions,$77.31 ,,Shipped by Manufacturer,EA/1,,,https://imgcdn.mckesson.com/CumulusWeb/Images/Item_Detail/984281.jpg,,https://mms.mckesson.com/product/984281/New-York-Orthopedic-9599-GP-181603
572321,Wedge Seat Cushion Geo-Matt® Wedge 16 W X 16 L X 4 to 2 D Inch Foam,,Span America,GMW1616-96-1,Wheelchair Cushions,$79.83 ,,Shipped by Manufacturer,EA/1,,,https://imgcdn.mckesson.com/CumulusWeb/Images/Item_Detail/572321.jpg,,https://mms.mckesson.com/product/572321/Span-America-GMW1616-96-1
572453,Wedge Seat Cushion Geo-Matt® Wedge 18 W X 16 L X 4 to 2 D Inch Foam,,Span America,GMW1816-96-1,Wheelchair Cushions,$79.85 ,,Shipped by Manufacturer,EA/1,,,https://imgcdn.mckesson.com/CumulusWeb/Images/Item_Detail/572453.jpg,,https://mms.mckesson.com/product/572453/Span-America-GMW1816-96-1
822507,Anti-Thrust Seat Cushion Skil-Care™ 16 W X 16 L Inch Foam / Gel,,Skil-Care,757108,Wheelchair Cushions,$80.01 ,,Shipped by Manufacturer,EA/1,,,https://imgcdn.mckesson.com/CumulusWeb/Images/Item_Detail/822507.jpg,,https://mms.mckesson.com/product/822507/Skil-Care-757108
822504,Seat Cushion Gel-Foam X-Cushion 16 W X 16 L X 2-1/2 D Inch Foam / Gel,,Skil-Care,751031,Wheelchair Cushions,$80.42 ,,Shipped by Manufacturer,EA/1,,,https://imgcdn.mckesson.com/CumulusWeb/Images/Item_Detail/822504.jpg,,https://mms.mckesson.com/product/822504/Skil-Care-751031
572324,Seat Cushion Geo-Matt® PRT 16 W X 16 L X 3 D Inch Foam,,Span America,PRT1616-96-1,Wheelchair Cushions,$81.33 ,,Shipped by Manufacturer,EA/1,,,https://imgcdn.mckesson.com/CumulusWeb/Images/Item_Detail/572324.jpg,,https://mms.mckesson.com/product/572324/Span-America-PRT1616-96-1
788469,Seat Cushion ROHO® Mosaic® 18 W X 16 L X 3 D Inch PVC Air Cells,,Crown Therapeutics,MOS1816HD,Wheelchair Cushions,$81.56 ,,Shipped by Manufacturer,EA/1,,,https://imgcdn.mckesson.com/CumulusWeb/Images/Item_Detail/788469.jpg,,https://mms.mckesson.com/product/788469/Crown-Therapeutics-MOS1816HD
788470,Seat Cushion ROHO® Mosaic® 18 W X 18 L X 3 D Inch PVC Air Cells,,Crown Therapeutics,MOS1818HD,Wheelchair Cushions,$81.56 ,,Shipped by Manufacturer,EA/1,,,https://imgcdn.mckesson.com/CumulusWeb/Images/Item_Detail/788470.jpg,,https://mms.mckesson.com/product/788470/Crown-Therapeutics-MOS1818HD
572457,Wedge Seat Cushion Geo-Matt® Wedge 18 W X 18 L X 4 to 2 D Inch Foam,,Span America,GMW1818-96-1,Wheelchair Cushions,$82.10 ,,Shipped by Manufacturer,EA/1,,,https://imgcdn.mckesson.com/CumulusWeb/Images/Item_Detail/572457.jpg,,https://mms.mckesson.com/product/572457/Span-America-GMW1818-96-1
510977,Wedge Seat Cushion Geo-Matt® Wedge 20 W X 18 L X 4 to 2 D Inch Foam,,Span America,GMW2018-96-1,Wheelchair Cushions,$82.10 ,,Shipped by Manufacturer,EA/1,,,https://imgcdn.mckesson.com/CumulusWeb/Images/Item_Detail/510977.jpg,,https://mms.mckesson.com/product/510977/Span-America-GMW2018-96-1
823355,Wedge Seat Cushion Skil-Care™ Ultra-Wedge 20 W X 16 L X 4 to 1-1/2 D Inch Foam,,Skil-Care,754164,Wheelchair Cushions,$82.10 ,,Shipped by Manufacturer,EA/1,,,https://imgcdn.mckesson.com/CumulusWeb/Images/Item_Detail/823355.jpg,,https://mms.mckesson.com/product/823355/Skil-Care-754164
824699,Seat Cushion Dura-Gel™ SP III 18 W X 16 L X 3 D Inch Foam / Gel,,Graham-Field,8930186,Wheelchair Cushions,$84.20 ,,Shipped by Manufacturer,EA/1,,,https://imgcdn.mckesson.com/CumulusWeb/Images/Item_Detail/824699_left.jpg,,https://mms.mckesson.com/product/824699/Graham-Field-8930186
824700,Seat Cushion Dura-Gel™ SP III 18 W X 18 L X 3 D Inch Foam / Gel,,Graham-Field,8930188,Wheelchair Cushions,$87.38 ,,Shipped by Manufacturer,EA/1,,,https://imgcdn.mckesson.com/CumulusWeb/Images/Item_Detail/824700_left.jpg,,https://mms.mckesson.com/product/824700/Graham-Field-8930188
822505,Coccyx Relief Seat Cushion Gel-Foam X-Cushion 16 W X 16 L X 2-1/2 D Inch Foam / Gel,,Skil-Care,751034,Wheelchair Cushions,$88.32 ,,Shipped by Manufacturer,EA/1,,,https://imgcdn.mckesson.com/CumulusWeb/Images/Item_Detail/822505.jpg,,https://mms.mckesson.com/product/822505/Skil-Care-751034
761196,Coccyx Relief Seat Cushion Gel-Foam X-Cushion 18 W X 16 L X 2-1/2 D Inch Foam / Gel,,Skil-Care,751035,Wheelchair Cushions,$88.32 ,,Shipped by Manufacturer,EA/1,,,https://imgcdn.mckesson.com/CumulusWeb/Images/Item_Detail/SKLCRE_761196.jpg,,https://mms.mckesson.com/product/761196/Skil-Care-751035
1110289,Wheelchair Footrest Cushion Comfort Foot® For Wheelchair,,The Comfort Company,FTS,Wheelchair Cushions,$88.63 ,,Shipped by Manufacturer,EA/1,,,https://imgcdn.mckesson.com/CumulusWeb/Images/Item_Detail/1110289.jpg,,https://mms.mckesson.com/product/1110289/The-Comfort-Company-FTS
824754,Seat Cushion Dura-Gel™ SPP 18 W X 16 L X 4-1/2 D Inch Foam / Gel,,Graham-Field,8920186,Wheelchair Cushions,$89 ,,Shipped by Manufacturer,EA/1,,,https://imgcdn.mckesson.com/CumulusWeb/Images/Item_Detail/824754_pdet.jpg,,https://mms.mckesson.com/product/824754/Graham-Field-8920186
787519,Seat Cushion Centurian® 18 W X 16 L X 1-1/4 D Inch Foam / Polymer,,Action Products,5205I,Wheelchair Cushions,$91.32 ,,Shipped by Manufacturer,EA/1,,,https://imgcdn.mckesson.com/CumulusWeb/Images/Item_Detail/787519.jpg,,https://mms.mckesson.com/product/787519/Action-Products-5205I
876018,Seat Cushion Gel-U-Seat™ Lite 16 W X 16 L X 2 D Inch Foam / Gel,,Drive DeVilbiss Healthcare,8040-1,Wheelchair Cushions,$93.54 ,,"In Stock - Network (Get it Saturday, Oct 3)",CS/4,,,https://imgcdn.mckesson.com/CumulusWeb/Images/Item_Detail/876018_pkgfront.jpg,,https://mms.mckesson.com/product/876018/Drive-DeVilbiss-Healthcare-8040-1
824755,Seat Cushion Dura-Gel™ SPP 18 W X 18 L X 4-1/2 D Inch Foam / Gel,,Graham-Field,8920188,Wheelchair Cushions,$93.80 ,,Shipped by Manufacturer,EA/1,,,https://imgcdn.mckesson.com/CumulusWeb/Images/Item_Detail/824755_left.jpg,,https://mms.mckesson.com/product/824755/Graham-Field-8920188
761197,Coccyx Relief Seat Cushion Gel-Foam X-Cushion 20 W X 16 L X 2-1/2 D Inch Foam / Gel,,Skil-Care,751036,Wheelchair Cushions,$93.86 ,,Shipped by Manufacturer,EA/1,,,https://imgcdn.mckesson.com/CumulusWeb/Images/Item_Detail/SKLCRE_761197.jpg,,https://mms.mckesson.com/product/761197/Skil-Care-751036
824841,Seat Cushion Dura-Gel™ SPP 20 W X 18 L X 4-1/2 D Inch Foam / Gel,,Graham-Field,8920208,Wheelchair Cushions,$95.35 ,,Shipped by Manufacturer,EA/1,,,https://imgcdn.mckesson.com/CumulusWeb/Images/Item_Detail/824841_pdet.jpg,,https://mms.mckesson.com/product/824841/Graham-Field-8920208
824706,Seat Cushion Dura-Gel™ SP III 24 W X 18 L X 3 D Inch Foam / Gel,,Graham-Field,8930248,Wheelchair Cushions,$95.35 ,,Shipped by Manufacturer,EA/1,,,https://imgcdn.mckesson.com/CumulusWeb/Images/Item_Detail/824706_left.jpg,,https://mms.mckesson.com/product/824706/Graham-Field-8930248
583161,Seat Cushion Geo-Matt® PRT 20 W X 18 L X 3 D Inch Foam,,Span America,PRT2018-96-1,Wheelchair Cushions,$95.65 ,,Shipped by Manufacturer,EA/1,,,https://imgcdn.mckesson.com/CumulusWeb/Images/Item_Detail/583161.jpg,,https://mms.mckesson.com/product/583161/Span-America-PRT2018-96-1
626813,Seat Cushion Geo-Matt® PRT 18 X 16 X 3 Inch Foam,,Span America,PRT1816-96-1,Wheelchair Cushions,$95.66 ,,Shipped by Manufacturer,EA/1,,,https://imgcdn.mckesson.com/CumulusWeb/Images/Item_Detail/626813.jpg,,https://mms.mckesson.com/product/626813/Span-America-PRT1816-96-1
572326,Seat Cushion Geo-Matt® PRT 18 W X 18 L X 3 D Inch Foam,,Span America,PRT1818-96-1,Wheelchair Cushions,$95.66 ,,Shipped by Manufacturer,EA/1,,,https://imgcdn.mckesson.com/CumulusWeb/Images/Item_Detail/572326.jpg,,https://mms.mckesson.com/product/572326/Span-America-PRT1818-96-1
867950,Seat Cushion Gel-U-Seat™ 18 W X 16 L X 3 D Inch Foam / Gel,,Drive DeVilbiss Healthcare,8046-2,Wheelchair Cushions,$95.70 ,,Shipped by Manufacturer,CS/4,,,https://imgcdn.mckesson.com/CumulusWeb/Images/Item_Detail/867950_left.jpg,,https://mms.mckesson.com/product/867950/Drive-DeVilbiss-Healthcare-8046-2
987912,Seat Cushion Elements with Gel 22 W X 18 L X 2 D Inch Foam / Gel,,The Comfort Company,46GS-2218-B,Wheelchair Cushions,$96.15 ,,Shipped by Manufacturer,EA/1,,,https://imgcdn.mckesson.com/CumulusWeb/Images/Item_Detail/987912.jpg,,https://mms.mckesson.com/product/987912/The-Comfort-Company-46GS-2218-B
961140,Seat Cushion Gel-U-Seat™ Lite 20 W X 16 L X 2 D Inch Foam / Gel,,Drive DeVilbiss Healthcare,8040-3,Wheelchair Cushions,$97.90 ,,"In Stock - Network (Get it Saturday, Oct 3)",CS/4,,,https://imgcdn.mckesson.com/CumulusWeb/Images/Item_Detail/961140_left.jpg,,https://mms.mckesson.com/product/961140/Drive-DeVilbiss-Healthcare-8040-3
625201,Anti-Thrust Seat Cushion Skil-Care™ 16 W X 18 L Inch Foam / Gel,,Skil-Care,757125,Wheelchair Cushions,$99.40 ,,Shipped by Manufacturer,EA/1,,,https://imgcdn.mckesson.com/CumulusWeb/Images/Item_Detail/625201.jpg,,https://mms.mckesson.com/product/625201/Skil-Care-757125
913748,Seat Cushion Gel-U-Seat™ Lite 20 W X 16 L X 3 D Inch Foam / Gel,,Drive DeVilbiss Healthcare,8046-3,Wheelchair Cushions,$99.65 ,,Shipped by Manufacturer,CS/4,,,https://imgcdn.mckesson.com/CumulusWeb/Images/Item_Detail/913748_right.jpg,,https://mms.mckesson.com/product/913748/Drive-DeVilbiss-Healthcare-8046-3
824843,Seat Cushion Dura-Gel™ SPP 22 W X 18 L X 4-1/2 D Inch Foam / Gel,,Graham-Field,8920228,Wheelchair Cushions,$100.15 ,,Shipped by Manufacturer,EA/1,,,https://imgcdn.mckesson.com/CumulusWeb/Images/Item_Detail/824843_pdet.jpg,,https://mms.mckesson.com/product/824843/Graham-Field-8920228
571557,Seat Cushion EZ-Dish® 18 W X 16 L X 3 D Inch Foam,,Span America,EZ1816-96-1,Wheelchair Cushions,$100.42 ,,Shipped by Manufacturer,EA/1,,,https://imgcdn.mckesson.com/CumulusWeb/Images/Item_Detail/571557.jpg,,https://mms.mckesson.com/product/571557/Span-America-EZ1816-96-1
571904,Seat Cushion EZ-Dish® 16 W X 16 L X 3 D Inch Foam,,Span America,EZ1616-96-1,Wheelchair Cushions,$100.42 ,,Shipped by Manufacturer,EA/1,,,https://imgcdn.mckesson.com/CumulusWeb/Images/Item_Detail/571904.jpg,,https://mms.mckesson.com/product/571904/Span-America-EZ1616-96-1
824845,Seat Cushion Dura-Gel™ SPP 24 W X 18 L X 4-1/2 D Inch Foam / Gel,,Graham-Field,8920248,Wheelchair Cushions,$101.77 ,,Shipped by Manufacturer,EA/1,,,https://imgcdn.mckesson.com/CumulusWeb/Images/Item_Detail/824845_pdet.jpg,,https://mms.mckesson.com/product/824845/Graham-Field-8920248
742954,Seat Cushion Gel-Foam X-Cushion 18 W X 16 L X 3-1/2 D Inch Foam / Gel,,Skil-Care,754528,Wheelchair Cushions,$103.12 ,,Shipped by Manufacturer,EA/1,,,https://imgcdn.mckesson.com/CumulusWeb/Images/Item_Detail/SKLCRE_742954.jpg,,https://mms.mckesson.com/product/742954/Skil-Care-754528
816790,Seat Cushion NYOrtho 26 W X 18 L X 3 D Inch Foam / Gel,,New York Orthopedic,9595B-GEL-261803,Wheelchair Cushions,$104.07 ,,Shipped by Manufacturer,EA/1,,,https://imgcdn.mckesson.com/CumulusWeb/Images/Item_Detail/816790_top.jpg,,https://mms.mckesson.com/product/816790/New-York-Orthopedic-9595B-GEL-261803
816791,Seat Cushion NYOrtho 28 W X 18 L X 3 D Inch Foam / Gel,,New York Orthopedic,9595B-GEL-281803,Wheelchair Cushions,$104.07 ,,Shipped by Manufacturer,EA/1,,,https://imgcdn.mckesson.com/CumulusWeb/Images/Item_Detail/816791_top.jpg,,https://mms.mckesson.com/product/816791/New-York-Orthopedic-9595B-GEL-281803
252820,Seat Cushion Level Ultra 18 W X 16 L X 4 D Inch Foam / Gel,,Skil-Care,754330,Wheelchair Cushions,$107.85 ,,Shipped by Manufacturer,EA/1,,,https://imgcdn.mckesson.com/CumulusWeb/Images/Item_Detail/252820.jpg,,https://mms.mckesson.com/product/252820/Skil-Care-754330
572693,Contoured Seat Cushion Geo-Matt® Contour 16 W X 16 L X 3 D Inch Molded Foam,,Span America,GMC1616-96-1,Wheelchair Cushions,$109.20 ,,Shipped by Manufacturer,EA/1,,,https://imgcdn.mckesson.com/CumulusWeb/Images/Item_Detail/572693.jpg,,https://mms.mckesson.com/product/572693/Span-America-GMC1616-96-1
573110,Contoured Seat Cushion Geo-Matt® Contour 16 W X 16 L X 3 D Inch Molded Foam,,Span America,GMC1818-96-1,Wheelchair Cushions,$109.22 ,,Shipped by Manufacturer,EA/1,,,https://imgcdn.mckesson.com/CumulusWeb/Images/Item_Detail/573110.jpg,,https://mms.mckesson.com/product/573110/Span-America-GMC1818-96-1
649298,Seat Cushion Geo-Matt® Contour 18 W X 16 L X 3 D Inch Foam,,Span America,GMC1816-96-1,Wheelchair Cushions,$109.23 ,,Shipped by Manufacturer,EA/1,,,https://imgcdn.mckesson.com/CumulusWeb/Images/Item_Detail/649298.jpg,,https://mms.mckesson.com/product/649298/Span-America-GMC1816-96-1
571550,Seat Cushion Gel-T® 20 W X 17 L X 2-1/2 Inch Foam / Gel,,Span America,802018-05,Wheelchair Cushions,$110.72 ,,Shipped by Manufacturer,EA/1,,,https://imgcdn.mckesson.com/CumulusWeb/Images/Item_Detail/571550.jpg,,https://mms.mckesson.com/product/571550/Span-America-802018-05
641380,Seat Cushion Gel-T® 19 W X 19 L X 2-1/2 D Inch Foam / Gel,,Span America,8019-05,Wheelchair Cushions,$110.72 ,,Shipped by Manufacturer,EA/1,,,https://imgcdn.mckesson.com/CumulusWeb/Images/Item_Detail/SPAMME_641380.jpg,,https://mms.mckesson.com/product/641380/Span-America-8019-05
571548,Seat Cushion Gel-T® 18 W X 18 L X 2-1/2 D Inch Foam / Gel,,Span America,8018-05,Wheelchair Cushions,$110.73 ,,Shipped by Manufacturer,EA/1,,,https://imgcdn.mckesson.com/CumulusWeb/Images/Item_Detail/571548_pdet.jpg,,https://mms.mckesson.com/product/571548/Span-America-8018-05
572452,Seat Cushion Gel-T® 18 W X 16 L X 2-1/2 D Inch Foam / Gel,,Span America,801618-05,Wheelchair Cushions,$110.73 ,,Shipped by Manufacturer,EA/1,,,https://imgcdn.mckesson.com/CumulusWeb/Images/Item_Detail/SPAMME_572452.jpg,,https://mms.mckesson.com/product/572452/Span-America-801618-05
572367,Seat Cushion Gel-T® 16 W X 16 L X 2-1/2 D Inch Foam / Gel,,Span America,8016-05,Wheelchair Cushions,$110.73 ,,Shipped by Manufacturer,EA/1,,,https://imgcdn.mckesson.com/CumulusWeb/Images/Item_Detail/572367.jpg,,https://mms.mckesson.com/product/572367/Span-America-8016-05
571547,Seat Cushion Gel-T® 17 W X 17 L X 2-1/2 D Inch Foam / Gel,,Span America,8017-05,Wheelchair Cushions,$110.73 ,,Shipped by Manufacturer,EA/1,,,https://imgcdn.mckesson.com/CumulusWeb/Images/Item_Detail/571547.jpg,,https://mms.mckesson.com/product/571547/Span-America-8017-05
816792,Seat Cushion NYOrtho 30 W X 18 L X 3 D Inch Foam / Gel,,New York Orthopedic,9595B-GEL-301803,Wheelchair Cushions,$111.50 ,,Shipped by Manufacturer,EA/1,,,https://imgcdn.mckesson.com/CumulusWeb/Images/Item_Detail/816792_top.jpg,,https://mms.mckesson.com/product/816792/New-York-Orthopedic-9595B-GEL-301803
571912,Seat Cushion EZ-Dish® 20 W X 18 L X 3 D Inch Foam,,Span America,EZ2018-96-1,Wheelchair Cushions,$115.95 ,,Shipped by Manufacturer,EA/1,,,https://imgcdn.mckesson.com/CumulusWeb/Images/Item_Detail/571912.jpg,,https://mms.mckesson.com/product/571912/Span-America-EZ2018-96-1
629029,Seat Cushion EZ-Dish® 18 W X 18 L X 3 D Inch Foam,,Span America,EZ1818-96-1,Wheelchair Cushions,$115.95 ,,Shipped by Manufacturer,EA/1,,,https://imgcdn.mckesson.com/CumulusWeb/Images/Item_Detail/629029.jpg,,https://mms.mckesson.com/product/629029/Span-America-EZ1818-96-1
1228321,Seat Cushion 16 W X 18 L X 4 D Inch Foam,,Medline,NON082051,Wheelchair Cushions,$117.27 ,,"In Stock (Get it Tomorrow, Oct 1)",CS/12,,,https://imgcdn.mckesson.com/CumulusWeb/Images/Item_Detail/1228321_left.jpg,,https://mms.mckesson.com/product/1228321/Medline-NON082051
633214,Seat Cushion Geo-Matt® PRT 24 W X 18 L X 4 D Inch Foam,,Span America,BPRT2418-96-1,Wheelchair Cushions,$123.50 ,,Shipped by Manufacturer,EA/1,,,https://imgcdn.mckesson.com/CumulusWeb/Images/Item_Detail/SPAMME_633214.jpg,,https://mms.mckesson.com/product/633214/Span-America-BPRT2418-96-1
573190,Seat Cushion Geo-Matt® PRT 22 W X 18 L X 4 D Inch Foam,,Span America,BPRT2218-96-1,Wheelchair Cushions,$123.54 ,,Shipped by Manufacturer,EA/1,,,https://imgcdn.mckesson.com/CumulusWeb/Images/Item_Detail/SPAMME_573190.jpg,,https://mms.mckesson.com/product/573190/Span-America-BPRT2218-96-1
573180,Seat Cushion Gel-T® 24 W X 18 L X 2-1/2 D Inch Foam / Gel,,Span America,B802418-05,Wheelchair Cushions,$126.54 ,,Shipped by Manufacturer,EA/1,,,https://imgcdn.mckesson.com/CumulusWeb/Images/Item_Detail/SPAMME_573180.jpg,,https://mms.mckesson.com/product/573180/Span-America-B802418-05
631740,Seat Cushion Gel-T® 22 W X 18 L X 2-1/2 D Inch Foam / Gel,,Span America,B802218-05,Wheelchair Cushions,$126.56 ,,Shipped by Manufacturer,EA/1,,,https://imgcdn.mckesson.com/CumulusWeb/Images/Item_Detail/SPAMME_631740.jpg,,https://mms.mckesson.com/product/631740/Span-America-B802218-05
640390,Seat / Seat Back Cushion Combination Short-Wave™ 16 Inch Width Foam,,Span America,SWAVE16-01,Wheelchair Cushions,$127.79 ,,Shipped by Manufacturer,EA/1,,,https://imgcdn.mckesson.com/CumulusWeb/Images/Item_Detail/SPAMME_640390.jpg,,https://mms.mckesson.com/product/640390/Span-America-SWAVE16-01
649299,Seat Cushion Geo-Matt® Contour 20 W X 18 L X 3 D Inch Foam,,Span America,GMC2018-96-1,Wheelchair Cushions,$128.03 ,,Shipped by Manufacturer,EA/1,,,https://imgcdn.mckesson.com/CumulusWeb/Images/Item_Detail/649299.jpg,,https://mms.mckesson.com/product/649299/Span-America-GMC2018-96-1
1063268,Seat Cushion Protekt® O2 18 W X 16 L X 4 D Inch PVC Air Cells,,Proactive Medical Products LLC,78005,Wheelchair Cushions,$128.39 ,,Shipped by Manufacturer,EA/1,,,https://imgcdn.mckesson.com/CumulusWeb/Images/Item_Detail/1063268_left.jpg,,https://mms.mckesson.com/product/1063268/Proactive-Medical-Products-LLC-78005
1063260,Seat Cushion Protekt® O2 Low Profile 16 W X 16 L X 2 D Inch PVC Air Cells,,Proactive Medical Products LLC,78001,Wheelchair Cushions,$128.39 ,,Shipped by Manufacturer,EA/1,,,https://imgcdn.mckesson.com/CumulusWeb/Images/Item_Detail/1063260_left.jpg,,https://mms.mckesson.com/product/1063260/Proactive-Medical-Products-LLC-78001
1063261,Seat Cushion Protekt® O2 Low Profile 18 W X 16 L X 2 D Inch PVC Air Cells,,Proactive Medical Products LLC,78002,Wheelchair Cushions,$128.39 ,,Shipped by Manufacturer,EA/1,,,https://imgcdn.mckesson.com/CumulusWeb/Images/Item_Detail/1063261_left.jpg,,https://mms.mckesson.com/product/1063261/Proactive-Medical-Products-LLC-78002
822299,Seat Cushion Skil-Care™ 20 W X 16 L X 4 D Inch Foam,,Skil-Care,751635,Wheelchair Cushions,$134.95 ,,Shipped by Manufacturer,EA/1,,,https://imgcdn.mckesson.com/CumulusWeb/Images/Item_Detail/822299_pdet.jpg,,https://mms.mckesson.com/product/822299/Skil-Care-751635
1063263,Seat Cushion Protekt® O2 Low Profile 20 W X 16 L X 2 D Inch PVC Air Cells,,Proactive Medical Products LLC,78003,Wheelchair Cushions,$135.15 ,,Shipped by Manufacturer,EA/1,,,https://imgcdn.mckesson.com/CumulusWeb/Images/Item_Detail/1063263_left.jpg,,https://mms.mckesson.com/product/1063263/Proactive-Medical-Products-LLC-78003
1063262,Seat Cushion Protekt® O2 Low Profile 18 W X 18 L X 2 D Inch PVC Air Cells,,Proactive Medical Products LLC,78007,Wheelchair Cushions,$135.15 ,,Shipped by Manufacturer,EA/1,,,https://imgcdn.mckesson.com/CumulusWeb/Images/Item_Detail/1063262_left.jpg,,https://mms.mckesson.com/product/1063262/Proactive-Medical-Products-LLC-78007
1063270,Seat Cushion Protekt® O2 20 W X 16 L X 4 D Inch PVC Air Cells,,Proactive Medical Products LLC,78006,Wheelchair Cushions,$135.15 ,,Shipped by Manufacturer,EA/1,,,https://imgcdn.mckesson.com/CumulusWeb/Images/Item_Detail/1063270_left.jpg,,https://mms.mckesson.com/product/1063270/Proactive-Medical-Products-LLC-78006
1063269,Seat Cushion Protekt® O2 18 W X 18 L X 4 D Inch PVC Air Cells,,Proactive Medical Products LLC,78008,Wheelchair Cushions,$135.15 ,,Shipped by Manufacturer,EA/1,,,https://imgcdn.mckesson.com/CumulusWeb/Images/Item_Detail/1063269_left.jpg,,https://mms.mckesson.com/product/1063269/Proactive-Medical-Products-LLC-78008
699453,Seat Cushion Gel-U-Seat™ Lite 20 W X 18 L X 3 D Inch Foam / Gel,,Drive DeVilbiss Healthcare,8046-4,Wheelchair Cushions,$135.21 ,,Shipped by Manufacturer,CS/4,,,https://imgcdn.mckesson.com/CumulusWeb/Images/Item_Detail/699453.jpg,,https://mms.mckesson.com/product/699453/Drive-DeVilbiss-Healthcare-8046-4
1063267,Seat Cushion Protekt® O2 16 W X 16 L X 4 D Inch PVC Air Cells,,Proactive Medical Products LLC,78004,Wheelchair Cushions,$138.67 ,,Shipped by Manufacturer,EA/1,,,https://imgcdn.mckesson.com/CumulusWeb/Images/Item_Detail/1063267_left.jpg,,https://mms.mckesson.com/product/1063267/Proactive-Medical-Products-LLC-78004
929210,Seat Cushion McKesson 18 W X 16 L X 3 D Inch Convoluted Foam,,McKesson Brand,136-58132,Wheelchair Cushions,$142.41 ,,"In Stock (Get it Tomorrow, Oct 1)",CS/18,,,https://imgcdn.mckesson.com/CumulusWeb/Images/Item_Detail/929210_pdet.jpg,,https://mms.mckesson.com/product/929210/McKesson-Brand-136-58132
628504,Seat / Seat Back Cushion Combination Short-Wave™ 20 Inch Width Foam,,Span America,SWAVE20-01,Wheelchair Cushions,$146.04 ,,Shipped by Manufacturer,EA/1,,,https://imgcdn.mckesson.com/CumulusWeb/Images/Item_Detail/SPAMME_628504.jpg,,https://mms.mckesson.com/product/628504/Span-America-SWAVE20-01
1083907,Zero Elevation Seat Cushion Support Pro™ 7 Series 22 W X 20 L Inch Foam,,The Comfort Company,53-2220-B,Wheelchair Cushions,$151.45 ,,Shipped by Manufacturer,EA/1,,,https://imgcdn.mckesson.com/CumulusWeb/Images/Item_Detail/1083907.jpg,,https://mms.mckesson.com/product/1083907/The-Comfort-Company-53-2220-B
1063264,Seat Cushion Protekt® O2 Low Profile 20 W X 18 L X 2 D Inch PVC Air Cells,,Proactive Medical Products LLC,78011,Wheelchair Cushions,$155.42 ,,Shipped by Manufacturer,EA/1,,,https://imgcdn.mckesson.com/CumulusWeb/Images/Item_Detail/1063264_left.jpg,,https://mms.mckesson.com/product/1063264/Proactive-Medical-Products-LLC-78011
1063271,Seat Cushion Protekt® O2 20 W X 18 L X 4 D Inch PVC Air Cells,,Proactive Medical Products LLC,78009,Wheelchair Cushions,$155.42 ,,Shipped by Manufacturer,EA/1,,,https://imgcdn.mckesson.com/CumulusWeb/Images/Item_Detail/1063271_left.jpg,,https://mms.mckesson.com/product/1063271/Proactive-Medical-Products-LLC-78009
801906,Wedge Seat Cushion Support Pro™ 18 W X 18 L X 4 to 2 D Inch Foam / Gel,,The Comfort Company,55GB,Wheelchair Cushions,$164.13 ,,Shipped by Manufacturer,EA/1,,,https://imgcdn.mckesson.com/CumulusWeb/Images/Item_Detail/801906.jpg,,https://mms.mckesson.com/product/801906/The-Comfort-Company-55GB
1115304,Anti-Thrust Seat Cushion M2 20 W X 18 L X 2-3/4 D Inch Foam / Gel,,The Comfort Company,M2-SA-2018,Wheelchair Cushions,$164.38 ,,Shipped by Manufacturer,EA/1,,,https://imgcdn.mckesson.com/CumulusWeb/Images/Item_Detail/1115304.jpg,,https://mms.mckesson.com/product/1115304/The-Comfort-Company-M2-SA-2018
695176,Seat Cushion Skil-Care™ 26 W X 18 L X 3 D Inch Foam / Gel,,Skil-Care,915135,Wheelchair Cushions,$173.13 ,,"In Stock - Network (Get it Saturday, Oct 3)",EA/1,,,https://imgcdn.mckesson.com/CumulusWeb/Images/Item_Detail/SKLCRE_695176.jpg,,https://mms.mckesson.com/product/695176/Skil-Care-915135
1063265,Seat Cushion Protekt® O2 Low Profile 22 W X 18 L X 2 D Inch PVC Air Cells,,Proactive Medical Products LLC,78012,Wheelchair Cushions,$175.70 ,,Shipped by Manufacturer,EA/1,,,https://imgcdn.mckesson.com/CumulusWeb/Images/Item_Detail/1063265_left.jpg,,https://mms.mckesson.com/product/1063265/Proactive-Medical-Products-LLC-78012
1120334,Seat Cushion Gel E 18 W X 18 L X 3 H Inch Foam / Gel,,Drive DeVilbiss Healthcare,14878,Wheelchair Cushions,$179.64 ,,Shipped by Manufacturer,CS/4,,,https://imgcdn.mckesson.com/CumulusWeb/Images/Item_Detail/1120334.jpg,,https://mms.mckesson.com/product/1120334/Drive-DeVilbiss-Healthcare-14878
822297,Seat Cushion Bari-Gel™ 26 W X 20 L X 3 D Inch Foam / Gel,,Skil-Care,915133,Wheelchair Cushions,$181.10 ,,Shipped by Manufacturer,EA/1,,,https://imgcdn.mckesson.com/CumulusWeb/Images/Item_Detail/822297.jpg,,https://mms.mckesson.com/product/822297/Skil-Care-915133
695175,Seat Cushion Skil-Care™ 28 W X 20 L X 3 D Inch Foam / Gel,,Skil-Care,915137,Wheelchair Cushions,$187.52 ,,Shipped by Manufacturer,EA/1,,,https://imgcdn.mckesson.com/CumulusWeb/Images/Item_Detail/SKLCRE_695175.jpg,,https://mms.mckesson.com/product/695175/Skil-Care-915137
1063272,Seat Cushion Protekt® O2 22 W X 18 L X 4 D Inch PVC Air Cells,,Proactive Medical Products LLC,78014,Wheelchair Cushions,$189.75 ,,Shipped by Manufacturer,EA/1,,,https://imgcdn.mckesson.com/CumulusWeb/Images/Item_Detail/1063272_left.jpg,,https://mms.mckesson.com/product/1063272/Proactive-Medical-Products-LLC-78014
572317,Seat Cushion The Equalizer® 16 W X 16 L X 3-1/2 D Inch Foam / Polymer,,Span America,EQ1616,Wheelchair Cushions,$197.65 ,,Shipped by Manufacturer,EA/1,,,https://imgcdn.mckesson.com/CumulusWeb/Images/Item_Detail/572317.jpg,,https://mms.mckesson.com/product/572317/Span-America-EQ1616
571555,Seat Cushion The Equalizer® 18 W X 16 L X 3-1/2 D Inch Foam / Polymer,,Span America,EQ1816,Wheelchair Cushions,$199.89 ,,Shipped by Manufacturer,EA/1,,,https://imgcdn.mckesson.com/CumulusWeb/Images/Item_Detail/571555.jpg,,https://mms.mckesson.com/product/571555/Span-America-EQ1816
1083905,Anti-Thrust Seat Cushion Comfort Shield 18 W X 16 L X 3 D Inch Foam,,The Comfort Company,SHLD-FQA-1816,Wheelchair Cushions,$201.29 ,,Shipped by Manufacturer,EA/1,,,https://imgcdn.mckesson.com/CumulusWeb/Images/Item_Detail/1083905.jpg,,https://mms.mckesson.com/product/1083905/The-Comfort-Company-SHLD-FQA-1816
1078775,Anti-Thrust Seat Cushion Saddle™ 18 W X 16 L X 4-1/2 to 3-1/2 D Inch Gel,,The Comfort Company,57SG1816,Wheelchair Cushions,$210.89 ,,Shipped by Manufacturer,EA/1,,,https://imgcdn.mckesson.com/CumulusWeb/Images/Item_Detail/1078775.jpg,,https://mms.mckesson.com/product/1078775/The-Comfort-Company-57SG1816
826414,Seat Cushion Balanced Aire™ 16 W X 16 L X 4 D Inch Air Cells,,Drive DeVilbiss Healthcare,8047-16,Wheelchair Cushions,$218.76 ,,Shipped by Manufacturer,EA/1,,,https://imgcdn.mckesson.com/CumulusWeb/Images/Item_Detail/826414.jpg,,https://mms.mckesson.com/product/826414/Drive-DeVilbiss-Healthcare-8047-16
1057956,Seat Cushion Medline 30 W X 22 L X 4 D Inch Foam / Gel,,Medline,MSCPRC43022,Wheelchair Cushions,$220.03 ,,In Stock - Network,EA/1,,,https://imgcdn.mckesson.com/CumulusWeb/Images/Item_Detail/1057956.jpg,,https://mms.mckesson.com/product/1057956/Medline-MSCPRC43022
826416,Seat Cushion Balanced Aire™ 18 W X 16 L X 4 D Inch Air Cells,,Drive DeVilbiss Healthcare,8047-18,Wheelchair Cushions,$222.10 ,,"In Stock - Network (Get it Saturday, Oct 3)",EA/1,,,https://imgcdn.mckesson.com/CumulusWeb/Images/Item_Detail/826416_left.jpg,,https://mms.mckesson.com/product/826416/Drive-DeVilbiss-Healthcare-8047-18
387569,Seat Cushion Geo-Matt® PRT 18 W X 16 L X 3 D Inch Foam,,Span America,50746-070,Wheelchair Cushions,$223.70 ,,Shipped by Manufacturer,CS/6,,,https://imgcdn.mckesson.com/CumulusWeb/Images/Item_Detail/387569_front.jpg,,https://mms.mckesson.com/product/387569/Span-America-50746-070
572378,Seat Cushion The Equalizer® 20 W X 18 L X 3-1/2 D Inch Foam / Polymer,,Span America,EQ2018,Wheelchair Cushions,$227.47 ,,Shipped by Manufacturer,EA/1,,,https://imgcdn.mckesson.com/CumulusWeb/Images/Item_Detail/572378.jpg,,https://mms.mckesson.com/product/572378/Span-America-EQ2018
571556,Seat Cushion The Equalizer® 18 W X 18 L X 3-1/2 D Inch Foam / Polymer,,Span America,EQ1818,Wheelchair Cushions,$227.49 ,,Shipped by Manufacturer,EA/1,,,https://imgcdn.mckesson.com/CumulusWeb/Images/Item_Detail/571556.jpg,,https://mms.mckesson.com/product/571556/Span-America-EQ1818
826418,Seat Cushion Balanced Aire™ 20 W X 16 L X 4 D Inch Air Cells,,Drive DeVilbiss Healthcare,8047-20,Wheelchair Cushions,$231.81 ,,Shipped by Manufacturer,EA/1,,,https://imgcdn.mckesson.com/CumulusWeb/Images/Item_Detail/826418_left.jpg,,https://mms.mckesson.com/product/826418/Drive-DeVilbiss-Healthcare-8047-20
312300,Seat Cushion Geo-Matt® 18 W X 16 L X 4 D Inch Foam,,Span America,50746-051,Wheelchair Cushions,$238 ,,Shipped by Manufacturer,CS/6,,,https://imgcdn.mckesson.com/CumulusWeb/Images/Item_Detail/312300_right.jpg,,https://mms.mckesson.com/product/312300/Span-America-50746-051
842177,Anti-Thrust Seat Cushion Saddle™ 18 W X 18 L X 4-1/2 to 3-1/2 D Inch Foam / Gel,,The Comfort Company,57SG1818,Wheelchair Cushions,$241.72 ,,"In Stock - Network (Get it Tuesday, Oct 6)",EA/1,,,https://imgcdn.mckesson.com/CumulusWeb/Images/Item_Detail/842177.jpg,,https://mms.mckesson.com/product/842177/The-Comfort-Company-57SG1818
826417,Seat Cushion Balanced Aire™ 18 W X 16 L X 2 D Inch Air Cells,,Drive DeVilbiss Healthcare,8047-18-2,Wheelchair Cushions,$251.83 ,,Shipped by Manufacturer,EA/1,,,https://imgcdn.mckesson.com/CumulusWeb/Images/Item_Detail/826417.jpg,,https://mms.mckesson.com/product/826417/Drive-DeVilbiss-Healthcare-8047-18-2
1280224,Chair Pad AliMed® T-Gel™ 18 W X 20 D Inch Gel,,Alimed,2970000024,Wheelchair Cushions,$252.45 ,,Shipped by Manufacturer,EA/1,,,https://imgcdn.mckesson.com/CumulusWeb/Images/Item_Detail/1280224_front.jpg,,https://mms.mckesson.com/product/1280224/Alimed-2970000024
826419,Seat Cushion Balanced Aire™ 20 W X 16 L X 2 D Inch Air Cells,,Drive DeVilbiss Healthcare,8047-20-2,Wheelchair Cushions,$265.56 ,,Shipped by Manufacturer,EA/1,,,https://imgcdn.mckesson.com/CumulusWeb/Images/Item_Detail/826419.jpg,,https://mms.mckesson.com/product/826419/Drive-DeVilbiss-Healthcare-8047-20-2
974623,Seat Cushion Balanced Aire™ 18 W X 18 L X 4 D Inch Air Cells,,Drive DeVilbiss Healthcare,8047-1818,Wheelchair Cushions,$274.59 ,,Shipped by Manufacturer,EA/1,,,https://imgcdn.mckesson.com/CumulusWeb/Images/Item_Detail/974623.jpg,,https://mms.mckesson.com/product/974623/Drive-DeVilbiss-Healthcare-8047-1818
583137,Seat Cushion The Equalizer® 24 W X 18 L X 3-1/2 D Inch Foam / Polymer,,Span America,BEQ2418,Wheelchair Cushions,$293.89 ,,Shipped by Manufacturer,EA/1,,,https://imgcdn.mckesson.com/CumulusWeb/Images/Item_Detail/SPAMME_583137.jpg,,https://mms.mckesson.com/product/583137/Span-America-BEQ2418
573258,Seat Cushion The Equalizer® 22 W X 18 L X 3-1/2 D Inch Foam / Polymer,,Span America,BEQ2218,Wheelchair Cushions,$293.89 ,,Shipped by Manufacturer,EA/1,,,https://imgcdn.mckesson.com/CumulusWeb/Images/Item_Detail/SPAMME_573258.jpg,,https://mms.mckesson.com/product/573258/Span-America-BEQ2218
865197,Seat Cushion Waffle® Original 17 W X 17 L X 1-1/2 D Inch Air Cells,,EHOB,2000WCIX120,Wheelchair Cushions,$298.38 ,,"In Stock (Get it Tomorrow, Oct 1)",CS/12,,,https://imgcdn.mckesson.com/CumulusWeb/Images/Item_Detail/865197.jpg,,https://mms.mckesson.com/product/865197/EHOB-2000WCIX120
1063258,Alternating Pressure Seat Cushion Protekt® Seat Relief 18 W X 16 L X 3 D Inch Foam / Air Cells,,Proactive Medical Products LLC,80121,Wheelchair Cushions,$310.85 ,,Shipped by Manufacturer,EA/1,,,https://imgcdn.mckesson.com/CumulusWeb/Images/Item_Detail/1063258_front.jpg,,https://mms.mckesson.com/product/1063258/Proactive-Medical-Products-LLC-80121
1139517,Seat Cushion EquaGel® Protector 20 W X 18 L X 2-1/2 D Inch Gel,,Performance Health,81704543,Wheelchair Cushions,$314.27 ,,Shipped by Manufacturer,EA/1,,,https://imgcdn.mckesson.com/CumulusWeb/Images/Item_Detail/1139517.jpg,,https://mms.mckesson.com/product/1139517/Performance-Health-081704543
630953,Seat Cushion ROHO® Quadtro Select® High Profile® 18 W X 18 L X 4-1/4 D Inch Neoprene Air Cells,,Crown Therapeutics,QS1010C,Wheelchair Cushions,$335.16 ,,Shipped by Manufacturer,EA/1,,,https://imgcdn.mckesson.com/CumulusWeb/Images/Item_Detail/630953.jpg,,https://mms.mckesson.com/product/630953/Crown-Therapeutics-QS1010C
703058,Seat Cushion ROHO® High Profile® Single Compartment 18 W X 20 L X 4-1/4 D Inch Neoprene Air Cells,,Crown Therapeutics,1R1011C,Wheelchair Cushions,$335.16 ,,Shipped by Manufacturer,EA/1,,,https://imgcdn.mckesson.com/CumulusWeb/Images/Item_Detail/703058_PC.jpg,,https://mms.mckesson.com/product/703058/Crown-Therapeutics-1R1011C
640366,Seat Cushion ROHO® High Profile® Single Compartment 16 W X 16 L X 4-1/4 D Inch Neoprene Air Cells,,Crown Therapeutics,1R99C,Wheelchair Cushions,$335.16 ,,Shipped by Manufacturer,EA/1,,,https://imgcdn.mckesson.com/CumulusWeb/Images/Item_Detail/640366.jpg,,https://mms.mckesson.com/product/640366/Crown-Therapeutics-1R99C
695189,Seat Cushion ROHO® Quadtro Select® High Profile® 16 W X 18 L X 4-1/4 D Inch Neoprene Air Cells,,Crown Therapeutics,QS910C,Wheelchair Cushions,$335.16 ,,Shipped by Manufacturer,EA/1,,,https://imgcdn.mckesson.com/CumulusWeb/Images/Item_Detail/695189.jpg,,https://mms.mckesson.com/product/695189/Crown-Therapeutics-QS910C
710615,Seat Cushion ROHO® Low Profile® Single Compartment 18 W X 20 L X 2-1/4 D Inch Neoprene Air Cells,,Crown Therapeutics,1R1011LPC,Wheelchair Cushions,$335.16 ,,Shipped by Manufacturer,EA/1,,,https://imgcdn.mckesson.com/CumulusWeb/Images/Item_Detail/ROHO_710615.jpg,,https://mms.mckesson.com/product/710615/Crown-Therapeutics-1R1011LPC
584767,Seat Cushion ROHO® Low Profile® Single Compartment 18 W X 18 L X 2-1/4 D Inch Neoprene Air Cells,,Crown Therapeutics,1R1010LPC,Wheelchair Cushions,$335.16 ,,Shipped by Manufacturer,EA/1,,,https://imgcdn.mckesson.com/CumulusWeb/Images/Item_Detail/584767.jpg,,https://mms.mckesson.com/product/584767/Crown-Therapeutics-1R1010LPC
639552,Seat Cushion ROHO® Quadtro Select® Low Profile® 18 W X 18 L X 2-1/4 D Inch Neoprene Air Cells,,Crown Therapeutics,QS1010LPC,Wheelchair Cushions,$335.16 ,,Shipped by Manufacturer,EA/1,,,https://imgcdn.mckesson.com/CumulusWeb/Images/Item_Detail/639552.jpg,,https://mms.mckesson.com/product/639552/Crown-Therapeutics-QS1010LPC
583991,Seat Cushion ROHO® High Profile® Single Compartment 18 W X 18 L X 4-1/4 D Inch Neoprene Air Cells,,Crown Therapeutics,1R1010C,Wheelchair Cushions,$335.16 ,,Shipped by Manufacturer,EA/1,,,https://imgcdn.mckesson.com/CumulusWeb/Images/Item_Detail/583991.jpg,,https://mms.mckesson.com/product/583991/Crown-Therapeutics-1R1010C
647116,Seat Cushion ROHO® Quadtro Select® Low Profile® 18 W X 16 L X 2-1/4 D Inch Neoprene Air Cells,,Crown Therapeutics,QS109LPC,Wheelchair Cushions,$335.16 ,,Shipped by Manufacturer,EA/1,,,https://imgcdn.mckesson.com/CumulusWeb/Images/Item_Detail/647116.jpg,,https://mms.mckesson.com/product/647116/Crown-Therapeutics-QS109LPC
581559,Seat Cushion ROHO® Low Profile® Single Compartment 16 W X 18 L X 2-1/4 D Inch Neoprene Air Cells,,Crown Therapeutics,1R910LPC,Wheelchair Cushions,$335.16 ,,Shipped by Manufacturer,EA/1,,,https://imgcdn.mckesson.com/CumulusWeb/Images/Item_Detail/581559.jpg,,https://mms.mckesson.com/product/581559/Crown-Therapeutics-1R910LPC
726349,Seat Cushion ROHO® Enhancer® 18 W X 16 L X 2-1/4 to 4-1/4 D Inch Neoprene Air Cells,,Crown Therapeutics,ENH109C,Wheelchair Cushions,$335.16 ,,Shipped by Manufacturer,EA/1,,,https://imgcdn.mckesson.com/CumulusWeb/Images/Item_Detail/726349.JPG,,https://mms.mckesson.com/product/726349/Crown-Therapeutics-ENH109C
577301,Seat Cushion ROHO® Quadtro Select® Low Profile® 16 W X 16 L X 2-1/4 D Inch Neoprene Air Cells,,Crown Therapeutics,QS99LPC,Wheelchair Cushions,$335.16 ,,Shipped by Manufacturer,EA/1,,,https://imgcdn.mckesson.com/CumulusWeb/Images/Item_Detail/577301.jpg,,https://mms.mckesson.com/product/577301/Crown-Therapeutics-QS99LPC
695148,Seat Cushion ROHO® Quadtro Select® Low Profile® 16 W X 18 L X 2-1/4 D Inch Neoprene Air Cells,,Crown Therapeutics,QS910LPC,Wheelchair Cushions,$335.16 ,,Shipped by Manufacturer,EA/1,,,https://imgcdn.mckesson.com/CumulusWeb/Images/Item_Detail/695148.jpg,,https://mms.mckesson.com/product/695148/Crown-Therapeutics-QS910LPC
630199,Seat Cushion ROHO® Quadtro Select® High Profile® 16 W X 16 L X 4-1/4 D Inch Neoprene Air Cells,,Crown Therapeutics,QS99C,Wheelchair Cushions,$335.16 ,,Shipped by Manufacturer,EA/1,,,https://imgcdn.mckesson.com/CumulusWeb/Images/Item_Detail/630199.jpg,,https://mms.mckesson.com/product/630199/Crown-Therapeutics-QS99C
624240,Seat Cushion ROHO® Low Profile® Single Compartment 20 W X 20 L X 2-1/4 D Inch Neoprene Air Cells,,Crown Therapeutics,1R1111LPC,Wheelchair Cushions,$335.16 ,,Shipped by Manufacturer,EA/1,,,https://imgcdn.mckesson.com/CumulusWeb/Images/Item_Detail/ROHO_624240.jpg,,https://mms.mckesson.com/product/624240/Crown-Therapeutics-1R1111LPC
839671,Seat Cushion ROHO® Contour Select® 20 W X 18 L X 2-1/4 to 4-1/4 D Inch Neoprene Air Cells,,Crown Therapeutics,CS1110C,Wheelchair Cushions,$335.16 ,,Shipped by Manufacturer,EA/1,,,https://imgcdn.mckesson.com/CumulusWeb/Images/Item_Detail/839671.jpg,,https://mms.mckesson.com/product/839671/Crown-Therapeutics-CS1110C
711781,Seat Cushion ROHO® Quadtro Select® High Profile® 20 W X 22 L X 4-1/4 D Inch Neoprene Air Cells,,Crown Therapeutics,QS1112C,Wheelchair Cushions,$335.16 ,,Shipped by Manufacturer,EA/1,,,https://imgcdn.mckesson.com/CumulusWeb/Images/Item_Detail/ROHO_711781.jpg,,https://mms.mckesson.com/product/711781/Crown-Therapeutics-QS1112C
583391,Seat Cushion ROHO® Contour Select® 18 W X 18 L X 2-1/4 to 4-1/4 D Inch Neoprene Air Cells,,Crown Therapeutics,CS1010C,Wheelchair Cushions,$335.16 ,,Shipped by Manufacturer,EA/1,,,https://imgcdn.mckesson.com/CumulusWeb/Images/Item_Detail/583391.jpg,,https://mms.mckesson.com/product/583391/Crown-Therapeutics-CS1010C
1063259,Alternating Pressure Seat Cushion Protekt® Seat Relief 20 W X 16 L X 3 D Inch Foam / Air Cells,,Proactive Medical Products LLC,80122,Wheelchair Cushions,$337.88 ,,Shipped by Manufacturer,EA/1,,,https://imgcdn.mckesson.com/CumulusWeb/Images/Item_Detail/1063259_front.jpg,,https://mms.mckesson.com/product/1063259/Proactive-Medical-Products-LLC-80122
579212,Seat Cushion ROHO® Low Profile® Single Compartment 18 W X 16 L X 2-1/4 D Inch Neoprene Air Cells,,Crown Therapeutics,1R109LPC,Wheelchair Cushions,$342.94 ,,In Stock - Network,EA/1,,,https://imgcdn.mckesson.com/CumulusWeb/Images/Item_Detail/579212.jpg,,https://mms.mckesson.com/product/579212/Crown-Therapeutics-1R109LPC
695967,Seat Cushion ROHO® High Profile® Single Compartment 20 W X 20 L X 4-1/4 D Inch Neoprene Air Cells,,Crown Therapeutics,1R1111C,Wheelchair Cushions,$345.22 ,,Shipped by Manufacturer,EA/1,,,https://imgcdn.mckesson.com/CumulusWeb/Images/Item_Detail/695967.jpg,,https://mms.mckesson.com/product/695967/Crown-Therapeutics-1R1111C
586362,Seat Cushion ROHO® High Profile® Single Compartment 16 W X 18 L X 4-1/4 D Inch Neoprene Air Cells,,Crown Therapeutics,1R910C,Wheelchair Cushions,$345.22 ,,Shipped by Manufacturer,EA/1,,,https://imgcdn.mckesson.com/CumulusWeb/Images/Item_Detail/586362.jpg,,https://mms.mckesson.com/product/586362/Crown-Therapeutics-1R910C
860060,Seat Cushion ROHO® High Profile® Single Compartment 16 W X 20 L X 4-1/4 D Inch Neoprene Air Cells,,Crown Therapeutics,1R911C,Wheelchair Cushions,$345.22 ,,Shipped by Manufacturer,EA/1,,,https://imgcdn.mckesson.com/CumulusWeb/Images/Item_Detail/860060.JPG,,https://mms.mckesson.com/product/860060/Crown-Therapeutics-1R911C
691977,Seat Cushion ROHO® Contour Select® 18 W X 16 L X 2-1/4 to 4-1/4 D Inch Neoprene Air Cells,,Crown Therapeutics,CS109C,Wheelchair Cushions,$345.22 ,,Shipped by Manufacturer,EA/1,,,https://imgcdn.mckesson.com/CumulusWeb/Images/Item_Detail/691977.jpg,,https://mms.mckesson.com/product/691977/Crown-Therapeutics-CS109C
712130,Seat Cushion ROHO® High Profile® Single Compartment 20 W X 18 L X 4-1/4 D Inch Neoprene Air Cells,,Crown Therapeutics,1R1110C,Wheelchair Cushions,$352.99 ,,"In Stock - Network (Get it Saturday, Oct 3)",EA/1,,,https://imgcdn.mckesson.com/CumulusWeb/Images/Item_Detail/ROHO_712130.jpg,,https://mms.mckesson.com/product/712130/Crown-Therapeutics-1R1110C
571905,Seat Cushion Cross Cut 18 W X 16 L X 3 D Inch Foam,,Span America,CC1816-96,Wheelchair Cushions,$379.10 ,,"In Stock (Get it Tomorrow, Oct 1)",CS/6,,,https://imgcdn.mckesson.com/CumulusWeb/Images/Item_Detail/571905_left.jpg,,https://mms.mckesson.com/product/571905/Span-America-CC1816-96
707018,Seat Cushion ROHO® High Profile® Single Compartment 24 W X 18 L X 4-1/4 D Inch Neoprene Air Cells,,Crown Therapeutics,1R1310C,Wheelchair Cushions,$384 ,,Shipped by Manufacturer,EA/1,,,https://imgcdn.mckesson.com/CumulusWeb/Images/Item_Detail/707018.jpg,,https://mms.mckesson.com/product/707018/Crown-Therapeutics-1R1310C
346097,Seat Cushion Geo-Matt® PRT 18 W X 16 L X 3 D Inch Foam,,Span America,50746-083,Wheelchair Cushions,$389.40 ,,Shipped by Manufacturer,CS/6,,,https://imgcdn.mckesson.com/CumulusWeb/Images/Item_Detail/346097.jpg,,https://mms.mckesson.com/product/346097/Span-America-50746-083
572459,Wedge Seat Cushion Geo-Matt® Wedge 18 W X 16 L X 4 to 2 D Inch Foam,,Span America,GMW1816-96,Wheelchair Cushions,$419.54 ,,Shipped by Manufacturer,CS/6,,,https://imgcdn.mckesson.com/CumulusWeb/Images/Item_Detail/572459__pdet.jpg,,https://mms.mckesson.com/product/572459/Span-America-GMW1816-96
1281179,Seat Cushion Sedans 500 20 W X 16 L X 4 Inch Nylon / PU Foam,,Wellell America Corporation,PD01903,Wheelchair Cushions,$431.13 ,,Shipped by Manufacturer,EA/1,,,https://imgcdn.mckesson.com/CumulusWeb/Images/Item_Detail/1281179_right.jpg,,https://mms.mckesson.com/product/1281179/Wellell-America-Corporation-PD01903
1281180,Seat Cushion Sedans 500 18 W X 20 L X 4 H Inch Nylon / PU Foam,,Wellell America Corporation,PD01904,Wheelchair Cushions,$431.13 ,,Shipped by Manufacturer,EA/1,,,https://imgcdn.mckesson.com/CumulusWeb/Images/Item_Detail/1281180_right.jpg,,https://mms.mckesson.com/product/1281180/Wellell-America-Corporation-PD01904
1281177,Seat Cushion Sedans 500 17 W X 17 L X 4 H Inch Nylon / PU Foam,,Wellell America Corporation,PD01901,Wheelchair Cushions,$431.13 ,,Shipped by Manufacturer,EA/1,,,https://imgcdn.mckesson.com/CumulusWeb/Images/Item_Detail/1281177_right.jpg,,https://mms.mckesson.com/product/1281177/Wellell-America-Corporation-PD01901
1281182,Seat Cushion Sedans 500 18 W X 18 L X 4 H Inch Nylon / PU Foam,,Wellell America Corporation,PD01906,Wheelchair Cushions,$431.13 ,,Shipped by Manufacturer,EA/1,,,https://imgcdn.mckesson.com/CumulusWeb/Images/Item_Detail/1281182_right.jpg,,https://mms.mckesson.com/product/1281182/Wellell-America-Corporation-PD01906
1281181,Seat Cushion Sedans 500 16 w X 16 L X 4 H Inch Nylon / PU Foam,,Wellell America Corporation,PD01905,Wheelchair Cushions,$431.13 ,,Shipped by Manufacturer,EA/1,,,https://imgcdn.mckesson.com/CumulusWeb/Images/Item_Detail/1281181_right.jpg,,https://mms.mckesson.com/product/1281181/Wellell-America-Corporation-PD01905
1281178,Seat Cushion Sedans 500 18 W X 16 L X 4 H Inch Nylon / PU Foam,,Wellell America Corporation,PD01902,Wheelchair Cushions,$431.13 ,,Shipped by Manufacturer,EA/1,,,https://imgcdn.mckesson.com/CumulusWeb/Images/Item_Detail/1281178_right.jpg,,https://mms.mckesson.com/product/1281178/Wellell-America-Corporation-PD01902
688398,Wedge Seat Cushion Geo-Matt® Wedge 20 W X 18 L X 4 to 2 D Inch Foam,,Span America,GMW2018-96,Wheelchair Cushions,$435.35 ,,Shipped by Manufacturer,CS/6,,,https://imgcdn.mckesson.com/CumulusWeb/Images/Item_Detail/688398_pdet.jpg,,https://mms.mckesson.com/product/688398/Span-America-GMW2018-96
572323,Seat Cushion Geo-Matt® PRT 16 W X 16 L X 3 D Inch Foam,,Span America,PRT1616-96,Wheelchair Cushions,$483.55 ,,Shipped by Manufacturer,CS/6,,,https://imgcdn.mckesson.com/CumulusWeb/Images/Item_Detail/572323.jpg,,https://mms.mckesson.com/product/572323/Span-America-PRT1616-96
572325,Seat Cushion Geo-Matt® PRT 18 W X 18 L X 3 D Inch Foam,,Span America,PRT1818-96,Wheelchair Cushions,$503.13 ,,Shipped by Manufacturer,CS/6,,,https://imgcdn.mckesson.com/CumulusWeb/Images/Item_Detail/572325_pdet.jpg,,https://mms.mckesson.com/product/572325/Span-America-PRT1818-96
529530,Seat Cushion Geo-Matt® PRT 20 W X 18 L X 3 D Inch Foam,,Span America,PRT2018-96,Wheelchair Cushions,$516.67 ,,Shipped by Manufacturer,CS/6,,,https://imgcdn.mckesson.com/CumulusWeb/Images/Item_Detail/529530.jpg,,https://mms.mckesson.com/product/529530/Span-America-PRT2018-96
583139,Seat Cushion EZ-Dish® 18 W X 16 L X 3 D Inch Foam,,Span America,EZ1816-96,Wheelchair Cushions,$551.89 ,,Shipped by Manufacturer,CS/6,,,https://imgcdn.mckesson.com/CumulusWeb/Images/Item_Detail/SPAMME_583139.jpg,,https://mms.mckesson.com/product/583139/Span-America-EZ1816-96
571558,Seat Cushion Geo-Matt® Contour 18 W X 16 L X 3 D Inch Foam,,Span America,GMC1816-96,Wheelchair Cushions,$601.02 ,,Shipped by Manufacturer,CS/6,,,https://imgcdn.mckesson.com/CumulusWeb/Images/Item_Detail/571558_pdet.jpg,,https://mms.mckesson.com/product/571558/Span-America-GMC1816-96
649294,Seat Cushion Geo-Matt® PRT 22 W X 18 L X 4 D Inch Foam,,Span America,BPRT2218-96,Wheelchair Cushions,$652.26 ,,Shipped by Manufacturer,CS/6,,,https://imgcdn.mckesson.com/CumulusWeb/Images/Item_Detail/SPAMME_649294.jpg,,https://mms.mckesson.com/product/649294/Span-America-BPRT2218-96
572318,Seat Cushion The Equalizer® 16 W X 16 L X 3-1/2 D Inch Foam / Polymer,,Span America,EQ1616-04,Wheelchair Cushions,$735.36 ,,Shipped by Manufacturer,CS/4,,,https://imgcdn.mckesson.com/CumulusWeb/Images/Item_Detail/572318.jpg,,https://mms.mckesson.com/product/572318/Span-America-EQ1616-04
632640,Seat Cushion The Equalizer® 18 W X 16 L X 3-1/2 D Inch Foam / Polymer,,Span America,EQ1816-04,Wheelchair Cushions,$745.81 ,,Shipped by Manufacturer,CS/4,,,https://imgcdn.mckesson.com/CumulusWeb/Images/Item_Detail/632640.jpg,,https://mms.mckesson.com/product/632640/Span-America-EQ1816-04
798695,Seat Cushion ROHO® High Profile® Single Compartment 20 W X 18 L X 4-1/4 D Inch Neoprene Air Cells,,Alimed,2970000325,Wheelchair Cushions,$791.74 ,,Shipped by Manufacturer,EA/1,,,https://imgcdn.mckesson.com/CumulusWeb/Images/Item_Detail/798695.jpg,,https://mms.mckesson.com/product/798695/Alimed-2970000325
572383,Seat Cushion The Equalizer® 18 W X 18 L X 3-1/2 D Inch Foam / Polymer,,Span America,EQ1818-04,Wheelchair Cushions,$842.74 ,,Shipped by Manufacturer,CS/4,,,https://imgcdn.mckesson.com/CumulusWeb/Images/Item_Detail/572383.jpg,,https://mms.mckesson.com/product/572383/Span-America-EQ1818-04
830391,Seat Cushion ROHO® Low Profile® Single Compartment 18 W X 16 L X 2-1/4 D Inch Neoprene Air Cells,,Alimed,2970000321,Wheelchair Cushions,$843.37 ,,In Stock - Network,EA/1,,,https://imgcdn.mckesson.com/CumulusWeb/Images/Item_Detail/830391.jpg,,https://mms.mckesson.com/product/830391/Alimed-2970000321
572320,Seat Cushion Geo-Matt® Contour 18 W X 18 L X 3 D Inch Foam,,Span America,GMC1818-96,Wheelchair Cushions,$862.39 ,,Shipped by Manufacturer,CS/6,,,https://imgcdn.mckesson.com/CumulusWeb/Images/Item_Detail/572320_pdet.jpg,,https://mms.mckesson.com/product/572320/Span-America-GMC1818-96
580700,Wheelchair Armrest Pad Invacare® For Wheelchair,,Invacare,TAGAC015358,Wheelchair Parts,$4.03 ,,Shipped by Manufacturer,EA/1,,,https://imgcdn.mckesson.com/CumulusWeb/Images/Item_Detail/580700_right.jpg,,https://mms.mckesson.com/product/580700/Invacare-TAGAC015358
580702,Wheelchair Armrest Pad For Wheelchair,,Invacare,TAGAC015458,Wheelchair Parts,$4.03 ,,Shipped by Manufacturer,EA/1,,,https://imgcdn.mckesson.com/CumulusWeb/Images/Item_Detail/580702.jpg,,https://mms.mckesson.com/product/580702/Invacare-TAGAC015458
850079,Wheelchair Bag Mabis™ For Wheelchair,,Mabis Healthcare,517-1072-0200,Wheelchair Parts,$4.28 ,,"In Stock (Get it Tomorrow, Oct 1)",EA/1,,,https://imgcdn.mckesson.com/CumulusWeb/Images/Item_Detail/850079_front.jpg,,https://mms.mckesson.com/product/850079/Mabis-Healthcare-517-1072-0200
579318,Rubber Tip For Wheelchair Brakes,,Invacare,TAGRP245015PK,Wheelchair Parts,$5.18 ,,Shipped by Manufacturer,PK/1,,,https://imgcdn.mckesson.com/CumulusWeb/Images/Item_Detail/579318.jpg,,https://mms.mckesson.com/product/579318/Invacare-TAGRP245015PK
580701,Wheelchair Armrest Pad For Wheelchair,,Invacare,TAGAC015450,Wheelchair Parts,$5.76 ,,Shipped by Manufacturer,EA/1,,,https://imgcdn.mckesson.com/CumulusWeb/Images/Item_Detail/580701.jpg,,https://mms.mckesson.com/product/580701/Invacare-TAGAC015450
580698,Wheelchair Armrest Pad For Wheelchair,,Invacare,TAGAC015331,Wheelchair Parts,$5.76 ,,Shipped by Manufacturer,EA/1,,,https://imgcdn.mckesson.com/CumulusWeb/Images/Item_Detail/580698.jpg,,https://mms.mckesson.com/product/580698/Invacare-TAGAC015331
580699,Wheelchair Armrest Pad For Wheelchair,,Invacare,TAGAC015350,Wheelchair Parts,$5.76 ,,Shipped by Manufacturer,EA/1,,,https://imgcdn.mckesson.com/CumulusWeb/Images/Item_Detail/580699.jpg,,https://mms.mckesson.com/product/580699/Invacare-TAGAC015350
517901,Wheelchair Hand Grip For Wheelchair,,Invacare,1021261,Wheelchair Parts,$5.84 ,,Shipped by Manufacturer,EA/1,,,https://imgcdn.mckesson.com/CumulusWeb/Images/Item_Detail/517901.jpg,,https://mms.mckesson.com/product/517901/Invacare-1021261
481485,Flange Bearing For Wheelchair,,Invacare,1001801,Wheelchair Parts,$6.01 ,,Shipped by Manufacturer,EA/1,,,https://imgcdn.mckesson.com/CumulusWeb/Images/Item_Detail/481485.jpg,,https://mms.mckesson.com/product/481485/Invacare-1001801
1180851,Heel Protector nova One Size Fits Most Beige,,Nova Ortho-Med,2625-R,Wheelchair Parts,$6.26 ,,Shipped by Manufacturer,EA/1,,,https://imgcdn.mckesson.com/CumulusWeb/Images/Item_Detail/1180851_group.jpg,,https://mms.mckesson.com/product/1180851/Nova-Ortho-Med-2625-R
1221003,Wheelchair Universal Push To Lock Wheel Lock Assembly For Wheelchair,,Proactive Medical Products LLC,PP-RWLACL,Wheelchair Parts,$6.61 ,,Shipped by Manufacturer,EA/1,,,https://imgcdn.mckesson.com/CumulusWeb/Images/Item_Detail/1221003_left.jpg,,https://mms.mckesson.com/product/1221003/Proactive-Medical-Products-LLC-PP-RWLACL
1221002,Wheelchair Universal Push To Lock Wheel Lock Assembly For Wheelchair,,Proactive Medical Products LLC,PP-RWLACR,Wheelchair Parts,$6.61 ,,Shipped by Manufacturer,EA/1,,,https://imgcdn.mckesson.com/CumulusWeb/Images/Item_Detail/1221002_left.jpg,,https://mms.mckesson.com/product/1221002/Proactive-Medical-Products-LLC-PP-RWLACR
579923,Wheel Lock Extension drive™ For Wheelchair,,Drive DeVilbiss Healthcare,STDS801,Wheelchair Parts,$7.22 ,,"In Stock - Network (Get it Saturday, Oct 3)",EA/1,,,https://imgcdn.mckesson.com/CumulusWeb/Images/Item_Detail/579923_1.jpg,,https://mms.mckesson.com/product/579923/Drive-DeVilbiss-Healthcare-STDS801
786619,Wheelchair Joystick Rubber Knob For Wheelchair,,Invacare,1040217,Wheelchair Parts,$7.30 ,,Shipped by Manufacturer,EA/1,,,https://imgcdn.mckesson.com/CumulusWeb/Images/Item_Detail/786619.jpg,,https://mms.mckesson.com/product/786619/Invacare-1040217
829635,Footrest Separator For 16 to 20 Inch Wheelchair,,SKIL-CARE CORPOR,703267,Wheelchair Parts,$7.64 ,,Shipped by Manufacturer,EA/1,,,https://imgcdn.mckesson.com/CumulusWeb/Images/Item_Detail/829635.jpg,,https://mms.mckesson.com/product/829635/SKIL-CARE-CORPOR-703267
577701,Seat Belt drive™ For Wheelchair,,Drive DeVilbiss Healthcare,STDS850,Wheelchair Parts,$9.89 ,,"In Stock (Get it Tomorrow, Oct 1)",EA/1,,,https://imgcdn.mckesson.com/CumulusWeb/Images/Item_Detail/577701.jpg,,https://mms.mckesson.com/product/577701/Drive-DeVilbiss-Healthcare-STDS850
884580,Wheelchair Front Rigging Storage Bag For Wheelchair,,After Market Group,TAGSTORBAG-SM,Wheelchair Parts,$10.93 ,,Shipped by Manufacturer,EA/1,,,https://imgcdn.mckesson.com/CumulusWeb/Images/Item_Detail/884580.jpg,,https://mms.mckesson.com/product/884580/After-Market-Group-TAGSTORBAG-SM
631145,"Wheelchair Caster drive™ For Sentra Reclining, Viper GT Reclining, Viper, Viper Plus GT, CruiserIII Wheelchair",,Drive DeVilbiss Healthcare,STDS1002,Wheelchair Parts,$11.11 ,,Shipped by Manufacturer,EA/1,,,https://imgcdn.mckesson.com/CumulusWeb/Images/Item_Detail/631145.jpg,,https://mms.mckesson.com/product/631145/Drive-DeVilbiss-Healthcare-STDS1002
718383,Front Wheel For Rollator,,Drive DeVilbiss Healthcare,10215W,Wheelchair Parts,$11.43 ,,Shipped by Manufacturer,EA/1,,,https://imgcdn.mckesson.com/CumulusWeb/Images/Item_Detail/718383.jpg,,https://mms.mckesson.com/product/718383/Drive-DeVilbiss-Healthcare-10215W
824251,"Wheelchair Wheel Lock Extension For Chrome Sport, Viper GT, Cruiser III, Rebel, and Silver Sport 1 & 2 (Excluding Serial # 3J) Wheelchair",,Drive DeVilbiss Healthcare,STDS801GT,Wheelchair Parts,$12.34 ,,Shipped by Manufacturer,EA/1,,,https://imgcdn.mckesson.com/CumulusWeb/Images/Item_Detail/824251_front.jpg,,https://mms.mckesson.com/product/824251/Drive-DeVilbiss-Healthcare-STDS801GT
581423,Seat Belt drive™ For Wheelchair,,Drive DeVilbiss Healthcare,STDS851,Wheelchair Parts,$12.65 ,,"In Stock - Network (Get it Saturday, Oct 3)",EA/1,,,https://imgcdn.mckesson.com/CumulusWeb/Images/Item_Detail/581423.jpg,,https://mms.mckesson.com/product/581423/Drive-DeVilbiss-Healthcare-STDS851
987748,Wheelchair Anti Tipper For Silver Sport Reclining Wheelchair with Detachable Desk Length Arms and Elevating Legrest,,Drive DeVilbiss Healthcare,STDS4Y4712,Wheelchair Parts,$12.77 ,,Shipped by Manufacturer,EA/1,,,https://imgcdn.mckesson.com/CumulusWeb/Images/Item_Detail/987748_front.jpg,,https://mms.mckesson.com/product/987748/Drive-DeVilbiss-Healthcare-STDS4Y4712
899410,Chair Seat Rail Guide For Poly-Fly High Strength Lightweight Wheelchair/Flyweight Transport Chair,,Drive DeVilbiss Healthcare,STDS5D1070,Wheelchair Parts,$13 ,,Shipped by Manufacturer,EA/1,,,https://imgcdn.mckesson.com/CumulusWeb/Images/Item_Detail/899410.jpg,,https://mms.mckesson.com/product/899410/Drive-DeVilbiss-Healthcare-STDS5D1070
875456,Wheelchair Wheel Bearing drive™ For Silver Sport Wheelchair,,Drive DeVilbiss Healthcare,STDS1011HD,Wheelchair Parts,$13.02 ,,Shipped by Manufacturer,EA/1,,,https://imgcdn.mckesson.com/CumulusWeb/Images/Item_Detail/875456.JPG,,https://mms.mckesson.com/product/875456/Drive-DeVilbiss-Healthcare-STDS1011HD
880651,drive™ Transport Chair Rear Caster Wheel For Transport Chair,,Drive DeVilbiss Healthcare,STDS3J3910,Wheelchair Parts,$13.02 ,,Shipped by Manufacturer,EA/1,,,https://imgcdn.mckesson.com/CumulusWeb/Images/Item_Detail/880651.jpg,,https://mms.mckesson.com/product/880651/Drive-DeVilbiss-Healthcare-STDS3J3910
768212,Wheelchair Release Handle For Silver Sport Reclining Wheelchair,,Drive DeVilbiss Healthcare,STDS4Y4702L,Wheelchair Parts,$13.04 ,,Shipped by Manufacturer,EA/1,,,https://imgcdn.mckesson.com/CumulusWeb/Images/Item_Detail/768212.jpg,,https://mms.mckesson.com/product/768212/Drive-DeVilbiss-Healthcare-STDS4Y4702L
1015849,Wheelchair Brake Assembly For BlueStreak Wheelchair,,Drive DeVilbiss Healthcare,STDS4S221R,Wheelchair Parts,$13.07 ,,Shipped by Manufacturer,EA/1,,,https://imgcdn.mckesson.com/CumulusWeb/Images/Item_Detail/1015849.jpg,,https://mms.mckesson.com/product/1015849/Drive-DeVilbiss-Healthcare-STDS4S221R
733318,Wheel Lock Assembly For Sentra HD Wheelchair,,Drive DeVilbiss Healthcare,STDS4010L,Wheelchair Parts,$13.07 ,,Shipped by Manufacturer,EA/1,,,https://imgcdn.mckesson.com/CumulusWeb/Images/Item_Detail/733318.jpg,,https://mms.mckesson.com/product/733318/Drive-DeVilbiss-Healthcare-STDS4010L
733317,Wheel Lock Assembly For Sentra HD Wheelchair,,Drive DeVilbiss Healthcare,STDS4010R,Wheelchair Parts,$13.07 ,,Shipped by Manufacturer,EA/1,,,https://imgcdn.mckesson.com/CumulusWeb/Images/Item_Detail/733317.jpg,,https://mms.mckesson.com/product/733317/Drive-DeVilbiss-Healthcare-STDS4010R
693779,Heel Loop For Wheelchair,,Drive DeVilbiss Healthcare,STDS831,Wheelchair Parts,$13.12 ,,Shipped by Manufacturer,BX/1,,,https://imgcdn.mckesson.com/CumulusWeb/Images/Item_Detail/693779.jpg,,https://mms.mckesson.com/product/693779/Drive-DeVilbiss-Healthcare-STDS831
604980,Wheelchair Anti Tipper For Wheelchair,,Invacare,TAGRP235016,Wheelchair Parts,$13.24 ,,Shipped by Manufacturer,PR/1,,,https://imgcdn.mckesson.com/CumulusWeb/Images/Item_Detail/604980.jpg,,https://mms.mckesson.com/product/604980/Invacare-TAGRP235016
700594,Wheelchair Armrest Pad drive™ For Wheelchair,,Drive DeVilbiss Healthcare,STDSDSKVB,Wheelchair Parts,$13.26 ,,"In Stock (Get it Tomorrow, Oct 1)",EA/1,,,https://imgcdn.mckesson.com/CumulusWeb/Images/Item_Detail/700594.jpg,,https://mms.mckesson.com/product/700594/Drive-DeVilbiss-Healthcare-STDSDSKVB
800649,Wheelchair Tinnerman Nuts For Silver Sport 1 Wheelchair with Full Arms and Swing away Removable Footrest,,Drive DeVilbiss Healthcare,STDSNUT,Wheelchair Parts,$13.31 ,,Shipped by Manufacturer,EA/1,,,https://imgcdn.mckesson.com/CumulusWeb/Images/Item_Detail/800649.jpg,,https://mms.mckesson.com/product/800649/Drive-DeVilbiss-Healthcare-STDSNUT
649999,Wheelchair Hand Grip For Wheelchair,,Drive DeVilbiss Healthcare,STDS871,Wheelchair Parts,$13.31 ,,Shipped by Manufacturer,EA/1,,,https://imgcdn.mckesson.com/CumulusWeb/Images/Item_Detail/649999.jpg,,https://mms.mckesson.com/product/649999/Drive-DeVilbiss-Healthcare-STDS871
761618,Wheelchair Brake Assembly drive™ For Wheelchair,,Drive DeVilbiss Healthcare,STDS8M462R,Wheelchair Parts,$13.34 ,,Shipped by Manufacturer,EA/1,,,https://imgcdn.mckesson.com/CumulusWeb/Images/Item_Detail/761618.jpg,,https://mms.mckesson.com/product/761618/Drive-DeVilbiss-Healthcare-STDS8M462R
580124,Wheelchair Anti Tipper drive™ For Cruiser III Wheelchair,,Drive DeVilbiss Healthcare,STDS819,Wheelchair Parts,$13.36 ,,"In Stock (Get it Tomorrow, Oct 1)",PR/1,,,https://imgcdn.mckesson.com/CumulusWeb/Images/Item_Detail/580124_right.jpg,,https://mms.mckesson.com/product/580124/Drive-DeVilbiss-Healthcare-STDS819
998758,"Wheelchair Wheel Lock drive™ For Silver Sport Reclining Wheelchair, Left Side",,Drive DeVilbiss Healthcare,STDS4S4817L,Wheelchair Parts,$13.46 ,,Shipped by Manufacturer,EA/1,,,https://imgcdn.mckesson.com/CumulusWeb/Images/Item_Detail/998758_left.jpg,,https://mms.mckesson.com/product/998758/Drive-DeVilbiss-Healthcare-STDS4S4817L
880649,"Front Caster Wheel For Bariatric Steel Transport Chair, BTR-20",,Drive DeVilbiss Healthcare,STDS2K3009,Wheelchair Parts,$13.50 ,,Shipped by Manufacturer,EA/1,,,https://imgcdn.mckesson.com/CumulusWeb/Images/Item_Detail/880649.jpg,,https://mms.mckesson.com/product/880649/Drive-DeVilbiss-Healthcare-STDS2K3009
981957,Wheelchair Footrest Bag For Wheelchair,,New York Orthopedic,9548B-1620,Wheelchair Parts,$14.06 ,,Shipped by Manufacturer,EA/1,,,https://imgcdn.mckesson.com/CumulusWeb/Images/Item_Detail/981957_pdet.jpg,,https://mms.mckesson.com/product/981957/New-York-Orthopedic-9548B-1620
1224168,Wheelchair Seat For Wheelchair,,Proactive Medical Products LLC,PP-RSV20,Wheelchair Parts,$14.38 ,,Shipped by Manufacturer,EA/1,,,https://imgcdn.mckesson.com/CumulusWeb/Images/Item_Detail/1224168_front.jpg,,https://mms.mckesson.com/product/1224168/Proactive-Medical-Products-LLC-PP-RSV20
1224167,Wheelchair Seat For Wheelchair,,Proactive Medical Products LLC,PP-RSV18,Wheelchair Parts,$14.38 ,,Shipped by Manufacturer,EA/1,,,https://imgcdn.mckesson.com/CumulusWeb/Images/Item_Detail/1224167_front.jpg,,https://mms.mckesson.com/product/1224167/Proactive-Medical-Products-LLC-PP-RSV18
1224122,Replacement Seat Vinyl For Wheelchair,,Proactive Medical Products LLC,PP-RBV16,Wheelchair Parts,$14.80 ,,"In Stock - Network (Get it Saturday, Oct 3)",EA/1,,,https://imgcdn.mckesson.com/CumulusWeb/Images/Item_Detail/1224122_front.jpg,,https://mms.mckesson.com/product/1224122/Proactive-Medical-Products-LLC-PP-RBV16
988995,"U Bolt Safe•t mate® For use with Quickie Breezy Ultra 4 and 510, Invacare Insignia, as well as other models with larger diameter tubing",,210 Innovations LLC,OSUBOLT,Wheelchair Parts,$14.87 ,,Shipped by Manufacturer,EA/1,,,https://imgcdn.mckesson.com/CumulusWeb/Images/Item_Detail/988995_pkit.jpg,,https://mms.mckesson.com/product/988995/210-Innovations-LLC-OSUBOLT
670640,Wheelchair Wheel Lock For Sentra EC Wheelchair,,Drive DeVilbiss Healthcare,STDS4019R,Wheelchair Parts,$15.07 ,,Shipped by Manufacturer,EA/1,,,https://imgcdn.mckesson.com/CumulusWeb/Images/Item_Detail/670640.jpg,,https://mms.mckesson.com/product/670640/Drive-DeVilbiss-Healthcare-STDS4019R
867925,Wheelchair Fork For TR37E-SV-DDA Steel Transport Chair,,Drive DeVilbiss Healthcare,STDS3J4533,Wheelchair Parts,$15.43 ,,Shipped by Manufacturer,EA/1,,,https://imgcdn.mckesson.com/CumulusWeb/Images/Item_Detail/867925.jpg,,https://mms.mckesson.com/product/867925/Drive-DeVilbiss-Healthcare-STDS3J4533
954057,Replacement Brake drive™ For Viper Wheelchair,,Drive DeVilbiss Healthcare,STDS4025R,Wheelchair Parts,$15.47 ,,Shipped by Manufacturer,EA/1,,,https://imgcdn.mckesson.com/CumulusWeb/Images/Item_Detail/954057.jpg,,https://mms.mckesson.com/product/954057/Drive-DeVilbiss-Healthcare-STDS4025R
954058,Replacement Brake drive™ For Viper Wheelchair,,Drive DeVilbiss Healthcare,STDS4025L,Wheelchair Parts,$15.47 ,,Shipped by Manufacturer,EA/1,,,https://imgcdn.mckesson.com/CumulusWeb/Images/Item_Detail/954058.jpg,,https://mms.mckesson.com/product/954058/Drive-DeVilbiss-Healthcare-STDS4025L
880653,Wheelchair Arm Pad For Viper / Sentra Wheelchair Models,,Drive DeVilbiss Healthcare,STDSDSKNB,Wheelchair Parts,$16.56 ,,Shipped by Manufacturer,EA/1,,,https://imgcdn.mckesson.com/CumulusWeb/Images/Item_Detail/880653.jpg,,https://mms.mckesson.com/product/880653/Drive-DeVilbiss-Healthcare-STDSDSKNB
670639,Wheelchair Wheel Lock For Sentra EC Wheelchair,,Drive DeVilbiss Healthcare,STDS4019L,Wheelchair Parts,$16.57 ,,Shipped by Manufacturer,EA/1,,,https://imgcdn.mckesson.com/CumulusWeb/Images/Item_Detail/670639.jpg,,https://mms.mckesson.com/product/670639/Drive-DeVilbiss-Healthcare-STDS4019L
1046645,Wheelchair Foot Friend Cushion For Wheelchair,,Alex Ortho,WC2218,Wheelchair Parts,$16.60 ,,"In Stock - Network (Get it Tuesday, Oct 6)",EA/1,,,https://imgcdn.mckesson.com/CumulusWeb/Images/Item_Detail/1046645_left.jpg,,https://mms.mckesson.com/product/1046645/Alex-Ortho-WC2218
803144,Arm Pad drive™ For Wheelchair,,Drive DeVilbiss Healthcare,STDSFLVB,Wheelchair Parts,$16.91 ,,Shipped by Manufacturer,EA/1,,,https://imgcdn.mckesson.com/CumulusWeb/Images/Item_Detail/803144_1.jpg,,https://mms.mckesson.com/product/803144/Drive-DeVilbiss-Healthcare-STDSFLVB
913706,Wheelchair Armrest drive™ For Silver Sport 1 Wheelchair,,Drive DeVilbiss Healthcare,STDSSSDDAL,Wheelchair Parts,$17.06 ,,Shipped by Manufacturer,EA/1,,,https://imgcdn.mckesson.com/CumulusWeb/Images/Item_Detail/913706.jpg,,https://mms.mckesson.com/product/913706/Drive-DeVilbiss-Healthcare-STDSSSDDAL
913705,Wheelchair Armrest drive™ For Silver Sport 1 Wheelchair,,Drive DeVilbiss Healthcare,STDSSSDDAR,Wheelchair Parts,$17.06 ,,Shipped by Manufacturer,EA/1,,,https://imgcdn.mckesson.com/CumulusWeb/Images/Item_Detail/913705.jpg,,https://mms.mckesson.com/product/913705/Drive-DeVilbiss-Healthcare-STDSSSDDAR
890672,Transport Chair Seat Belt drive™ For Transport Chair,,Drive DeVilbiss Healthcare,STDS850-PB,Wheelchair Parts,$17.29 ,,Shipped by Manufacturer,EA/1,,,https://imgcdn.mckesson.com/CumulusWeb/Images/Item_Detail/890672.jpg,,https://mms.mckesson.com/product/890672/Drive-DeVilbiss-Healthcare-STDS850-PB
951908,Wheelchair Universal Replacement Arm Pad Sammons Preston For Most Standard Manual Wheelchairs,,Performance Health,81624626,Wheelchair Parts,$17.72 ,,In Stock - Network,EA/1,,,https://imgcdn.mckesson.com/CumulusWeb/Images/Item_Detail/951908.jpg,,https://mms.mckesson.com/product/951908/Performance-Health-081624626
768143,Wheelchair Anti Tipper For Advantage Wheelchair,,Graham-Field,90763565,Wheelchair Parts,$18.52 ,,Shipped by Manufacturer,PR/1,,,https://imgcdn.mckesson.com/CumulusWeb/Images/Item_Detail/768143.jpg,,https://mms.mckesson.com/product/768143/Graham-Field-90763565
825496,"Wheelchair Safety Strap For Wheelchair, Transport chair, Household chair",,Mabis Healthcare,517-5013-0200,Wheelchair Parts,$19.48 ,,Shipped by Manufacturer,EA/1,,,https://imgcdn.mckesson.com/CumulusWeb/Images/Item_Detail/825496_front.jpg,,https://mms.mckesson.com/product/825496/Mabis-Healthcare-517-5013-0200
861456,"Wheelchair Anti Tipper drive™ For Silver Sport 1 and Silver Sport 2, Rebel and Chrome Sport Wheelchair",,Drive DeVilbiss Healthcare,STDS833N,Wheelchair Parts,$20.21 ,,Shipped by Manufacturer,PR/1,,,https://imgcdn.mckesson.com/CumulusWeb/Images/Item_Detail/861456_side.jpg,,https://mms.mckesson.com/product/861456/Drive-DeVilbiss-Healthcare-STDS833N
989896,Wheelchair Wheel Lock For Viper Plus GT Wheelchair with Flip Back Removable Adjustable Arm,,Drive DeVilbiss Healthcare,STDS1A351L,Wheelchair Parts,$20.39 ,,Shipped by Manufacturer,EA/1,,,https://imgcdn.mckesson.com/CumulusWeb/Images/Item_Detail/989896.jpg,,https://mms.mckesson.com/product/989896/Drive-DeVilbiss-Healthcare-STDS1A351L
690535,Seat Rail Extension Kit Sentra Wheelchairs,,Drive DeVilbiss Healthcare,STDSC1818V,Wheelchair Parts,$20.58 ,,Shipped by Manufacturer,EA/1,,,https://imgcdn.mckesson.com/CumulusWeb/Images/Item_Detail/DRVMED_690535.jpg,,https://mms.mckesson.com/product/690535/Drive-DeVilbiss-Healthcare-STDSC1818V
461018,Wheelchair Armrest Pad For Wheelchair,,Invacare,1041061,Wheelchair Parts,$21.05 ,,Shipped by Manufacturer,EA/1,,,https://imgcdn.mckesson.com/CumulusWeb/Images/Item_Detail/461018.jpg,,https://mms.mckesson.com/product/461018/Invacare-1041061
1298796,"Wheelchair Anti-Tipper For K1, K2 Reclining",,Dynarex,10267,Wheelchair Parts,$21.29 ,,Shipped by Manufacturer,EA/1,,,https://imgcdn.mckesson.com/CumulusWeb/Images/Item_Detail/1298796_front.jpg,,https://mms.mckesson.com/product/1298796/Dynarex-10267
1115761,Upholstery Back For Recliner Wheelchair,,Drive DeVilbiss Healthcare,STDS4Y4718,Wheelchair Parts,$21.99 ,,Shipped by Manufacturer,EA/1,,,https://imgcdn.mckesson.com/CumulusWeb/Images/Item_Detail/1115761.jpg,,https://mms.mckesson.com/product/1115761/Drive-DeVilbiss-Healthcare-STDS4Y4718
896033,Wheelchair Seat Upholstery For Bariatric Sentra Extra Heavy Duty Wheelchair,,Drive DeVilbiss Healthcare,STDS1S2652,Wheelchair Parts,$22.61 ,,Shipped by Manufacturer,EA/1,,,https://imgcdn.mckesson.com/CumulusWeb/Images/Item_Detail/896033.jpg,,https://mms.mckesson.com/product/896033/Drive-DeVilbiss-Healthcare-STDS1S2652
936938,Wheelchair Back Upholstery For Bariatric Sentra EC heavy duty wheelchair with dual cross brace,,Drive DeVilbiss Healthcare,STDS1S2632,Wheelchair Parts,$23.08 ,,Shipped by Manufacturer,EA/1,,,https://imgcdn.mckesson.com/CumulusWeb/Images/Item_Detail/936938.jpg,,https://mms.mckesson.com/product/936938/Drive-DeVilbiss-Healthcare-STDS1S2632
875955,Wheelchair Reclining Piston For Silver Sport Reclining Wheelchair,,Drive DeVilbiss Healthcare,STDS4Y4704L,Wheelchair Parts,$23.44 ,,Shipped by Manufacturer,EA/1,,,https://imgcdn.mckesson.com/CumulusWeb/Images/Item_Detail/875955.jpg,,https://mms.mckesson.com/product/875955/Drive-DeVilbiss-Healthcare-STDS4Y4704L
875954,Wheelchair Reclining Piston For Silver Sport Reclining Wheelchair,,Drive DeVilbiss Healthcare,STDS4Y4704R,Wheelchair Parts,$23.44 ,,Shipped by Manufacturer,EA/1,,,https://imgcdn.mckesson.com/CumulusWeb/Images/Item_Detail/875954.jpg,,https://mms.mckesson.com/product/875954/Drive-DeVilbiss-Healthcare-STDS4Y4704R
648440,Wheelchair Wheel Lock For Wheelchair,A1576,Invacare,A1576,Wheelchair Parts,$23.73 ,,Shipped by Manufacturer,PR/1,,,https://imgcdn.mckesson.com/CumulusWeb/Images/Item_Detail/648440.jpg,,https://mms.mckesson.com/product/648440/Invacare-A1576
1011792,Wheelchair Seat Upholstery For Cruiser III Light Weight Wheelchair,,Drive DeVilbiss Healthcare,STDS4S2416-AD,Wheelchair Parts,$24.62 ,,Shipped by Manufacturer,EA/1,,,https://imgcdn.mckesson.com/CumulusWeb/Images/Item_Detail/1011792.jpg,,https://mms.mckesson.com/product/1011792/Drive-DeVilbiss-Healthcare-STDS4S2416-AD
706024,Wheelchair Bar For 16 to 24 Inch Wheelchair,,Graham-Field,92523850,Wheelchair Parts,$24.67 ,,Shipped by Manufacturer,EA/1,,,https://imgcdn.mckesson.com/CumulusWeb/Images/Item_Detail/706024_pdet.jpg,,https://mms.mckesson.com/product/706024/Graham-Field-92523850
917149,Wheelchair Arm Assembly For Cruiser III 4S Wheelchair,,Drive DeVilbiss Healthcare,STDS3J24AR,Wheelchair Parts,$24.81 ,,Shipped by Manufacturer,EA/1,,,https://imgcdn.mckesson.com/CumulusWeb/Images/Item_Detail/917149.JPG,,https://mms.mckesson.com/product/917149/Drive-DeVilbiss-Healthcare-STDS3J24AR
917150,Wheelchair Arm Assembly drive™ For Cruiser III Wheelchair,,Drive DeVilbiss Healthcare,STDS3J24AL,Wheelchair Parts,$24.81 ,,Shipped by Manufacturer,EA/1,,,https://imgcdn.mckesson.com/CumulusWeb/Images/Item_Detail/917150.jpg,,https://mms.mckesson.com/product/917150/Drive-DeVilbiss-Healthcare-STDS3J24AL
1064049,Wheel Chair Oxygen Tank Bracket For Wheelchair,,210 Innovations LLC,SM-015,Wheelchair Parts,$25.68 ,,Shipped by Manufacturer,PR/1,,,https://imgcdn.mckesson.com/CumulusWeb/Images/Item_Detail/1064049_right.jpg,,https://mms.mckesson.com/product/1064049/210-Innovations-LLC-SM-015
580438,Arm Pad Kit For Wheelchair,,,,Wheelchair Parts,$26.27 ,,Shipped by Manufacturer,EA/1,,,https://imgcdn.mckesson.com/CumulusWeb/Images/Item_Detail/580438_pkit.jpg,,https://mms.mckesson.com/product/580438/Invacare-8881127510U67
992962,Wheelchair Caster For Bariatric Sentra EC heavy duty wheelchair with dual cross brace,,Drive DeVilbiss Healthcare,STDS1075-2,Wheelchair Parts,$26.50 ,,Shipped by Manufacturer,EA/1,,,https://imgcdn.mckesson.com/CumulusWeb/Images/Item_Detail/992962.jpg,,https://mms.mckesson.com/product/992962/Drive-DeVilbiss-Healthcare-STDS1075-2
922102,"Limb Support For Blue Streak, Silver Sport 1 & 2, Chrome Sport, Bariatric Sentra EC Heavy Duty, Bariatric Sentra Heavy Duty, Sentra Full Reclining, Cruiser III, Cirrus IV, Viper, Viper Plus GT, Viper Plus Reclining Wheelchair",,Drive DeVilbiss Healthcare,WASR,Wheelchair Parts,$28.58 ,,"In Stock - Network (Get it Saturday, Oct 3)",EA/1,,,https://imgcdn.mckesson.com/CumulusWeb/Images/Item_Detail/922102.jpg,,https://mms.mckesson.com/product/922102/Drive-DeVilbiss-Healthcare-WASR
886373,"Limb Support drive™ For Blue Streak, Silver Sport I & II, Chrome Sport, Bariatric Sentra EC Heavy Duty, Bariatric Sentra Heavy Duty, Sentra Full Reclining, Cruiser III, Cirrus IV, Viper, Viper Plus GT, Viper Plus Reclining. Wheelchair",,Drive DeVilbiss Healthcare,WASL,Wheelchair Parts,$28.58 ,,"In Stock - Network (Get it Saturday, Oct 3)",EA/1,,,https://imgcdn.mckesson.com/CumulusWeb/Images/Item_Detail/886373_1.jpg,,https://mms.mckesson.com/product/886373/Drive-DeVilbiss-Healthcare-WASL
880827,Wheelchair Arm Assembly For Cruiser III 4S Wheelchair,,Drive DeVilbiss Healthcare,STDS3J24LF,Wheelchair Parts,$28.76 ,,Shipped by Manufacturer,EA/1,,,https://imgcdn.mckesson.com/CumulusWeb/Images/Item_Detail/880827.jpg,,https://mms.mckesson.com/product/880827/Drive-DeVilbiss-Healthcare-STDS3J24LF
943721,"Lateral Support Skil-Care™ Snug Support 6 H (Front), 15 H (Back) X 16 L X 1-1/2 W Inch Foam",,Skil-Care,706309,Wheelchair Parts,$28.79 ,,Shipped by Manufacturer,EA/1,,,https://imgcdn.mckesson.com/CumulusWeb/Images/Item_Detail/943721_ls.jpg,,https://mms.mckesson.com/product/943721/Skil-Care-706309
880828,Wheelchair Arm Assembly For Cruiser III 4S Wheelchair,,Drive DeVilbiss Healthcare,STDS3J24RF,Wheelchair Parts,$29.42 ,,Shipped by Manufacturer,EA/1,,,https://imgcdn.mckesson.com/CumulusWeb/Images/Item_Detail/880828.jpg,,https://mms.mckesson.com/product/880828/Drive-DeVilbiss-Healthcare-STDS3J24RF
579436,Oxygen Cylinder Holder SkiL-Care™ For 16 to 24 Inch Wheelchair,,Skil-Care,707027,Wheelchair Parts,$29.60 ,,"In Stock (Get it Tomorrow, Oct 1)",EA/1,,,https://imgcdn.mckesson.com/CumulusWeb/Images/Item_Detail/579436_ls_.jpg,,https://mms.mckesson.com/product/579436/Skil-Care-707027
763856,"Handy Bag For Wheelchair, Walker",,Skil-Care,914396,Wheelchair Parts,$30.49 ,,Shipped by Manufacturer,EA/1,,,https://imgcdn.mckesson.com/CumulusWeb/Images/Item_Detail/763856.jpg,,https://mms.mckesson.com/product/763856/Skil-Care-914396
765821,Footrest drive™ For Wheelchair,,Drive DeVilbiss Healthcare,STDS3J24SF,Wheelchair Parts,$33.07 ,,"In Stock (Get it Tomorrow, Oct 1)",PR/1,,,https://imgcdn.mckesson.com/CumulusWeb/Images/Item_Detail/765821_front.jpg,,https://mms.mckesson.com/product/765821/Drive-DeVilbiss-Healthcare-STDS3J24SF
1146570,Leg Bolster For Wheelchair,,Skil-Care,703060,Wheelchair Parts,$34.13 ,,Shipped by Manufacturer,PR/2,,,https://imgcdn.mckesson.com/CumulusWeb/Images/Item_Detail/1146570.jpg,,https://mms.mckesson.com/product/1146570/Skil-Care-703060
927650,Full Armrest For Silver Sport 1 Wheelchair,,Drive DeVilbiss Healthcare,STDSSSDFAL,Wheelchair Parts,$34.88 ,,Shipped by Manufacturer,EA/1,,,https://imgcdn.mckesson.com/CumulusWeb/Images/Item_Detail/927650.jpg,,https://mms.mckesson.com/product/927650/Drive-DeVilbiss-Healthcare-STDSSSDFAL
927649,Full Armrest For Silver Sport 1 Wheelchair,,Drive DeVilbiss Healthcare,STDSSSDFAR,Wheelchair Parts,$34.88 ,,Shipped by Manufacturer,EA/1,,,https://imgcdn.mckesson.com/CumulusWeb/Images/Item_Detail/927649.jpg,,https://mms.mckesson.com/product/927649/Drive-DeVilbiss-Healthcare-STDSSSDFAR
767940,Wheelchair Seat Upholstery For Bariatric Sentra EC heavy duty wheelchair with dual cross brace,,Drive DeVilbiss Healthcare,STDS1S2654,Wheelchair Parts,$35.40 ,,Shipped by Manufacturer,EA/1,,,https://imgcdn.mckesson.com/CumulusWeb/Images/Item_Detail/767940.jpg,,https://mms.mckesson.com/product/767940/Drive-DeVilbiss-Healthcare-STDS1S2654
686750,drive™ Swivel Wheel For Walker,,Drive DeVilbiss Healthcare,10115,Wheelchair Parts,$35.52 ,,Shipped by Manufacturer,BX/1,,,https://imgcdn.mckesson.com/CumulusWeb/Images/Item_Detail/686750_1.jpg,,https://mms.mckesson.com/product/686750/Drive-DeVilbiss-Healthcare-10115
695561,Wheelchair Armrest Pad Kit For 900 Series Wheelchair,,Invacare,8881127509,Wheelchair Parts,$35.68 ,,Shipped by Manufacturer,EA/1,,,https://imgcdn.mckesson.com/CumulusWeb/Images/Item_Detail/695561.jpg,,https://mms.mckesson.com/product/695561/Invacare-8881127509
798524,"Wheelchair Anti Tipper drive™ For Sentra, Sentra EC, Sentra Heavy Duty, Sentra Reclining and Winnie Series Wheelchair",,Drive DeVilbiss Healthcare,STDS802,Wheelchair Parts,$36.63 ,,Shipped by Manufacturer,PR/1,,,https://imgcdn.mckesson.com/CumulusWeb/Images/Item_Detail/798524.jpg,,https://mms.mckesson.com/product/798524/Drive-DeVilbiss-Healthcare-STDS802
812183,Elevating Legrest drive™ For drive™ Power Wheelchair,,Drive DeVilbiss Healthcare,LK3JELR,Wheelchair Parts,$38.71 ,,"In Stock (Get it Tomorrow, Oct 1)",PR/1,,,https://imgcdn.mckesson.com/CumulusWeb/Images/Item_Detail/812183_group.jpg,,https://mms.mckesson.com/product/812183/Drive-DeVilbiss-Healthcare-LK3JELR
841697,Armrest Bolster 5-1/2 X 10 Inch Foam,,The Comfort Company,80C,Wheelchair Parts,$39.63 ,,Shipped by Manufacturer,EA/1,,,https://imgcdn.mckesson.com/CumulusWeb/Images/Item_Detail/841697.jpg,,https://mms.mckesson.com/product/841697/The-Comfort-Company-80C
1131023,Wheelchair Bag For Wheelchair,,Skil-Care,914161,Wheelchair Parts,$39.80 ,,Shipped by Manufacturer,EA/1,,,https://imgcdn.mckesson.com/CumulusWeb/Images/Item_Detail/1131023.jpg,,https://mms.mckesson.com/product/1131023/Skil-Care-914161
690120,Seat Upholstery Kit For Wheelchair,,,,Wheelchair Parts,$40.14 ,,Shipped by Manufacturer,EA/1,,,https://imgcdn.mckesson.com/CumulusWeb/Images/Item_Detail/INVHEA_690120.jpg,,https://mms.mckesson.com/product/690120/Invacare-8881127528U550
1112090,Wheelchair Bag For Wheelchair,,Medline,MDS85LRBAG,Wheelchair Parts,$41.55 ,,Shipped by Manufacturer,EA/1,,,https://imgcdn.mckesson.com/CumulusWeb/Images/Item_Detail/1112090_front.jpg,,https://mms.mckesson.com/product/1112090/Medline-MDS85LRBAG
801914,Footrest Bag For Wheelchair,,Skil-Care,914363,Wheelchair Parts,$42.64 ,,Shipped by Manufacturer,EA/1,,,https://imgcdn.mckesson.com/CumulusWeb/Images/Item_Detail/801914.jpg,,https://mms.mckesson.com/product/801914/Skil-Care-914363
831314,Economy Hemi Footrest For Wheelchair,,Invacare,T93HEP,Wheelchair Parts,$43.81 ,,Shipped by Manufacturer,EA/1,,,https://imgcdn.mckesson.com/CumulusWeb/Images/Item_Detail/831314.jpg,,https://mms.mckesson.com/product/831314/Invacare-T93HEP
1126177,Calf Bumper Pad For Wheelchair,,Alimed,2970009353,Wheelchair Parts,$44.07 ,,Shipped by Manufacturer,PK/4,,,https://imgcdn.mckesson.com/CumulusWeb/Images/Item_Detail/1126177_pdet.jpg,,https://mms.mckesson.com/product/1126177/Alimed-2970009353
832054,Wheelchair Headrest For Wheelchair,,Skil-Care,914364,Wheelchair Parts,$44.40 ,,Shipped by Manufacturer,EA/1,,,https://imgcdn.mckesson.com/CumulusWeb/Images/Item_Detail/832054.jpg,,https://mms.mckesson.com/product/832054/Skil-Care-914364
535528,Wheel Lock Assembly For Wheelchair,,Invacare,1101452,Wheelchair Parts,$44.52 ,,Shipped by Manufacturer,EA/1,,,https://imgcdn.mckesson.com/CumulusWeb/Images/Item_Detail/535528.jpg,,https://mms.mckesson.com/product/535528/Invacare-1101452
535529,Wheel Lock Assembly For Wheelchair,,Invacare,1101453,Wheelchair Parts,$44.52 ,,Shipped by Manufacturer,EA/1,,,https://imgcdn.mckesson.com/CumulusWeb/Images/Item_Detail/535529.jpg,,https://mms.mckesson.com/product/535529/Invacare-1101453
833634,Wheelchair Rear Wheel with Handrim For Traveler® SE Wheelchair,,Graham-Field,90763050,Wheelchair Parts,$44.67 ,,Shipped by Manufacturer,EA/1,,,https://imgcdn.mckesson.com/CumulusWeb/Images/Item_Detail/833634.jpg,,https://mms.mckesson.com/product/833634/Graham-Field-90763050
453651,Footrest / Legrest For Wheelchair,,Invacare,T93HAP,Wheelchair Parts,$46.99 ,,Shipped by Manufacturer,PR/1,,,https://imgcdn.mckesson.com/CumulusWeb/Images/Item_Detail/453651.jpg,,https://mms.mckesson.com/product/453651/Invacare-T93HAP
650588,Foot Support For 16 to 20 Inch Wheelchair,,Skil-Care,703471,Wheelchair Parts,$47.44 ,,Shipped by Manufacturer,EA/1,,,https://imgcdn.mckesson.com/CumulusWeb/Images/Item_Detail/650588.jpg,,https://mms.mckesson.com/product/650588/Skil-Care-703471
581589,Foot Support For 16 to 20 Inch Wheelchair,,Skil-Care,703470,Wheelchair Parts,$47.44 ,,Shipped by Manufacturer,EA/1,,,https://imgcdn.mckesson.com/CumulusWeb/Images/Item_Detail/581589.jpg,,https://mms.mckesson.com/product/581589/Skil-Care-703470
632300,Wheelchair Footrest For Viper GT Wheelchair,,Drive DeVilbiss Healthcare,AL3-4SF,Wheelchair Parts,$47.51 ,,Shipped by Manufacturer,PR/1,,,https://imgcdn.mckesson.com/CumulusWeb/Images/Item_Detail/632300.jpg,,https://mms.mckesson.com/product/632300/Drive-DeVilbiss-Healthcare-AL3-4SF
689430,Wheelchair Armrest For Sentra Wheelchair,,Drive DeVilbiss Healthcare,STDSDDAECL,Wheelchair Parts,$48.99 ,,Shipped by Manufacturer,EA/1,,,https://imgcdn.mckesson.com/CumulusWeb/Images/Item_Detail/689430.jpg,,https://mms.mckesson.com/product/689430/Drive-DeVilbiss-Healthcare-STDSDDAECL
585539,Wheelchair Armrest For Sentra EC Wheelchair,,Drive DeVilbiss Healthcare,STDSDFAECL,Wheelchair Parts,$51.03 ,,Shipped by Manufacturer,EA/1,,,https://imgcdn.mckesson.com/CumulusWeb/Images/Item_Detail/585539.jpg,,https://mms.mckesson.com/product/585539/Drive-DeVilbiss-Healthcare-STDSDFAECL
1020687,Wheelchair Foam Cushion and Backrest For Wheelchair,,Skil-Care,914375,Wheelchair Parts,$51.23 ,,Shipped by Manufacturer,EA/1,,,https://imgcdn.mckesson.com/CumulusWeb/Images/Item_Detail/1020687.jpg,,https://mms.mckesson.com/product/1020687/Skil-Care-914375
518945,IV Pole For Wheelchair,,Graham-Field,GF1844W,Wheelchair Parts,$51.29 ,,Shipped by Manufacturer,EA/1,,,https://imgcdn.mckesson.com/CumulusWeb/Images/Item_Detail/518945_pdet.jpg,,https://mms.mckesson.com/product/518945/Graham-Field-GF1844W
583657,Wheelchair Anti Theft Device For Wheelchair,,Drive DeVilbiss Healthcare,STDS834,Wheelchair Parts,$51.67 ,,Shipped by Manufacturer,EA/1,,,https://imgcdn.mckesson.com/CumulusWeb/Images/Item_Detail/583657.jpg,,https://mms.mckesson.com/product/583657/Drive-DeVilbiss-Healthcare-STDS834
718854,Seat Upholstery Kit For Wheelchair,,,,Wheelchair Parts,$51.82 ,,Shipped by Manufacturer,EA/1,,,https://imgcdn.mckesson.com/CumulusWeb/Images/Item_Detail/INVHEA_718854.jpg,,https://mms.mckesson.com/product/718854/Invacare-8881127548U550
999447,Wheelchair Molded Arm Support For Wheelchair,,The Comfort Company,2300R-14-PAD,Wheelchair Parts,$52.01 ,,"In Stock (Get it Tomorrow, Oct 1)",EA/1,,,https://imgcdn.mckesson.com/CumulusWeb/Images/Item_Detail/999447.jpg,,https://mms.mckesson.com/product/999447/The-Comfort-Company-2300R-14-PAD
582950,Side Wings For Wheelchair,,Skil-Care,706320,Wheelchair Parts,$53.52 ,,Shipped by Manufacturer,PR/1,,,https://imgcdn.mckesson.com/CumulusWeb/Images/Item_Detail/582950.jpg,,https://mms.mckesson.com/product/582950/Skil-Care-706320
797365,Wheelchair Footrest For Traveler® SE Wheelchair,,Graham-Field,90763030,Wheelchair Parts,$53.93 ,,Shipped by Manufacturer,PR/1,,,https://imgcdn.mckesson.com/CumulusWeb/Images/Item_Detail/797365_left.jpg,,https://mms.mckesson.com/product/797365/Graham-Field-90763030
583370,Wheelchair Rear Anti Tipper For Wheelchair Fork Wheel 8 Inch,,Invacare,1058836,Wheelchair Parts,$54.01 ,,Shipped by Manufacturer,PR/1,,,https://imgcdn.mckesson.com/CumulusWeb/Images/Item_Detail/583370.jpg,,https://mms.mckesson.com/product/583370/Invacare-1058836
886372,Wheelchair Anti Tipper drive™ For 12 and 14 Inch Viper / Winnie II / Infinity / Super Hemi Kit (Item #STDSSHK),,Drive DeVilbiss Healthcare,STDS814,Wheelchair Parts,$54.44 ,,Shipped by Manufacturer,PR/1,,,https://imgcdn.mckesson.com/CumulusWeb/Images/Item_Detail/886372.jpg,,https://mms.mckesson.com/product/886372/Drive-DeVilbiss-Healthcare-STDS814
736832,"Wheelchair Anti Tipper drive™ For Sentra Reclining, Silver Sport 1 & 2, Chrome Sport, Bariatric Sentra EC Heavy Duty Wheelchair",,Drive DeVilbiss Healthcare,STDS818,Wheelchair Parts,$54.58 ,,"In Stock - Network (Get it Saturday, Oct 3)",PR/1,,,https://imgcdn.mckesson.com/CumulusWeb/Images/Item_Detail/736832.jpg,,https://mms.mckesson.com/product/736832/Drive-DeVilbiss-Healthcare-STDS818
998817,Hand Grip Extensions Safe•t mate® For use with Low Wheelchair,,210 Innovations LLC,SM-019,Wheelchair Parts,$55.41 ,,Shipped by Manufacturer,PR/1,,,https://imgcdn.mckesson.com/CumulusWeb/Images/Item_Detail/998817_right.jpg,,https://mms.mckesson.com/product/998817/210-Innovations-LLC-SM-019
635062,Wheelchair Contracture Accommodation Kit For 16 to 18 Inch Wheelchair,,Skil-Care,703416,Wheelchair Parts,$56.31 ,,Shipped by Manufacturer,ST/1,,,https://imgcdn.mckesson.com/CumulusWeb/Images/Item_Detail/635062_group.jpg,,https://mms.mckesson.com/product/635062/Skil-Care-703416
892716,Adjustable Front Anti-Tippers Safe•t mate® For both 7/8 and 1 frame diameter,,210 Innovations LLC,SM-011,Wheelchair Parts,$56.76 ,,Shipped by Manufacturer,PR/1,,,https://imgcdn.mckesson.com/CumulusWeb/Images/Item_Detail/892716_pdet.jpg,,https://mms.mckesson.com/product/892716/210-Innovations-LLC-SM-011
1001682,Wheelchair Footrest For Wheelchair,,Graham-Field,90763430,Wheelchair Parts,$57.03 ,,Shipped by Manufacturer,PR/1,,,https://imgcdn.mckesson.com/CumulusWeb/Images/Item_Detail/1001682_left.jpg,,https://mms.mckesson.com/product/1001682/Graham-Field-90763430
989380,Wheelchair Footrest For Traveler® HD Wheelchair,,Graham-Field,90763430,Wheelchair Parts,$57.03 ,,Shipped by Manufacturer,PR/1,,,https://imgcdn.mckesson.com/CumulusWeb/Images/Item_Detail/989380.jpg,,https://mms.mckesson.com/product/989380/Graham-Field-90763430
831315,Hemi Elevating Legrest For Wheelchair,,Invacare,T94HCP,Wheelchair Parts,$58.84 ,,Shipped by Manufacturer,EA/1,,,https://imgcdn.mckesson.com/CumulusWeb/Images/Item_Detail/831315.jpg,,https://mms.mckesson.com/product/831315/Invacare-T94HCP
1077080,Wheelchair Seat Cushion Cover Sure-Chek 17 X 36 Inch,,New York Orthopedic,9522,Wheelchair Parts,$60.95 ,,Shipped by Manufacturer,EA/1,,,https://imgcdn.mckesson.com/CumulusWeb/Images/Item_Detail/1077080_left.jpg,,https://mms.mckesson.com/product/1077080/New-York-Orthopedic-9522
580118,Wheelchair Elevating Legrest Sentra HD For Wheelchair,,Drive DeVilbiss Healthcare,STDELR-TF,Wheelchair Parts,$61.87 ,,Shipped by Manufacturer,PR/1,,,https://imgcdn.mckesson.com/CumulusWeb/Images/Item_Detail/580118_1.jpg,,https://mms.mckesson.com/product/580118/Drive-DeVilbiss-Healthcare-STDELR-TF
582948,Wheelchair Footrest Extender For 16 to 18 Inch Wheelchair,,Skil-Care,703280,Wheelchair Parts,$64.33 ,,Shipped by Manufacturer,EA/1,,,https://imgcdn.mckesson.com/CumulusWeb/Images/Item_Detail/582948_ls.jpg,,https://mms.mckesson.com/product/582948/Skil-Care-703280
1056466,Wheelchair Oxygen Cylinder Holder For Wheelchair,,Graham-Field,B10325,Wheelchair Parts,$64.87 ,,Shipped by Manufacturer,EA/1,,,https://imgcdn.mckesson.com/CumulusWeb/Images/Item_Detail/1056466_back.jpg,,https://mms.mckesson.com/product/1056466/Graham-Field-B10325
554122,Lateral / Lumbar Support For Wheelchair,,Skil-Care,706350,Wheelchair Parts,$65.71 ,,Shipped by Manufacturer,EA/1,,,https://imgcdn.mckesson.com/CumulusWeb/Images/Item_Detail/SKLCRE_554122.jpg,,https://mms.mckesson.com/product/554122/Skil-Care-706350
586330,Wheel Assembly Tracer® SX5 For Trsx5 Wheelchair,,Invacare,1144243,Wheelchair Parts,$67.87 ,,Shipped by Manufacturer,EA/1,,,,,https://mms.mckesson.com/product/586330/Invacare-1144243
775342,Footrest Extender For Wheelchair,,Skil-Care,703262,Wheelchair Parts,$70.51 ,,Shipped by Manufacturer,EA/1,,,https://imgcdn.mckesson.com/CumulusWeb/Images/Item_Detail/775342.jpg,,https://mms.mckesson.com/product/775342/Skil-Care-703262
519183,Caster Assembly For Lift Patient,,Invacare,1110421,Wheelchair Parts,$72.25 ,,Shipped by Manufacturer,EA/1,,,https://imgcdn.mckesson.com/CumulusWeb/Images/Item_Detail/519183.jpg,,https://mms.mckesson.com/product/519183/Invacare-1110421
802937,Wheelchair Wheel For Drive Wheelchair,,Drive DeVilbiss Healthcare,STDS1S1000HD,Wheelchair Parts,$74.44 ,,Shipped by Manufacturer,EA/1,,,https://imgcdn.mckesson.com/CumulusWeb/Images/Item_Detail/802937.jpg,,https://mms.mckesson.com/product/802937/Drive-DeVilbiss-Healthcare-STDS1S1000HD
566482,Lap Tray For 20 to 22 Inch Wheelchair,,Skil-Care,705022,Wheelchair Parts,$77.44 ,,Shipped by Manufacturer,EA/1,,,https://imgcdn.mckesson.com/CumulusWeb/Images/Item_Detail/566482_ls.jpg,,https://mms.mckesson.com/product/566482/Skil-Care-705022
741107,Footrest Extender For Bariatric Wheelchair,,Skil-Care,703296,Wheelchair Parts,$78.46 ,,Shipped by Manufacturer,EA/1,,,https://imgcdn.mckesson.com/CumulusWeb/Images/Item_Detail/741107.jpg,,https://mms.mckesson.com/product/741107/Skil-Care-703296
774393,Wheelchair Elevating Legrest For Traveler® SE Wheelchair,,Graham-Field,90763031,Wheelchair Parts,$84.74 ,,Shipped by Manufacturer,PR/1,,,https://imgcdn.mckesson.com/CumulusWeb/Images/Item_Detail/774393_left.jpg,,https://mms.mckesson.com/product/774393/Graham-Field-90763031
649153,Wheelchair Footrest Extender For 16 to 18 Inch Wheelchair,,Skil-Care,703283,Wheelchair Parts,$87.44 ,,Shipped by Manufacturer,EA/1,,,https://imgcdn.mckesson.com/CumulusWeb/Images/Item_Detail/649153.jpg,,https://mms.mckesson.com/product/649153/Skil-Care-703283
768797,Wheelchair Legrest For Wheelchair,,Graham-Field,90763431,Wheelchair Parts,$87.85 ,,Shipped by Manufacturer,PR/1,,,https://imgcdn.mckesson.com/CumulusWeb/Images/Item_Detail/768797_left.jpg,,https://mms.mckesson.com/product/768797/Graham-Field-90763431
843939,Wheelchair Footrest Extender Econo® For Bariatric Wheelchair,,Skil-Care,703297,Wheelchair Parts,$90.69 ,,Shipped by Manufacturer,EA/1,,,https://imgcdn.mckesson.com/CumulusWeb/Images/Item_Detail/843939.jpg,,https://mms.mckesson.com/product/843939/Skil-Care-703297
847566,Wheelchair Arm Support Comfort Arm® For Wheelchair,,The Comfort Company,2002L-PAD,Wheelchair Parts,$92.58 ,,Shipped by Manufacturer,EA/1,,,https://imgcdn.mckesson.com/CumulusWeb/Images/Item_Detail/847566.jpg,,https://mms.mckesson.com/product/847566/The-Comfort-Company-2002L-PAD
582949,Lift Away Lap Tray For 16 to 18 Inch Wheelchair,,Skil-Care,705015,Wheelchair Parts,$92.78 ,,Shipped by Manufacturer,EA/1,,,https://imgcdn.mckesson.com/CumulusWeb/Images/Item_Detail/582949.jpg,,https://mms.mckesson.com/product/582949/Skil-Care-705015
552229,Wheelchair O2 / IV Holder Lumex® For Wheelchair,,Graham-Field,B10320F,Wheelchair Parts,$98.59 ,,Shipped by Manufacturer,EA/1,,,https://imgcdn.mckesson.com/CumulusWeb/Images/Item_Detail/552229_right.jpg,,https://mms.mckesson.com/product/552229/Graham-Field-B10320F
995523,Wheelchair Legrest For Wheelchair,,Skil-Care,703460,Wheelchair Parts,$98.63 ,,Shipped by Manufacturer,EA/1,,,https://imgcdn.mckesson.com/CumulusWeb/Images/Item_Detail/995523.jpg,,https://mms.mckesson.com/product/995523/Skil-Care-703460
844346,Wheelchair Half Lap Tray For Wheelchair,,The Comfort Company,761SFL,Wheelchair Parts,$99.23 ,,Shipped by Manufacturer,EA/1,,,https://imgcdn.mckesson.com/CumulusWeb/Images/Item_Detail/844346.jpg,,https://mms.mckesson.com/product/844346/The-Comfort-Company-761SFL
869881,Wheelchair Half Lap Tray For Wheelchair,,The Comfort Company,761SFR,Wheelchair Parts,$99.23 ,,Shipped by Manufacturer,EA/1,,,https://imgcdn.mckesson.com/CumulusWeb/Images/Item_Detail/869881.jpg,,https://mms.mckesson.com/product/869881/The-Comfort-Company-761SFR
1295371,Chest Harness For Kanga Wheelchair,,Drive DeVilbiss Healthcare,PCH-340M,Wheelchair Parts,$101.63 ,,Shipped by Manufacturer,EA/1,,,https://imgcdn.mckesson.com/CumulusWeb/Images/Item_Detail/1295371_front.jpg,,https://mms.mckesson.com/product/1295371/Drive-DeVilbiss-Healthcare-PCH-340M
252773,Footrest For Wheelchair,,Skil-Care,703210,Wheelchair Parts,$103.19 ,,Shipped by Manufacturer,EA/1,,,https://imgcdn.mckesson.com/CumulusWeb/Images/Item_Detail/252773.jpg,,https://mms.mckesson.com/product/252773/Skil-Care-703210
1048778,Wheelchair Arm and Hand Elevator Skillbuilders® For Wheelchair,,Fabrication Enterprises,30-1410,Wheelchair Parts,$104 ,,Shipped by Manufacturer,EA/1,,,https://imgcdn.mckesson.com/CumulusWeb/Images/Item_Detail/1048778.jpg,,https://mms.mckesson.com/product/1048778/Fabrication-Enterprises-30-1410
212691,Foot Extender For 20 to 22 Inch Wheelchair,,Skil-Care,703220,Wheelchair Parts,$112.85 ,,Shipped by Manufacturer,EA/1,,,https://imgcdn.mckesson.com/CumulusWeb/Images/Item_Detail/212691.jpg,,https://mms.mckesson.com/product/212691/Skil-Care-703220
700441,Drop Seat Cushion Skil-Care™ 18 X 16 X 3 Inch Foam,,Skil-Care,704126,Wheelchair Parts,$114.14 ,,Shipped by Manufacturer,EA/1,,,https://imgcdn.mckesson.com/CumulusWeb/Images/Item_Detail/700441.JPG,,https://mms.mckesson.com/product/700441/Skil-Care-704126
518753,Lap Tray For 24 to 26 Inch Wheelchair,,Skil-Care,705024,Wheelchair Parts,$115.69 ,,Shipped by Manufacturer,EA/1,,,https://imgcdn.mckesson.com/CumulusWeb/Images/Item_Detail/518753.jpg,,https://mms.mckesson.com/product/518753/Skil-Care-705024
876633,Wheelchair Ramp drive™ For Scooter / Wheelchair,,Drive DeVilbiss Healthcare,STDS1093,Wheelchair Parts,$118.08 ,,Shipped by Manufacturer,EA/1,,,https://imgcdn.mckesson.com/CumulusWeb/Images/Item_Detail/876633.jpg,,https://mms.mckesson.com/product/876633/Drive-DeVilbiss-Healthcare-STDS1093
797997,Wheelchair Wheel Assembly For Tracer® SC/SX5 Wheelchair,,Invacare,1133306,Wheelchair Parts,$120.42 ,,Shipped by Manufacturer,EA/1,,,,,https://mms.mckesson.com/product/797997/Invacare-1133306
777444,Footrest drive™ For Bariatric Sentra EC Heavy Duty (Deluxe) Extra-Extra Wide STDS26 - STD30 Series,,Drive DeVilbiss Healthcare,PH-SF,Wheelchair Parts,$124.57 ,,Shipped by Manufacturer,PR/1,,,https://imgcdn.mckesson.com/CumulusWeb/Images/Item_Detail/777444.jpg,,https://mms.mckesson.com/product/777444/Drive-DeVilbiss-Healthcare-PH-SF
998037,"Wheelchair Foot Plate For Bariatric Sentra EC heavy duty, extra-extra-wide wheelchair",,Drive DeVilbiss Healthcare,PHELR,Wheelchair Parts,$135.50 ,,Shipped by Manufacturer,PR/1,,,https://imgcdn.mckesson.com/CumulusWeb/Images/Item_Detail/998037.jpg,,https://mms.mckesson.com/product/998037/Drive-DeVilbiss-Healthcare-PHELR
682621,Arm and Trunk Support For Wheelchair,,Performance Health,81278597,Wheelchair Parts,$139.44 ,,Shipped by Manufacturer,EA/1,,,https://imgcdn.mckesson.com/CumulusWeb/Images/Item_Detail/682621.jpg,,https://mms.mckesson.com/product/682621/Performance-Health-081278597
996419,Wheelchair Side Hugger For 20 Inch Wheelchair,,The Comfort Company,84C,Wheelchair Parts,$140.69 ,,Shipped by Manufacturer,EA/1,,,https://imgcdn.mckesson.com/CumulusWeb/Images/Item_Detail/996419.jpg,,https://mms.mckesson.com/product/996419/The-Comfort-Company-84C
1153454,Wheelchair Footrest Extender For Wheelchair,,Skil-Care,703253,Wheelchair Parts,$142.86 ,,Shipped by Manufacturer,EA/1,,,https://imgcdn.mckesson.com/CumulusWeb/Images/Item_Detail/1153454.jpg,,https://mms.mckesson.com/product/1153454/Skil-Care-703253
867533,Wheelchair Anti Rollback Device Safe•t mate® For Wheelchair,,210 Innovations LLC,SM2-3,Wheelchair Parts,$158.13 ,,Shipped by Manufacturer,EA/1,,,https://imgcdn.mckesson.com/CumulusWeb/Images/Item_Detail/867533_right.jpg,,https://mms.mckesson.com/product/867533/210-Innovations-LLC-SM2-3
959735,Wheelchair Anti Rollback Device Safe•t mate® For Wheelchair,,210 Innovations LLC,SM2-3W,Wheelchair Parts,$159.48 ,,Shipped by Manufacturer,EA/1,,,https://imgcdn.mckesson.com/CumulusWeb/Images/Item_Detail/959735_right.jpg,,https://mms.mckesson.com/product/959735/210-Innovations-LLC-SM2-3W
1148459,Transport Chair 17-1/2 Inch Seat Width Desk Length Arm Swing-Away Footrest Steel Frame,,Nova Ortho-Med,8805,Wheelchair Parts,$162.18 ,,Shipped by Manufacturer,EA/1,,,https://imgcdn.mckesson.com/CumulusWeb/Images/Item_Detail/1148459.jpg,,https://mms.mckesson.com/product/1148459/Nova-Ortho-Med-8805
1113786,Wheelchair Lateral Support Assembly For Wheelchair,,The Comfort Company,7010,Wheelchair Parts,$167.40 ,,Shipped by Manufacturer,EA/1,,,https://imgcdn.mckesson.com/CumulusWeb/Images/Item_Detail/1113786.jpg,,https://mms.mckesson.com/product/1113786/The-Comfort-Company-7010
499819,"Wheelchair Elevating Legrest Sentra For Sentra Heavy Duty, Extra Wide Wheelchair",,Drive DeVilbiss Healthcare,HDELR,Wheelchair Parts,$180.14 ,,Shipped by Manufacturer,PR/1,,,https://imgcdn.mckesson.com/CumulusWeb/Images/Item_Detail/499819_front.jpg,,https://mms.mckesson.com/product/499819/Drive-DeVilbiss-Healthcare-HDELR
1058791,Wheelchair Back Support Elements® For 15-21 Inch Wheel Chair,,The Comfort Company,ELB-BS1521W16L,Wheelchair Parts,$183.50 ,,Shipped by Manufacturer,EA/1,,,https://imgcdn.mckesson.com/CumulusWeb/Images/Item_Detail/1058791.jpg,,https://mms.mckesson.com/product/1058791/The-Comfort-Company-ELB-BS1521W16L
1046678,Wheelchair Half Lap Tray Durasoft For Wheelchair,,The Comfort Company,762R,Wheelchair Parts,$186.04 ,,Shipped by Manufacturer,EA/1,,,https://imgcdn.mckesson.com/CumulusWeb/Images/Item_Detail/1046678.jpg,,https://mms.mckesson.com/product/1046678/The-Comfort-Company-762R
1090421,Wheelchair Lateral Support For Wheelchair,,Performance Health,81537711,Wheelchair Parts,$204.80 ,,Shipped by Manufacturer,EA/1,,,https://imgcdn.mckesson.com/CumulusWeb/Images/Item_Detail/1090421.jpg,,https://mms.mckesson.com/product/1090421/Performance-Health-081537711
984596,Wheelchair Lateral Support Assembly Lacura™ For Wheelchair,,Performance Health,81537703,Wheelchair Parts,$210.94 ,,Shipped by Manufacturer,EA/1,,,https://imgcdn.mckesson.com/CumulusWeb/Images/Item_Detail/984596.jpg,,https://mms.mckesson.com/product/984596/Performance-Health-081537703
972350,Wheelchair One Arm Drive For Viper Plus GT Wheelchair with Flip Back Removable Adjustable Arm,,Drive DeVilbiss Healthcare,STDS4056,Wheelchair Parts,$211.54 ,,Shipped by Manufacturer,EA/1,,,https://imgcdn.mckesson.com/CumulusWeb/Images/Item_Detail/972350_pdet.jpg,,https://mms.mckesson.com/product/972350/Drive-DeVilbiss-Healthcare-STDS4056
474100,Cushion Cover For Wheelchair,,Span America,8046,Wheelchair Parts,$259.98 ,,Shipped by Manufacturer,CS/6,,,https://imgcdn.mckesson.com/CumulusWeb/Images/Item_Detail/474100.jpg,,https://mms.mckesson.com/product/474100/Span-America-8046
746858,Wheelchair Ramps drive™ For Wheelchair,,Drive DeVilbiss Healthcare,STDS1097,Wheelchair Parts,$269.88 ,,Shipped by Manufacturer,EA/1,,,https://imgcdn.mckesson.com/CumulusWeb/Images/Item_Detail/746858_1.jpg,,https://mms.mckesson.com/product/746858/Drive-DeVilbiss-Healthcare-STDS1097
695557,Wheelchair Legrest For All Gendron Wheelchair,,Graham-Field,G10036-P183,Wheelchair Parts,$385.18 ,,Shipped by Manufacturer,PR/1,,,https://imgcdn.mckesson.com/CumulusWeb/Images/Item_Detail/GENDRN_695557.jpg,,https://mms.mckesson.com/product/695557/Graham-Field-G10036-P183
634534,Wheelchair Anti Rollback System Safe•t mate® For Sling-Seat Wheelchair,,Alimed,2970005573,Wheelchair Parts,$391.49 ,,Shipped by Manufacturer,EA/1,,,https://imgcdn.mckesson.com/CumulusWeb/Images/Item_Detail/634534.jpg,,https://mms.mckesson.com/product/634534/Alimed-2970005573
1268856,4 Wheel Electric Scooter Scout LT 300 lbs. Weight Capacity Red / Blue,,Drive DeVilbiss Healthcare,SCOUTLT4,Wheelchair Parts,$870.55 ,,Shipped by Manufacturer,EA/1,,,https://imgcdn.mckesson.com/CumulusWeb/Images/Item_Detail/1268856_left.jpg,,https://mms.mckesson.com/product/1268856/Drive-DeVilbiss-Healthcare-SCOUTLT4
1199681,4 Wheel Electric Scooter Go-Go® Ultra X 300 lbs. Weight Capacity Black,,Pride Health Care,S49BL1007,Wheelchair Parts,$983.81 ,,Shipped by Manufacturer,EA/1,,,https://imgcdn.mckesson.com/CumulusWeb/Images/Item_Detail/1199681_left.jpg,,https://mms.mckesson.com/product/1199681/Pride-Health-Care-S49BL1007
1103857,4 Wheel Electric Scooter Victory® 10 400 lbs. Weight Capacity Candy Apple Red,,Pride Health Care,SC710,Wheelchair Parts,"$1,844.62 ",,Shipped by Manufacturer,EA/1,,,https://imgcdn.mckesson.com/CumulusWeb/Images/Item_Detail/1103857_left.jpg,,https://mms.mckesson.com/product/1103857/Pride-Health-Care-SC710
823161,4 Wheel Electric Scooter Maxima 500 lbs. Weight Capacity Red / Blue,,Pride Health Care,SC941,Wheelchair Parts,"$3,154.96 ",,Shipped by Manufacturer,EA/1,,,https://imgcdn.mckesson.com/CumulusWeb/Images/Item_Detail/823161.jpg,,https://mms.mckesson.com/product/823161/Pride-Health-Care-SC941
1009680,Wheelchair Urinary Drain Bag Holder NYOrtho For Wheelchair,,New York Orthopedic,9549,Wheelchairs,$4.18 ,,"In Stock - Network (Get it Saturday, Oct 3)",EA/1,,,https://imgcdn.mckesson.com/CumulusWeb/Images/Item_Detail/1009680_front.jpg,,https://mms.mckesson.com/product/1009680/New-York-Orthopedic-9549
848598,Legrest Lock AMG For Front Riggings of wheelchair,,After Market Group,TAG624500,Wheelchairs,$5.18 ,,"In Stock (Get it Tomorrow, Oct 1)",PR/1,,,https://imgcdn.mckesson.com/CumulusWeb/Images/Item_Detail/848598.jpg,,https://mms.mckesson.com/product/848598/After-Market-Group-TAG624500
797703,Wheelchair H-Block For Wheelchair,,Invacare,1109938,Wheelchairs,$8.03 ,,Shipped by Manufacturer,EA/1,,,https://imgcdn.mckesson.com/CumulusWeb/Images/Item_Detail/797703.jpg,,https://mms.mckesson.com/product/797703/Invacare-1109938
1156938,Brake Pull-To-Lock For Cruiser Wheelchair,,Drive DeVilbiss Healthcare,STDSK234-PTL,Wheelchairs,$11.68 ,,Shipped by Manufacturer,EA/1,,,https://imgcdn.mckesson.com/CumulusWeb/Images/Item_Detail/1156938.jpg,,https://mms.mckesson.com/product/1156938/Drive-DeVilbiss-Healthcare-STDSK234-PTL
797540,Casters For Drive Wheelchair,,Drive DeVilbiss Healthcare,STDS3J2432,Wheelchairs,$13.47 ,,Shipped by Manufacturer,EA/1,,,https://imgcdn.mckesson.com/CumulusWeb/Images/Item_Detail/797540.jpg,,https://mms.mckesson.com/product/797540/Drive-DeVilbiss-Healthcare-STDS3J2432
880829,Wheelchair Back Upholstery For Cruiser III 4S Wheelchair,,Drive DeVilbiss Healthcare,STDS4S2408N,Wheelchairs,$13.87 ,,Shipped by Manufacturer,EA/1,,,https://imgcdn.mckesson.com/CumulusWeb/Images/Item_Detail/880829.jpg,,https://mms.mckesson.com/product/880829/Drive-DeVilbiss-Healthcare-STDS4S2408N
944517,Wheelchair Seat Cushion Cover Skil-Care™ 3-4 X 16 X 16 Inch,,Skil-Care,781029,Wheelchairs,$15.94 ,,Shipped by Manufacturer,EA/1,,,https://imgcdn.mckesson.com/CumulusWeb/Images/Item_Detail/944517.jpg,,https://mms.mckesson.com/product/944517/Skil-Care-781029
944499,Wheelchair Seat Cushion Cover Skil-Care™ 1-2 X 16 X 20 Inch,,Skil-Care,781032,Wheelchairs,$17.12 ,,Shipped by Manufacturer,EA/1,,,https://imgcdn.mckesson.com/CumulusWeb/Images/Item_Detail/944499.jpg,,https://mms.mckesson.com/product/944499/Skil-Care-781032
854126,Caster Wheel For Sentra Reclining Wheelchair,,Drive DeVilbiss Healthcare,STDS1074,Wheelchairs,$21.64 ,,Shipped by Manufacturer,EA/1,,,https://imgcdn.mckesson.com/CumulusWeb/Images/Item_Detail/854126_front.jpg,,https://mms.mckesson.com/product/854126/Drive-DeVilbiss-Healthcare-STDS1074
823350,Wedge Seat Cushion Skil-Care™ 16 W X 16 L X 6 to 3 D Inch Foam,,Skil-Care,754016,Wheelchairs,$33.59 ,,Shipped by Manufacturer,EA/1,,,https://imgcdn.mckesson.com/CumulusWeb/Images/Item_Detail/823350.jpg,,https://mms.mckesson.com/product/823350/Skil-Care-754016
1081367,Wheelchair Heavy Duty Anti-Fold Bar For 24 to 30 Inch Seat Widths Wheelchair,,Drive DeVilbiss Healthcare,STDS806-HD,Wheelchairs,$41.83 ,,Shipped by Manufacturer,EA/1,,,https://imgcdn.mckesson.com/CumulusWeb/Images/Item_Detail/1081367.jpg,,https://mms.mckesson.com/product/1081367/Drive-DeVilbiss-Healthcare-STDS806-HD
892717,Universal Rear Anti-Tippers Safe•t mate® For Universal Wheelchair use,,210 Innovations LLC,SM-008,Wheelchairs,$41.90 ,,Shipped by Manufacturer,PR/1,,,https://imgcdn.mckesson.com/CumulusWeb/Images/Item_Detail/892717_pdet.jpg,,https://mms.mckesson.com/product/892717/210-Innovations-LLC-SM-008
692155,Wheelchair Wheel For Wheelchair,,Drive DeVilbiss Healthcare,STDS1000HD,Wheelchairs,$67.12 ,,Shipped by Manufacturer,EA/1,,,https://imgcdn.mckesson.com/CumulusWeb/Images/Item_Detail/692155.jpg,,https://mms.mckesson.com/product/692155/Drive-DeVilbiss-Healthcare-STDS1000HD
581588,Wheelchair Footrest Extender For 16 to 18 Inch Wheelchair,,Skil-Care,703282,Wheelchairs,$79.94 ,,Shipped by Manufacturer,EA/1,,,https://imgcdn.mckesson.com/CumulusWeb/Images/Item_Detail/581588.jpg,,https://mms.mckesson.com/product/581588/Skil-Care-703282
252781,Wheelchair Armrest Trough For Wheelchair,,Skil-Care,706011,Wheelchairs,$80.69 ,,Shipped by Manufacturer,EA/1,,,https://imgcdn.mckesson.com/CumulusWeb/Images/Item_Detail/252781.jpg,,https://mms.mckesson.com/product/252781/Skil-Care-706011
1065255,Transport Chair McKesson 19 Inch Seat Width Full Length Arm Swing-Away Footrest Steel Frame with Silver Vein Finish,,McKesson Brand,146-TR39E-SV,Wheelchairs,$92.32 ,,"In Stock (Get it Tomorrow, Oct 1)",EA/1,,,https://imgcdn.mckesson.com/CumulusWeb/Images/Item_Detail/1065255_left.jpg,,https://mms.mckesson.com/product/1065255/McKesson-Brand-146-TR39E-SV
877330,Seat Cushion Premier One 20 W X 18 L X 3 D Inch Foam,M8070,Drive DeVilbiss Healthcare,M8070,Wheelchairs,$92.38 ,,Shipped by Manufacturer,CS/4,,,https://imgcdn.mckesson.com/CumulusWeb/Images/Item_Detail/877330.jpg,,https://mms.mckesson.com/product/877330/Drive-DeVilbiss-Healthcare-M8070
904876,Wheelchair Anti Theft Device drive™ For Wheelchair,,Drive DeVilbiss Healthcare,STDS821,Wheelchairs,$92.43 ,,Shipped by Manufacturer,EA/1,,,https://imgcdn.mckesson.com/CumulusWeb/Images/Item_Detail/904876.jpg,,https://mms.mckesson.com/product/904876/Drive-DeVilbiss-Healthcare-STDS821
699193,Reclining Mechanism Assembly For 6065A / 6065DA Recliner Wheelchair,,Invacare,1126609,Wheelchairs,$97.07 ,,Shipped by Manufacturer,EA/1,,,https://imgcdn.mckesson.com/CumulusWeb/Images/Item_Detail/699193.jpg,,https://mms.mckesson.com/product/699193/Invacare-1126609
1281778,Transport Chair MedaCure® 19 Inch Seat Width Fixed Arm Height Swing-Away Footrest Steel Frame with Silver Vein Finish,,Medacure Inc,TCS19,Wheelchairs,$99.26 ,,Shipped by Manufacturer,EA/1,,,https://imgcdn.mckesson.com/CumulusWeb/Images/Item_Detail/1281778_left.jpg,,https://mms.mckesson.com/product/1281778/Medacure-Inc-TCS19
1234298,Wheelchair Chariot II Dual Axle Full Length Arm Swing-Away Footrest Black Upholstery 18 Inch Seat Width Adult 300 lbs. Weight Capacity,,Proactive Medical Products LLC,WCK218FASF,Wheelchairs,$103.78 ,,Shipped by Manufacturer,EA/1,,,https://imgcdn.mckesson.com/CumulusWeb/Images/Item_Detail/1234298_left.jpg,,https://mms.mckesson.com/product/1234298/Proactive-Medical-Products-LLC-WCK218FASF
802517,Wheelchair Molded Armrest Lacura™ For Wheelchair,,Performance Health,81537745,Wheelchairs,$104.31 ,,Shipped by Manufacturer,EA/1,,,https://imgcdn.mckesson.com/CumulusWeb/Images/Item_Detail/802517.jpg,,https://mms.mckesson.com/product/802517/Performance-Health-081537745
852876,Wheelchair Extended Width Armrest AliMed® For Wheelchair,,Alimed,2970010158,Wheelchairs,$105.05 ,,Shipped by Manufacturer,EA/1,,,https://imgcdn.mckesson.com/CumulusWeb/Images/Item_Detail/852876.jpg,,https://mms.mckesson.com/product/852876/Alimed-2970010158
1234297,Wheelchair Chariot II Dual Axle Full Length Arm Elevating Legrest Black Upholstery 18 Inch Seat Width Adult 300 lbs. Weight Capacity,,Proactive Medical Products LLC,WCK218FAELR,Wheelchairs,$113.80 ,,Shipped by Manufacturer,EA/1,,,https://imgcdn.mckesson.com/CumulusWeb/Images/Item_Detail/1234297_left.jpg,,https://mms.mckesson.com/product/1234297/Proactive-Medical-Products-LLC-WCK218FAELR
896171,Transport Chair Everest & Jennings® 19 Inch Seat Width Full Length Arm Swing-Away Footrest Steel Frame with Silver Vein Finish,,Graham-Field,EJ796-1,Wheelchairs,$114.88 ,,Shipped by Manufacturer,EA/1,,,https://imgcdn.mckesson.com/CumulusWeb/Images/Item_Detail/896171_right.jpg,,https://mms.mckesson.com/product/896171/Graham-Field-EJ796-1
1128892,Lightweight Wheelchair McKesson Dual Axle Desk Length Arm Swing-Away Footrest Black Upholstery 18 Inch Seat Width Adult 300 lbs. Weight Capacity,,McKesson Brand,146-K318ADDA-SF,Wheelchairs,$117.58 ,,"In Stock (Get it Tomorrow, Oct 1)",EA/1,,,https://imgcdn.mckesson.com/CumulusWeb/Images/Item_Detail/1128892_left.jpg,,https://mms.mckesson.com/product/1128892/McKesson-Brand-146-K318ADDA-SF
1281780,Wheelchair MedaCure® Swing-Away Footrest 16 Inch Seat Width,W1616,Medacure Inc,W1616-K2-SF,Wheelchairs,$121.31 ,,Shipped by Manufacturer,EA/1,,,https://imgcdn.mckesson.com/CumulusWeb/Images/Item_Detail/1281780_left.jpg,,https://mms.mckesson.com/product/1281780/Medacure-Inc-W1616-K2-SF
1281786,Wheelchair MedaCure® Swing-Away Footrest 20 Inch Seat Width,W2016,Medacure Inc,W2016-K2-SF,Wheelchairs,$121.31 ,,Shipped by Manufacturer,EA/1,,,https://imgcdn.mckesson.com/CumulusWeb/Images/Item_Detail/1281786_left.jpg,,https://mms.mckesson.com/product/1281786/Medacure-Inc-W2016-K2-SF
1281783,Wheelchair MedaCure® Swing-Away Footrest 18 Inch Seat Width,W1816,Medacure Inc,W1816-K2-SF,Wheelchairs,$121.31 ,,Shipped by Manufacturer,EA/1,,,https://imgcdn.mckesson.com/CumulusWeb/Images/Item_Detail/1281783_left.jpg,,https://mms.mckesson.com/product/1281783/Medacure-Inc-W1816-K2-SF
1234312,Lightweight Wheelchair Chariot III Dual Axle Desk Length Arm Swing-Away Footrest Black Upholstery 20 Inch Seat Width Adult 350 lbs. Weight Capacity,,Proactive Medical Products LLC,WCK320AHDASF,Wheelchairs,$124.22 ,,Shipped by Manufacturer,EA/1,,,https://imgcdn.mckesson.com/CumulusWeb/Images/Item_Detail/1234312_left.jpg,,https://mms.mckesson.com/product/1234312/Proactive-Medical-Products-LLC-WCK320AHDASF
1065276,Wheelchair McKesson Dual Axle Desk Length Arm Swing-Away Footrest Black Upholstery 18 Inch Seat Width Adult 300 lbs. Weight Capacity,,McKesson Brand,146-SSP218DDA-SF,Wheelchairs,$127.98 ,,"In Stock (Get it Tomorrow, Oct 1)",EA/1,,,https://imgcdn.mckesson.com/CumulusWeb/Images/Item_Detail/1065276_left_.jpg,,https://mms.mckesson.com/product/1065276/McKesson-Brand-146-SSP218DDA-SF
1065274,Wheelchair McKesson Dual Axle Full Length Arm Swing-Away Footrest Black Upholstery 18 Inch Seat Width Adult 300 lbs. Weight Capacity,,McKesson Brand,146-SSP218FA-SF,Wheelchairs,$128.23 ,,"In Stock (Get it Tomorrow, Oct 1)",EA/1,,,https://imgcdn.mckesson.com/CumulusWeb/Images/Item_Detail/1065274_left.jpg,,https://mms.mckesson.com/product/1065274/McKesson-Brand-146-SSP218FA-SF
1065278,Wheelchair McKesson Dual Axle Desk Length Arm Swing-Away Footrest Black Upholstery 20 Inch Seat Width Adult 350 lbs. Weight Capacity,,McKesson Brand,146-SSP220DDA-SF,Wheelchairs,$129.02 ,,"In Stock (Get it Tomorrow, Oct 1)",EA/1,,,https://imgcdn.mckesson.com/CumulusWeb/Images/Item_Detail/1065278_left.jpg,,https://mms.mckesson.com/product/1065278/McKesson-Brand-146-SSP220DDA-SF
1065272,Wheelchair McKesson Dual Axle Desk Length Arm Swing-Away Footrest Black Upholstery 16 Inch Seat Width Adult 250 lbs. Weight Capacity,,McKesson Brand,146-SSP216DDA-SF,Wheelchairs,$129.75 ,,"In Stock (Get it Tomorrow, Oct 1)",EA/1,,,https://imgcdn.mckesson.com/CumulusWeb/Images/Item_Detail/1065272_left_.jpg,,https://mms.mckesson.com/product/1065272/McKesson-Brand-146-SSP216DDA-SF
1281779,Wheelchair MedaCure® Removable Footrest 16 Inch Seat Width,W1616,Medacure Inc,W1616-K2-ELR,Wheelchairs,$130.96 ,,Shipped by Manufacturer,EA/1,,,https://imgcdn.mckesson.com/CumulusWeb/Images/Item_Detail/1281779_right.jpg,,https://mms.mckesson.com/product/1281779/Medacure-Inc-W1616-K2-ELR
1281785,Wheelchair MedaCure® Elevating Legrest 20 Inch Seat Width,W2016,Medacure Inc,W2016-K2-ELR,Wheelchairs,$130.96 ,,Shipped by Manufacturer,EA/1,,,https://imgcdn.mckesson.com/CumulusWeb/Images/Item_Detail/1281785_right.jpg,,https://mms.mckesson.com/product/1281785/Medacure-Inc-W2016-K2-ELR
1031957,Wheelchair Replacement Wheel For PAC44 Wheelchair,,,,Wheelchairs,$133.35 ,,Shipped by Manufacturer,EA/1,,,https://imgcdn.mckesson.com/CumulusWeb/Images/Item_Detail/1031957_front.jpg,,https://mms.mckesson.com/product/1031957/IPU-AC-24-WHEEL
1234311,Lightweight Wheelchair Chariot III Dual Axle Desk Length Arm Elevating Legrest Black Upholstery 20 Inch Seat Width Adult 350 lbs. Weight Capacity,,Proactive Medical Products LLC,WCK320AHDAELR,Wheelchairs,$134.23 ,,Shipped by Manufacturer,EA/1,,,https://imgcdn.mckesson.com/CumulusWeb/Images/Item_Detail/1234311_left.jpg,,https://mms.mckesson.com/product/1234311/Proactive-Medical-Products-LLC-WCK320AHDAELR
586455,Transport Chair drive™ 17 Inch Seat Width Fixed Arm Height Swing-Away Footrest Aluminum Frame with Blue Finish,,Drive DeVilbiss Healthcare,ATC17-BL,Wheelchairs,$135.52 ,,Shipped by Manufacturer,EA/1,,,https://imgcdn.mckesson.com/CumulusWeb/Images/Item_Detail/586455_right.jpg,,https://mms.mckesson.com/product/586455/Drive-DeVilbiss-Healthcare-ATC17-BL
1128901,Transport Chair McKesson 19 Inch Seat Width Full Length Arm Swing-Away Footrest Aluminum Frame with Red Finish,,McKesson Brand,146-ATC19-RD,Wheelchairs,$138.90 ,,"In Stock - Network (Get it Saturday, Oct 3)",EA/1,,,https://imgcdn.mckesson.com/CumulusWeb/Images/Item_Detail/1128901_left_.jpg,,https://mms.mckesson.com/product/1128901/McKesson-Brand-146-ATC19-RD
866625,Wheelchair drive™ Silver Sport 2 Dual Axle Full Length Arm Swing-Away Footrest Black Upholstery 18 Inch Seat Width Adult 300 lbs. Weight Capacity,,Drive DeVilbiss Healthcare,SSP218DFA-SF,Wheelchairs,$139.31 ,,Shipped by Manufacturer,EA/1,,,https://imgcdn.mckesson.com/CumulusWeb/Images/Item_Detail/866625_left.jpg,,https://mms.mckesson.com/product/866625/Drive-DeVilbiss-Healthcare-SSP218DFA-SF
1065275,Wheelchair McKesson Dual Axle Full Length Arm Swing-Away Elevating Legrest Black Upholstery 18 Inch Seat Width Adult 300 lbs. Weight Capacity,,McKesson Brand,146-SSP218FA-ELR,Wheelchairs,$139.58 ,,In Stock - Network,EA/1,,,https://imgcdn.mckesson.com/CumulusWeb/Images/Item_Detail/1065275_left_.jpg,,https://mms.mckesson.com/product/1065275/McKesson-Brand-146-SSP218FA-ELR
953951,Wheelchair drive™ Blue Streak Desk Length Arm Swing-Away Footrest Black Upholstery 20 Inch Seat Width Adult 250 lbs. Weight Capacity,,Drive DeVilbiss Healthcare,BLS20FBD-SF,Wheelchairs,$140.37 ,,Shipped by Manufacturer,EA/1,,,https://imgcdn.mckesson.com/CumulusWeb/Images/Item_Detail/953951.jpg,,https://mms.mckesson.com/product/953951/Drive-DeVilbiss-Healthcare-BLS20FBD-SF
1131355,Wheelchair Advantage® LX Full Length Arm Swing-Away Footrest Black Upholstery 18 Inch Seat Width Adult 300 lbs. Weight Capacity,,Graham-Field,3H020100,Wheelchairs,$141.91 ,,Shipped by Manufacturer,EA/1,,,https://imgcdn.mckesson.com/CumulusWeb/Images/Item_Detail/1131355_left.jpg,,https://mms.mckesson.com/product/1131355/Graham-Field-3H020100
1065277,Wheelchair McKesson Dual Axle Desk Length Arm Swing-Away Elevating Legrest Black Upholstery 18 Inch Seat Width Adult 300 lbs. Weight Capacity,,McKesson Brand,146-SSP218DDA-ELR,Wheelchairs,$143.18 ,,"In Stock - Network (Get it Saturday, Oct 3)",EA/1,,,https://imgcdn.mckesson.com/CumulusWeb/Images/Item_Detail/1065277_left.jpg,,https://mms.mckesson.com/product/1065277/McKesson-Brand-146-SSP218DDA-ELR
1033151,Wheelchair Anti Rollback Device Safe•t mate® For Invacare Tracer EX2 or SX5,,210 Innovations LLC,SM-014,Wheelchairs,$143.26 ,,Shipped by Manufacturer,EA/1,,,https://imgcdn.mckesson.com/CumulusWeb/Images/Item_Detail/1033151_right.jpg,,https://mms.mckesson.com/product/1033151/210-Innovations-LLC-SM-014
1234303,Lightweight Wheelchair Chariot III Dual Axle Desk Length Arm Elevating Legrest Black Upholstery 16 Inch Seat Width Adult 300 lbs. Weight Capacity,,Proactive Medical Products LLC,WCK316AHDAELR,Wheelchairs,$144.97 ,,Shipped by Manufacturer,EA/1,,,https://imgcdn.mckesson.com/CumulusWeb/Images/Item_Detail/1234303_left.jpg,,https://mms.mckesson.com/product/1234303/Proactive-Medical-Products-LLC-WCK316AHDAELR
1065285,Lightweight Wheelchair McKesson Dual Axle Desk Length Arm Swing-Away Elevating Legrest Black Upholstery 18 Inch Seat Width Adult 300 lbs. Weight Capacity,,McKesson Brand,146-K318DDA-ELR,Wheelchairs,$148.17 ,,"In Stock (Get it Tomorrow, Oct 1)",EA/1,,,https://imgcdn.mckesson.com/CumulusWeb/Images/Item_Detail/1065285_left.jpg,,https://mms.mckesson.com/product/1065285/McKesson-Brand-146-K318DDA-ELR
1065279,Wheelchair McKesson Dual Axle Desk Length Arm Swing-Away Elevating Legrest Black Upholstery 20 Inch Seat Width Adult 350 lbs. Weight Capacity,,McKesson Brand,146-SSP220DDA-ELR,Wheelchairs,$149.07 ,,"In Stock (Get it Tomorrow, Oct 1)",EA/1,,,https://imgcdn.mckesson.com/CumulusWeb/Images/Item_Detail/1065279_left.jpg,,https://mms.mckesson.com/product/1065279/McKesson-Brand-146-SSP220DDA-ELR
1128898,Transport Chair McKesson 19 Inch Seat Width Full Length Arm Swing-Away Footrest Aluminum Frame with Black Finish,,McKesson Brand,146-ATC19-BK,Wheelchairs,$149.11 ,,"In Stock (Get it Tomorrow, Oct 1)",EA/1,,,https://imgcdn.mckesson.com/CumulusWeb/Images/Item_Detail/1128898_left.jpg,,https://mms.mckesson.com/product/1128898/McKesson-Brand-146-ATC19-BK
1065256,Transport Chair McKesson 19 Inch Seat Width Full Length Arm Swing-Away Footrest Aluminum Frame with Blue Finish,,McKesson Brand,146-ATC19-BL,Wheelchairs,$150.10 ,,"In Stock - Network (Get it Saturday, Oct 3)",EA/1,,,https://imgcdn.mckesson.com/CumulusWeb/Images/Item_Detail/1065256_left.jpg,,https://mms.mckesson.com/product/1065256/McKesson-Brand-146-ATC19-BL
787424,Wheelchair drive™ Silver Sport 2 Dual Axle Full Length Arm Elevating Legrest Black Upholstery 18 Inch Seat Width Adult 300 lbs. Weight Capacity,,Drive DeVilbiss Healthcare,SSP218DFA-ELR,Wheelchairs,$150.87 ,,Shipped by Manufacturer,EA/1,,,https://imgcdn.mckesson.com/CumulusWeb/Images/Item_Detail/787424.jpg,,https://mms.mckesson.com/product/787424/Drive-DeVilbiss-Healthcare-SSP218DFA-ELR
1065286,Lightweight Wheelchair McKesson Dual Axle Desk Length Arm Swing-Away Footrest Black Upholstery 20 Inch Seat Width Adult 300 lbs. Weight Capacity,,McKesson Brand,146-K320DDA-SF,Wheelchairs,$150.99 ,,"In Stock - Network (Get it Friday, Oct 2)",EA/1,,,https://imgcdn.mckesson.com/CumulusWeb/Images/Item_Detail/1065286_left.jpg,,https://mms.mckesson.com/product/1065286/McKesson-Brand-146-K320DDA-SF
1065284,Lightweight Wheelchair McKesson Dual Axle Desk Length Arm Swing-Away Footrest Black Upholstery 18 Inch Seat Width Adult 300 lbs. Weight Capacity,,McKesson Brand,146-K318DDA-SF,Wheelchairs,$151.60 ,,"In Stock (Get it Tomorrow, Oct 1)",EA/1,,,https://imgcdn.mckesson.com/CumulusWeb/Images/Item_Detail/1065284_left.jpg,,https://mms.mckesson.com/product/1065284/McKesson-Brand-146-K318DDA-SF
1128897,Lightweight Wheelchair McKesson Dual Axle Desk Length Arm Elevating Legrest Black Upholstery 20 Inch Seat Width Adult 300 lbs. Weight Capacity,,McKesson Brand,146-K320ADDA-ELR,Wheelchairs,$152.33 ,,"In Stock - Network (Get it Friday, Oct 2)",EA/1,,,https://imgcdn.mckesson.com/CumulusWeb/Images/Item_Detail/1128897_left.jpg,,https://mms.mckesson.com/product/1128897/McKesson-Brand-146-K320ADDA-ELR
830613,Wheelchair drive™ Blue Streak Desk Length Arm Swing-Away Elevating Legrest Black Upholstery 18 Inch Seat Width Adult 250 lbs. Weight Capacity,,Drive DeVilbiss Healthcare,BLS18FBD-ELR,Wheelchairs,$152.40 ,,Shipped by Manufacturer,EA/1,,,https://imgcdn.mckesson.com/CumulusWeb/Images/Item_Detail/830613_1.jpg,,https://mms.mckesson.com/product/830613/Drive-DeVilbiss-Healthcare-BLS18FBD-ELR
1065282,Lightweight Wheelchair McKesson Dual Axle Desk Length Arm Swing-Away Footrest Black Upholstery 16 Inch Seat Width Adult 300 lbs. Weight Capacity,,McKesson Brand,146-K316DDA-SF,Wheelchairs,$155.15 ,,"In Stock (Get it Tomorrow, Oct 1)",EA/1,,,https://imgcdn.mckesson.com/CumulusWeb/Images/Item_Detail/1065282_left.jpg,,https://mms.mckesson.com/product/1065282/McKesson-Brand-146-K316DDA-SF
583297,Lightweight Wheelchair drive™ Cruiser III Dual Axle Full Length Arm Swing-Away Footrest Black Upholstery 20 Inch Seat Width Adult 350 lbs. Weight Capacity,,Drive DeVilbiss Healthcare,K320DFA-SF,Wheelchairs,$155.86 ,,Shipped by Manufacturer,EA/1,,,https://imgcdn.mckesson.com/CumulusWeb/Images/Item_Detail/583297_left.jpg,,https://mms.mckesson.com/product/583297/Drive-DeVilbiss-Healthcare-K320DFA-SF
805612,Lightweight Wheelchair drive™ Cruiser III Dual Axle Full Length Arm Swing-Away Footrest Black Upholstery 16 Inch Seat Width Adult 300 lbs. Weight Capacity,,Drive DeVilbiss Healthcare,K316DFA-SF,Wheelchairs,$155.86 ,,Shipped by Manufacturer,EA/1,,,https://imgcdn.mckesson.com/CumulusWeb/Images/Item_Detail/805612_left.jpg,,https://mms.mckesson.com/product/805612/Drive-DeVilbiss-Healthcare-K316DFA-SF
596861,Lightweight Wheelchair drive™ Cruiser III Dual Axle Full Length Arm Swing-Away Footrest Black Upholstery 18 Inch Seat Width Adult 300 lbs. Weight Capacity,,Drive DeVilbiss Healthcare,K318DFA-SF,Wheelchairs,$159.97 ,,Shipped by Manufacturer,EA/1,,,https://imgcdn.mckesson.com/CumulusWeb/Images/Item_Detail/596861_left.jpg,,https://mms.mckesson.com/product/596861/Drive-DeVilbiss-Healthcare-K318DFA-SF
1065283,Lightweight Wheelchair McKesson Dual Axle Desk Length Arm Swing-Away Elevating Legrest Black Upholstery 16 Inch Seat Width Adult 300 lbs. Weight Capacity,,McKesson Brand,146-K316DDA-ELR,Wheelchairs,$160.99 ,,"In Stock - Network (Get it Tuesday, Oct 6)",EA/1,,,https://imgcdn.mckesson.com/CumulusWeb/Images/Item_Detail/1065283_left.jpg,,https://mms.mckesson.com/product/1065283/McKesson-Brand-146-K316DDA-ELR
617702,Transport Chair drive™ 17 Inch Seat Width Fixed Arm Height Swing-Away Footrest Aluminum Frame with Red Finish,,Drive DeVilbiss Healthcare,ATC17-RD,Wheelchairs,$161.49 ,,Shipped by Manufacturer,EA/1,,,https://imgcdn.mckesson.com/CumulusWeb/Images/Item_Detail/617702_1.jpg,,https://mms.mckesson.com/product/617702/Drive-DeVilbiss-Healthcare-ATC17-RD
1160509,Wheelchair Traveler® SE Plus Dual Axle Desk Length Arm Swing-Away Elevating Legrest Black Upholstery 20 Inch Seat Width Adult 300 lbs. Weight Capacity,,Graham-Field,3E050320,Wheelchairs,$162.18 ,,Shipped by Manufacturer,EA/1,,,https://imgcdn.mckesson.com/CumulusWeb/Images/Item_Detail/1160509_right.jpg,,https://mms.mckesson.com/product/1160509/Graham-Field-3E050320
1163092,Wheelchair Traveler® SE Plus Dual Axle Full Length Arm Swing-Away Footrest Black Upholstery 20 Inch Seat Width Adult 300 lbs. Weight Capacity,,Graham-Field,3E050340,Wheelchairs,$162.18 ,,Shipped by Manufacturer,EA/1,,,https://imgcdn.mckesson.com/CumulusWeb/Images/Item_Detail/1163092_side.jpg,,https://mms.mckesson.com/product/1163092/Graham-Field-3E050340
700953,Lightweight Wheelchair drive™ Cruiser III Dual Axle Full Length Arm Elevating Legrest Black Upholstery 18 Inch Seat Width Adult 300 lbs. Weight Capacity,,Drive DeVilbiss Healthcare,K318DFA-ELR,Wheelchairs,$166.79 ,,"In Stock - Network (Get it Friday, Oct 2)",EA/1,,,https://imgcdn.mckesson.com/CumulusWeb/Images/Item_Detail/700953_1.jpg,,https://mms.mckesson.com/product/700953/Drive-DeVilbiss-Healthcare-K318DFA-ELR
876629,Transport Chair drive™ 19 Inch Seat Width Fixed Arm Height Swing-Away Footrest Aluminum Frame with Red Finish,,Drive DeVilbiss Healthcare,EXP19LTRD,Wheelchairs,$166.80 ,,Shipped by Manufacturer,EA/1,,,https://imgcdn.mckesson.com/CumulusWeb/Images/Item_Detail/876629_1.jpg,,https://mms.mckesson.com/product/876629/Drive-DeVilbiss-Healthcare-EXP19LTRD
866900,Transport Chair drive™ Expedition 19 Inch Seat Width Full Length Arm Swing-Away Footrest Aluminum Frame with Blue Finish,,Drive DeVilbiss Healthcare,EXP19LTBL,Wheelchairs,$167.70 ,,Shipped by Manufacturer,EA/1,,,https://imgcdn.mckesson.com/CumulusWeb/Images/Item_Detail/866900_1.jpg,,https://mms.mckesson.com/product/866900/Drive-DeVilbiss-Healthcare-EXP19LTBL
1273419,Wheelchair Essentials™ Tracer EX1 Desk Length Arm Swing-Away Footrest Black Upholstery 16 Inch Seat Width Adult 250 lbs. Weight Capacity,,Invacare,IEX166DASA,Wheelchairs,$168.94 ,,Shipped by Manufacturer,EA/1,,,https://imgcdn.mckesson.com/CumulusWeb/Images/Item_Detail/1273419_left.jpg,,https://mms.mckesson.com/product/1273419/Invacare-IEX166DASA
1180763,Transport Chair 18 Inch Seat Width Desk Length Arm Swing-Away Footrest Aluminum Frame,,Nova Ortho-Med,379R,Wheelchairs,$168.94 ,,Shipped by Manufacturer,EA/1,,,https://imgcdn.mckesson.com/CumulusWeb/Images/Item_Detail/1180763_right1.jpg,,https://mms.mckesson.com/product/1180763/Nova-Ortho-Med-379R
1180762,Transport Chair 18 Inch Seat Width Desk Length Arm Swing-Away Footrest Aluminum Frame,,Nova Ortho-Med,379B,Wheelchairs,$168.94 ,,Shipped by Manufacturer,EA/1,,,https://imgcdn.mckesson.com/CumulusWeb/Images/Item_Detail/1180762_left.jpg,,https://mms.mckesson.com/product/1180762/Nova-Ortho-Med-379B
629024,Wheelchair drive™ Silver Sport 1 Dual Axle Swing-Away Footrest Black Upholstery 18 Inch Seat Width Adult 300 lbs. Weight Capacity,,Drive DeVilbiss Healthcare,SSP118FA-SF,Wheelchairs,$169.37 ,,Shipped by Manufacturer,EA/1,,,https://imgcdn.mckesson.com/CumulusWeb/Images/Item_Detail/629024_left.jpg,,https://mms.mckesson.com/product/629024/Drive-DeVilbiss-Healthcare-SSP118FA-SF
850958,Wheelchair Moldable Back Incrediback® For Wheelchair,,The Comfort Company,410A,Wheelchairs,$170.28 ,,Shipped by Manufacturer,EA/1,,,https://imgcdn.mckesson.com/CumulusWeb/Images/Item_Detail/850958.jpg,,https://mms.mckesson.com/product/850958/The-Comfort-Company-410A
1234327,Reclining Wheelchair Chariot-RC Desk Length Arm Elevating Legrest Black Upholstery 18 Inch Seat Width Adult 300 lbs. Weight Capacity,,Proactive Medical Products LLC,WCRC18DAELR,Wheelchairs,$176.63 ,,Shipped by Manufacturer,EA/1,,,https://imgcdn.mckesson.com/CumulusWeb/Images/Item_Detail/1234327_left.jpg,,https://mms.mckesson.com/product/1234327/Proactive-Medical-Products-LLC-WCRC18DAELR
1234325,Reclining Wheelchair Chariot-RC Desk Length Arm Elevating Legrest Black Upholstery 16 Inch Seat Width Adult 300 lbs. Weight Capacity,,Proactive Medical Products LLC,WCRC16DAELR,Wheelchairs,$176.63 ,,Shipped by Manufacturer,EA/1,,,https://imgcdn.mckesson.com/CumulusWeb/Images/Item_Detail/1234325_left.jpg,,https://mms.mckesson.com/product/1234325/Proactive-Medical-Products-LLC-WCRC16DAELR
1065291,Reclining Wheelchair McKesson Desk Length Arm Swing-Away Elevating Legrest Black Upholstery 20 Inch Seat Width Adult 350 lbs. Weight Capacity,,McKesson Brand,146-SSP20RBDDA,Wheelchairs,$178.41 ,,"In Stock - Network (Get it Tuesday, Oct 6)",EA/1,,,https://imgcdn.mckesson.com/CumulusWeb/Images/Item_Detail/1065291_left.jpg,,https://mms.mckesson.com/product/1065291/McKesson-Brand-146-SSP20RBDDA
1065287,Lightweight Wheelchair McKesson Dual Axle Desk Length Arm Swing-Away Elevating Legrest Black Upholstery 20 Inch Seat Width Adult 300 lbs. Weight Capacity,,McKesson Brand,146-K320DDA-ELR,Wheelchairs,$179.81 ,,"In Stock (Get it Tomorrow, Oct 1)",EA/1,,,https://imgcdn.mckesson.com/CumulusWeb/Images/Item_Detail/1065287_left_.jpg,,https://mms.mckesson.com/product/1065287/McKesson-Brand-146-K320DDA-ELR
1281781,Reclining Wheelchair MedaCure® Elevating Legrest 16 Inch Seat Width,W1616,Medacure Inc,W1616-R,Wheelchairs,$188.86 ,,Shipped by Manufacturer,EA/1,,,https://imgcdn.mckesson.com/CumulusWeb/Images/Item_Detail/1281781_left.jpg,,https://mms.mckesson.com/product/1281781/Medacure-Inc-W1616-R
1281784,Reclining Wheelchair MedaCure® Elevating Legrest 18 Inch Seat Width,W1816,Medacure Inc,W1816-R,Wheelchairs,$188.86 ,,Shipped by Manufacturer,EA/1,,,https://imgcdn.mckesson.com/CumulusWeb/Images/Item_Detail/1281784_left.jpg,,https://mms.mckesson.com/product/1281784/Medacure-Inc-W1816-R
1234326,Reclining Wheelchair Chariot-RC Full Length Arm Elevating Legrest Black Upholstery 16 Inch Seat Width Adult 300 lbs. Weight Capacity,,Proactive Medical Products LLC,WCRC16FAELR,Wheelchairs,$190.76 ,,Shipped by Manufacturer,EA/1,,,https://imgcdn.mckesson.com/CumulusWeb/Images/Item_Detail/1234326_left.jpg,,https://mms.mckesson.com/product/1234326/Proactive-Medical-Products-LLC-WCRC16FAELR
1020676,Wheelchair drive™ Silver Sport 2 Dual Axle Desk Length Arm Swing-Away Footrest Black Upholstery 20 Inch Seat Width Adult 350 lbs. Weight Capacity,,Drive DeVilbiss Healthcare,SSP220DFA-SF,Wheelchairs,$192.20 ,,Shipped by Manufacturer,EA/1,,,https://imgcdn.mckesson.com/CumulusWeb/Images/Item_Detail/1020676_left.jpg,,https://mms.mckesson.com/product/1020676/Drive-DeVilbiss-Healthcare-SSP220DFA-SF
1214037,Wheelchair drive™ Silver Sport 2 Dual Axle Full Length Arm Swing-Away Footrest Black Upholstery 16 Inch Seat Width Adult 250 lbs. Weight Capacity,,Drive DeVilbiss Healthcare,SSP216DFA-SF,Wheelchairs,$192.82 ,,Shipped by Manufacturer,EA/1,,,https://imgcdn.mckesson.com/CumulusWeb/Images/Item_Detail/1214037_left.jpg,,https://mms.mckesson.com/product/1214037/Drive-DeVilbiss-Healthcare-SSP216DFA-SF
880642,Wheelchair drive™ Blue Streak Desk Length Arm Swing-Away Elevating Legrest Black Upholstery 20 Inch Seat Width Adult 250 lbs. Weight Capacity,,Drive DeVilbiss Healthcare,BLS20FBD-ELR,Wheelchairs,$195.29 ,,Shipped by Manufacturer,EA/1,,,https://imgcdn.mckesson.com/CumulusWeb/Images/Item_Detail/880642_1.jpg,,https://mms.mckesson.com/product/880642/Drive-DeVilbiss-Healthcare-BLS20FBD-ELR
704249,Transport Chair drive™ Fly-Lite 19 Inch Seat Width Desk Length Arm Swing-Away Footrest Aluminum Frame with Blue Finish,,Drive DeVilbiss Healthcare,DFL19-BL,Wheelchairs,$195.42 ,,Shipped by Manufacturer,EA/1,,,https://imgcdn.mckesson.com/CumulusWeb/Images/Item_Detail/704249_left.jpg,,https://mms.mckesson.com/product/704249/Drive-DeVilbiss-Healthcare-DFL19-BL
637045,Transport Chair drive™ Fly-Lite 19 Inch Seat Width Full Length Arm Swing-Away Footrest Aluminum Frame with Black Finish,,Drive DeVilbiss Healthcare,DFL19-BLK,Wheelchairs,$195.42 ,,Shipped by Manufacturer,EA/1,,,https://imgcdn.mckesson.com/CumulusWeb/Images/Item_Detail/637045_1.jpg,,https://mms.mckesson.com/product/637045/Drive-DeVilbiss-Healthcare-DFL19-BLK
876608,Transport Chair drive™ Fly-Lite 19 Inch Seat Width Fixed Arm Height Swing-Away Footrest Aluminum Frame with Burgundy Finish,,Drive DeVilbiss Healthcare,DFL19-RD,Wheelchairs,$195.42 ,,Shipped by Manufacturer,EA/1,,,https://imgcdn.mckesson.com/CumulusWeb/Images/Item_Detail/876608.jpg,,https://mms.mckesson.com/product/876608/Drive-DeVilbiss-Healthcare-DFL19-RD
1281789,Bariatric Wheelchair MedaCure® Swing-Away Footrest 22 Inch Seat Width 500 lbs. Weight Capacity,W2218,Medacure Inc,W2218-K7-SF,Wheelchairs,$195.75 ,,Shipped by Manufacturer,EA/1,,,https://imgcdn.mckesson.com/CumulusWeb/Images/Item_Detail/1281789_left.jpg,,https://mms.mckesson.com/product/1281789/Medacure-Inc-W2218-K7-SF
1281787,Reclining Wheelchair MedaCure® Elevating Legrest 20 Inch Seat Width,W2016,Medacure Inc,W2016-R,Wheelchairs,$195.75 ,,Shipped by Manufacturer,EA/1,,,https://imgcdn.mckesson.com/CumulusWeb/Images/Item_Detail/1281787_left.jpg,,https://mms.mckesson.com/product/1281787/Medacure-Inc-W2016-R
1281792,Bariatric Wheelchair MedaCure® Swing-Away Footrest 24 Inch Seat Width,W2418,Medacure Inc,W2418-K7-SF,Wheelchairs,$195.75 ,,Shipped by Manufacturer,EA/1,,,https://imgcdn.mckesson.com/CumulusWeb/Images/Item_Detail/1281792_left.jpg,,https://mms.mckesson.com/product/1281792/Medacure-Inc-W2418-K7-SF
784379,Lightweight Wheelchair Traveler® L4 High Strength Dual Axle Full Length Arm Swing-Away Footrest Black Upholstery 18 Inch Seat Width Adult 300 lbs. Weight Capacity,,Graham-Field,3F030140,Wheelchairs,$195.97 ,,Shipped by Manufacturer,EA/1,,,https://imgcdn.mckesson.com/CumulusWeb/Images/Item_Detail/784379.jpg,,https://mms.mckesson.com/product/784379/Graham-Field-3F030140
1015852,Wheelchair drive™ Blue Streak Desk Length Arm Swing-Away Footrest Black Upholstery 16 Inch Seat Width Adult 250 lbs. Weight Capacity,,Drive DeVilbiss Healthcare,BLS16FBD-SF,Wheelchairs,$196.33 ,,Shipped by Manufacturer,EA/1,,,https://imgcdn.mckesson.com/CumulusWeb/Images/Item_Detail/1015852_left.jpg,,https://mms.mckesson.com/product/1015852/Drive-DeVilbiss-Healthcare-BLS16FBD-SF
930966,Wheelchair Tracer® EX2 Dual Axle Full Length Arm 18 Inch Seat Width Adult 250 lbs. Weight Capacity,,Invacare,TREX28PP,Wheelchairs,$198.67 ,,Shipped by Manufacturer,EA/1,,,https://imgcdn.mckesson.com/CumulusWeb/Images/Item_Detail/930966.jpg,,https://mms.mckesson.com/product/930966/Invacare-TREX28PP
805040,Lightweight Wheelchair drive™ Cruiser III Dual Axle Desk Length Arm Swing-Away Footrest Black Upholstery 16 Inch Seat Width Adult 300 lbs. Weight Capacity,,Drive DeVilbiss Healthcare,K316ADDA-SF,Wheelchairs,$199.01 ,,Shipped by Manufacturer,EA/1,,,https://imgcdn.mckesson.com/CumulusWeb/Images/Item_Detail/805040.jpg,,https://mms.mckesson.com/product/805040/Drive-DeVilbiss-Healthcare-K316ADDA-SF
994954,Wheelchair Tracer® EX2 Dual Axle Full Length Arm 20 Inch Seat Width Adult 250 lbs. Weight Capacity,,Invacare,TREX20PP,Wheelchairs,$200.02 ,,Shipped by Manufacturer,EA/1,,,https://imgcdn.mckesson.com/CumulusWeb/Images/Item_Detail/994954.jpg,,https://mms.mckesson.com/product/994954/Invacare-TREX20PP
1234331,Reclining Wheelchair Chariot-RC Desk Length Arm Elevating Legrest Black Upholstery 22 Inch Seat Width Adult 500 lbs. Weight Capacity,,Proactive Medical Products LLC,WCRC22DAELR,Wheelchairs,$205 ,,Shipped by Manufacturer,EA/1,,,https://imgcdn.mckesson.com/CumulusWeb/Images/Item_Detail/1234331_left.jpg,,https://mms.mckesson.com/product/1234331/Proactive-Medical-Products-LLC-WCRC22DAELR
1234330,Reclining Wheelchair Chariot-RC Full Length Arm Elevating Legrest Black Upholstery 20 Inch Seat Width Adult 350 lbs. Weight Capacity,,Proactive Medical Products LLC,WCRC20FAELR,Wheelchairs,$205.17 ,,Shipped by Manufacturer,EA/1,,,https://imgcdn.mckesson.com/CumulusWeb/Images/Item_Detail/1234330_left.jpg,,https://mms.mckesson.com/product/1234330/Proactive-Medical-Products-LLC-WCRC20FAELR
840887,Wheelchair drive™ Silver Sport 2 Dual Axle Full Length Arm Elevating Legrest Black Upholstery 20 Inch Seat Width Adult 350 lbs. Weight Capacity,,Drive DeVilbiss Healthcare,SSP220DFA-ELR,Wheelchairs,$206.90 ,,Shipped by Manufacturer,EA/1,,,https://imgcdn.mckesson.com/CumulusWeb/Images/Item_Detail/840887.jpg,,https://mms.mckesson.com/product/840887/Drive-DeVilbiss-Healthcare-SSP220DFA-ELR
773687,Lightweight Wheelchair Traveler® L4 High Strength Dual Axle Desk Length Arm Elevating Legrest Black Upholstery 20 Inch Seat Width Adult 250 lbs. Weight Capacity,,Graham-Field,3F020330,Wheelchairs,$209.48 ,,Shipped by Manufacturer,EA/1,,,https://imgcdn.mckesson.com/CumulusWeb/Images/Item_Detail/773687_left.jpg,,https://mms.mckesson.com/product/773687/Graham-Field-3F020330
1281791,Bariatric Wheelchair MedaCure® Elevating Legrest 24 Inch Seat Width,W2418,Medacure Inc,W2418-K7-ELR,Wheelchairs,$209.54 ,,Shipped by Manufacturer,EA/1,,,https://imgcdn.mckesson.com/CumulusWeb/Images/Item_Detail/1281791_right.jpg,,https://mms.mckesson.com/product/1281791/Medacure-Inc-W2418-K7-ELR
1281788,Bariatric Wheelchair MedaCure® Elevating Legrest 22 Inch Seat Width,W2218,Medacure Inc,W2218-K7-ELR,Wheelchairs,$209.54 ,,Shipped by Manufacturer,EA/1,,,https://imgcdn.mckesson.com/CumulusWeb/Images/Item_Detail/1281788_right.jpg,,https://mms.mckesson.com/product/1281788/Medacure-Inc-W2218-K7-ELR
829667,Lightweight Wheelchair Rebel Dual Axle Desk Length Arm Swing-Away Footrest Black Upholstery 18 Inch Seat Width Adult 300 lbs. Weight Capacity,,Drive DeVilbiss Healthcare,RTLREB18DDA-SF,Wheelchairs,$210.78 ,,Shipped by Manufacturer,EA/1,,,https://imgcdn.mckesson.com/CumulusWeb/Images/Item_Detail/829667.jpg,,https://mms.mckesson.com/product/829667/Drive-DeVilbiss-Healthcare-RTLREB18DDA-SF
706911,Lightweight Wheelchair drive™ Cruiser III Dual Axle Full Length Arm Elevating Legrest Black Upholstery 16 Inch Seat Width Adult 300 lbs. Weight Capacity,,Drive DeVilbiss Healthcare,K316DFA-ELR,Wheelchairs,$215.55 ,,Shipped by Manufacturer,EA/1,,,https://imgcdn.mckesson.com/CumulusWeb/Images/Item_Detail/706911_1.jpg,,https://mms.mckesson.com/product/706911/Drive-DeVilbiss-Healthcare-K316DFA-ELR
1234332,Reclining Wheelchair Chariot-RC Full Length Arm Elevating Legrest Black Upholstery 22 Inch Seat Width Adult 500 lbs. Weight Capacity,,Proactive Medical Products LLC,WCRC22FAELR,Wheelchairs,$221.40 ,,Shipped by Manufacturer,EA/1,,,https://imgcdn.mckesson.com/CumulusWeb/Images/Item_Detail/1234332_left.jpg,,https://mms.mckesson.com/product/1234332/Proactive-Medical-Products-LLC-WCRC22FAELR
831419,Wheelchair Tracer® EX2 Dual Axle Desk Length Arm Midnight Blue Upholstery 16 Inch Seat Width Adult 250 lbs. Weight Capacity,,Invacare,TREX26RP,Wheelchairs,$223 ,,Shipped by Manufacturer,EA/1,,,https://imgcdn.mckesson.com/CumulusWeb/Images/Item_Detail/831419.jpg,,https://mms.mckesson.com/product/831419/Invacare-TREX26RP
884260,Wheelchair Tracer® EX2 Dual Axle Full Length Arm 20 Inch Seat Width Adult 250 lbs. Weight Capacity,,Invacare,TREX20RFP,Wheelchairs,$229.76 ,,Shipped by Manufacturer,EA/1,,,https://imgcdn.mckesson.com/CumulusWeb/Images/Item_Detail/884260.jpg,,https://mms.mckesson.com/product/884260/Invacare-TREX20RFP
831422,Wheelchair Tracer® EX2 Dual Axle Desk Length Arm Midnight Blue Upholstery 20 Inch Seat Width Adult 250 lbs. Weight Capacity,,Invacare,TREX20RP,Wheelchairs,$229.76 ,,Shipped by Manufacturer,EA/1,,,https://imgcdn.mckesson.com/CumulusWeb/Images/Item_Detail/831422.jpg,,https://mms.mckesson.com/product/831422/Invacare-TREX20RP
831421,Wheelchair Tracer® EX2 Dual Axle Desk Length Arm Midnight Blue Upholstery 18 Inch Seat Width Adult 250 lbs. Weight Capacity,,Invacare,TREX28RP,Wheelchairs,$229.76 ,,Shipped by Manufacturer,EA/1,,,https://imgcdn.mckesson.com/CumulusWeb/Images/Item_Detail/831421.jpg,,https://mms.mckesson.com/product/831421/Invacare-TREX28RP
831418,Wheelchair Tracer® EX2 Dual Axle Full Length Arm Midnight Blue Upholstery 16 Inch Seat Width Adult 250 lbs. Weight Capacity,,Invacare,TREX26RFP,Wheelchairs,$229.76 ,,Shipped by Manufacturer,EA/1,,,https://imgcdn.mckesson.com/CumulusWeb/Images/Item_Detail/831418.jpg,,https://mms.mckesson.com/product/831418/Invacare-TREX26RFP
831420,Wheelchair Tracer® EX2 Dual Axle Full Length Arm Midnight Blue Upholstery 18 Inch Seat Width Adult 250 lbs. Weight Capacity,,Invacare,TREX28RFP,Wheelchairs,$229.76 ,,Shipped by Manufacturer,EA/1,,,https://imgcdn.mckesson.com/CumulusWeb/Images/Item_Detail/831420.jpg,,https://mms.mckesson.com/product/831420/Invacare-TREX28RFP
1065281,Bariatric Wheelchair McKesson Dual Axle Desk Length Arm Swing-Away Elevating Legrest Black Upholstery 22 Inch Seat Width Adult 450 lbs. Weight Capacity,,McKesson Brand,146-STD22ECDDA-ELR,Wheelchairs,$230.54 ,,"In Stock - Network (Get it Friday, Oct 2)",EA/1,,,https://imgcdn.mckesson.com/CumulusWeb/Images/Item_Detail/1065281_left.jpg,,https://mms.mckesson.com/product/1065281/McKesson-Brand-146-STD22ECDDA-ELR
1065443,Seat Cushion BioFit 20 W X 20 L Inch Foam,,Drive DeVilbiss Healthcare,NXCABF2020,Wheelchairs,$232.06 ,,Shipped by Manufacturer,EA/1,,,https://imgcdn.mckesson.com/CumulusWeb/Images/Item_Detail/1065443_right.jpg,,https://mms.mckesson.com/product/1065443/Drive-DeVilbiss-Healthcare-NXCABF2020
1281790,Reclining Wheelchair MedaCure® Elevating Legrest 22 Inch Seat Width,W2218,Medacure Inc,W2218-R,Wheelchairs,$237.11 ,,Shipped by Manufacturer,EA/1,,,https://imgcdn.mckesson.com/CumulusWeb/Images/Item_Detail/1281790_left.jpg,,https://mms.mckesson.com/product/1281790/Medacure-Inc-W2218-R
805046,Transport Chair drive™ 20 Inch Seat Width Desk Length Arm Swing-Away Footrest Steel Frame with Blue Finish,,Drive DeVilbiss Healthcare,BTR20-R,Wheelchairs,$237.30 ,,Shipped by Manufacturer,EA/1,,,https://imgcdn.mckesson.com/CumulusWeb/Images/Item_Detail/805046_left.jpg,,https://mms.mckesson.com/product/805046/Drive-DeVilbiss-Healthcare-BTR20-R
876636,Wheelchair / Scooter Ramp drive™ For Wheelchair,,Drive DeVilbiss Healthcare,STDS1096,Wheelchairs,$238.84 ,,Shipped by Manufacturer,EA/1,,,https://imgcdn.mckesson.com/CumulusWeb/Images/Item_Detail/876636_1.jpg,,https://mms.mckesson.com/product/876636/Drive-DeVilbiss-Healthcare-STDS1096
1155249,Lightweight Wheelchair Nova Desk Length Arm Swing-Away Footrest 18 Inch Seat Width Adult 300 lbs. Weight Capacity,,Nova Ortho-Med,7180L,Wheelchairs,$243.27 ,,Shipped by Manufacturer,EA/1,,,https://imgcdn.mckesson.com/CumulusWeb/Images/Item_Detail/1155249.jpg,,https://mms.mckesson.com/product/1155249/Nova-Ortho-Med-7180L
1281793,Reclining Wheelchair MedaCure® Elevating Legrest 24 Inch Seat Width,W2418,Medacure Inc,W2418-R,Wheelchairs,$244 ,,Shipped by Manufacturer,EA/1,,,https://imgcdn.mckesson.com/CumulusWeb/Images/Item_Detail/1281793_left.jpg,,https://mms.mckesson.com/product/1281793/Medacure-Inc-W2418-R
1028620,Zero Elevation Seat Cushion Support Pro™ 7 Series 24 W X 20 L Inch Foam / Gel,,The Comfort Company,53G-2420-B,Wheelchairs,$248.17 ,,Shipped by Manufacturer,EA/1,,,https://imgcdn.mckesson.com/CumulusWeb/Images/Item_Detail/1028620.jpg,,https://mms.mckesson.com/product/1028620/The-Comfort-Company-53G-2420-B
733004,Transport Chair Super Light 18 Inch Seat Width Desk Length Arm Elevating Legrest Aluminum Frame,,Drive DeVilbiss Healthcare,SL18,Wheelchairs,$250.54 ,,Shipped by Manufacturer,EA/1,,,https://imgcdn.mckesson.com/CumulusWeb/Images/Item_Detail/733004_left.jpg,,https://mms.mckesson.com/product/733004/Drive-DeVilbiss-Healthcare-SL18
875588,Wheelchair Amputee Support For Wheelchair,,The Comfort Company,AMPSA1014,Wheelchairs,$256.25 ,,Shipped by Manufacturer,EA/1,,,https://imgcdn.mckesson.com/CumulusWeb/Images/Item_Detail/875588.jpg,,https://mms.mckesson.com/product/875588/The-Comfort-Company-AMPSA1014
1155247,Lightweight Wheelchair Nova Desk Length Arm Swing-Away Footrest 20 Inch Seat Width Adult 300 lbs. Weight Capacity,,Nova Ortho-Med,7200L,Wheelchairs,$256.79 ,,Shipped by Manufacturer,EA/1,,,https://imgcdn.mckesson.com/CumulusWeb/Images/Item_Detail/1155247.jpg,,https://mms.mckesson.com/product/1155247/Nova-Ortho-Med-7200L
1065280,Bariatric Wheelchair McKesson Dual Axle Desk Length Arm Swing-Away Footrest Black Upholstery 22 Inch Seat Width Adult 450 lbs. Weight Capacity,,McKesson Brand,146-STD22ECDDA-SF,Wheelchairs,$258.02 ,,"In Stock (Get it Tomorrow, Oct 1)",EA/1,,,https://imgcdn.mckesson.com/CumulusWeb/Images/Item_Detail/1065280_left.jpg,,https://mms.mckesson.com/product/1065280/McKesson-Brand-146-STD22ECDDA-SF
1065290,Reclining Wheelchair McKesson Desk Length Arm Swing-Away Elevating Legrest Black Upholstery 18 Inch Seat Width Adult 300 lbs. Weight Capacity,,McKesson Brand,146-SSP18RBDDA,Wheelchairs,$264.45 ,,"In Stock - Network (Get it Friday, Oct 2)",EA/1,,,https://imgcdn.mckesson.com/CumulusWeb/Images/Item_Detail/1065290_left.jpg,,https://mms.mckesson.com/product/1065290/McKesson-Brand-146-SSP18RBDDA
1065288,Bariatric Wheelchair McKesson Dual Axle Desk Length Arm Swing-Away Footrest Black Upholstery 24 Inch Seat Width Adult 450 lbs. Weight Capacity,,McKesson Brand,146-STD24ECDDA-SF,Wheelchairs,$268.63 ,,"In Stock (Get it Tomorrow, Oct 1)",EA/1,,,https://imgcdn.mckesson.com/CumulusWeb/Images/Item_Detail/1065288_left_.jpg,,https://mms.mckesson.com/product/1065288/McKesson-Brand-146-STD24ECDDA-SF
944494,Lightweight Wheelchair Tracer® SX5 Dual Axle Full Length Arm 20 Inch Seat Width Adult 300 lbs. Weight Capacity,,Invacare,TRSX50FBFP,Wheelchairs,$283.82 ,,Shipped by Manufacturer,EA/1,,,https://imgcdn.mckesson.com/CumulusWeb/Images/Item_Detail/944494_left.jpg,,https://mms.mckesson.com/product/944494/Invacare-TRSX50FBFP
578280,Lightweight Wheelchair Tracer® SX5 Dual Axle Desk Length Arm Black Upholstery 18 Inch Seat Width Adult 250 lbs. Weight Capacity,,Invacare,TRSX58FBP,Wheelchairs,$283.82 ,,Shipped by Manufacturer,EA/1,,,,,https://mms.mckesson.com/product/578280/Invacare-TRSX58FBP
876359,Lightweight Wheelchair Tracer® SX5 Dual Axle Desk Length Arm 22 Inch Seat Width Adult 300 lbs. Weight Capacity,,Invacare,TRSX52FBP,Wheelchairs,$283.82 ,,Shipped by Manufacturer,EA/1,,,https://imgcdn.mckesson.com/CumulusWeb/Images/Item_Detail/876359_left.jpg,,https://mms.mckesson.com/product/876359/Invacare-TRSX52FBP
1016584,Lightweight Wheelchair Tracer® SX5 Dual Axle Full Length Arm 18 Inch Seat Width Adult 250 lbs. Weight Capacity,,Invacare,TRSX58FBFP,Wheelchairs,$283.82 ,,Shipped by Manufacturer,EA/1,,,https://imgcdn.mckesson.com/CumulusWeb/Images/Item_Detail/1016584_left.jpg,,https://mms.mckesson.com/product/1016584/Invacare-TRSX58FBFP
989645,Lightweight Wheelchair Tracer® SX5 Dual Axle Desk Length Arm 20 Inch Seat Width Adult 300 lbs. Weight Capacity,,Invacare,TRSX50FBP,Wheelchairs,$283.82 ,,Shipped by Manufacturer,EA/1,,,https://imgcdn.mckesson.com/CumulusWeb/Images/Item_Detail/989645_left.jpg,,https://mms.mckesson.com/product/989645/Invacare-TRSX50FBP
524063,Lightweight Wheelchair Tracer® SX5 Dual Axle Desk Length Arm Black Upholstery 16 Inch Seat Width Adult 250 lbs. Weight Capacity,,Invacare,TRSX56FBP,Wheelchairs,$283.82 ,,Shipped by Manufacturer,EA/1,,,,,https://mms.mckesson.com/product/524063/Invacare-TRSX56FBP
583470,Lightweight Wheelchair drive™ Poly-Fly Desk Length Arm Swing-Away Footrest Black Upholstery 18 Inch Seat Width Adult 250 lbs. Weight Capacity,,Drive DeVilbiss Healthcare,TR18,Wheelchairs,$284.71 ,,Shipped by Manufacturer,EA/1,,,https://imgcdn.mckesson.com/CumulusWeb/Images/Item_Detail/583470_left.jpg,,https://mms.mckesson.com/product/583470/Drive-DeVilbiss-Healthcare-TR18
585636,Lightweight Wheelchair drive™ Poly-Fly Desk Length Arm Swing-Away Footrest Black Upholstery 20 Inch Seat Width Adult 250 lbs. Weight Capacity,,Drive DeVilbiss Healthcare,TR20,Wheelchairs,$287.72 ,,Shipped by Manufacturer,EA/1,,,https://imgcdn.mckesson.com/CumulusWeb/Images/Item_Detail/585636.jpg,,https://mms.mckesson.com/product/585636/Drive-DeVilbiss-Healthcare-TR20
1065289,Bariatric Wheelchair McKesson Dual Axle Desk Length Arm Swing-Away Elevating Legrest Black Upholstery 24 Inch Seat Width Adult 450 lbs. Weight Capacity,,McKesson Brand,146-STD24ECDDA-ELR,Wheelchairs,$290.60 ,,"In Stock (Get it Tomorrow, Oct 1)",EA/1,,,https://imgcdn.mckesson.com/CumulusWeb/Images/Item_Detail/1065289_left_.jpg,,https://mms.mckesson.com/product/1065289/McKesson-Brand-146-STD24ECDDA-ELR
804788,Transport Chair drive™ 22 Inch Seat Width Desk Length Arm Swing-Away Footrest Steel Frame with Blue Finish,,Drive DeVilbiss Healthcare,BTR22-B,Wheelchairs,$291.77 ,,Shipped by Manufacturer,CS/1,,,https://imgcdn.mckesson.com/CumulusWeb/Images/Item_Detail/804788_1.jpg,,https://mms.mckesson.com/product/804788/Drive-DeVilbiss-Healthcare-BTR22-B
682379,Transport Chair drive™ 22 Inch Seat Width Desk Length Arm Swing-Away Footrest Steel Frame with Red Finish,,Drive DeVilbiss Healthcare,BTR22-R,Wheelchairs,$294.68 ,,Shipped by Manufacturer,EA/1,,,https://imgcdn.mckesson.com/CumulusWeb/Images/Item_Detail/682379_1.jpg,,https://mms.mckesson.com/product/682379/Drive-DeVilbiss-Healthcare-BTR22-R
1234324,Bariatric Wheelchair Titus Heavy-Duty Dual Axle Full Length Arm Swing-Away Footrest Black Upholstery 30 Inch Seat Width Adult 700 lbs. Weight Capacity,,Proactive Medical Products LLC,WCK730FAELR,Wheelchairs,$303.12 ,,Shipped by Manufacturer,EA/1,,,https://imgcdn.mckesson.com/CumulusWeb/Images/Item_Detail/1234324_left.jpg,,https://mms.mckesson.com/product/1234324/Proactive-Medical-Products-LLC-WCK730FAELR
575781,Wheelchair Anti Rollback Device Safe•t mate® For Safe - T Mate Wheelchair,,Performance Health,81227057,Wheelchairs,$305.08 ,,Shipped by Manufacturer,EA/1,,,https://imgcdn.mckesson.com/CumulusWeb/Images/Item_Detail/575781.jpg,,https://mms.mckesson.com/product/575781/Performance-Health-081227057
1234320,Bariatric Wheelchair Titus Heavy-Duty Dual Axle Full Length Arm Swing-Away Footrest Black Upholstery 26 Inch Seat Width Adult 700 lbs. Weight Capacity,,Proactive Medical Products LLC,WCK726FAELR,Wheelchairs,$307.55 ,,Shipped by Manufacturer,EA/1,,,https://imgcdn.mckesson.com/CumulusWeb/Images/Item_Detail/1234320_left.jpg,,https://mms.mckesson.com/product/1234320/Proactive-Medical-Products-LLC-WCK726FAELR
726886,Bariatric Wheelchair drive™ Sentra EC Heavy Duty Dual Axle Desk Length Arm Swing-Away Footrest Black Upholstery 20 Inch Seat Width Adult 450 lbs. Weight Capacity,,Drive DeVilbiss Healthcare,STD20ECDDAHD-SF,Wheelchairs,$308.54 ,,Shipped by Manufacturer,EA/1,,,https://imgcdn.mckesson.com/CumulusWeb/Images/Item_Detail/726886_left.jpg,,https://mms.mckesson.com/product/726886/Drive-DeVilbiss-Healthcare-STD20ECDDAHD-SF
769425,Bariatric Wheelchair Traveler® HD Heavy Duty Dual Axle Desk Length Arm Swing-Away Footrest Black Upholstery 20 Inch Seat Width Adult 500 lbs. Weight Capacity,,Graham-Field,3G010320,Wheelchairs,$324.36 ,,Shipped by Manufacturer,EA/1,,,https://imgcdn.mckesson.com/CumulusWeb/Images/Item_Detail/769425_right.jpg,,https://mms.mckesson.com/product/769425/Graham-Field-3G010320
713972,Bariatric Wheelchair drive™ Sentra EC Heavy Duty Dual Axle Full Length Arm Swing-Away Footrest Black Upholstery 20 Inch Seat Width Adult 450 lbs. Weight Capacity,,Drive DeVilbiss Healthcare,STD20ECDFAHD-SF,Wheelchairs,$325.37 ,,Shipped by Manufacturer,EA/1,,,https://imgcdn.mckesson.com/CumulusWeb/Images/Item_Detail/713972_left.jpg,,https://mms.mckesson.com/product/713972/Drive-DeVilbiss-Healthcare-STD20ECDFAHD-SF
705208,Wheelchair drive™ Infinity Dual Axle Desk Length Arm Swing-Away Footrest Black Upholstery 16 Inch Seat Width Adult 300 lbs. Weight Capacity,,Drive DeVilbiss Healthcare,CX416ADDA-SF,Wheelchairs,$327.99 ,,Shipped by Manufacturer,EA/1,,,https://imgcdn.mckesson.com/CumulusWeb/Images/Item_Detail/705208_1.jpg,,https://mms.mckesson.com/product/705208/Drive-DeVilbiss-Healthcare-CX416ADDA-SF
733135,Bariatric Wheelchair Traveler® HD Heavy Duty Dual Axle Full Length Arm Swing-Away Footrest Black Upholstery 22 Inch Seat Width Adult 500 lbs. Weight Capacity,,Graham-Field,3G010440,Wheelchairs,$331.12 ,,Shipped by Manufacturer,EA/1,,,https://imgcdn.mckesson.com/CumulusWeb/Images/Item_Detail/733135_right.jpg,,https://mms.mckesson.com/product/733135/Graham-Field-3G010440
771302,Bariatric Wheelchair Traveler® HD Heavy Duty Dual Axle Desk Length Arm Swing-Away Footrest Black Upholstery 22 Inch Seat Width Adult 500 lbs. Weight Capacity,,Graham-Field,3G010420,Wheelchairs,$331.12 ,,Shipped by Manufacturer,EA/1,,,https://imgcdn.mckesson.com/CumulusWeb/Images/Item_Detail/771302_right.jpg,,https://mms.mckesson.com/product/771302/Graham-Field-3G010420
1056756,Wheelchair Cruiser X4 Dual Axle Desk Length Arm Swing-Away Footrest Black Upholstery 18 Inch Seat Width Adult 300 lbs. Weight Capacity,,Drive DeVilbiss Healthcare,CX418ADDA-SF,Wheelchairs,$333.34 ,,Shipped by Manufacturer,EA/1,,,https://imgcdn.mckesson.com/CumulusWeb/Images/Item_Detail/1056756_left.jpg,,https://mms.mckesson.com/product/1056756/Drive-DeVilbiss-Healthcare-CX418ADDA-SF
1088944,Seat Cushion ROHO® High Profile® Single Compartment 20 W X 23 L X 4-1/4 D Inch Neoprene Air Cells,,Crown Therapeutics,1R1113C,Wheelchairs,$335.16 ,,Shipped by Manufacturer,EA/1,,,https://imgcdn.mckesson.com/CumulusWeb/Images/Item_Detail/1088944.jpg,,https://mms.mckesson.com/product/1088944/Crown-Therapeutics-1R1113C
1062878,Wheelchair Cruiser X4 Dual Axle Desk Length Arm Swing-Away Footrest Black Upholstery 20 Inch Seat Width Adult 300 lbs. Weight Capacity,,Drive DeVilbiss Healthcare,CX420ADDA-SF,Wheelchairs,$335.43 ,,Shipped by Manufacturer,EA/1,,,https://imgcdn.mckesson.com/CumulusWeb/Images/Item_Detail/1062878_left.jpg,,https://mms.mckesson.com/product/1062878/Drive-DeVilbiss-Healthcare-CX420ADDA-SF
739811,Bariatric Wheelchair Traveler® HD Heavy Duty Dual Axle Desk Length Arm Swing-Away Footrest Black Upholstery 24 Inch Seat Width Adult 500 lbs. Weight Capacity,,Graham-Field,3G010520,Wheelchairs,$337.88 ,,Shipped by Manufacturer,EA/1,,,https://imgcdn.mckesson.com/CumulusWeb/Images/Item_Detail/739811_right.jpg,,https://mms.mckesson.com/product/739811/Graham-Field-3G010520
920336,Bariatric Wheelchair Traveler® HD Heavy Duty Dual Axle Full Length Arm Fixed Footrest Black Upholstery 24 Inch Seat Width Adult 500 lbs. Weight Capacity,,Graham-Field,3G020500,Wheelchairs,$337.88 ,,Shipped by Manufacturer,EA/1,,,https://imgcdn.mckesson.com/CumulusWeb/Images/Item_Detail/920336.jpg,,https://mms.mckesson.com/product/920336/Graham-Field-3G020500
728146,Bariatric Wheelchair Traveler® HD Heavy Duty Dual Axle Desk Length Arm Elevating Legrest Black Upholstery 20 Inch Seat Width Adult 500 lbs. Weight Capacity,,Graham-Field,3G010330,Wheelchairs,$337.88 ,,Shipped by Manufacturer,EA/1,,,https://imgcdn.mckesson.com/CumulusWeb/Images/Item_Detail/728146_left.jpg,,https://mms.mckesson.com/product/728146/Graham-Field-3G010330
729984,Bariatric Wheelchair drive™ Sentra EC Heavy Duty Dual Axle Desk Length Arm Elevating Legrest Black Upholstery 20 Inch Seat Width Adult 450 lbs. Weight Capacity,,Drive DeVilbiss Healthcare,STD20ECDDAHD-ELR,Wheelchairs,$341.73 ,,Shipped by Manufacturer,EA/1,,,https://imgcdn.mckesson.com/CumulusWeb/Images/Item_Detail/729984_left.jpg,,https://mms.mckesson.com/product/729984/Drive-DeVilbiss-Healthcare-STD20ECDDAHD-ELR
723785,Bariatric Wheelchair Traveler® HD Heavy Duty Dual Axle Full Length Arm Swing-Away Footrest Black Upholstery 24 Inch Seat Width Adult 500 lbs. Weight Capacity,,Graham-Field,3G010540,Wheelchairs,$343.08 ,,In Stock - Network,EA/1,,,https://imgcdn.mckesson.com/CumulusWeb/Images/Item_Detail/723785_right.jpg,,https://mms.mckesson.com/product/723785/Graham-Field-3G010540
723759,Bariatric Wheelchair Traveler® HD Heavy Duty Dual Axle Full Length Arm Swing-Away Elevating Legrest Black Upholstery 22 Inch Seat Width Adult 500 lbs. Weight Capacity,,Graham-Field,3G010450,Wheelchairs,$344.64 ,,Shipped by Manufacturer,EA/1,,,https://imgcdn.mckesson.com/CumulusWeb/Images/Item_Detail/723759_right.jpg,,https://mms.mckesson.com/product/723759/Graham-Field-3G010450
713485,Bariatric Wheelchair Traveler® HD Heavy Duty Dual Axle Desk Length Arm Elevating Legrest Black Upholstery 22 Inch Seat Width Adult 500 lbs. Weight Capacity,,Graham-Field,3G010430,Wheelchairs,$344.64 ,,Shipped by Manufacturer,EA/1,,,https://imgcdn.mckesson.com/CumulusWeb/Images/Item_Detail/713485_right.jpg,,https://mms.mckesson.com/product/713485/Graham-Field-3G010430
1281795,Bariatric Wheelchair MedaCure® Swing-Away Footrest 26 Inch Seat Width,W2620,Medacure Inc,W2620-K7-SF,Wheelchairs,$347.39 ,,Shipped by Manufacturer,EA/1,,,https://imgcdn.mckesson.com/CumulusWeb/Images/Item_Detail/1281795_left.jpg,,https://mms.mckesson.com/product/1281795/Medacure-Inc-W2620-K7-SF
831327,Wheelchair Tracer® IV Dual Axle Full Length Arm Black Upholstery 22 Inch Seat Width Adult 350 lbs. Weight Capacity,,Invacare,T422RFAP,Wheelchairs,$351.39 ,,Shipped by Manufacturer,EA/1,,,https://imgcdn.mckesson.com/CumulusWeb/Images/Item_Detail/831327.jpg,,https://mms.mckesson.com/product/831327/Invacare-T422RFAP
630358,Wheelchair Tracer® IV Dual Axle Desk Length Arm Midnight Blue Upholstery 22 Inch Seat Width Adult 350 lbs. Weight Capacity,,Invacare,T422RDAP,Wheelchairs,$351.39 ,,Shipped by Manufacturer,EA/1,,,https://imgcdn.mckesson.com/CumulusWeb/Images/Item_Detail/630358.jpg,,https://mms.mckesson.com/product/630358/Invacare-T422RDAP
723784,Bariatric Wheelchair Traveler® HD Heavy Duty Dual Axle Desk Length Arm Elevating Legrest Black Upholstery 24 Inch Seat Width Adult 500 lbs. Weight Capacity,,Graham-Field,3G010530,Wheelchairs,$351.39 ,,Shipped by Manufacturer,EA/1,,,https://imgcdn.mckesson.com/CumulusWeb/Images/Item_Detail/723784_right.jpg,,https://mms.mckesson.com/product/723784/Graham-Field-3G010530
831320,Wheelchair Tracer® IV Dual Axle Desk Length Arm Midnight Blue Upholstery 20 Inch Seat Width Adult 350 lbs. Weight Capacity,,Invacare,T420RDAP,Wheelchairs,$351.39 ,,Shipped by Manufacturer,EA/1,,,https://imgcdn.mckesson.com/CumulusWeb/Images/Item_Detail/831320.jpg,,https://mms.mckesson.com/product/831320/Invacare-T420RDAP
641550,Wheelchair Tracer® IV Dual Axle Desk Length Arm Midnight Blue Upholstery 24 Inch Seat Width Adult 350 lbs. Weight Capacity,,Invacare,T424RDAP,Wheelchairs,$351.39 ,,Shipped by Manufacturer,EA/1,,,https://imgcdn.mckesson.com/CumulusWeb/Images/Item_Detail/641550.jpg,,https://mms.mckesson.com/product/641550/Invacare-T424RDAP
728184,Bariatric Wheelchair Traveler® HD Heavy Duty Dual Axle Full Length Arm Elevating Legrest Black Upholstery 24 Inch Seat Width Adult 500 lbs. Weight Capacity,,Graham-Field,3G010550,Wheelchairs,$351.39 ,,Shipped by Manufacturer,EA/1,,,https://imgcdn.mckesson.com/CumulusWeb/Images/Item_Detail/728184_left.jpg,,https://mms.mckesson.com/product/728184/Graham-Field-3G010550
831322,Wheelchair Tracer® IV Dual Axle Full Length Arm Midnight Blue Upholstery 20 Inch Seat Width Adult 350 lbs. Weight Capacity,,Invacare,T420RFAP,Wheelchairs,$351.39 ,,Shipped by Manufacturer,EA/1,,,https://imgcdn.mckesson.com/CumulusWeb/Images/Item_Detail/831322.jpg,,https://mms.mckesson.com/product/831322/Invacare-T420RFAP
831324,Wheelchair Tracer® IV Dual Axle Full Length Arm Midnight Blue Upholstery 24 Inch Seat Width Adult 350 lbs. Weight Capacity,,Invacare,T424RFAP,Wheelchairs,$351.39 ,,Shipped by Manufacturer,EA/1,,,https://imgcdn.mckesson.com/CumulusWeb/Images/Item_Detail/831324.jpg,,https://mms.mckesson.com/product/831324/Invacare-T424RFAP
1029557,Wheelchair Cruiser X4 Dual Axle Desk Length Arm Elevating Legrest Black Upholstery 20 Inch Seat Width Adult 300 lbs. Weight Capacity,,Drive DeVilbiss Healthcare,CX420ADDA-ELR,Wheelchairs,$352.82 ,,Shipped by Manufacturer,EA/1,,,https://imgcdn.mckesson.com/CumulusWeb/Images/Item_Detail/1029557_left.jpg,,https://mms.mckesson.com/product/1029557/Drive-DeVilbiss-Healthcare-CX420ADDA-ELR
804753,Bariatric Wheelchair drive™ Sentra EC Heavy Duty Dual Axle Full Length Arm Swing-Away Footrest Black Upholstery 24 Inch Seat Width Adult 450 lbs. Weight Capacity,,Drive DeVilbiss Healthcare,STD24ECDFA-SF,Wheelchairs,$355.89 ,,Shipped by Manufacturer,EA/1,,,https://imgcdn.mckesson.com/CumulusWeb/Images/Item_Detail/804753.jpg,,https://mms.mckesson.com/product/804753/Drive-DeVilbiss-Healthcare-STD24ECDFA-SF
1281797,Bariatric Wheelchair MedaCure® Swing-Away Footrest 28 Inch Seat Width,W2820,Medacure Inc,W2820-K7-SF,Wheelchairs,$357.04 ,,Shipped by Manufacturer,EA/1,,,https://imgcdn.mckesson.com/CumulusWeb/Images/Item_Detail/1281797_left.jpg,,https://mms.mckesson.com/product/1281797/Medacure-Inc-W2820-K7-SF
1281794,Bariatric Wheelchair MedaCure® Elevating Legrest 26 Inch Seat Width,W2620,Medacure Inc,W2620-K7-ELR,Wheelchairs,$358.42 ,,Shipped by Manufacturer,EA/1,,,https://imgcdn.mckesson.com/CumulusWeb/Images/Item_Detail/1281794_left.jpg,,https://mms.mckesson.com/product/1281794/Medacure-Inc-W2620-K7-ELR
804746,Bariatric Wheelchair drive™ Sentra EC Heavy Duty Dual Axle Full Length Arm Elevating Legrest Black Upholstery 20 Inch Seat Width Adult 450 lbs. Weight Capacity,,Drive DeVilbiss Healthcare,STD20ECDFAHD-ELR,Wheelchairs,$360.63 ,,Shipped by Manufacturer,EA/1,,,https://imgcdn.mckesson.com/CumulusWeb/Images/Item_Detail/804746_left.jpg,,https://mms.mckesson.com/product/804746/Drive-DeVilbiss-Healthcare-STD20ECDFAHD-ELR
1281799,Bariatric Wheelchair MedaCure® Swing-Away Footrest 30 Inch Seat Width,W3020,Medacure Inc,W3020-K7-SF,Wheelchairs,$366.69 ,,Shipped by Manufacturer,EA/1,,,https://imgcdn.mckesson.com/CumulusWeb/Images/Item_Detail/1281799_left.jpg,,https://mms.mckesson.com/product/1281799/Medacure-Inc-W3020-K7-SF
1281796,Bariatric Wheelchair MedaCure® Elevating Legrest 28 Inch Seat Width,W2820,Medacure Inc,W2820-K7-ELR,Wheelchairs,$368.07 ,,Shipped by Manufacturer,EA/1,,,https://imgcdn.mckesson.com/CumulusWeb/Images/Item_Detail/1281796_left.jpg,,https://mms.mckesson.com/product/1281796/Medacure-Inc-W2820-K7-ELR
892715,Seat Cushion ROHO® Contour Select® 22 W X 20 L X 2-1/4 to 4-1/4 D Inch Neoprene Air Cells,,Crown Therapeutics,CS1211C,Wheelchairs,$372.82 ,,Shipped by Manufacturer,EA/1,,,https://imgcdn.mckesson.com/CumulusWeb/Images/Item_Detail/892715.jpg,,https://mms.mckesson.com/product/892715/Crown-Therapeutics-CS1211C
712628,Bariatric Wheelchair drive™ Sentra EC Heavy Duty Dual Axle Full Length Arm Elevating Legrest Black Upholstery 22 Inch Seat Width Adult 450 lbs. Weight Capacity,,Drive DeVilbiss Healthcare,STD22ECDFA-ELR,Wheelchairs,$373.69 ,,Shipped by Manufacturer,EA/1,,,https://imgcdn.mckesson.com/CumulusWeb/Images/Item_Detail/712628_1.jpg,,https://mms.mckesson.com/product/712628/Drive-DeVilbiss-Healthcare-STD22ECDFA-ELR
1281798,Bariatric Wheelchair MedaCure® Elevating Legrest 30 Inch Seat Width,W3020,Medacure Inc,W3020-K7-ELR,Wheelchairs,$377.72 ,,Shipped by Manufacturer,EA/1,,,https://imgcdn.mckesson.com/CumulusWeb/Images/Item_Detail/1281798_left.jpg,,https://mms.mckesson.com/product/1281798/Medacure-Inc-W3020-K7-ELR
835542,Reclining Wheelchair Advantage® Desk Length Arm Elevating Legrest Black Upholstery 16 Inch Seat Width Adult 300 lbs. Weight Capacity,,Graham-Field,3K010230,Wheelchairs,$378.42 ,,Shipped by Manufacturer,EA/1,,,https://imgcdn.mckesson.com/CumulusWeb/Images/Item_Detail/835542_left.jpg,,https://mms.mckesson.com/product/835542/Graham-Field-3K010230
877258,Reclining Wheelchair Advantage® Full Length Arm Elevating Legrest Black Upholstery 18 Inch Seat Width Adult 300 lbs. Weight Capacity,,Graham-Field,3K010150,Wheelchairs,$378.42 ,,Shipped by Manufacturer,EA/1,,,https://imgcdn.mckesson.com/CumulusWeb/Images/Item_Detail/877258_left.jpg,,https://mms.mckesson.com/product/877258/Graham-Field-3K010150
835543,Reclining Wheelchair Advantage® Desk Length Arm Elevating Legrest Black Upholstery 18 Inch Seat Width Adult 300 lbs. Weight Capacity,,Graham-Field,3K010130,Wheelchairs,$378.42 ,,Shipped by Manufacturer,EA/1,,,https://imgcdn.mckesson.com/CumulusWeb/Images/Item_Detail/835543_left.jpg,,https://mms.mckesson.com/product/835543/Graham-Field-3K010130
833100,Transport Chair drive™ 22 Inch Seat Width Full Length Arm Swing-Away Footrest Aluminum Frame with Blue Finish,,Drive DeVilbiss Healthcare,ATC22-R,Wheelchairs,$381.30 ,,Shipped by Manufacturer,EA/1,,,https://imgcdn.mckesson.com/CumulusWeb/Images/Item_Detail/833100_left.jpg,,https://mms.mckesson.com/product/833100/Drive-DeVilbiss-Healthcare-ATC22-R
722222,Bariatric Wheelchair drive™ Sentra EC Heavy Duty Dual Axle Full Length Arm Elevating Legrest Black Upholstery 24 Inch Seat Width Adult 450 lbs. Weight Capacity,,Drive DeVilbiss Healthcare,STD24ECDFA-ELR,Wheelchairs,$384.12 ,,Shipped by Manufacturer,EA/1,,,https://imgcdn.mckesson.com/CumulusWeb/Images/Item_Detail/722222.jpg,,https://mms.mckesson.com/product/722222/Drive-DeVilbiss-Healthcare-STD24ECDFA-ELR
835544,Reclining Wheelchair Advantage® Desk Length Arm Elevating Legrest Black Upholstery 20 Inch Seat Width Adult 300 lbs. Weight Capacity,,Graham-Field,3K010330,Wheelchairs,$385.18 ,,Shipped by Manufacturer,EA/1,,,https://imgcdn.mckesson.com/CumulusWeb/Images/Item_Detail/835544_left.jpg,,https://mms.mckesson.com/product/835544/Graham-Field-3K010330
801402,Lightweight Wheelchair drive™ Viper Dual Axle Desk Length Arm Swing-Away Footrest Black Upholstery 14 Inch Seat Width Pediatric 250 lbs. Weight Capacity,,Drive DeVilbiss Healthcare,L414DDA-SF,Wheelchairs,$390.44 ,,Shipped by Manufacturer,EA/1,,,https://imgcdn.mckesson.com/CumulusWeb/Images/Item_Detail/801402.jpg,,https://mms.mckesson.com/product/801402/Drive-DeVilbiss-Healthcare-L414DDA-SF
1181681,Reclining Wheelchair Advantage® Desk Length Arm Elevating Legrest Black Upholstery 22 Inch Seat Width Adult 450 lbs. Weight Capacity,,Graham-Field,3K020430,Wheelchairs,$391.94 ,,Shipped by Manufacturer,EA/1,,,https://imgcdn.mckesson.com/CumulusWeb/Images/Item_Detail/1181681_left.jpg,,https://mms.mckesson.com/product/1181681/Graham-Field-3K020430
876821,Wheelchair Amputee Swing Away For Wheelchair,,Performance Health,81567544,Wheelchairs,$411.43 ,,Limited quantities available,EA/1,,,https://imgcdn.mckesson.com/CumulusWeb/Images/Item_Detail/876821.jpg,,https://mms.mckesson.com/product/876821/Performance-Health-081567544
1074880,Wheelchair Wallaby Desk Length Arm Swing-Away Footrest Black Upholstery 14 Inch Seat Width Pediatric 80 lbs. Weight Capacity,,Drive DeVilbiss Healthcare,WB1400-2GJB,Wheelchairs,$416.67 ,,Shipped by Manufacturer,EA/1,,,https://imgcdn.mckesson.com/CumulusWeb/Images/Item_Detail/1074880.jpg,,https://mms.mckesson.com/product/1074880/Drive-DeVilbiss-Healthcare-WB1400-2GJB
718381,Bariatric Wheelchair drive™ Sentra Heavy Duty Dual Axle Desk Length Arm Swing-Away Footrest Black Upholstery 24 Inch Seat Width Adult 500 lbs. Weight Capacity,,Drive DeVilbiss Healthcare,STD24DDA-SF,Wheelchairs,$423.32 ,,Shipped by Manufacturer,EA/1,,,https://imgcdn.mckesson.com/CumulusWeb/Images/Item_Detail/718381.jpg,,https://mms.mckesson.com/product/718381/Drive-DeVilbiss-Healthcare-STD24DDA-SF
919025,Wheelchair Tracer® IV Dual Axle Desk Length Arm Footrest Midnight Blue Upholstery 20 Inch Seat Width Adult 350 lbs. Weight Capacity,,Invacare,1192357,Wheelchairs,$444.36 ,,Shipped by Manufacturer,EA/1,,,https://imgcdn.mckesson.com/CumulusWeb/Images/Item_Detail/919025.jpg,,https://mms.mckesson.com/product/919025/Invacare-1192357
1107887,Wheelchair Tracer® IV Dual Axle Desk Length Arm Elevating Legrest Midnight Blue Upholstery 22 Inch Seat Width Adult 350 lbs. Weight Capacity,,Invacare,1192386,Wheelchairs,$456.23 ,,Shipped by Manufacturer,EA/1,,,https://imgcdn.mckesson.com/CumulusWeb/Images/Item_Detail/1107887.jpg,,https://mms.mckesson.com/product/1107887/Invacare-1192386
1088441,Wheelchair Tracer® IV Dual Axle Desk Length Arm Elevating Legrest Midnight Blue Upholstery 22 Inch Seat Width Adult 350 lbs. Weight Capacity,,Invacare,1192386,Wheelchairs,$456.23 ,,Shipped by Manufacturer,EA/1,,,https://imgcdn.mckesson.com/CumulusWeb/Images/Item_Detail/1088441.jpg,,https://mms.mckesson.com/product/1088441/Invacare-1192386
831326,Bariatric Wheelchair Tracer® IV Heavy Duty Dual Axle Desk Length Arm Midnight Blue Upholstery 24 Inch Seat Width Adult 450 lbs. Weight Capacity,,Invacare,T4X24RDAP,Wheelchairs,$471.68 ,,Shipped by Manufacturer,EA/1,,,https://imgcdn.mckesson.com/CumulusWeb/Images/Item_Detail/831326_right.jpg,,https://mms.mckesson.com/product/831326/Invacare-T4X24RDAP
831325,Bariatric Wheelchair Tracer® IV Heavy Duty Dual Axle Desk Length Arm Midnight Blue Upholstery 22 Inch Seat Width Adult 450 lbs. Weight Capacity,,Invacare,T4X22RDAP,Wheelchairs,$471.68 ,,Shipped by Manufacturer,EA/1,,,https://imgcdn.mckesson.com/CumulusWeb/Images/Item_Detail/831325.jpg,,https://mms.mckesson.com/product/831325/Invacare-T4X22RDAP
698166,Reclining Wheelchair Tracer® SX5 Dual Axle Desk Length Arm Elevating Legrest Black Upholstery 18 Inch Seat Width Adult 250 lbs. Weight Capacity,,Invacare,TRSX5RC8P,Wheelchairs,$473.03 ,,Shipped by Manufacturer,EA/1,,,,,https://mms.mckesson.com/product/698166/Invacare-TRSX5RC8P
804772,Bariatric Wheelchair drive™ Sentra Heavy Duty Dual Axle Desk Length Arm Swing-Away Footrest Black Upholstery 20 Inch Seat Width Adult 500 lbs. Weight Capacity,,Drive DeVilbiss Healthcare,STD20DDA-SF,Wheelchairs,$473.33 ,,Shipped by Manufacturer,EA/1,,,https://imgcdn.mckesson.com/CumulusWeb/Images/Item_Detail/804772.jpg,,https://mms.mckesson.com/product/804772/Drive-DeVilbiss-Healthcare-STD20DDA-SF
721954,Bariatric Wheelchair drive™ Sentra Heavy Duty Dual Axle Full Length Arm Elevating Legrest Black Upholstery 24 Inch Seat Width Adult 500 lbs. Weight Capacity,,Drive DeVilbiss Healthcare,STD24DDA-ELR,Wheelchairs,$477.80 ,,Shipped by Manufacturer,EA/1,,,https://imgcdn.mckesson.com/CumulusWeb/Images/Item_Detail/721954.jpg,,https://mms.mckesson.com/product/721954/Drive-DeVilbiss-Healthcare-STD24DDA-ELR
1100227,Lightweight Wheelchair 9000 XT High Strength Dual Axle Desk Length Arm Black Upholstery 20 Inch Seat Width Adult 250 lbs. Weight Capacity,,Invacare,9XT_PTO_33131,Wheelchairs,$486.55 ,,Shipped by Manufacturer,EA/1,,,https://imgcdn.mckesson.com/CumulusWeb/Images/Item_Detail/1100227.jpg,,https://mms.mckesson.com/product/1100227/Invacare-9XTPTO33131
877113,Wheelchair Tracer® IV Dual Axle Full Length Arm Elevating Legrest Midnight Blue Upholstery 24 Inch Seat Width Adult 350 lbs. Weight Capacity,,Invacare,1193601,Wheelchairs,$487.40 ,,Shipped by Manufacturer,EA/1,,,https://imgcdn.mckesson.com/CumulusWeb/Images/Item_Detail/877113.jpg,,https://mms.mckesson.com/product/877113/Invacare-1193601
736447,Bariatric Wheelchair drive™ Sentra Heavy Duty Dual Axle Desk Length Arm Elevating Legrest Black Upholstery 22 Inch Seat Width Adult 500 lbs. Weight Capacity,,Drive DeVilbiss Healthcare,STD22DDA-ELR,Wheelchairs,$493.78 ,,Shipped by Manufacturer,EA/1,,,https://imgcdn.mckesson.com/CumulusWeb/Images/Item_Detail/736447.jpg,,https://mms.mckesson.com/product/736447/Drive-DeVilbiss-Healthcare-STD22DDA-ELR
1204610,Wheelchair drive™ Viper Plus GT Dual Axle Universal Arm Swing-Away Footrest Deep Green Upholstery 20 Inch Seat Width Adult 300 lbs. Weight Capacity,,Drive DeVilbiss Healthcare,PLA420FBUARAD-SF,Wheelchairs,$493.98 ,,Shipped by Manufacturer,EA/1,,,https://imgcdn.mckesson.com/CumulusWeb/Images/Item_Detail/1204610_left.jpg,,https://mms.mckesson.com/product/1204610/Drive-DeVilbiss-Healthcare-PLA420FBUARAD-SF
875504,Lightweight Wheelchair 9000 XT High Strength Dual Axle Desk Length Arm Black Upholstery 16 Inch Seat Width Adult 250 lbs. Weight Capacity,,Invacare,9XT,Wheelchairs,$498.29 ,,Shipped by Manufacturer,EA/1,,,https://imgcdn.mckesson.com/CumulusWeb/Images/Item_Detail/875504.jpg,,https://mms.mckesson.com/product/875504/Invacare-9XT
768974,Bariatric Wheelchair Excel Extra Wide Desk Length Arm Elevating Legrest Navy Upholstery 22 Inch Seat Width Adult 500 lbs. Weight Capacity,,Medline,MDS806850,Wheelchairs,$515.35 ,,Shipped by Manufacturer,EA/1,,,https://imgcdn.mckesson.com/CumulusWeb/Images/Item_Detail/768974.jpg,,https://mms.mckesson.com/product/768974/Medline-MDS806850
1192073,Lightweight Wheelchair drive™ Viper Plus GT Dual Axle Universal Arm Elevating Legrest Black Upholstery 18 Inch Seat Width Adult 300 lbs. Weight Capacity,,Drive DeVilbiss Healthcare,PLA418FBUARAD-ELR,Wheelchairs,$520.79 ,,Shipped by Manufacturer,EA/1,,,https://imgcdn.mckesson.com/CumulusWeb/Images/Item_Detail/1192073_left.jpg,,https://mms.mckesson.com/product/1192073/Drive-DeVilbiss-Healthcare-PLA418FBUARAD-ELR
1214164,Lightweight Wheelchair drive™ Lynx Dual Axle Desk Length Arm Swing-Away Footrest Black Upholstery 16 Inch Seat Width Adult 275 lbs. Weight Capacity,,Drive DeVilbiss Healthcare,K516FBADDA-SF,Wheelchairs,$533.70 ,,Shipped by Manufacturer,EA/1,,,https://imgcdn.mckesson.com/CumulusWeb/Images/Item_Detail/1214164_left.jpg,,https://mms.mckesson.com/product/1214164/Drive-DeVilbiss-Healthcare-K516FBADDA-SF
1187112,Lightweight Wheelchair drive™ Viper Plus GT Dual Axle Universal Arm Elevating Legrest Black Upholstery 16 Inch Seat Width Adult 300 lbs. Weight Capacity,,Drive DeVilbiss Healthcare,PLA416FBUARAD-ELR,Wheelchairs,$537.36 ,,Shipped by Manufacturer,EA/1,,,https://imgcdn.mckesson.com/CumulusWeb/Images/Item_Detail/1187112_left.jpg,,https://mms.mckesson.com/product/1187112/Drive-DeVilbiss-Healthcare-PLA416FBUARAD-ELR
826335,Reclining Wheelchair Tracer® SX5 Dual Axle Desk Length Arm Elevating Legrest 18 Inch Seat Width Adult 250 lbs. Weight Capacity,,Invacare,1192378,Wheelchairs,$579.07 ,,Shipped by Manufacturer,EA/1,,,https://imgcdn.mckesson.com/CumulusWeb/Images/Item_Detail/826335.jpg,,https://mms.mckesson.com/product/826335/Invacare-1192378
697448,Bariatric Wheelchair Tracer® IV Heavy Duty Dual Axle Desk Length Arm Footrest Midnight Blue Upholstery 24 Inch Seat Width Adult 450 lbs. Weight Capacity,,Invacare,1193413,Wheelchairs,$584.58 ,,Shipped by Manufacturer,EA/1,,,https://imgcdn.mckesson.com/CumulusWeb/Images/Item_Detail/697448.jpg,,https://mms.mckesson.com/product/697448/Invacare-1193413
850316,Lightweight Reclining Wheelchair drive™ Viper Plus GT Dual Axle Desk Length Arm Black Upholstery 18 Inch Seat Width Adult 300 lbs. Weight Capacity,,Drive DeVilbiss Healthcare,PLA418RBDDA,Wheelchairs,$608.48 ,,Shipped by Manufacturer,EA/1,,,https://imgcdn.mckesson.com/CumulusWeb/Images/Item_Detail/850316.jpg,,https://mms.mckesson.com/product/850316/Drive-DeVilbiss-Healthcare-PLA418RBDDA
668643,Bariatric Wheelchair drive™ Sentra EC Dual Axle Desk Length Arm Black Upholstery 26 Inch Seat Width Adult 700 lbs. Weight Capacity,,Drive DeVilbiss Healthcare,STD26ECDDA,Wheelchairs,$609.77 ,,Shipped by Manufacturer,EA/1,,,https://imgcdn.mckesson.com/CumulusWeb/Images/Item_Detail/668643.jpg,,https://mms.mckesson.com/product/668643/Drive-DeVilbiss-Healthcare-STD26ECDDA
804243,Lightweight Reclining Wheelchair drive™ Viper Plus Heavy Duty Dual Axle Desk Length Arm Swing-Away Elevating Legrest Black Upholstery 14 Inch Seat Width Pediatric 250 lbs. Weight Capacity,,Drive DeVilbiss Healthcare,PL414RBDDA,Wheelchairs,$611.77 ,,"In Stock - Network (Get it Saturday, Oct 3)",CS/1,,,https://imgcdn.mckesson.com/CumulusWeb/Images/Item_Detail/804243.jpg,,https://mms.mckesson.com/product/804243/Drive-DeVilbiss-Healthcare-PL414RBDDA
826574,Reclining Wheelchair Tracer® SX5 Dual Axle Desk Length Arm Elevating Legrest 16 Inch Seat Width Adult 300 lbs. Weight Capacity,,Invacare,1193463,Wheelchairs,$616.16 ,,Shipped by Manufacturer,EA/1,,,https://imgcdn.mckesson.com/CumulusWeb/Images/Item_Detail/826574.jpg,,https://mms.mckesson.com/product/826574/Invacare-1193463
642415,Reclining Wheelchair drive™ Sentra Dual Axle Desk Length Arm Swing-Away Elevating Legrest Black Upholstery 22 Inch Seat Width Adult 450 lbs. Weight Capacity,,Drive DeVilbiss Healthcare,STD22RBDDA,Wheelchairs,$620.30 ,,Shipped by Manufacturer,EA/1,,,https://imgcdn.mckesson.com/CumulusWeb/Images/Item_Detail/642415.jpg,,https://mms.mckesson.com/product/642415/Drive-DeVilbiss-Healthcare-STD22RBDDA
840711,Lightweight Reclining Wheelchair drive™ Viper Plus GT Dual Axle Full Length Arm Black Upholstery 18 Inch Seat Width Adult 300 lbs. Weight Capacity,,Drive DeVilbiss Healthcare,PLA418RBDFA,Wheelchairs,$640.30 ,,Shipped by Manufacturer,EA/1,,,https://imgcdn.mckesson.com/CumulusWeb/Images/Item_Detail/840711.jpg,,https://mms.mckesson.com/product/840711/Drive-DeVilbiss-Healthcare-PLA418RBDFA
850317,Lightweight Wheelchair drive™ Viper Plus GT Dual Axle Desk Length Arm Black Upholstery 20 Inch Seat Width Adult 300 lbs. Weight Capacity,,Drive DeVilbiss Healthcare,PLA420RBDDA,Wheelchairs,$652.51 ,,Shipped by Manufacturer,EA/1,,,https://imgcdn.mckesson.com/CumulusWeb/Images/Item_Detail/850317.jpg,,https://mms.mckesson.com/product/850317/Drive-DeVilbiss-Healthcare-PLA420RBDDA
1138021,Wheelchair drive™ Sentra Heavy Duty Dual Axle Desk Length Arm 28 Inch Seat Width Adult,,Drive DeVilbiss Healthcare,STD28ECDDA,Wheelchairs,$683.06 ,,Shipped by Manufacturer,EA/1,,,https://imgcdn.mckesson.com/CumulusWeb/Images/Item_Detail/1138021_left.jpg,,https://mms.mckesson.com/product/1138021/Drive-DeVilbiss-Healthcare-STD28ECDDA
804249,Bariatric Wheelchair drive™ Sentra EC Extra Wide Dual Axle Full Length Arm Black Upholstery 30 Inch Seat Width Adult 700 lbs. Weight Capacity,,Drive DeVilbiss Healthcare,STD30ECDFA,Wheelchairs,$706 ,,Shipped by Manufacturer,CS/1,,,https://imgcdn.mckesson.com/CumulusWeb/Images/Item_Detail/804249.jpg,,https://mms.mckesson.com/product/804249/Drive-DeVilbiss-Healthcare-STD30ECDFA
930672,Bariatric Wheelchair drive™ Sentra EC Heavy Duty Dual Axle Desk Length Arm Black Upholstery 30 Inch Seat Width Adult 700 lbs. Weight Capacity,,Drive DeVilbiss Healthcare,STD30ECDDA,Wheelchairs,$709.82 ,,Shipped by Manufacturer,EA/1,,,https://imgcdn.mckesson.com/CumulusWeb/Images/Item_Detail/930672.jpg,,https://mms.mckesson.com/product/930672/Drive-DeVilbiss-Healthcare-STD30ECDDA
761607,Bariatric Wheelchair drive™ Sentra EC Dual Axle Full Length Arm Black Upholstery 26 Inch Seat Width Adult 700 lbs. Weight Capacity,,Drive DeVilbiss Healthcare,STD26ECDFA,Wheelchairs,$732.06 ,,Shipped by Manufacturer,EA/1,,,https://imgcdn.mckesson.com/CumulusWeb/Images/Item_Detail/761607.jpg,,https://mms.mckesson.com/product/761607/Drive-DeVilbiss-Healthcare-STD26ECDFA
960213,Bariatric Wheelchair drive™ Sentra EC Dual Axle Desk Length Arm Swing-Away Footrest Black Upholstery 26 Inch Seat Width Adult 700 lbs. Weight Capacity,,Drive DeVilbiss Healthcare,STD26ECDDA-SF,Wheelchairs,$732.43 ,,Shipped by Manufacturer,EA/1,,,https://imgcdn.mckesson.com/CumulusWeb/Images/Item_Detail/960213_left.jpg,,https://mms.mckesson.com/product/960213/Drive-DeVilbiss-Healthcare-STD26ECDDA-SF
1015745,Bariatric Wheelchair drive™ Sentra EC Dual Axle Desk Length Arm Elevating Legrest Black Upholstery 26 Inch Seat Width Adult 700 lbs. Weight Capacity,,Drive DeVilbiss Healthcare,STD26ECDDA-ELR,Wheelchairs,$741.86 ,,Shipped by Manufacturer,EA/1,,,https://imgcdn.mckesson.com/CumulusWeb/Images/Item_Detail/1015745_left.jpg,,https://mms.mckesson.com/product/1015745/Drive-DeVilbiss-Healthcare-STD26ECDDA-ELR
850318,Lightweight Wheelchair drive™ Viper Plus GT Dual Axle Full Length Arm Black Upholstery 20 Inch Seat Width Adult 300 lbs. Weight Capacity,,Drive DeVilbiss Healthcare,PLA420RBDFA,Wheelchairs,$746.27 ,,Shipped by Manufacturer,EA/1,,,https://imgcdn.mckesson.com/CumulusWeb/Images/Item_Detail/850318.jpg,,https://mms.mckesson.com/product/850318/Drive-DeVilbiss-Healthcare-PLA420RBDFA
1107247,Youth Stroller Chair drive™ Trotter Mobility 12 Inch Seat Width Elevating Legrest Aluminum Frame,,Drive DeVilbiss Healthcare,TR-1200-FR,Wheelchairs,$817.36 ,,Shipped by Manufacturer,EA/1,,,https://imgcdn.mckesson.com/CumulusWeb/Images/Item_Detail/1107247_left.jpg,,https://mms.mckesson.com/product/1107247/Drive-DeVilbiss-Healthcare-TR-1200-FR
1106897,Youth Stroller Chair drive™ Trotter Mobility 16 Inch Seat Width Elevating Legrest Aluminum Frame,,Drive DeVilbiss Healthcare,TR-1600-PP,Wheelchairs,$828.63 ,,Shipped by Manufacturer,EA/1,,,https://imgcdn.mckesson.com/CumulusWeb/Images/Item_Detail/1106897_left.jpg,,https://mms.mckesson.com/product/1106897/Drive-DeVilbiss-Healthcare-TR-1600-PP
630947,3 Wheel Electric Scooter 260 lbs. Weight Capacity Red / Blue / Silver,,Pride Health Care,SC40E,Wheelchairs,$922.56 ,,Shipped by Manufacturer,EA/1,,,https://imgcdn.mckesson.com/CumulusWeb/Images/Item_Detail/630947.JPG,,https://mms.mckesson.com/product/630947/Pride-Health-Care-SC40E
764007,Bariatric Wheelchair Paramount™ XD Heavy Duty Dual Axle Desk Length Arm Elevating Legrest Black Upholstery 26 Inch Seat Width Adult 650 lbs. Weight Capacity,,Graham-Field,5PX10630,Wheelchairs,"$1,121.76 ",,Shipped by Manufacturer,EA/1,,,https://imgcdn.mckesson.com/CumulusWeb/Images/Item_Detail/764007.jpg,,https://mms.mckesson.com/product/764007/Graham-Field-5PX10630
762568,Bariatric Wheelchair Regency XL 2002 Desk Length Arm Swing-Away Elevating Legrest Black Upholstery 24 Inch Seat Width Adult 600 lbs. Weight Capacity,,Graham-Field,56241830,Wheelchairs,"$1,343.34 ",,Shipped by Manufacturer,EA/1,,,https://imgcdn.mckesson.com/CumulusWeb/Images/Item_Detail/762568_right.jpg,,https://mms.mckesson.com/product/762568/Graham-Field-56241830
511499,Bariatric Wheelchair Regency XL 2002 Full Length Arm Swing-Away Elevating Legrest Black Upholstery 26 Inch Seat Width Adult 600 lbs. Weight Capacity,,Graham-Field,56261850,Wheelchairs,"$1,344.76 ",,Shipped by Manufacturer,EA/1,,,https://imgcdn.mckesson.com/CumulusWeb/Images/Item_Detail/511499_right.jpg,,https://mms.mckesson.com/product/511499/Graham-Field-56261850
1125455,Bariatric Wheelchair Regency XL 2002 Full Length Arm Swing-Away Elevating Legrest Black Upholstery 28 Inch Seat Width Adult 600 lbs. Weight Capacity,,Graham-Field,56281850,Wheelchairs,"$1,440.78 ",,Shipped by Manufacturer,EA/1,,,https://imgcdn.mckesson.com/CumulusWeb/Images/Item_Detail/1125455_right.jpg,,https://mms.mckesson.com/product/1125455/Graham-Field-56281850
1060019,Tilt-In-Space Wheelchair Kanga Dual Axle Black Upholstery 20 Inch Seat Width Adult 250 lbs. Weight Capacity,,Drive DeVilbiss Healthcare,KGA-8020-2GB,Wheelchairs,"$1,494.88 ",,Shipped by Manufacturer,EA/1,,,https://imgcdn.mckesson.com/CumulusWeb/Images/Item_Detail/1060019_right.jpg,,https://mms.mckesson.com/product/1060019/Drive-DeVilbiss-Healthcare-KGA-8020-2GB
796886,Bariatric Wheelchair 9000 Topaz™ Heavy Duty Dual Axle Black Upholstery 30 Inch Seat Width Adult 700 lbs. Weight Capacity,,Invacare,9TPZ,Wheelchairs,"$1,501.20 ",,Shipped by Manufacturer,EA/1,,,https://imgcdn.mckesson.com/CumulusWeb/Images/Item_Detail/796886.jpg,,https://mms.mckesson.com/product/796886/Invacare-9TPZ
1277487,Tilt-In-Space Wheelchair Sashay Pedal 20 Inch Seat Width Adult,,Broda Enterprises Inc,48-20,Wheelchairs,"$1,606.95 ",,Shipped by Manufacturer,EA/1,,,https://imgcdn.mckesson.com/CumulusWeb/Images/Item_Detail/1277487_left.jpg,,https://mms.mckesson.com/product/1277487/Broda-Enterprises-Inc-48-20
1277483,Tilt-In-Space Wheelchair Sashay Pedal 16 Inch Seat Width Adult,,Broda Enterprises Inc,48-16,Wheelchairs,"$1,606.95 ",,Shipped by Manufacturer,EA/1,,,https://imgcdn.mckesson.com/CumulusWeb/Images/Item_Detail/1277483_left.jpg,,https://mms.mckesson.com/product/1277483/Broda-Enterprises-Inc-48-16
1277485,Tilt-In-Space Wheelchair Sashay Pedal 18 Inch Seat Width Adult,,Broda Enterprises Inc,48-18,Wheelchairs,"$1,606.95 ",,Shipped by Manufacturer,EA/1,,,https://imgcdn.mckesson.com/CumulusWeb/Images/Item_Detail/1277485_left.jpg,,https://mms.mckesson.com/product/1277485/Broda-Enterprises-Inc-48-18
1088010,Tilt-In-Space Wheelchair Kanga Dual Axle Desk Length Arm Black Upholstery 18 Inch Seat Width Adult 250 lbs. Weight Capacity,,Drive DeVilbiss Healthcare,KGA-8018-2GB,Wheelchairs,"$1,844.26 ",,Shipped by Manufacturer,EA/1,,,https://imgcdn.mckesson.com/CumulusWeb/Images/Item_Detail/1088010_right.jpg,,https://mms.mckesson.com/product/1088010/Drive-DeVilbiss-Healthcare-KGA-8018-2GB
1277480,Tilt-In-Space Wheelchair Latitude Pedal Desk Length Arm Black Upholstery 18 Inch Seat Width Adult 250 lbs. Weight Capacity,,Broda Enterprises Inc,48R-18,Wheelchairs,"$1,888.07 ",,Shipped by Manufacturer,EA/1,,,https://imgcdn.mckesson.com/CumulusWeb/Images/Item_Detail/1277480_left.jpg,,https://mms.mckesson.com/product/1277480/Broda-Enterprises-Inc-48R-18
1277482,Tilt-In-Space Wheelchair Latitude Pedal Desk Length Arm Black Upholstery 20 Inch Seat Width Adult 250 lbs. Weight Capacity,,Broda Enterprises Inc,48R-20,Wheelchairs,"$1,888.07 ",,Shipped by Manufacturer,EA/1,,,https://imgcdn.mckesson.com/CumulusWeb/Images/Item_Detail/1277482_left.jpg,,https://mms.mckesson.com/product/1277482/Broda-Enterprises-Inc-48R-20
1277478,Tilt-In-Space Wheelchair Latitude Pedal Desk Length Arm Black Upholstery 16 Inch Seat Width Adult 250 lbs. Weight Capacity,,Broda Enterprises Inc,48R-16,Wheelchairs,"$1,888.07 ",,Shipped by Manufacturer,EA/1,,,https://imgcdn.mckesson.com/CumulusWeb/Images/Item_Detail/1277478_left.jpg,,https://mms.mckesson.com/product/1277478/Broda-Enterprises-Inc-48R-16
1160249,Bariatric Reclining Wheelchair Regency 450 Desk Length Arm Swing-Away Elevating Legrest Black Upholstery 24 Inch Seat Width Adult 450 lbs. Weight Capacity,,Graham-Field,450242030R,Wheelchairs,"$1,892.12 ",,Shipped by Manufacturer,EA/1,,,https://imgcdn.mckesson.com/CumulusWeb/Images/Item_Detail/1160249_right.jpg,,https://mms.mckesson.com/product/1160249/Graham-Field-450242030R
1227697,Power Wheelchair Jazzy Select® 300 lbs. Weight Capacity,,Pride Health Care,JAZZYSELECT-2S-C,Wheelchairs,"$1,901.11 ",,Shipped by Manufacturer,EA/1,,,https://imgcdn.mckesson.com/CumulusWeb/Images/Item_Detail/1227697_left.jpg,,https://mms.mckesson.com/product/1227697/Pride-Health-Care-JAZZYSELECT-2S-C
1102725,Bariatric Wheelchair Regency XL 2000 Heavy Duty Dual Axle Desk Length Arm Swing-Away Elevating Legrest Black Upholstery 32 Inch Seat Width Adult 700 lbs. Weight Capacity,,Graham-Field,67322030,Wheelchairs,"$1,919.15 ",,Shipped by Manufacturer,EA/1,,,https://imgcdn.mckesson.com/CumulusWeb/Images/Item_Detail/1102725_right.jpg,,https://mms.mckesson.com/product/1102725/Graham-Field-67322030
999903,Bariatric Wheelchair Regency XL 2000 Heavy Duty Dual Axle Desk Length Arm Swing-Away Elevating Legrest Black Upholstery 34 Inch Seat Width Adult 700 lbs. Weight Capacity,,Graham-Field,67342030,Wheelchairs,"$1,919.15 ",,Shipped by Manufacturer,EA/1,,,https://imgcdn.mckesson.com/CumulusWeb/Images/Item_Detail/999903_right.jpg,,https://mms.mckesson.com/product/999903/Graham-Field-67342030
1277437,Wheelchair Elite 16 Inch Seat Width Adult,,Broda Enterprises Inc,550-SR-16,Wheelchairs,"$1,946.18 ",,Shipped by Manufacturer,EA/1,,,https://imgcdn.mckesson.com/CumulusWeb/Images/Item_Detail/1277437_left.jpg,,https://mms.mckesson.com/product/1277437/Broda-Enterprises-Inc-550-SR-16
1277441,Wheelchair Elite 20 Inch Seat Width Adult,,Broda Enterprises Inc,550-SR-20,Wheelchairs,"$1,946.18 ",,Shipped by Manufacturer,EA/1,,,https://imgcdn.mckesson.com/CumulusWeb/Images/Item_Detail/1277441_left.jpg,,https://mms.mckesson.com/product/1277441/Broda-Enterprises-Inc-550-SR-20
1277439,Wheelchair Elite 18 Inch Seat Width Adult,,Broda Enterprises Inc,550-SR-18,Wheelchairs,"$1,946.18 ",,Shipped by Manufacturer,EA/1,,,https://imgcdn.mckesson.com/CumulusWeb/Images/Item_Detail/1277439_left.jpg,,https://mms.mckesson.com/product/1277439/Broda-Enterprises-Inc-550-SR-18
714213,Bariatric Wheelchair Regency XL 2000 Heavy Duty Dual Axle Full Length Arm Swing-Away Elevating Legrest Black Upholstery 34 Inch Seat Width Adult 700 lbs. Weight Capacity,,Graham-Field,67342250,Wheelchairs,"$1,966.46 ",,Shipped by Manufacturer,EA/1,,,https://imgcdn.mckesson.com/CumulusWeb/Images/Item_Detail/GENDRN_714213.jpg,,https://mms.mckesson.com/product/714213/Graham-Field-67342250
839938,Bariatric Wheelchair Regency XL 2000 Heavy Duty Dual Axle Full Length Arm Swing-Away Elevating Legrest Black Upholstery 32 Inch Seat Width Adult 700 lbs. Weight Capacity,,Graham-Field,67322050,Wheelchairs,"$1,990.65 ",,Shipped by Manufacturer,EA/1,,,https://imgcdn.mckesson.com/CumulusWeb/Images/Item_Detail/839938_side.jpg,,https://mms.mckesson.com/product/839938/Graham-Field-67322050
1277468,Tilt-In-Space Wheelchair Encore 20 Inch Seat Width Adult,,Broda Enterprises Inc,48-V4-20,Wheelchairs,"$2,036.73 ",,Shipped by Manufacturer,EA/1,,,https://imgcdn.mckesson.com/CumulusWeb/Images/Item_Detail/1277468_left.jpg,,https://mms.mckesson.com/product/1277468/Broda-Enterprises-Inc-48-V4-20
1277466,Tilt-In-Space Wheelchair Encore 18 Inch Seat Width Adult,,Broda Enterprises Inc,48-V4-18,Wheelchairs,"$2,036.73 ",,Shipped by Manufacturer,EA/1,,,https://imgcdn.mckesson.com/CumulusWeb/Images/Item_Detail/1277466_left.jpg,,https://mms.mckesson.com/product/1277466/Broda-Enterprises-Inc-48-V4-18
1277464,Tilt-In-Space Wheelchair Encore 16 Inch Seat Width Adult,,Broda Enterprises Inc,48-V4-16,Wheelchairs,"$2,036.73 ",,Shipped by Manufacturer,EA/1,,,https://imgcdn.mckesson.com/CumulusWeb/Images/Item_Detail/1277464_left.jpg,,https://mms.mckesson.com/product/1277464/Broda-Enterprises-Inc-48-V4-16
1159738,Bariatric Reclining Wheelchair Regency 525 High Back Full Length Arm Elevating Legrest 24 Inch Seat Width Adult 525 lbs. Weight Capacity,,Graham-Field,5252420750R,Wheelchairs,"$2,094.85 ",,Shipped by Manufacturer,EA/1,,,https://imgcdn.mckesson.com/CumulusWeb/Images/Item_Detail/1159738_right.jpg,,https://mms.mckesson.com/product/1159738/Graham-Field-5252420750R
1277486,Tilt-In-Space Wheelchair Sashay Pedal 18 Inch Seat Width Adult,,Broda Enterprises Inc,48-500-18,Wheelchairs,"$2,100.26 ",,Shipped by Manufacturer,EA/1,,,https://imgcdn.mckesson.com/CumulusWeb/Images/Item_Detail/1277486_right.jpg,,https://mms.mckesson.com/product/1277486/Broda-Enterprises-Inc-48-500-18
1277488,Tilt-In-Space Wheelchair Sashay Pedal 20 Inch Seat Width Adult,,Broda Enterprises Inc,48-500-20,Wheelchairs,"$2,100.26 ",,Shipped by Manufacturer,EA/1,,,https://imgcdn.mckesson.com/CumulusWeb/Images/Item_Detail/1277488_right.jpg,,https://mms.mckesson.com/product/1277488/Broda-Enterprises-Inc-48-500-20
1277484,Tilt-In-Space Wheelchair Sashay Pedal 16 Inch Seat Width Adult,,Broda Enterprises Inc,48-500-16,Wheelchairs,"$2,100.26 ",,Shipped by Manufacturer,EA/1,,,https://imgcdn.mckesson.com/CumulusWeb/Images/Item_Detail/1277484_right.jpg,,https://mms.mckesson.com/product/1277484/Broda-Enterprises-Inc-48-500-16
838785,Bariatric Reclining Wheelchair Regency XL 2000 Heavy Duty Dual Axle Full Length Arm Swing-Away Elevating Legrest Black Upholstery 24 Inch Seat Width Adult 700 lbs. Weight Capacity,,Graham-Field,67242050R,Wheelchairs,"$2,223.24 ",,Shipped by Manufacturer,EA/1,,,https://imgcdn.mckesson.com/CumulusWeb/Images/Item_Detail/838785_right.jpg,,https://mms.mckesson.com/product/838785/Graham-Field-67242050R
1277438,Wheelchair Elite 18 Inch Seat Width Adult,,Broda Enterprises Inc,550-SR-550-18,Wheelchairs,"$2,232.70 ",,Shipped by Manufacturer,EA/1,,,https://imgcdn.mckesson.com/CumulusWeb/Images/Item_Detail/1277438_left.jpg,,https://mms.mckesson.com/product/1277438/Broda-Enterprises-Inc-550-SR-550-18
1277436,Wheelchair Elite 16 Inch Seat Width Adult,,Broda Enterprises Inc,550-SR-550-16,Wheelchairs,"$2,232.70 ",,Shipped by Manufacturer,EA/1,,,https://imgcdn.mckesson.com/CumulusWeb/Images/Item_Detail/1277436_left.jpg,,https://mms.mckesson.com/product/1277436/Broda-Enterprises-Inc-550-SR-550-16
1277440,Wheelchair Elite 20 Inch Seat Width Adult,,Broda Enterprises Inc,550-SR-550-20,Wheelchairs,"$2,232.70 ",,Shipped by Manufacturer,EA/1,,,https://imgcdn.mckesson.com/CumulusWeb/Images/Item_Detail/1277440_left.jpg,,https://mms.mckesson.com/product/1277440/Broda-Enterprises-Inc-550-SR-550-20
1095466,Bariatric Reclining Wheelchair Regency XL 2000 Heavy Duty Dual Axle Full Length Arm Swing-Away Elevating Legrest Black Upholstery 24 Inch Seat Width Adult 700 lbs. Weight Capacity,,Graham-Field,67241850R,Wheelchairs,"$2,263.79 ",,Shipped by Manufacturer,EA/1,,,https://imgcdn.mckesson.com/CumulusWeb/Images/Item_Detail/1095466_right.jpg,,https://mms.mckesson.com/product/1095466/Graham-Field-67241850R
1277460,Tilt-In-Space Wheelchair Encore 20 Inch Seat Width Adult,,Broda Enterprises Inc,48R-V4-20,Wheelchairs,"$2,317.85 ",,Shipped by Manufacturer,EA/1,,,https://imgcdn.mckesson.com/CumulusWeb/Images/Item_Detail/1277460_left.jpg,,https://mms.mckesson.com/product/1277460/Broda-Enterprises-Inc-48R-V4-20
1277456,Tilt-In-Space Wheelchair Encore 16 Inch Seat Width Adult,,Broda Enterprises Inc,48R-V4-16,Wheelchairs,"$2,317.85 ",,Shipped by Manufacturer,EA/1,,,https://imgcdn.mckesson.com/CumulusWeb/Images/Item_Detail/1277456_left.jpg,,https://mms.mckesson.com/product/1277456/Broda-Enterprises-Inc-48R-V4-16
1277458,Tilt-In-Space Wheelchair Encore 18 Inch Seat Width Adult,,Broda Enterprises Inc,48R-V4-18,Wheelchairs,"$2,317.85 ",,Shipped by Manufacturer,EA/1,,,https://imgcdn.mckesson.com/CumulusWeb/Images/Item_Detail/1277458_left.jpg,,https://mms.mckesson.com/product/1277458/Broda-Enterprises-Inc-48R-V4-18
1026437,Bariatric Reclining Wheelchair Regency XL 2000 Heavy Duty Dual Axle Full Length Arm Swing-Away Elevating Legrest Black Upholstery 26 Inch Seat Width Adult 700 lbs. Weight Capacity,,Graham-Field,67262050R,Wheelchairs,"$2,358.39 ",,Shipped by Manufacturer,EA/1,,,https://imgcdn.mckesson.com/CumulusWeb/Images/Item_Detail/1026437_right.jpg,,https://mms.mckesson.com/product/1026437/Graham-Field-67262050R
701113,Bariatric Reclining Wheelchair Regency XL 2000 Heavy Duty Dual Axle Full Length Arm Swing-Away Elevating Legrest Black Upholstery 32 Inch Seat Width Adult 700 lbs. Weight Capacity,,Graham-Field,67322050R,Wheelchairs,"$2,378.67 ",,Shipped by Manufacturer,EA/1,,,https://imgcdn.mckesson.com/CumulusWeb/Images/Item_Detail/701113_right.jpg,,https://mms.mckesson.com/product/701113/Graham-Field-67322050R
1277481,Tilt-In-Space Wheelchair Latitude Pedal Desk Length Arm Black Upholstery 20 Inch Seat Width Adult 250 lbs. Weight Capacity,,Broda Enterprises Inc,48R-500-20,Wheelchairs,"$2,381.37 ",,Shipped by Manufacturer,EA/1,,,https://imgcdn.mckesson.com/CumulusWeb/Images/Item_Detail/1277481_left.jpg,,https://mms.mckesson.com/product/1277481/Broda-Enterprises-Inc-48R-500-20
1277479,Tilt-In-Space Wheelchair Latitude Pedal Desk Length Arm Black Upholstery 18 Inch Seat Width Adult 250 lbs. Weight Capacity,,Broda Enterprises Inc,48R-500-18,Wheelchairs,"$2,381.37 ",,Shipped by Manufacturer,EA/1,,,https://imgcdn.mckesson.com/CumulusWeb/Images/Item_Detail/1277479_left.jpg,,https://mms.mckesson.com/product/1277479/Broda-Enterprises-Inc-48R-500-18
1277477,Tilt-In-Space Wheelchair Latitude Pedal Desk Length Arm Black Upholstery 16 Inch Seat Width Adult 250 lbs. Weight Capacity,,Broda Enterprises Inc,48R-500-16,Wheelchairs,"$2,381.37 ",,Shipped by Manufacturer,EA/1,,,https://imgcdn.mckesson.com/CumulusWeb/Images/Item_Detail/1277477_left.jpg,,https://mms.mckesson.com/product/1277477/Broda-Enterprises-Inc-48R-500-16
1277470,Bariatric Wheelchair Encore 22 Inch Seat Width Adult,,Broda Enterprises Inc,48-V4-22,Wheelchairs,"$2,409.75 ",,Shipped by Manufacturer,EA/1,,,https://imgcdn.mckesson.com/CumulusWeb/Images/Item_Detail/1277470_left.jpg,,https://mms.mckesson.com/product/1277470/Broda-Enterprises-Inc-48-V4-22
825296,MRI Non-Magnetic Wheelchair Gendron™ Full Length Arm Swing-Away Footrest Black Upholstery 20 Inch Seat Width Adult 350 lbs. Weight Capacity,,Graham-Field,4000MRQ2,Wheelchairs,"$2,432.73 ",,Shipped by Manufacturer,EA/1,,,https://imgcdn.mckesson.com/CumulusWeb/Images/Item_Detail/825296_left.jpg,,https://mms.mckesson.com/product/825296/Graham-Field-4000MRQ2
1277467,Tilt-In-Space Wheelchair Encore 20 Inch Seat Width Adult,,Broda Enterprises Inc,48-V4-500-20,Wheelchairs,"$2,530.04 ",,Shipped by Manufacturer,EA/1,,,https://imgcdn.mckesson.com/CumulusWeb/Images/Item_Detail/1277467_left.jpg,,https://mms.mckesson.com/product/1277467/Broda-Enterprises-Inc-48-V4-500-20
1277463,Tilt-In-Space Wheelchair Encore 16 Inch Seat Width Adult,,Broda Enterprises Inc,48-V4-500-16,Wheelchairs,"$2,530.04 ",,Shipped by Manufacturer,EA/1,,,https://imgcdn.mckesson.com/CumulusWeb/Images/Item_Detail/1277463_left.jpg,,https://mms.mckesson.com/product/1277463/Broda-Enterprises-Inc-48-V4-500-16
1277465,Tilt-In-Space Wheelchair Encore 18 Inch Seat Width Adult,,Broda Enterprises Inc,48-V4-500-18,Wheelchairs,"$2,530.04 ",,Shipped by Manufacturer,EA/1,,,https://imgcdn.mckesson.com/CumulusWeb/Images/Item_Detail/1277465_left.jpg,,https://mms.mckesson.com/product/1277465/Broda-Enterprises-Inc-48-V4-500-18
1081264,Bariatric Reclining Wheelchair Regency XL 2000 Heavy Duty Dual Axle Desk Length Arm Swing-Away Elevating Legrest Black Upholstery 34 Inch Seat Width Adult 700 lbs. Weight Capacity,,Graham-Field,67342230R,Wheelchairs,"$2,534.09 ",,Shipped by Manufacturer,EA/1,,,https://imgcdn.mckesson.com/CumulusWeb/Images/Item_Detail/1081264_right.jpg,,https://mms.mckesson.com/product/1081264/Graham-Field-67342230R
1227701,Power Wheelchair Jazzy Elite 14®,,Pride Health Care,JELITE14-2S-C,Wheelchairs,"$2,549.42 ",,Shipped by Manufacturer,EA/1,,,https://imgcdn.mckesson.com/CumulusWeb/Images/Item_Detail/1227701_left.jpg,,https://mms.mckesson.com/product/1227701/Pride-Health-Care-JELITE14-2S-C
1277422,Tilt-In-Space Wheelchair Midline Footrest 18 Inch Seat Width Adult 350 lbs. Weight Capacity,,Broda Enterprises Inc,MID-18,Wheelchairs,"$2,550.31 ",,Shipped by Manufacturer,EA/1,,,https://imgcdn.mckesson.com/CumulusWeb/Images/Item_Detail/1277422_left.jpg,,https://mms.mckesson.com/product/1277422/Broda-Enterprises-Inc-MID-18
1277423,Tilt-In-Space Wheelchair Midline Footrest 20 Inch Seat Width Adult 350 lbs. Weight Capacity,,Broda Enterprises Inc,MID-20,Wheelchairs,"$2,550.31 ",,Shipped by Manufacturer,EA/1,,,https://imgcdn.mckesson.com/CumulusWeb/Images/Item_Detail/1277423_left.jpg,,https://mms.mckesson.com/product/1277423/Broda-Enterprises-Inc-MID-20
1277421,Tilt-In-Space Wheelchair Midline Footrest 16 Inch Seat Width Adult 350 lbs. Weight Capacity,,Broda Enterprises Inc,MID-16,Wheelchairs,"$2,550.31 ",,Shipped by Manufacturer,EA/1,,,https://imgcdn.mckesson.com/CumulusWeb/Images/Item_Detail/1277421_left.jpg,,https://mms.mckesson.com/product/1277421/Broda-Enterprises-Inc-MID-16
1277442,Wheelchair Elite 16 Inch Seat Width Adult,,Broda Enterprises Inc,550-SR-WC19-16,Wheelchairs,"$2,612.48 ",,Shipped by Manufacturer,EA/1,,,https://imgcdn.mckesson.com/CumulusWeb/Images/Item_Detail/1277442_left.jpg,,https://mms.mckesson.com/product/1277442/Broda-Enterprises-Inc-550-SR-WC19-16
1277443,Wheelchair Elite 18 Inch Seat Width Adult,,Broda Enterprises Inc,550-SR-WC19-18,Wheelchairs,"$2,612.48 ",,Shipped by Manufacturer,EA/1,,,https://imgcdn.mckesson.com/CumulusWeb/Images/Item_Detail/1277443_left.jpg,,https://mms.mckesson.com/product/1277443/Broda-Enterprises-Inc-550-SR-WC19-18
1277444,Wheelchair Elite 20 Inch Seat Width Adult,,Broda Enterprises Inc,550-SR-WC19-20,Wheelchairs,"$2,612.48 ",,Shipped by Manufacturer,EA/1,,,https://imgcdn.mckesson.com/CumulusWeb/Images/Item_Detail/1277444_left.jpg,,https://mms.mckesson.com/product/1277444/Broda-Enterprises-Inc-550-SR-WC19-20
1277462,Tilt-In-Space Wheelchair Encore 22 Inch Seat Width Adult,,Broda Enterprises Inc,48R-V4-22,Wheelchairs,"$2,676 ",,Shipped by Manufacturer,EA/1,,,https://imgcdn.mckesson.com/CumulusWeb/Images/Item_Detail/1277462_left.jpg,,https://mms.mckesson.com/product/1277462/Broda-Enterprises-Inc-48R-V4-22
1277448,Tilt-In-Space Wheelchair Elite 18 Inch Seat Width Adult,,Broda Enterprises Inc,85V-18,Wheelchairs,"$2,720.60 ",,Shipped by Manufacturer,EA/1,,,https://imgcdn.mckesson.com/CumulusWeb/Images/Item_Detail/1277448_left.jpg,,https://mms.mckesson.com/product/1277448/Broda-Enterprises-Inc-85V-18
1277446,Tilt-In-Space Wheelchair Elite 16 Inch Seat Width Adult,,Broda Enterprises Inc,85V-16,Wheelchairs,"$2,720.60 ",,Shipped by Manufacturer,EA/1,,,https://imgcdn.mckesson.com/CumulusWeb/Images/Item_Detail/1277446_left.jpg,,https://mms.mckesson.com/product/1277446/Broda-Enterprises-Inc-85V-16
1277450,Tilt-In-Space Wheelchair Elite 20 Inch Seat Width Adult,,Broda Enterprises Inc,85V-20,Wheelchairs,"$2,720.60 ",,Shipped by Manufacturer,EA/1,,,https://imgcdn.mckesson.com/CumulusWeb/Images/Item_Detail/1277450_left.jpg,,https://mms.mckesson.com/product/1277450/Broda-Enterprises-Inc-85V-20
1277457,Tilt-In-Space Wheelchair Encore 18 Inch Seat Width Adult,,Broda Enterprises Inc,48R-V4-500-18,Wheelchairs,"$2,811.15 ",,Shipped by Manufacturer,EA/1,,,https://imgcdn.mckesson.com/CumulusWeb/Images/Item_Detail/1277457_left.jpg,,https://mms.mckesson.com/product/1277457/Broda-Enterprises-Inc-48R-V4-500-18
1277459,Tilt-In-Space Wheelchair Encore 20 Inch Seat Width Adult,,Broda Enterprises Inc,48R-V4-500-20,Wheelchairs,"$2,811.15 ",,Shipped by Manufacturer,EA/1,,,https://imgcdn.mckesson.com/CumulusWeb/Images/Item_Detail/1277459_left.jpg,,https://mms.mckesson.com/product/1277459/Broda-Enterprises-Inc-48R-V4-500-20
1277455,Tilt-In-Space Wheelchair Encore 16 Inch Seat Width Adult,,Broda Enterprises Inc,48R-V4-500-16,Wheelchairs,"$2,811.15 ",,Shipped by Manufacturer,EA/1,,,https://imgcdn.mckesson.com/CumulusWeb/Images/Item_Detail/1277455_left.jpg,,https://mms.mckesson.com/product/1277455/Broda-Enterprises-Inc-48R-V4-500-16
1277476,Bariatric Wheelchair Encore 28 Inch Seat Width Adult,,Broda Enterprises Inc,48-V4-28,Wheelchairs,"$2,880.08 ",,Shipped by Manufacturer,EA/1,,,https://imgcdn.mckesson.com/CumulusWeb/Images/Item_Detail/1277476_left.jpg,,https://mms.mckesson.com/product/1277476/Broda-Enterprises-Inc-48-V4-28
1277474,Bariatric Wheelchair Encore 26 Inch Seat Width Adult,,Broda Enterprises Inc,48-V4-26,Wheelchairs,"$2,880.08 ",,Shipped by Manufacturer,EA/1,,,https://imgcdn.mckesson.com/CumulusWeb/Images/Item_Detail/1277474_left.jpg,,https://mms.mckesson.com/product/1277474/Broda-Enterprises-Inc-48-V4-26
1277472,Bariatric Wheelchair Encore 24 Inch Seat Width Adult,,Broda Enterprises Inc,48-V4-24,Wheelchairs,"$2,880.08 ",,Shipped by Manufacturer,EA/1,,,https://imgcdn.mckesson.com/CumulusWeb/Images/Item_Detail/1277472_left.jpg,,https://mms.mckesson.com/product/1277472/Broda-Enterprises-Inc-48-V4-24
1277469,Bariatric Wheelchair Encore 22 Inch Seat Width Adult,,Broda Enterprises Inc,48-V4-500-22,Wheelchairs,"$2,903.06 ",,Shipped by Manufacturer,EA/1,,,https://imgcdn.mckesson.com/CumulusWeb/Images/Item_Detail/1277469_left.jpg,,https://mms.mckesson.com/product/1277469/Broda-Enterprises-Inc-48-V4-500-22
1051186,Power Wheelchair Jazzy® 20 Inch Seat Width 300 lbs. Weight Capacity,,Pride Health Care,JAZZY600ES2S-SS,Wheelchairs,"$2,941.57 ",,Shipped by Manufacturer,EA/1,,,https://imgcdn.mckesson.com/CumulusWeb/Images/Item_Detail/1051186.jpg,,https://mms.mckesson.com/product/1051186/Pride-Health-Care-JAZZY600ES2S-SS
1210808,Power Wheelchair Jazzy® 600 ES 20 Inch Seat Width 300 lbs. Weight Capacity,,Pride Health Care,JAZZY600ES2S-C,Wheelchairs,"$2,941.57 ",,Shipped by Manufacturer,EA/1,,,https://imgcdn.mckesson.com/CumulusWeb/Images/Item_Detail/1210808_left.jpg,,https://mms.mckesson.com/product/1210808/Pride-Health-Care-JAZZY600ES2S-C
1277447,Tilt-In-Space Wheelchair Elite 18 Inch Seat Width Adult,,Broda Enterprises Inc,85V-550-18,Wheelchairs,"$3,016.58 ",,Shipped by Manufacturer,EA/1,,,https://imgcdn.mckesson.com/CumulusWeb/Images/Item_Detail/1277447_left.jpg,,https://mms.mckesson.com/product/1277447/Broda-Enterprises-Inc-85V-550-18
1277445,Tilt-In-Space Wheelchair Elite 16 Inch Seat Width Adult,,Broda Enterprises Inc,85V-550-16,Wheelchairs,"$3,016.58 ",,Shipped by Manufacturer,EA/1,,,https://imgcdn.mckesson.com/CumulusWeb/Images/Item_Detail/1277445_left.jpg,,https://mms.mckesson.com/product/1277445/Broda-Enterprises-Inc-85V-550-16
1277449,Tilt-In-Space Wheelchair Elite 20 Inch Seat Width Adult,,Broda Enterprises Inc,85V-550-20,Wheelchairs,"$3,016.58 ",,Shipped by Manufacturer,EA/1,,,https://imgcdn.mckesson.com/CumulusWeb/Images/Item_Detail/1277449_left.jpg,,https://mms.mckesson.com/product/1277449/Broda-Enterprises-Inc-85V-550-20
1277461,Tilt-In-Space Wheelchair Encore 22 Inch Seat Width Adult,,Broda Enterprises Inc,48R-V4-500-22,Wheelchairs,"$3,169.30 ",,Shipped by Manufacturer,EA/1,,,https://imgcdn.mckesson.com/CumulusWeb/Images/Item_Detail/1277461_left.jpg,,https://mms.mckesson.com/product/1277461/Broda-Enterprises-Inc-48R-V4-500-22
1277426,Tilt-In-Space Wheelchair Synthesis Footrest 18 Inch Seat Width Adult,,Broda Enterprises Inc,V4-18,Wheelchairs,"$3,267.97 ",,Shipped by Manufacturer,EA/1,,,https://imgcdn.mckesson.com/CumulusWeb/Images/Item_Detail/1277426_left.jpg,,https://mms.mckesson.com/product/1277426/Broda-Enterprises-Inc-V4-18
1277428,Tilt-In-Space Wheelchair Synthesis Footrest 20 Inch Seat Width Adult,,Broda Enterprises Inc,V4-20,Wheelchairs,"$3,267.97 ",,Shipped by Manufacturer,EA/1,,,https://imgcdn.mckesson.com/CumulusWeb/Images/Item_Detail/1277428_left.jpg,,https://mms.mckesson.com/product/1277428/Broda-Enterprises-Inc-V4-20
1277424,Tilt-In-Space Wheelchair Synthesis Footrest 16 Inch Seat Width Adult,,Broda Enterprises Inc,V4-16,Wheelchairs,"$3,267.97 ",,Shipped by Manufacturer,EA/1,,,https://imgcdn.mckesson.com/CumulusWeb/Images/Item_Detail/1277424_left.jpg,,https://mms.mckesson.com/product/1277424/Broda-Enterprises-Inc-V4-16
1277473,Bariatric Wheelchair Encore 26 Inch Seat Width Adult,,Broda Enterprises Inc,48-V4-500-26,Wheelchairs,"$3,373.38 ",,Shipped by Manufacturer,EA/1,,,https://imgcdn.mckesson.com/CumulusWeb/Images/Item_Detail/1277473_left.jpg,,https://mms.mckesson.com/product/1277473/Broda-Enterprises-Inc-48-V4-500-26
1277475,Bariatric Wheelchair Encore 28 Inch Seat Width Adult,,Broda Enterprises Inc,48-V4-500-28,Wheelchairs,"$3,373.38 ",,Shipped by Manufacturer,EA/1,,,https://imgcdn.mckesson.com/CumulusWeb/Images/Item_Detail/1277475_left.jpg,,https://mms.mckesson.com/product/1277475/Broda-Enterprises-Inc-48-V4-500-28
1277471,Bariatric Wheelchair Encore 24 Inch Seat Width Adult,,Broda Enterprises Inc,48-V4-500-24,Wheelchairs,"$3,373.38 ",,Shipped by Manufacturer,EA/1,,,https://imgcdn.mckesson.com/CumulusWeb/Images/Item_Detail/1277471_left.jpg,,https://mms.mckesson.com/product/1277471/Broda-Enterprises-Inc-48-V4-500-24
1112707,Reclining Wheelchair FlexTilt® Navy Upholstery 24 Inch Seat Width Adult 350 lbs. Weight Capacity,,Med-Mizer,FT24,Wheelchairs,"$3,395.18 ",,Shipped by Manufacturer,EA/1,,,https://imgcdn.mckesson.com/CumulusWeb/Images/Item_Detail/1112707.jpg,,https://mms.mckesson.com/product/1112707/Med-Mizer-FT24
1277505,Tilt-In-Space Wheelchair Synthesis Adult,,,,Wheelchairs,"$3,563.95 ",,Shipped by Manufacturer,EA/1,,,https://imgcdn.mckesson.com/CumulusWeb/Images/Item_Detail/1277505_left.jpg,,https://mms.mckesson.com/product/1277505/Broda-Enterprises-Inc-V4-550-OVR
1277427,Tilt-In-Space Wheelchair Synthesis Footrest 18 Inch Seat Width Adult,,Broda Enterprises Inc,V4-550-18,Wheelchairs,"$3,563.95 ",,Shipped by Manufacturer,EA/1,,,https://imgcdn.mckesson.com/CumulusWeb/Images/Item_Detail/1277427_left.jpg,,https://mms.mckesson.com/product/1277427/Broda-Enterprises-Inc-V4-550-18
1277429,Tilt-In-Space Wheelchair Synthesis Footrest 20 Inch Seat Width Adult,,Broda Enterprises Inc,V4-550-20,Wheelchairs,"$3,563.95 ",,Shipped by Manufacturer,EA/1,,,https://imgcdn.mckesson.com/CumulusWeb/Images/Item_Detail/1277429_left.jpg,,https://mms.mckesson.com/product/1277429/Broda-Enterprises-Inc-V4-550-20
1277425,Tilt-In-Space Wheelchair Synthesis Footrest 16 Inch Seat Width Adult,,Broda Enterprises Inc,V4-550-16,Wheelchairs,"$3,563.95 ",,Shipped by Manufacturer,EA/1,,,https://imgcdn.mckesson.com/CumulusWeb/Images/Item_Detail/1277425_left.jpg,,https://mms.mckesson.com/product/1277425/Broda-Enterprises-Inc-V4-550-16
840507,MRI Non-Magnetic Bariatric Wheelchair Gendron™ Dual Axle Full Length Arm Swing-Away Footrest Black Upholstery 26 Inch Seat Width Adult 650 lbs. Weight Capacity,,Graham-Field,4650MR,Wheelchairs,"$3,800.33 ",,Shipped by Manufacturer,EA/1,,,https://imgcdn.mckesson.com/CumulusWeb/Images/Item_Detail/840507_right.jpg,,https://mms.mckesson.com/product/840507/Graham-Field-4650MR
1277434,Tilt-In-Space Wheelchair Synthesis Desk Length Arm Footrest Black Upholstery 20 Inch Seat Width Adult 350 lbs. Weight Capacity,,Broda Enterprises Inc,V4-WC19-20,Wheelchairs,"$3,855.87 ",,Shipped by Manufacturer,EA/1,,,https://imgcdn.mckesson.com/CumulusWeb/Images/Item_Detail/1277434_left.jpg,,https://mms.mckesson.com/product/1277434/Broda-Enterprises-Inc-V4-WC19-20
1277432,Tilt-In-Space Wheelchair Synthesis Footrest 18 Inch Seat Width Adult,,Broda Enterprises Inc,V4-WC19-18,Wheelchairs,"$3,855.87 ",,Shipped by Manufacturer,EA/1,,,https://imgcdn.mckesson.com/CumulusWeb/Images/Item_Detail/1277432_left.jpg,,https://mms.mckesson.com/product/1277432/Broda-Enterprises-Inc-V4-WC19-18
1277430,Tilt-In-Space Wheelchair Synthesis Footrest 16 Inch Seat Width Adult,,Broda Enterprises Inc,V4-WC19-16,Wheelchairs,"$3,855.87 ",,Shipped by Manufacturer,EA/1,,,https://imgcdn.mckesson.com/CumulusWeb/Images/Item_Detail/1277430_left.jpg,,https://mms.mckesson.com/product/1277430/Broda-Enterprises-Inc-V4-WC19-16
1277435,Tilt-In-Space Wheelchair Synthesis Footrest 20 Inch Seat Width Adult,,Broda Enterprises Inc,V4-550-WC19-20,Wheelchairs,"$4,151.86 ",,Shipped by Manufacturer,EA/1,,,https://imgcdn.mckesson.com/CumulusWeb/Images/Item_Detail/1277435_right.jpg,,https://mms.mckesson.com/product/1277435/Broda-Enterprises-Inc-V4-550-WC19-20
1277433,Tilt-In-Space Wheelchair Synthesis Footrest 18 Inch Seat Width Adult,,Broda Enterprises Inc,V4-550-WC19-18,Wheelchairs,"$4,151.86 ",,Shipped by Manufacturer,EA/1,,,https://imgcdn.mckesson.com/CumulusWeb/Images/Item_Detail/1277433_right.jpg,,https://mms.mckesson.com/product/1277433/Broda-Enterprises-Inc-V4-550-WC19-18
1277431,Tilt-In-Space Wheelchair Synthesis Footrest 16 Inch Seat Width Adult,,Broda Enterprises Inc,V4-550-WC19-16,Wheelchairs,"$4,151.86 ",,Shipped by Manufacturer,EA/1,,,https://imgcdn.mckesson.com/CumulusWeb/Images/Item_Detail/1277431_right.jpg,,https://mms.mckesson.com/product/1277431/Broda-Enterprises-Inc-V4-550-WC19-16
1277451,Bariatric Wheelchair Vanguard Desk Length Arm Footrest 24 Inch Seat Width Adult 600 lbs. Weight Capacity,,Broda Enterprises Inc,985-24,Wheelchairs,"$5,631.77 ",,Shipped by Manufacturer,EA/1,,,https://imgcdn.mckesson.com/CumulusWeb/Images/Item_Detail/1277451_left.jpg,,https://mms.mckesson.com/product/1277451/Broda-Enterprises-Inc-985-24
1277452,Bariatric Wheelchair Vanguard Desk Length Arm Footrest Black Upholstery 26 Inch Seat Width Adult 600 lbs. Weight Capacity,,Broda Enterprises Inc,985-26,Wheelchairs,"$5,631.77 ",,Shipped by Manufacturer,EA/1,,,https://imgcdn.mckesson.com/CumulusWeb/Images/Item_Detail/1277452_left.jpg,,https://mms.mckesson.com/product/1277452/Broda-Enterprises-Inc-985-26
1277454,Bariatric Wheelchair Vanguard Desk Length Arm Footrest Black Upholstery 30 Inch Seat Width Adult 600 lbs. Weight Capacity,,Broda Enterprises Inc,985-30,Wheelchairs,"$5,631.77 ",,Shipped by Manufacturer,EA/1,,,https://imgcdn.mckesson.com/CumulusWeb/Images/Item_Detail/1277454_left.jpg,,https://mms.mckesson.com/product/1277454/Broda-Enterprises-Inc-985-30
1277453,Bariatric Wheelchair Vanguard Desk Length Arm Footrest Black Upholstery 28 Inch Seat Width Adult 600 lbs. Weight Capacity,,Broda Enterprises Inc,985-28,Wheelchairs,"$5,631.77 ",,Shipped by Manufacturer,EA/1,,,https://imgcdn.mckesson.com/CumulusWeb/Images/Item_Detail/1277453_left.jpg,,https://mms.mckesson.com/product/1277453/Broda-Enterprises-Inc-985-28
